000003c320
000002832f
0000030339
0000018345
000003834b
000003c359
000003c368
0000020377
000001437f
000004c384
0000038397
00000303a5
00000203b1
00000143b9
000003c3be
00000343cd
00000203da
00000303e2
000001c3ee
00000403f5
0000034405
0000024412
000003c41b
000003042a
0000014436
000003043b
0000028447
0000028451
000003845b
0000030469
0000020475
000002847d
000002c487
0000030492
000002849e
000002c4a8
00000284b3
000001c4bd
00000344c4
00000244d1
00000304da
00000204e6
00000384ee
00000344fc
0000028509
0000030513
000004051f
000003052f
000001853b
0000024541
000002854a
0000038554
0000020562
000002c56a
0000028575
000004857f
0000018591
000002c597
00000405a2
000002c5b2
00000505bd
00000345d1
00000205de
000004c5e6
000002c5f9
0000038604
0000038612
0000048620
0000020632
000003463a
0000050647
000005465b
000003c670
000003467f
000002c68c
0000030697
000004c6a3
00000386b6
00000486c4
00000546d6
00000346eb
00000446f8
0000050709
000003c71d
000001872c
0000020732
000004073a
000003874a
0000028758
0000034762
000003c76f
000002c77e
0000020789
0000044791
00000447a2
000001c7b3
00000287ba
00000307c4
00000487d0
000002c7e2
00000407ed
00000347fd
000003c80a
0000030819
0000028825
000005082f
0000024843
000002c84c
0000038857
0000028865
000003086f
000002087b
0000030883
000003088f
000003489b
00000108a8
00000448ac
00000308bd
00000588c9
00000488df
000003c8f1
0000028900
000003090a
0000020916
000003891e
000003892c
000002493a
000002c943
000003494e
000005895b
000003c971
0000030980
000002498c
000004c995
00000289a8
00000409b2
00000309c2
00000389ce
000003c9dc
00000289eb
000005c9f5
0000044a0c
0000048a1d
0000044a2f
0000034a40
000001ca4d
0000024a54
0000028a5d
0000030a67
000003ca73
000004ca82
0000034a95
0000030aa2
0000044aae
000002cabf
0000018aca
000002cad0
000001cadb
0000038ae2
000003caf0
0000024aff
0000044b08
0000040b19
000001cb29
0000038b30
0000030b3e
0000038b4a
0000030b58
0000020b64
0000024b6c
000003cb75
0000020b84
0000030b8c
0000040b98
0000058ba8
0000020bbe
0000024bc6
0000038bcf
000003cbdd
0000050bec
000003cc00
0000050c0f
0000044c23
0000028c34
000003cc3e
0000034c4d
0000068c5a
000004cc74
0000038c87
0000030c95
0000038ca1
0000024caf
0000040cb8
000003ccc8
0000020cd7
0000020cdf
0000024ce7
0000040cf0
000001cd00
0000028d07
0000058d11
0000044d27
000004cd38
0000034d4b
0000034d58
000002cd65
0000044d70
0000020d81
000002cd89
0000040d94
0000028da4
0000030dae
000003cdba
000002cdc9
0000024dd4
0000044ddd
0000040dee
0000028dfe
0000034e08
0000020e15
0000024e1d
0000040e26
0000040e36
000003ce46
0000028e55
0000040e5f
0000034e6f
0000038e7c
0000048e8a
0000030e9c
000003cea8
0000044eb7
0000028ec8
0000034ed2
000003cedf
000002ceee
000002cef9
0000030f04
000002cf10
0000034f1b
0000034f28
000003cf35
0000040f44
0000038f54
000002cf62
0000024f6d
000001cf76
0000034f7d
000002cf8a
0000034f95
0000038fa2
0000034fb0
000002cfbd
0000040fc8
000004cfd8
0000034feb
0000028ff8
0000025002
000003100b
0000029017
000003d021
0000039030
000003903e
000002904c
0000049056
000004d068
000001107b
000003d07f
000002908e
0000025098
00000210a1
00000350a9
00000310b6
00000450c2
000003d0d3
00000450e2
00000350f3
0000045100
0000029111
000003111b
000002d127
0000061132
000002d14a
0000021155
000003d15d
000003916c
000002917a
000003d184
0000039193
00000291a1
000004d1ab
00000391be
000002d1cc
00000391d7
00000311e5
00000351f1
00000211fe
0000039206
0000025214
000001921d
0000021223
000001d22b
0000035232
000002923f
0000029249
0000041253
000001d263
000004126a
000003d27a
0000031289
0000011295
0000045299
00000252aa
00000412b3
00000392c3
00000352d1
000003d2de
00000312ed
00000352f9
0000041306
0000025316
000003d31f
000003532e
000003533b
0000031348
0000025354
000004d35d
000004d370
0000029383
000002138d
0000039395
00000293a3
00000453ad
00000493be
00000393d0
00000253de
000003d3e7
00000313f6
0000035402
000004540f
000002d420
000003142b
0000031437
000003d443
000003d452
0000035461
000003d46e
000003d47d
000003948c
000003d49a
00000394a9
00000394b7
00000314c5
00000214d1
00000354d9
00000394e6
00000294f4
000002d4fe
0000035509
0000021516
000004d51e
0000039531
000001d53f
000002d546
0000041551
000002d561
000003156c
000002d578
0000035583
0000041590
000002d5a0
00000315ab
00000415b7
00000395c7
00000295d5
00000415df
00000355ef
00000315fc
0000029608
0000049612
0000041624
0000035634
0000035641
000003564e
000003d65b
000003566a
0000041677
000003d687
0000031696
00000216a2
00000296aa
000001d6b4
00000556bb
00000396d0
00000456de
00000396ef
00000116fd
0000029701
000003570b
0000039718
0000025726
000002572f
0000041738
0000045748
0000011759
000002d75d
0000039768
0000035776
000003d783
0000041792
00000357a2
000002d7af
00000357ba
00000217c7
000002d7cf
00000197da
000001d7e0
000002d7e7
000002d7f2
00000357fd
000003180a
0000035816
000002d823
000002d82e
0000045839
000003984a
0000029858
0000049862
0000025874
000003987d
000003588b
0000025898
00000358a1
00000518ae
00000358c2
00000258cf
00000358d8
000001d8e5
000003d8ec
00000298fb
0000031905
0000039911
000004591f
0000031930
000003593c
0000039949
0000041957
0000045967
0000031978
0000029984
000004598e
000001999f
00000359a5
000001d9b2
00000319b9
00000259c5
00000259ce
00000359d7
00000419e4
00000499f4
0000021a06
0000035a0e
0000039a1b
0000029a29
000004da33
000003da46
000001da55
000003da5c
0000041a6b
0000031a7b
0000031a87
0000035a93
000001daa0
0000039aa7
0000041ab5
0000035ac5
0000031ad2
0000019ade
0000041ae4
0000029af4
0000025afe
0000039b07
000002db15
0000029b20
0000041b2a
0000041b3a
000002db4a
000002db55
000003db60
0000035b6f
0000021b7c
000006db84
000002db9f
0000031baa
0000031bb6
0000035bc2
0000029bcf
0000049bd9
0000031beb
0000045bf7
000003dc08
0000035c17
0000045c24
0000049c35
0000041c47
000003dc57
0000019c66
000004dc6c
000002dc7f
000004dc8a
000002dc9d
000001dca8
0000021caf
0000035cb7
0000059cc4
000003dcda
0000031ce9
0000045cf5
0000029d06
0000045d10
000003dd21
0000041d30
000002dd40
0000041d4b
0000041d5b
0000031d6b
000001dd77
0000035d7e
0000025d8b
000003dd94
0000045da3
000003ddb4
0000029dc3
0000029dcd
0000025dd7
0000031de0
0000035dec
0000041df9
000002de09
000003de14
0000031e23
0000041e2f
0000035e3f
000002de4c
0000031e57
0000029e63
0000045e6d
000003de7e
0000059e8d
0000049ea3
0000031eb5
0000045ec1
0000035ed2
0000021edf
000002dee7
0000031ef2
0000039efe
0000035f0c
0000045f19
000002df2a
0000035f35
0000035f42
0000059f4f
000001df65
000003df6c
000001df7b
0000051f82
0000039f96
0000049fa4
0000035fb6
000003dfc3
0000049fd2
0000029fe4
0000021fee
0000055ff6
000003e00b
000004201a
000003602a
0000036037
000002e044
000002e04f
000003605a
000001e067
000002606e
000002a077
000003a081
000002608f
0000042098
000002a0a8
00000360b2
00000360bf
000002a0cc
00000360d6
000003a0e3
00000420f1
000001e101
000003a108
000002e116
0000036121
000005612e
0000046143
000003a154
0000026162
000004616b
000004a17c
000003e18e
000003219d
000002e1a9
00000321b4
00000321c0
000003e1cc
00000361db
000003a1e8
000003e1f6
000003a205
0000032213
000005221f
000004e233
0000032246
000003a252
000001e260
000001a267
000002a26d
0000042277
000004e287
000003a29a
00000322a8
00000462b4
000002a2c5
00000322cf
00000322db
00000462e7
000003e2f8
000003a307
000003e315
0000042324
0000042334
000002e344
000003a34f
000002e35d
000002a368
0000036372
000003637f
000002238c
0000042394
000003a3a4
00000223b2
000002a3ba
000002a3c4
000004e3ce
00000363e1
000003e3ee
000004e3fd
0000042410
000002a420
000004642a
000002643b
0000042444
0000042454
000004a464
0000026476
000005247f
000003e493
000001e4a2
00000324a9
00000424b5
000002e4c5
000003e4d0
000004a4df
000001a4f1
000003e4f7
000002e506
000002e511
000002251c
000002e524
000003252f
000004253b
000003254b
000003e557
0000042566
000002e576
0000052581
0000046595
00000325a6
000002a5b2
00000325bc
00000425c8
000002a5d8
00000425e2
00000425f2
0000026602
000002a60b
0000032615
0000026621
000002a62a
0000022634
000003263c
0000026648
000004e651
0000046664
000002e675
0000046680
0000022691
0000032699
000003e6a5
000002a6b4
000002e6be
00000326c9
00000226d5
00000266dd
000002a6e6
000002e6f0
000002a6fb
0000026705
000002a70e
000003e718
0000042727
0000032737
000002a743
000003a74d
000003275b
000002a767
0000036771
000003277e
000002278a
0000026792
000001a79b
000002a7a1
00000367ab
000002e7b8
00000327c3
000004a7cf
00000467e1
000002e7f2
00000367fd
000003a80a
000003a818
000002e826
000004e831
0000046844
000002a855
000002e85f
000003286a
000005e876
000003288d
0000036899
00000268a6
000002a8af
000003e8b9
000002e8c8
00000328d3
00000228df
000002e8e7
00000368f2
00000368ff
000003290c
0000036918
000004a925
0000032937
000003e943
000004a952
0000046964
0000042975
000003a985
000003a993
000001a9a1
000003e9a7
00000229b6
00000429be
00000329ce
00000329da
00000369e6
000003a9f3
0000032a01
000003ea0d
0000046a1c
0000022a2d
0000032a35
000001aa41
0000042a47
000002ea57
0000046a62
0000036a73
000002aa80
0000032a8a
0000046a96
000002eaa7
000004aab2
000003aac4
0000036ad2
0000032adf
0000036aeb
0000036af8
000003eb05
000002ab14
0000042b1e
000004eb2e
000003eb41
000004eb50
0000036b63
000178b481
0001089e31
00012c50d7
00016a3ecb
00012824ea
0001090aa4
000160c43b
000141b18a
000122496e
0001379af6
0001738492
00012c1918
00010c44ce
000139dc13
00013065d3
000154810c
000114c067
00016aba54
000112cedc
00017a6d5b
00014a4946
0001335121
00017ae56f
00010bef0b
0001000a24
00016b214d
00011622fa
000125b2e8
000106ce2c
000142d27c
00010374a4
00012a02a8
000165021f
00011bca36
0001000624
000107684c
0001648551
0001005d8a
000164155a
000100e554
0001356da5
0001396172
000132827e
000136ca6e
00012065d0
0001678554
0001193edc
000134200a
000123edcc
000146fa00
00016438b9
00011c72b4
0001537a9a
00014c3c57
00016142d8
000174ba92
000174989f
0001005cd8
000166fd0b
0001299d28
000172ed0d
0001654e50
000156aaa6
000118d166
000147b543
000155654d
000153d8d8
000177986b
00016360ec
00014ba6c3
00016651a5
00014a6876
000177989f
0001796dfa
0001368d3c
000139c05a
000114d84b
00010c12d8
00014a0e3c
00016ad6be
000159cc82
00014a1041
000121dc9d
000179c22c
00015aea91
0001404927
00017b6ab1
000116b57f
000136f9ae
0001774664
0001314184
000170be1e
00016bd620
0001616627
00014472c7
000114cd90
000139c112
00015a053e
00012876d3
000130ce1a
00016945d6
000172e2fe
0001711a1a
000133a6e7
00014685f1
00011911db
0001107446
000153ae3b
0001280a30
00010c64d8
0001368ced
00013ac611
0001256ac8
00010a3468
000143f5c7
000178642d
0001314cff
00014b2ac1
00012620f3
0001383e32
00014c1c16
0001705477
0001192c3f
0001642004
00014894b4
0001740d47
000157c4f3
00014886cf
00013901f9
0001459cd2
000112ecca
000136a658
0001108862
000143bcab
00017c4dde
00011a55c0
000162cd78
000109fcb3
00014ad50c
000146f09d
00016b2284
000178af18
0001531e85
000138515a
0001624e0e
00016b0102
000152407a
0001734240
00014b860b
000113aa07
000175cefa
0001003c0d
000175ca8c
0001756716
00016198d5
00017aa8db
0001682af0
000100300f
000125f24b
000163cd5b
00016a4e6c
00010068d7
00017736bf
0001446434
000138b1c4
00017b2649
0001044876
0001322ddc
0001547714
000177bced
000119a2a7
000114806d
0001321dce
000155713c
00011239e7
0001207c8a
000155a01f
00014c6631
000121d8d1
000159f241
00012aacef
00010331c5
00010312e2
000171e462
000100300d
0001272686
00010c7cd0
0001739c95
00015a3a4b
00015c3703
000159b0eb
000143aaf4
000125d081
00015b15bc
0001756c3f
000143708b
00015469cf
00012bdcf2
000125e876
000148f14a
00014a913c
00017a922c
0001749866
0001422080
00016b6871
000162ce42
000119a5c6
00012540d1
000136b070
000113ec70
000175d6e5
0001201927
00012281a3
000114a71f
0001152cdf
00016154df
000173e639
0001189e3e
00012aa4b4
00014b3a50
0001756202
0001531c37
000165cc76
000172b254
000142e4c5
000169dc00
00010668cd
000171a668
00012b595c
00010a5976
00013658be
0001235111
000157d4e2
0001217e74
000129942a
000108571c
000158067a
00015115c2
0001133a9b
000167adbf
00015b0d9b
000105f137
0001053876
0001702877
00012bb18e
0001736086
000122a9da
0001461dc4
00015a4673
000165466a
000113bdb0
0001616a22
0001629db7
0001644dc1
0001339c80
0001080b03
0001202b07
000166aca3
00014258a4
000131f1d5
0001155e84
00014b6cb8
00017a10d1
0001759f13
000165d13a
000155a43f
0001036005
00015750d3
0001188c51
0001000d8a
00017188b5
00014a4ca0
0001736894
000111fb0f
000150967b
000137e1e9
0001698282
0001749506
00017a92f4
00013ab562
0001173ebb
000152e5eb
000137ce14
00014011d0
0001341982
0001015e9c
000105e65b
000147dc82
00012a7aa1
000162ca07
00010ab654
0001713089
000159c242
00015001d3
000167697e
000142cb1f
00010038d7
0001554066
000143293d
000158cb18
0001775222
00016a1149
0001623c9e
0001520e66
000165a041
0001088df6
000126dcf5
000113ae3e
0001274e93
00010941ed
000110d716
00010416bb
00017b5ee0
00011a0261
000137b046
000129d60d
00011326df
0001672ee8
00013c25ab
000120a180
00010b3ceb
000152f040
00017bc854
00013b48e0
000156ee6d
000159494e
0001408249
0001323e4b
00015bce12
0001177dc7
0001744e23
000138d934
0001737c80
0001102446
0001086508
000102d466
000179706b
000152ce25
0001781904
00016a6d9e
000145d289
000105f64f
000148f209
000154c501
00014351ae
000144f628
000148955c
00014c4564
0001356095
00017b64a7
00013726b9
000101e30f
000142280f
0001603d68
00012266c9
000101644c
0001260d2c
000158fab0
00017b707d
000103dd69
00014c5a7f
000109f119
0001257df1
00017625f9
00011ab84b
00015a7a0a
000117565d
0001581d7a
000140b94d
000119241c
00010b9883
000130edcb
000111fe72
00011664ec
0001554076
00013b7181
0001039978
000169f5bc
000150d88d
000102d8c3
0001784461
000146e26f
000155998b
000172292f
000151f4ad
000103c15e
000156a20a
0001012ae9
000147f284
0001102862
0001390db4
0001791526
0001653cc5
0001521cbf
00015799f8
000170d113
00015bb167
0001645ec2
0001343970
0001443b02
000170b5ad
000162a1c1
000155302b
000127c8b4
000125a2e8
000133459d
0001484e92
000106865c
000144e9b9
0001375b00
00012bddd0
000108c8dc
00015222ad
0001619671
000157a104
00013c382d
000123752d
000139ec17
00010b85a6
00011bed8d
0001660589
00011a8ed8
00014a7e95
000146f203
000102b70d
00012448f4
00010608b5
000100b864
000152f063
00016c7c7c
0001125609
000145955f
000162f91c
00012c48a4
000110fd68
0001223dc0
000125b23e
000106f84e
0001355659
0001699230
0001458681
0001079178
000179c167
00015940b6
0001082e4c
000120ad62
000148eea2
0001407180
000127ce7a
00012705bd
00010615e0
00010136a6
00014659d5
000143259d
000133888c
000106c5f6
00011489e1
000146ca82
000146009f
0001736d08
00011404d4
00015a0cc2
00016c44ea
0001215d97
0001299414
000118fa12
00017bda08
000119045a
0001599153
0001737d6a
000139fab7
00014b8d14
00011ac6d3
00010bdd42
000152e8c2
0001022281
000173ea7c
000156c588
00011a5044
00013a456e
000121fca2
0001458828
00013a3e5e
0001716ae0
0001608d4c
0001451e05
00017424ec
000106697b
000102e87f
0001541204
00017a6d72
000164e09f
000100fefd
000157b881
0001621311
00015795c1
000136f8a5
000168b2b4
00012944d7
0001342120
0001464a6c
000138e049
0001793a79
000150970e
000120c056
000176b423
0001170c5e
000121bc5d
00017596a1
000107643c
0001702619
00013ab0c0
0001335df1
000156483a
0001113a75
000157c494
00014132c1
0001396556
0001532b11
00013978d5
00015640b3
0001096da0
0001009864
0001280c61
000120814d
0001136a89
00017ada5a
000165b1e2
00016a9e70
00010691fc
0001396d81
0001448f09
0001411d21
000159a9ee
00016aca9c
0001701e1e
0001119ca1
000147aee0
000146e53d
0001414ec9
000153849e
000117ee96
000140b456
00017c545b
0001472edc
00010c5946
000160003b
00016a9542
0001732ee6
00016c3186
0001519056
000131bce6
0001777281
0001753d0b
0001256081
000154665d
0001266929
000146e195
000146b9ad
0001133eed
00012582e9
00013206f8
0001611a1b
0001731070
00015c7968
00014bc1f8
000168e0ca
000161904b
00016b69c0
0001599cfd
0001515881
000174544e
000128babd
0001037daa
000150221a
00014a2cb6
00016a1501
00012599f8
0001708d13
0001203919
00017248e7
00013a4501
000106583c
00013c52ba
00011506a5
0001090a0d
00010436aa
0001489096
0001698d07
0001106f16
0001224619
0001099a14
000139ec71
0001196d2f
0001346af5
0001280cea
00012b02e5
0001387896
00014bcd65
00016a1292
00015a7a68
00010a26e0
000133b666
00015b3205
0001323421
0001544c8b
000166a208
000109519e
000145f0e7
00015c4aab
0001468e8b
00010b6a5b
00011a81d6
000176b1e5
000132854a
00016431ba
000122b68d
0001604cc7
000179df0e
000173dd06
0001096714
0001262292
000166ac48
0001193622
00016b85ca
0001722465
00011c684c
000112ea6f
0001138d10
000158ff0a
00014235cb
000141899a
00012812f9
0001621e9a
00017a8d71
0001000d54
00015b68b6
0001433122
00016328e4
00013642a9
000116d998
00017266b4
0001134a89
000155d649
00014a46e8
000156482e
00014266c8
000169e144
0001798ac7
000145564c
00013a5aee
00014a7072
000137e5a6
00016756de
00012b2042
000132da89
00010b49fa
0001084eea
0001535e22
000105fa86
00017259d4
00015085cb
0001300031
000109de8d
0001612714
00014391d0
00017bc511
000143695f
000110f2d7
00015391a5
00014349ab
000115dae2
000100d196
000137d1ba
00010adb03
000113d893
00013ba050
0001739188
00015665d0
0001212ee6
0001318f00
0001659aee
000125be1c
000107642d
000125a28d
00010a098a
000143a20b
000137db1b
000110eed7
0001046138
00010b525d
0001030247
0001566dfb
00013c6d88
000174498b
000121cabb
0001162198
0001243e57
000153627a
00012b75d5
000155b1b1
0001479a30
0001713a9e
0001786aac
00012159fd
000142c5ad
00010508d3
0001184e53
00012790ad
0001653508
000170455b
00012a710d
00010c78dd
0001109d68
000117c9c5
00015336ab
00016574ce
0001402a4b
0001016af9
0001242ca9
000172ee06
00010bf42c
000168564e
0001463a6b
000136e5ab
00017c26e0
000171f0ee
0001669f03
0001605969
00011a0636
000143f4f3
000159ee0d
0001325d4d
000128e04c
0001349707
00016070bc
000104b89e
0001597cfe
0001570a99
00011856ba
00010340fe
0001725b0e
0001582d01
000131d221
000131fdda
000169a0ea
0001348acc
0001201a84
0001454e51
00011a8877
000135a01a
0001615e6c
00014a5490
0001062e84
000147e84d
00010b64bf
00010c2cac
000132886f
0001053665
00016132d4
00011b1d05
0001186cbb
00016825b2
000127cd63
000165e91c
00012b203a
00014be1e9
00010758bf
00012afaa5
000127ce11
00015a9648
00017afdf6
00012a6dae
000101b2fc
00013b4aae
0001430e57
00010425fc
000107ba56
000114df07
000116d241
000161d0d2
0001776e6e
0001797061
000123eae3
000136b1ef
00012129c3
000122e218
0001080a2a
00014a502b
00012381a4
000108b298
00016a3d60
00015a7e27
000166a1d6
000105a212
0001467e6b
00011c2268
00017a2932
000178cefa
000158d160
0001414e99
000128dd98
00012728c0
000127d6bf
00016c14c9
00013051c2
000113ceeb
000145e523
0001786809
00010c099b
0001295525
0001569517
00010a2acf
0001407409
00010346f1
00012c113a
0001562ec1
0001616546
000166acff
0001520dee
000118ea77
00016bc713
0001586c32
0001453151
000155f130
000167b01b
0001564669
00017a30ed
000178db12
000157871d
000109bd7f
00017368d4
00012910e6
000114842f
0001041262
0001112a2f
000171f485
000102d1d9
000141786d
000138febc
000119d6e8
000146aec7
00011aeaf5
0001513eb8
00011a968e
0001738c5d
000129e8e4
0001241a05
000127e695
0001440984
00016a611f
00011239c1
0001356171
0001366715
00015320c7
00011a34c8
0001243d35
0001554acf
000167ec64
000136ac37
000165d465
000165b4bb
00015a6dec
000137907e
000168e02d
000104466b
0001085dfa
0001185aa6
000160ef14
000114cf13
00016bf8a9
0001436645
00011b7a1d
000176bd2a
000124b5d9
000163bd42
000148c613
000161e9fd
000105fc7e
00016672f1
0001347d4c
00017a55a7
0001111e2f
0001008ae9
0001163d44
0001410dc3
0001177dfe
0001763a57
0001401936
000130cc64
00015b38f2
000166ea2f
00017c45af
00014ab820
000140f2e6
00017ab0fe
00014bb4b5
00012940ec
0001680d02
0001174225
00014c6838
000120bac1
0001610ad4
0001669282
0001334628
000123c54c
0001755943
0001110238
0001520a27
00015c4679
00011ab4bc
000101641f
000159c201
0001722419
00013c1ec6
0001076802
00013b8098
00011c313a
0001113aa6
0001539d93
00012801da
00012109fa
000128bd1a
000104d559
000119123e
000147fee2
00012c7139
00017ac625
00010a9828
000143305b
0001337d10
000101597b
00011136a6
000170fa9e
000110ba75
000122b919
0001780d56
000104f293
0001674137
000127a125
000106f827
0001589656
0001537638
0001745433
000156a2cb
000165b08f
000176b496
0001674cbc
0001356918
0001476d52
000156e090
00016b4571
0001240889
00011a2c8f
00010941a0
00014434dd
00013239f6
0001214ab8
0001281557
0001024cd0
000157dd09
00011c14cc
000116c533
000151a922
00010271b7
0001437d29
000171e20e
000165b2ab
00010b8ee9
0001473a65
00013ae047
000138208c
0001317558
00010ae95c
000104411f
0001661007
000108162b
0001071a1e
000150f2e8
0001646e3c
00012792f4
000146cc94
00010410f1
00015b6004
0001488c17
00012c5463
000105f11d
0001398633
00014c01b6
000121e4a1
00016ae51d
0001518a02
0001481eb1
00013ad1af
0001083cf4
000119c975
0001060eb1
000126655d
00017aa4ba
00015bd08b
000109d179
0001515962
00016aee14
00012759e4
00012baca8
00015c2ce2
0001233180
000114e568
0001176df4
0001281682
00014ae04f
000179a096
000152c8fc
000135646c
000109cdde
000168350b
000112f0ae
000141ad2e
000117413f
00016aa2a9
000112264b
00011b2430
0001447183
0001698aaf
0001221276
00011a6445
0001754d8a
000175ecfe
000155c0aa
0001193495
0001394d44
000143ed70
0001025a44
00015024ff
000118e2db
0001396e1b
00011306ba
000123ce0a
0001376ade
00017bc81c
00017a50b0
00016830d3
0001188f0f
0001537c13
000171c45c
000126f1c0
000127f64a
00013c7089
00015736d3
00012744f0
0001314962
00013505d1
0001244131
000135eea8
0001485926
00012c5d1a
0001164d19
000147f43e
000120c02d
000130cc81
0001376241
0001135e3b
0001519031
0001390cbe
00017a9143
000101357b
00010aa4e4
000142a70d
00013a257b
0001285274
0001688109
000136d123
000100669c
000140a997
0001373aeb
000156e5d1
0001470c95
00011c3c04
000169d62a
000161066c
00014249d1
000168f51f
000153988a
00015b6939
000152ea81
00016535ed
000171f4a6
00010815cb
00012940ce
0001790289
00014a59f5
000131f2fc
00017a8143
00010add19
0001551846
000172a878
000101301f
00015b453c
0001601e27
00010af25f
000141ea6e
000122d874
0001278a8a
0001605a22
00010870c4
00011a0657
0001501a70
000100fef9
000153b4e5
000167e4ed
000149042a
000170aee0
00016b9d40
0001098a69
00011782b4
00011c3691
00014861b5
000114131e
00016bd8d2
000135f69a
000102ae66
0001530700
000119df1b
00013aae37
00017c5430
000173bd5f
0001747d7a
00012134cc
000179e24d
00013262fb
000174d13d
000171c455
00012c288f
00013bbda2
000154d277
00014c5282
00016a2508
000166e8e4
0001514158
000118de24
00011a20d4
0001595626
00011352a9
000143aad8
000139bdce
000141da84
00016664a7
0001292d63
000110b46f
000161b1bc
000135627c
0001385478
0001738c47
00015c3d74
00010349a6
00011b25ff
000118d6c9
000123ec90
0001344892
00013c513e
000157560d
0001772935
0001063549
0001470c2d
00014c1acc
000111b447
00011954d1
00012a76f3
0001795471
0001077d24
0001776db2
00011ae646
00010a21c1
0001405274
00010c6089
00017814b2
00016864cc
000136cec3
00013b65ea
00014b2a0f
000158062f
00013329d4
000158e522
000146431e
0001169db3
000119ad9c
000111a0d5
000135fa2b
000107fdbb
0001148a3f
000115f5c4
000178f95b
000119b5a9
0001535e1a
000110ba03
0001710e5c
0001088a0f
00017bd4d1
0001784421
0001484da2
000120e59a
0001482a72
000176f5d7
000114a593
00015b4a73
000141d15f
0001384183
0001705cb5
0001314602
00017bba61
0001247c79
0001487f1c
00012a7198
00014a32cd
0001472e87
000140880a
000171e40f
0001466d48
0001114715
0001420a24
00013522bf
00016aa56c
000127a2cb
00011c0eef
0001544d30
000144763c
000152f026
000150f300
00014b3ed7
00010889f1
0001349d79
000175f8f9
000160cc4b
00011765f8
00015b895c
0001339c86
000129f27e
000109e0dc
00013121fb
00010b3514
000100982e
000130c456
00016900d8
00012890f9
0001534ec3
000170e089
00017b0192
0001609671
000166b679
00014a6a92
000119f104
00012c24b1
000105191d
0001131a63
0001375e30
000141cb1c
000135d448
0001020d62
00016a8ed2
000109aa93
000153540d
000163e56a
000148b9bf
0001606950
000145c15a
0001777638
000102d41d
00010515f5
00011c7142
0001749811
0001780224
000138b089
00011645ec
0001400530
00010b820c
00017ab875
00017872cc
000144d2b5
00016b44ee
0001329ac0
000110bca1
000111e5a2
000151a719
00017574fd
000159d147
00016ac2b3
000155166e
00017a9d3c
000108dc7a
00017322a4
0001120e30
000159020c
00010a3409
000163225d
00011180d5
000157cb13
0001326713
00012b7657
0001581485
000166c5b7
00010b323b
00015a1a76
00016999e0
000101e554
000136462a
0001319f19
00013be2ae
00014b98b7
000172bcce
00015bee98
0001704e68
000144f191
000147be10
0001156195
0001675c8d
00011950b4
00011b52d7
00017b46c0
000157f5b2
00012bb9ad
0001313d22
000155def9
0001571204
000119cde1
000109bdb6
000125a707
00011b32ef
000117c104
0001090d8a
000149f563
000170765c
00012a3ce1
000114b852
0001659acb
0001779805
000168a58e
0001466147
000178fa5f
00017b9516
0001010efc
0001656452
000120018a
000111fc89
000124650e
00012b8e32
000156f05d
000153be5f
0001421482
000112621e
000133f9d3
000136a16e
000108c571
00013b2cd0
00015332d2
000157be69
0001117847
000144800e
00012865f3
000137c628
0001036505
000149def4
000113ca64
0001270a12
000119e965
00013874ef
0001624a77
000116729c
0001396704
0001179997
00013508fa
00017b2ab4
00017582b6
0001628842
0001732169
0001677b0e
000177fe1d
00011435bb
000140b45d
0001639831
000143fdeb
000158b6f3
000119e947
00017b8184
0001377d5d
000121e2cc
000136789d
00015049ac
00014048fb
0001020a27
000170c8c4
00013976d0
00010b095b
0001717055
000167ae5b
0001184a44
00013594d6
000102ca17
000123f519
0001382ef0
000169ec35
0001717a55
00013b6811
00010a6ea6
000161d6db
000167c260
000153e6cd
000140f6bb
000144622d
000156fc99
00013866b4
00010c4f03
00011a703a
000121971c
0001684d22
000177923a
0001442106
00011229f8
00017ae26e
000126ad77
00011896a3
00014c12ce
000145ad3b
000139d48a
00013b39ce
0001129c83
000177cd73
0001492578
0001365ebc
000179f4fa
000121895f
0001331535
0001510621
000112720a
00012356c5
0001534843
00011515fe
00011164b6
000161cadb
000175058b
00017ab867
00017c76fe
00017368fc
00012a4f15
00015370c3
0001149095
0001482531
0001379107
000105d0ea
0001364ce8
0001023295
0001053815
00015489da
000125e811
00013ad623
000109626d
0001343d68
0001608550
0001403cd1
0001217684
000169f0f2
000104480e
00012ba929
000135d595
000135cc13
000118dc77
000127462e
0001255dec
000166f4e1
000120169a
000117edb5
00013ae63e
000173db0d
0001182580
0001702815
0001480c94
00010b9519
000152ae4b
000135b53a
00012ade89
00016294b9
00011608d3
000148dc76
00014906e2
000122c5f7
0001591639
000140189d
00014a8841
0001761a3d
000124571c
000137d285
000107baf9
0001198658
00015298ba
00010c3c1f
00015c7894
00016425eb
000172a859
00014b3070
000174907d
0001713e0e
000112f896
00017866cf
000168545d
0001389079
00012b353b
00014144a1
0001247c62
000101a554
0001268867
00012376da
0001645a9d
0001703c62
0001689078
00013c4a31
000152400c
00016129fd
00015bbae8
00014c4103
0001123ce9
000108dc68
000156f9bc
0001151a20
0001780a24
0001790e98
000119b859
0001263947
00017abe77
00016282ad
0001177cf4
0001676a12
00017ae656
000176b5d1
00013598de
00010442e5
0001377081
00015c026f
00015166fc
000156a572
0001638e6e
00010729b2
000138ed3d
0001369ecf
00015059d5
00013c7c26
00014270e3
000170fcee
000177af0f
000136eccb
0001135cfc
00016bc08e
00013088ad
0001550cf7
0001292d81
0001721447
000171e124
00017160a6
000178b547
00013acc97
000136461d
000113a9ab
00017b701f
000113fa55
0001679049
000101297f
0001784974
000132ee15
000178e51b
0001105f0f
00011b8b0c
0001364ebd
000123cf13
00011622a8
0001280628
000152c278
000129c821
000140aca2
00014c70be
000165faf5
000122246c
00015105da
0001699e07
000102e82b
00015058e7
00012c41fe
0001737c1d
0001643af8
0001645a10
0001576cfa
000138fd95
0001251d52
00017658f2
00014a5e19
0001064df4
0001122011
000147e234
000173a509
0001448a81
0001093ad0
00016bb13a
000151f1dc
0001256032
000170022d
00011961de
000104059e
0001588ee7
00016541c2
00017a02cb
0001578666
000160b1ee
0001515833
000150caf8
0001131dec
0001104174
000112f89f
000102350f
00013be2f7
00017408ce
0001218e24
00010b215c
00013c0957
00015b412b
0001271e6b
0001174917
00013b721a
0001728e14
00012065f7
00014c3a61
0001389c4c
000159cc06
000101c227
000134cee3
000121b085
0001174e8a
000132ba3a
0001429c74
00010086e6
0001423517
00015b1249
00013119ee
000128c068
0001185972
0001532ec2
0001306a66
0001019562
000157f1c5
0001414e76
000127b6ba
0001052d6f
000160b311
00011b7d4a
000112888b
00011a16bc
00017495cb
0001523e7d
00017c44de
00013895e2
0001581469
0001450620
00013b34f2
00013aaea6
00013871e4
0001438a0e
000118f9b9
0001124553
000171f447
000127c0fd
00014c748f
000178bea3
000121b082
00011ac23b
000164ba2a
0001723131
00017ba61d
0001192129
0001736015
0001639c64
0001173af4
0001281ca6
00011bed7d
00010735d8
0001752175
000117950a
00017c4a13
00011341a3
000132fc23
000160e69a
00015a2896
000164563f
00014874d7
00010c18f1
000105ba59
000124fcbb
0001135a52
0001171a3d
000167380e
00013b1683
0001260a94
00013560b9
0001495cb9
0001030aaf
00012a70e5
000162fa85
00014accc5
000138e0af
000112c8fe
000152f60f
000132791c
00013ab424
0001204480
00010a042a
00011b922c
0001536ebd
00011a7a6f
000124084f
00011b531b
000170e065
00010c605f
000141fc6c
0001713019
000168b066
00012562c6
000151571c
00016878b2
0001114a4b
000169d474
0001398564
00010be91c
000174bc22
000127e073
00016160e6
0001207c0f
00013c7611
0001649cc8
000113fcd0
0001033efc
00012c6582
00014230a3
000122c193
0001289d97
000128b129
0001137011
000176c4ae
0001569ee6
00017aa4ba
000167700e
00014210a2
0001783eed
000160d913
00015bd051
000101da95
0001514208
0001533a11
00013bdccc
000168ca29
00017bf93b
000169dd75
0001026ee7
0001742cad
000104a523
000150a4e2
000149ee66
000112a9fd
000178da03
00011c36f5
0001032990
000173eef8
00011284f9
00012228a3
000165320f
00015a763b
0001721531
0001623520
000107a4ee
000152c701
000107c2ac
0001038105
0001184d63
000139c94a
000153aa43
0001220d17
00010324a8
0001323a30
0001066517
000134419f
000102050f
000150d821
0001172c38
0001623120
0001375c69
000106df1e
0001087999
0001103de7
00011121c1
0001179ef8
00016901f9
00013bc07d
0001513df6
000159edbb
000137c4a9
00016b08c1
000168c08d
000112aa0c
0001648993
0001597ae2
0001780923
0001344985
0001639a99
00014a2c4f
000132167d
0001470027
0001753b02
00012c285c
000163b8c1
000123a47a
00014864dd
000152781a
0001276e67
000135b04e
000122171d
00010c04a6
00012c2897
000172e989
0001140159
0001692c1c
0001613db8
00012b6a4a
000130307a
00015719da
00017a257a
000123ec5e
00013b0cb8
000144f9f1
0001261ef3
00014649e1
0001210695
000106f925
00013c1e14
000114e9ce
0001473a7e
0001254c85
000140d619
0001126663
000149b972
00013c5caa
00012161d1
000164485e
000170d0e7
000140016e
00014c6ab6
000161ba77
0001738400
00014a2efa
00017ac1b1
00013aae06
00013c7638
000163f109
000103404f
000138f9af
000143d83c
0001093597
0001750cf2
0001269ac1
000158380b
000126fe92
000157c42e
0001180c77
00017311de
000176bd13
00015c7878
0001356e5a
0001736817
00014614b8
00012141b3
000157465d
0001195170
0001380156
000176c14a
0001739c10
0001215dc3
0001449075
00013534cd
000126a16d
000162f8f1
0001493453
00014a64de
000142864a
000107c0e8
0001144a79
0001109a09
000165601e
000150da1e
000173dcf0
000171070e
0001189035
000170edd4
000177c5dc
000165ab06
000179a052
000164a9dd
0001621e8a
000169ce1a
00012058a4
000168ad04
0001766199
00017139ad
000108ccb0
000141e0be
0001014e44
00012c4a58
000173f63b
000153695a
00013a7201
000177dec0
000151014d
00014698d9
0001099da4
00017ac0d6
00014c54e9
00016acc7d
0001287694
00012c288f
000137f61d
00015172fb
000143c700
00016a5abf
0001169ad0
00016c0a22
00011b2707
0001074909
00011a6b03
00011a355f
000106e2ec
000111b21e
00016b804c
000151a713
00015aa903
000127da5c
0001390155
000120eac8
00016a4963
0001596a1f
00015b15c1
000102fd62
000156fc72
00011920b4
00011c2e36
0001407ec9
00011c7cd5
0001124663
000167c29c
00017ad039
000166a9d7
0001232a5c
00011bb2f2
00010aee23
000126f6a0
00017371a2
0001746588
000119ede0
00010af617
000104f94f
00012c7a3d
0001238612
000125f0e7
00010232e7
00014566be
00017ad11e
0001788d6d
0001561953
000107ae7f
0001282874
0001013db7
000118a9ae
00015b2ced
00016a6e96
0001558e86
0001138c7c
00016a668c
000117d200
00010c16fb
000178871c
0001564e22
000147f66f
000116f00b
0001667870
0001101877
00016b9d58
000135c97b
0001046698
0001538430
000178d8a9
00013af1f5
00013c54fb
000116aabf
00017a46e2
000104b840
0001323c1a
000152211c
00015aedd0
000124ded5
0001779806
000176fad9
0001258207
000134e02c
0001160029
00013435fe
000135e108
000134dda7
00010551a9
00012c61d0
000142f881
000125a93b
000106fcf9
000158a514
0001749804
00014411d1
0001090a66
000161eead
00015434b4
0001487d41
00011a4c17
00016692c4
00014049a3
0001500e7e
000128b1f8
0001582713
000116ae79
0001458ca9
000122b4a4
000177c719
000125ae7e
000150dd4a
000121e451
0001062b11
000140bc67
0001192895
0001548d19
00011230f9
00016c017c
000168a6a5
0001251e23
000126c269
00014b11db
000161bc42
00012ac6f7
000104da09
0001551961
00015c6df9
000121fc2b
000169fcb6
000112108b
000116b2fc
0001674217
000156f9dc
000153ee42
000133f97b
0001466939
0001530192
000136ac16
0001785082
000117c920
00017670c8
00013576ea
000122288c
000112f55f
0001109f12
00011845b6
000105bafd
000124d155
000169e969
00012a64b3
000122b4a1
0001205896
000162c9ca
00010008dd
00015884b6
0001555310
0001338d11
000136a4d2
000147e128
00011565cc
000127ee05
0001299db9
00015b4ce4
000152e477
00017b36fe
0001531ac9
000166f82c
0001781147
000128b6aa
000169b576
000131e0ba
000172ded8
000123bb07
0001519ec0
0001272618
0001382645
00012648ab
00013c463a
000171607d
00010c048f
0001121a07
00010afde3
00015b50f0
000156dc16
000116da4c
0001030d4e
00017b641f
0001220c74
00016c323e
0001265ef5
000137fd96
0001317599
0001286249
00011b9a3a
000156513b
00012bac52
000126da14
00010c4902
0001570423
0001062d88
0001362635
000103248d
000124b227
00011ba526
0001215f0d
000178d89e
00010ab914
00013b2dbc
0001158ca1
000110fd0b
000167c48e
00013bf849
000145090f
00012b89cc
00014055da
000155c053
000177115e
0001348ada
000127f48c
0001716478
00016b7ebb
00011724b8
000128308e
000173e93c
0001784193
000126c989
0001524717
000113bc0b
0001016e66
000127ad33
000131de4b
00010746af
0001198309
00012648a6
000108bce8
00010662f8
00010c2c42
00010c3b00
000137a955
000118f94f
000146998f
0001632e2d
000112e9c6
000177b599
0001795013
000117e155
0001630a19
000146ba4c
000145d0bc
0001153cce
00016a1318
000172310b
000160887d
00014284a4
0001046596
00010c3426
00014be16f
000119fae7
000140de8d
000139e4cf
0001035123
000110f9e4
00015324ce
00011b8eca
0001520e3a
00016aacd6
0001413919
000118d247
0001051ecf
0001722db1
00010424d8
00010375b7
000135e508
000172ce02
00014c29d8
00011ae91d
00013c3238
00013c54bb
00015ad625
00015a7222
000142f052
000176020c
00010b3a06
00016b6171
00011bb591
000126b2f3
000168e088
000172e664
00016bfe1d
0001097a96
000171a4ce
00016752d2
000118c615
000104d123
0001679dbf
000139e07f
0001554e63
0001755673
0001715294
000108cc96
0001464c8a
000136c143
0001323701
0001296df6
000146c671
00012c2465
000175e2db
0001684673
000116b43e
000141ddf7
0001332de7
0001448aba
0001152d1d
0001069675
000148c648
0001699de0
00010a9cee
00016b3638
00011c7c1a
0001654984
000167ce24
000138667a
00013148fc
00016291ca
0001085c71
0001717e05
00011220fe
00017c7940
0001581c19
000132261e
00011949d3
00011006dc
0001460d69
000172ba02
000155e00b
0001141d29
000154ccb6
0001339e8a
00012a64a4
0001052285
000109fc0b
000156402e
000123d639
00017c04d5
0001307625
00011a6ea2
00012456a9
00014b7b13
0001604642
000106b638
00015b11f2
000127c824
000141aa54
00015434a0
00010b90e9
0001104ea9
000118940a
00010979f2
000119f002
0001076447
0001492099
00011a52f2
00016bb229
00017505c1
000145a20b
00013841c4
0001052573
0001772ed9
0001586a41
000103fe25
00014a98f0
000178c15b
000143eabd
00012326c3
00016510dc
0001141ce2
0001352db1
0001705c62
0001489218
000101981d
0001060826
0001162e90
000156871f
0001372569
0001212eed
0001662d23
000153f5de
00014750ec
0001594028
0001630920
000162cd33
0001328a7f
0001567273
000160e6da
0001542517
00011a2c33
0001629221
0001738558
00010084c3
0001142958
000150ea89
0001416474
0001095b10
0001729ad8
000119095f
000163caf9
000148db0c
000143b1ed
00013b84d0
000129f0bd
000121a6e6
00010976c3
000127ed05
0001411218
00017026fe
00015a48cb
00015949a5
00011b34d7
000148731f
00017515d0
000166e8ef
00016b0c90
0001161494
00015af6a3
00014724aa
00014a00c0
00011b6c16
0001743dba
00011b46e3
0001195c88
00017ac9cb
00014bd2a0
0001329477
00011571d8
000138127d
0001343804
000172be64
0001204cc5
0001590951
000137ac18
0001656087
0001634d27
0001037efa
00017a928a
000161e0a6
000158c927
00012bb257
00010595a0
0001738925
000110e26f
00010bb69c
000105dedc
0001316281
0001722ea9
00010355e7
000112b1c6
00015be50c
00014b7603
000177f9f4
000157deb6
000176248f
000168765a
000130a8c2
00017146a9
0001044e03
000129115a
000101fc2b
0001044272
00017876c5
0001147644
000170150d
000170fe06
00016c54ae
00011b766f
0001486c42
000151fa15
00014c25b8
000124fc87
000113ee61
00011028ca
00011c26dc
0001778307
0001233f14
000113124c
000135b448
000143458f
00013a6f05
000115d0ad
000163b0fe
00017abd54
00015b4921
00014a4f19
0001307040
00014ab44c
00011148ae
0001461911
0001786f05
0001309863
000157517a
0001374c4e
0001493e6f
0001257ca4
00016c11aa
0001550296
000137b6b9
00012b7197
000132220f
0001451e4d
000149ee43
000112de7c
0001790667
000149a1f5
00010975b5
00014315a8
0001505196
00015a1488
00014ac181
0001791533
000121ff1c
00017b22ac
00016254f1
0001430cd3
0001690c56
000111e096
000112049f
000160991c
00010b6442
000176ef0b
0001521c23
0001058899
000174824b
000138069e
000143fd07
0001575da0
0001075842
00016ab02e
000100f647
00013648a3
000109ade7
00016aaac0
00010c3544
0001272845
0001241a1f
000124151d
0001096103
000115a17e
0001369160
000168571c
00011a00b8
00014315be
000168d31b
0001316f00
00011152ba
00012ac6ad
0001684258
00016ab658
000115514e
0001323cee
0001381528
00012a4a6e
000164ae91
0001323ac2
00016615be
000139eee1
00012531f1
0001238d18
00010222af
0001644a0b
000162d920
00010815d9
000176a6d6
000162b219
000152e82a
000160a683
0001029d4e
0001793e88
0001195c43
000161d4dc
0001134cbe
000115df08
00010084b6
000173a6f2
000108705a
00017251de
000146f4ef
0001461127
00010b880f
00016c7572
000170c870
00012930bb
00017571eb
0001353c23
00014824e4
000122f9a8
00012222b3
000151d135
00011330e8
000125f315
0001204cb9
00015c59f7
00016620d8
000118c13b
0001382221
000168195a
000116f8c0
000123aea6
000175c53c
000169a177
000178a0ec
00017c14dc
000169daed
00013296c9
000169a1b9
0001298c65
0001579ed6
00016120c8
000137cd63
00011a418e
0001464ef8
0001304c37
0001302e85
00011205ec
000127c5fd
000137ee3a
00015945d3
00013120c7
0001569ef5
00015a357d
00012329e9
00014a3448
000171bd69
000108ee53
0001349c8a
000113a6ae
000168adee
00016a8a8b
000171a2a4
00013b4216
0001295122
0001658935
000119d946
0001728d9c
000161a25d
000153f575
000163fdb9
00011b0294
00014825d3
00013885bd
00011072df
00013792b1
00014b1cd3
000115b240
0001254aeb
000142d6c3
00012aea70
00013c1445
000154d2c1
00010234a8
0001747e8c
000132b4ce
00010ae5ba
00010c6a8c
000120a19d
00013b092f
000149709a
000138e033
0001062a93
000173996f
00014321e9
00013c442e
00015181d4
000120693d
0001752d57
000167b13a
0001023190
000160e4e4
00016ba5e1
000157022e
000142ec0a
000148cae3
00017832eb
000143d2e8
00015a48b8
00016a1d50
00015a4e52
000162b22d
000170c6e6
0001357a27
0001150257
00014c7174
0001679cb1
0001633958
000136e9bd
0001320ec2
000166ec7c
000125eefc
00016bdc8c
00016819d5
00012569b4
0001414980
000131b6d2
00014c144f
000120e522
00011314e8
0001003dc5
000121345b
000175beb0
000138645f
00010be624
00013aac3f
00016ad612
000138eeec
000155220a
000152554d
0001071706
000167f1e5
0001004d9a
00013aa52c
0001360947
0001323211
000142b54f
00016b8b18
000130fd5d
00016c6abb
00015b1a54
0001380a93
000110529b
00010c4400
000172bc69
00015324ad
0001632d58
0001294058
0001720502
00011568ea
000118a919
000118e8fd
00012bb432
00010a1500
0001663903
00010bf08a
000154aad9
000152b679
00013689f5
00014c50bb
0001268c87
000100431f
00012376df
000103f841
000114bb05
000151b6cb
000179000c
0001024c4f
00012a7d1e
00014228ff
00016b84b7
0001667424
00011a7e83
00010bc446
000148fe1a
0001513228
000146b8f7
00016455fd
0001103c76
000149545e
00010c011e
0001254012
000106ad21
00017a1016
00017bd461
000122ed8f
000125a25c
00010179a6
00013bd85b
000110ea89
000166a4a5
000120f1ab
0001160500
000129ef0f
0001159c0a
000131d043
000146f311
000162e927
0001605dd4
00011b1cc9
00017bd915
00012810e1
000147fd38
0001460877
000105083e
0001383054
00013b0c64
0001130cbe
0001445279
00015b015c
000145464d
000169f65e
0001405111
0001736847
00014a205d
00012079ae
00011176a9
00012a690e
000126119a
0001440429
0001500521
0001048cad
00016b30d8
00014bfec0
00017bb2c3
000137c115
000131980d
000133e2e3
000169782e
0001079cba
000172cf01
00014b1474
00016a6989
000142671f
000141a060
00016871b2
00013aacae
0001659471
0001198e57
000144c2cd
00017ac097
00010b39a9
0001459204
0001294887
000111f4fc
00011c36a5
000150b9f1
000138883b
00012c5000
000100381a
00014b34b8
0001739aa8
000129e536
000157a5bf
0001098633
000168931b
0001187487
000128ec56
000131861a
00011ba93c
000110b251
0001005c05
000114c928
0001394666
00010424ae
0001721815
0001478e75
00016af6e6
00010c6409
000179f16b
0001390064
000153d805
00013620c5
000139e83d
00016014ec
00013352cc
00012441ed
000104146e
000164aa02
000146b114
000146e9a4
000164a6a0
0001169897
0001191449
000154699a
0001185a7f
00014b88f9
0001045122
0001325d5a
0001735047
000171d4fc
000127e610
0001705c94
00015bbaa7
000146f5eb
00014624eb
000110ba89
00012398f4
00016c6d0f
0001157c3b
000115d918
00013226bd
0001684a93
00013b2ef1
00017aa80d
000170a508
000124cdc0
00010c6d9d
0001122c11
00017bbed9
000176889a
000132d544
00017c14c6
000131d4c3
000109e064
000108c824
000178d97b
000126a189
00014342df
00017a9e78
000168251b
00010c783f
000102b9b7
0001213d0d
000176590c
000138e04e
00010008a4
0001223e19
00013a2df3
000140952d
000141e6da
000156cb1c
000144a9cc
00013b0a72
00011aa691
000138d9df
00017c4485
000125e547
00017c1598
00014609a4
000179e5a0
000158c6e3
00015b9946
0001225699
00012be663
00012bf2c6
000130129a
00013a81d4
000151ed66
00010be8ba
0001167945
0001452c13
0001315413
000179da70
000172001d
000169323e
000117928e
000100cdaa
000114a44f
000107e90b
00014bcd79
000175a82a
000164404d
00012c66e4
00017c4e50
000165ad8f
00013a4a88
0001023505
0001469044
00011bf273
000129c1cb
00017b72df
0001493157
00016b481c
00014425e2
000148489b
000130c09e
0001183569
00014c1a87
0001048e59
0001054d81
00012810d3
0001579ab6
000111ae8f
0001262a35
0001700092
0001645228
00017560b6
000144fdba
000136f476
000135c27c
00015c2c52
000157d414
000150a48c
000172e925
000156adae
000142d507
0001183885
000138ece9
000125d2b0
000126c20e
00014bfeae
0001460b0d
0001168626
000148e691
000161f26e
00013ade95
00014be5aa
0001244038
00012bd5b6
0001241935
0001269e99
000112707c
0001430518
00010bf6ca
0001717447
0001529111
00010aa457
00011824c5
00014a7316
000136e85d
000130f1a5
00016296d3
00015bae36
000179460f
000176203c
000129a0f1
0001377190
000120edd0
00017be90c
000123e29c
000156fb17
000130e4ca
00015c1ae5
000129e847
00017bd98b
0001161dba
00012a7088
000153b45a
0001592579
000174291f
00017a4ef8
00013c5df6
00013b91b3
00015a867b
000136d1fc
00013afed3
000173296f
000131608a
0001291047
00012909e7
00017aa0d7
000153a6df
00016b6d1a
000161bc31
0001008578
00015b4656
00015a648e
000166da40
000143d0da
000153e111
00014602af
000120dd7c
0001313593
000128cd6c
0001505880
0001680d20
000125f09b
0001704095
000155ad77
000152ce8a
0001724834
0001644d17
0001621864
0001442276
0001079279
00013b5f12
00016904e8
000138de19
0001191aff
000157d5cb
0001162dc9
00014330c5
000107c095
00016b6573
00013904e7
000120f20b
000102ae2f
0001664c75
0001720509
00015026e7
00010b90b4
000114c529
0001339adf
0001423c7a
00011322ae
00015ae1ba
0001538a3b
0001498638
00011c5497
0001730ef2
00017aa0fc
000130ab11
000135a57b
0001100209
00011b605d
0001323643
00011bd010
0001310668
000105d075
0001103207
00013b8643
00017ac9dc
000126ac7d
000178498d
0001280c35
00014568ce
00015b9d51
000128f81b
000138ec09
000160426c
00010b3c1c
00011bfa2e
000117298a
000125bdfe
0001236989
000138c55a
00014a98c5
000159dd37
000174971d
00011750b6
000162f0fe
000178a0c6
0001408599
0001799663
000122dded
0001336005
000174242b
000129404b
00012ab2d4
00017a3047
000175ce8e
000133945a
000138d8fa
00013169f9
00015025a3
000177bc0e
00016272cb
0001699836
00011996a4
000115c1aa
00010a9cb2
000107a48d
00015a8a80
000124e50e
000109e269
0001782a64
0001623cc1
00013b4467
0001429b07
00016a3a7d
000171f03f
0001202cab
000168bdcf
000116f4c4
000136e8b8
000151ba1d
000168ddee
000126c015
0001103eab
0001757c5b
0001747d1b
0001685e8a
0001397c6c
0001550849
000114566b
00011a98b5
00017258f7
00015b3996
000169a138
00014a2e02
0001068ee0
00015ae1ae
0001057822
000145fdb7
000129a964
00015b50a6
0001274455
000137dee2
000175f6bb
00012a394e
00011c0098
000178d2ac
000141314c
000129a0e4
0001021f06
000132f895
0001491f0c
00017c1eae
00013c75eb
0001054e25
0001041050
000125a10b
00016c6161
00014bb539
0001175260
000111ba64
00012bdc11
0001189a2c
0001268b08
00015b384b
000156621e
0001168295
00015216cd
000131da7c
000162def9
0001720196
0001724d43
000166122e
000137cd7c
000113f440
000160395b
000177da9b
00013ae911
000141520a
00017b12fb
00016029f1
0001473e13
00015bf54f
0001369de9
00012bac45
000141fb13
0001102588
00014a75a9
000115196e
000159495b
0001477c7b
00011aea76
0001341649
0001109912
000136d53f
0001083c51
00012398da
0001232ae8
000157963a
00014416aa
000126dc1b
000106c68f
000142ce39
00016b29e8
0001088a1b
000125d94d
000119eeda
000171df0d
000165117a
000110f093
000129711b
0001336005
000164721e
0001077665
000105a420
0001382169
0001660908
00017258f0
0001558270
000126b55d
000116b8d1
0001550c7d
00013a31d8
000118e192
0001741837
00017b724e
000119ee92
000108cabc
00015356e3
00012b7dde
0001473d42
000115fe5d
000177adc8
0001771290
00014a70e4
0001081276
000157a999
0001339911
00012a168a
000155a866
00013b3472
000175f864
000104cdde
000115793c
000178e413
00016c3a12
00014abe05
0001289064
00014230a1
0001027dbf
00011b88d9
000179f02b
000122d6bd
00014a254a
000178f2bf
000104218f
000179f474
000168d8ed
0001576c80
0001059e36
000128fd56
0001410ee3
000172a93c
000165086e
000115424a
00016425bf
000142405e
00014011cc
0001527b15
00013af5f3
000112ee61
0001214d70
00017232f8
0001104870
00014c35f6
0001328a42
000124cd2c
000177f57d
000141f4d7
000149ae72
0001736875
0001624d09
000152c852
00010aaad8
000105d306
000108a138
0001595120
0001798a82
00017aa0e9
000178ec97
000132d9de
000113cc40
0001455d27
0001368511
000160ce67
00014c670b
000141c519
00011215f0
00012025c7
000175f6d1
0001757467
0001332175
00017895d5
0001294965
0001433a3a
000151b5d3
00014a8163
0001034041
00015aeae8
000133b0bc
00015481b8
00014a6561
000175ec53
00016bf251
00014220b2
000125d1eb
00016925bf
0001597c40
0001791d4a
00017ab04b
00016965fd
000152897b
00012c7529
000129547d
000102d625
000117ac70
0001547e9e
00014715e5
0001041aeb
00011228d0
00017bd560
00016989d8
000136ac46
000122fd07
0001502453
000156e4c8
0001056dd1
000116fd45
00014604d2
00016a3244
0001066666
00010a14cf
000115bd04
00011ba6c2
00011722ea
0001123d59
0001074a28
0001096178
0001067881
00017a0a18
000154c41e
000150d291
0001582c41
0001352aba
0001235029
000130ce85
00013a51b8
00013b000c
0001413c89
0001212184
0001499af3
000102a312
00016589e5
0001482e5b
000136bdda
000148cef2
00017204ce
0001312e03
00016266aa
00011599e1
0001199164
00014879c3
00011c407a
0001702947
000164567b
00013638cf
0001030258
00015bedd5
000130b204
00011744a0
000157a025
000149f065
0001098847
000147c06b
0001325a2b
00011b42a4
000144016f
000159a17c
000178181d
00010140f1
00017b4592
000177d1f9
0001116b1e
000103646e
000123d6aa
00010234e0
0001556803
00014b1c42
00017a3a05
000153d249
00014474c0
000135eb03
000124d273
00017a4d24
000157de12
00010aec1b
000127ecb7
00013b290d
00017b1ee3
0001660819
000144c6fa
000154d59f
000103feeb
0001566ecb
000143021f
000173dc37
0001438d35
0001705d25
0001142072
0001411e05
000158eed4
000147facb
0001649248
00015a7240
000124a4b3
000112d4e2
0001674291
0001398c35
000151d5e4
000113fcbf
00016ade4b
000150b520
00014bfa9f
00013608f7
000165e4ae
0001372299
00014c123d
000150100a
000103e98f
0001736c29
000165e09f
00016c4281
0001239e76
00017a150f
000108641d
00012b890b
00013a245c
0001141872
000130f94d
00011788e1
000163edbf
000173a481
0001388057
000102b8d8
000109de3e
00010a52eb
0001324cfc
0001010dfc
000157dc4f
0001074898
000161e1eb
0001452d4a
000128ddaa
0001280ec4
0001345cb6
000170acec
000144696e
00015b9641
000147f274
0001747ce5
000112d958
00014219e5
000136fc05
0001594d15
00017230ad
00012821ec
000140fca9
00010859cb
00012b8908
0001383452
000107e8df
000170c54f
00012bce3a
000168469f
000125a0f1
000139c603
000106d6b6
0001548001
000104d9fb
00013801a9
0001737596
00011ad40b
000160ddba
000175bd9a
000162eaf9
00017c6aad
00017be8e4
000100d6aa
00016b2906
00012a703f
00013280b4
0001213cdd
00017014bb
0001527dfe
000111bdbb
000144d2e2
000124e4ee
00015be080
0001508d70
00014b1571
000113529a
0001208f02
00016010b9
000124646c
0001088252
00011508aa
00014b56ac
000151d968
000140f657
00017a1508
0001147ae0
0001412135
0001687634
0001023481
00013c6cda
000176e8b8
00013bdd9e
000102ee72
0001415931
0001047c50
0001438c38
0001453ab0
0001494df8
00015aa997
0001667c8d
0001637c4d
00014361ed
00017c1263
000101eee5
000144ad5c
000153f5a1
000134cdb0
00015765ec
0001235014
00016ae8f3
000109ac49
00010b85e9
00017bbaa5
000145deb1
00011618bc
00010646c1
00011ace37
00017bc43b
000153e0e6
0001055f1c
0001638ca4
0001453611
000169c008
000114f708
0001582cc2
0001517892
000170f58b
000158f195
00014098f4
0001003876
00017a965c
000126cd41
000145fd7d
000129e495
000166148e
00017496cc
0001075dd0
0001707623
00016059c1
00010a55e3
00015571b6
0001708c34
00017251af
0001297e80
0001639d17
0001480a9e
000134c063
00015ac9c8
000137a2b1
000156e125
000102ea03
000130d88b
0001576645
0001036922
000116b0d9
00010ab8a9
00011965a8
00014b52ea
000156d1a8
00010b3464
000115154f
00011b8c2a
000119e4d3
0001638628
00014b9697
000158a49f
000129acf0
0001096e45
000126bdd3
00015355f0
0001594d0b
000174c6bd
0001734ef6
00016345fd
0001640e7b
000169aa0d
0001396e58
0001621e3f
000170cc4e
000176d5ac
00014aa4b3
0001460f19
000141df1c
00017bcd34
0001192643
00017b946c
0001620210
00014ade5a
000147af18
0001078568
000161e69d
000149be3a
000124c319
000136a1aa
0001569446
0001474882
0001339d13
00015b0823
0001220c8d
00015519b1
0001398119
000106648d
00010b8a7b
00015424b6
00015ac6f4
0001436d76
000100f538
000176e950
000147d171
000121ca2d
000105721d
00014a7b1e
00012c1800
00011304e3
000151395a
000167fd4d
0001027a98
000130ca5d
000122b84e
0001687d89
000101dee5
0001464c56
0001203834
000116db09
000109f020
0001726988
00010658ad
000111c4fd
00010adc59
00017bbeb4
000141b10e
0001545e60
000124c652
0001628523
0001156e65
000169a6de
000148c9f4
000178a11f
000148a8ce
00016af5ef
00016531e5
00013045cf
000128bc4d
00012c5c56
00012bb6a3
0001339adb
00014b8f04
000150d6f5
000133659a
0001372a78
000115b909
00013824dd
00012970f6
000158f050
000116f2ee
000178e47e
000106d18f
0001747cef
0001592d2f
0001782abd
0001214d83
000119c557
00010be88a
000139c5f3
00014c1a20
00014abd3b
000152209e
0001465607
000131097a
00011b1c07
00014b9acb
000163da1e
000138e1d6
000132f826
00014bfb0b
000112ee44
000142baba
000101457c
00014abe4f
00013ae451
0001303b14
0001051865
0001218e3c
00012414c0
0001292314
0001452cb1
0001197190
0001492953
00011afde8
00012a7cd0
00014b75e8
0001143ee0
00014b6e69
000146c606
00014869f6
00010c00d1
0001726eb4
000145c283
00013a6048
00016a059b
000131623d
00013a78ff
000151294c
0001044050
00017c6207
000117bd75
00017428e5
0001418879
0001746cef
000173268c
000175e85b
000178a119
00014a3ab2
000164202d
000130050c
0001339e03
000133f9b8
0001161592
000132d8c2
00014c760b
000169ba3b
000172fe4b
000167018e
000147c8a3
000121b40e
00015950fc
000132348c
0001277dec
0001111c2f
000148e996
00015b48bc
0001635001
0001653148
00010345ab
00013999ae
00016c1181
0001600951
0001220681
00010450da
00013a322d
000131d9da
00011961b3
000111863f
0001278429
000158e460
0001559949
0001133039
0001613c6a
00016b68aa
00012950c8
00016b3041
0001371949
0001654262
0001623993
000131ca13
000122c6ba
0001211979
000104d0b0
0001194dab
0001691623
000166d057
000104a48c
000120bf09
0001038659
0001684b1e
0001691527
00010350ad
0001328519
000178088e
0001362cb5
000165d977
0001641e48
00011962bb
00016b62c1
00014ab25c
000111d495
000171e07d
0001077c5e
00017a4d05
00017a0253
0001287e7a
000173b31d
0001295446
00011139e8
000172e8e2
0001377973
00016c1c40
000158622b
0001170a34
00012a25a1
0001705d06
000156e113
0001744acc
000106f890
00017211cb
00017b6abd
00014ba4a9
00014732de
0001692e83
0001215a16
00013b1ea8
00014bc6fa
000116e951
0001704466
000145ad3a
0001791422
000170109f
000132e8d3
0001570a56
000123f557
0001519179
000158c8ba
00011610c4
000128bea9
00014c1a18
000153208a
000107bd44
0001391523
00012abe46
0001104806
000144c8d8
00014ab71e
000117e0a5
0001299c05
0001579ed1
0001455aaa
00016814c1
0001281a1f
000128b08b
00012c7c13
0001266832
0001492086
0001023123
0001441cb3
00016366a0
0001118993
000143a531
000106e29e
00012ba876
0001137c4f
0001655543
00012c74fe
00015808d9
00016809d1
000105f19e
0001254a2b
00016259dd
0001333ed9
00011730dd
00017125af
00011b9d52
000124455c
0001297558
00015b4082
000175b9f3
00015a44c1
0001386e8d
0001652a60
000104d24d
000137ee7b
000142a227
0001260c1f
000125ba9f
000124ccfb
00016aa4cd
000158def7
000168d31a
000177ae17
0001370a5e
0001570703
00011094dd
00014125d9
000165fb0d
0001134305
00012c0632
0001382622
000159cb1f
0001027840
000111ac52
0001170a73
00017a8e80
0001386e68
000158a885
00010536df
00017a4804
00016b08ca
00014b723f
0001722822
00014736db
000179e317
0001370a9c
00010a3d50
0001646e4b
000140d65b
00012bda33
0001100467
000119dea7
00013675ab
00013c45cf
000116b588
0001258258
0001235acd
0001544c63
00014c6516
000155f046
00011be906
0001115910
000113a529
0001307901
00017456bd
00013c223e
0001393ec2
00016965c6
000127b599
00011661b1
0001182475
000176fa55
00011acf0b
0001446652
000177dd7c
0001723085
0001136128
00017a62d6
00017a2845
0001765e70
00016c5da1
000145c70f
0001273b17
00014ac251
000179063c
0001102190
00015445b0
000103e5de
000132ccb6
000127acab
00017914be
000146c44f
000138921c
0001112713
000157e6a9
0001436dc0
00014a8a89
00016b8c82
000143ed2c
0001745af3
0001048cb0
000109352c
000174f45c
0001681e5c
000168d81d
0001219eb5
0001429155
0001317277
00013326c1
00014a6e0c
000149cd05
0001477b16
00012436e2
0001165e67
00013a66ad
000134199f
0001013559
00017179ca
000151d0c5
0001243c48
00017b4979
00013588c8
00012418e3
0001752d40
0001298569
0001283180
00010431fb
000110184b
00010824a2
0001135e79
000159dcec
00011a0df4
00017a3d8f
000145ade2
000137404e
00016a22fc
00012b86c3
0001110f07
000167d1bc
00011a9af2
00016c15cc
0001527da7
00014b549e
00012a814c
000100517c
0001758de8
0001393639
000104603d
000139a0f0
0001527c2c
0001469a8f
0001234dff
000109517f
000103f228
000105a2a1
000156ad39
000123caed
000106b30a
00015792e7
0001650e9e
000143b90e
0001114968
00015b6858
00013956a7
00011a9263
00012c704d
0001171183
000147a300
000167723f
00013be6bb
000156ad38
000122899a
0001172f09
00013bb081
00011245ce
000149c541
000166d14c
000135e70b
00012091b9
0001111b04
000151dd6d
000137b0ca
000115ad26
000167b5a4
000135d016
000141330c
000127d144
000115ac74
00017b3232
000119fa6c
00017232fe
00012b3479
00012472af
0001629d94
00016a3189
000148c0c5
000125a89f
00013bd632
00015b8ec5
0001458a54
000155700f
0001768e14
0001668c06
00010a4c4e
00014578f9
00016c2ef6
00017a9c68
0001791672
00012046a4
00015b4459
00014ba8d7
000121a591
000172a8fa
000175c4c5
000138d1f2
000174d05c
0001144b08
00017c7a97
000151f23b
0001207a28
000113281a
0001296948
000119568a
000136c21f
000106d952
000116e42f
00012755b1
00016bd1b0
000136659c
00014be274
00016c505e
00015a0408
00010945ed
000117c490
00011b726e
0001053c9a
000178c257
00011909f8
000106be82
000109a265
000116c28d
000157271c
0001180625
00013c5622
000125223e
00017576a9
000153d1b5
000142ec87
0001581e5d
0001474052
000138d973
000128ae05
000116e8e1
00015bf24f
00010c5173
00011c6e7f
000132f696
0001171d9e
00016b3316
00013b9c5a
00017c78b2
0001295ccb
0001600a1f
0001752d35
000119c53a
000139e5e3
0001674456
0001762c75
00015a1679
0001273959
0001221620
0001187ca0
000110d2a5
00011449b3
000159de70
000149e95a
00017704b4
00017b0298
00014acb1c
000175b710
0001143caa
0001173cf8
00016535de
000130c6a5
0001498e26
0001034c3e
000126d2f1
0001419b1c
00010bdc2a
0001081d77
000151b8fa
000133bc49
0001383595
00015a7939
000175584c
000131f4f7
00017a8059
00011bfe2e
000117b405
0001391afd
0001355529
00017a9056
0001724cf2
00012bc624
000152c1b0
000127d13b
000139e03a
000155e8f6
000159ea36
000162d4dc
00010c34c0
00017929ec
0001049def
000146ee13
0001694c53
0001463c4a
0001686257
000146fd00
0001437d9e
00014c1202
000128dd7e
000172e1d0
000131a26e
0001253d14
00010199f5
000127f874
000139bdfe
000125b8f4
00011b31ea
00011a457f
0001328961
00010c5831
0001564e1c
0001200692
00015b98de
0001047465
0001316446
0001271989
0001345db1
000111ea20
0001432276
00013c39bd
00012c05e1
0001151ef0
000105d948
000102bacf
000121b198
000125e4de
00016a4afa
000149e870
0001702903
00011b9e25
0001420152
00014a8262
00011934bd
000178b47d
00017810a5
0001619e74
000118142b
0001082d80
000126387a
0001533582
0001151af0
0001428623
0001518ebf
000102ce85
000148f93f
00013828cd
000129693d
000134854c
000105d946
0001721975
0001055211
0001166c62
000102d573
00013549e3
000106345e
0001648966
0001306a84
0001671922
0001563e68
0001553a40
000164b260
00011a24fa
000176c095
00017b6aac
000169c88d
000159fd69
000150dca1
000118f011
000124254b
00016ae901
00014b7c84
0001182988
000173fa47
00015a1698
000108d1a4
0001104cdf
0001571afb
000152d5b1
000147de02
000102116f
000124254a
0001732957
0001750135
00012474b1
00016469e5
000134e9b4
0001068a2f
0001282291
00011c3a9e
000177425c
000151291f
000123c44c
000146ba11
0001308c2b
0001648548
00014305f1
000162320f
000178ae5f
0001211951
00011aca1c
00012a8137
0001288a8b
0001244a11
000166c5b9
00013b2002
0001099442
000117e6f2
0001510097
00016509de
00015254cd
000157b458
00016a61a8
00015c322a
000110b820
0001601559
000113d576
000137fd18
00010b7d2e
000160f908
00015ad55e
0001030ca7
000101d815
00017c088f
00012a38f1
00015a6dc7
0001162e7d
00014550c1
00011ac110
0001655ea4
0001088dc6
000159481c
0001774e56
0001390149
0001608cc5
000112b4ce
0001392165
000142b23e
00015bf4f3
0001451514
000104f89a
00010ba597
000170c50b
000126998d
00010555c4
00016205c2
00017461ba
0001306866
00013a1ccb
00015c69e3
0001308476
00014c69e5
00014048d1
0001648a62
00010a3d2f
0001065158
000113ea4a
0001198a67
00015b9ceb
000123524d
0001189307
000159a815
000158adb2
0001791ebf
000149cec6
000127170b
00015908b9
00014499ba
0001153046
0001300921
00015525e3
00014b726a
00014326eb
000162c984
000148ad2a
0001461559
0001120147
00013b3c48
00011a55d2
00012b1dc0
000106d93d
0001176c4e
000144aae7
00011ac28d
000156189c
00010604e1
00016bca2e
00014a7e3f
0001714d8a
000132c263
000116ba96
0001594005
0001424485
000160aa64
000147ee5d
00014af2b2
0001194441
000103c625
000119291d
0001061d98
00010a99a8
00013946d0
0001378404
00017abcbc
000113054e
0001000c39
000101a479
000106a49f
0001329310
0001088700
0001052211
0001526640
000146f29b
0001071150
000167a8ac
000120ea4c
0001129134
0001509e59
000172c273
000147e0ac
000164a543
00017bcdb0
000136a5e2
0001680095
0001172aff
0001780c4e
000150ba59
0001750c4c
00010a9719
000124a2aa
00013a0ee1
00010c4188
000128fcfa
0001397deb
00012a027a
000149c51c
000123f527
00016c0882
00012b1d8c
00015ace8c
000128144f
0001105a84
0001653aa4
000173294b
000125f65d
0001387a6b
00011930e0
00017a9e71
000141d9ec
000104471c
0001327ae7
0001420432
000114ae5d
0001512171
000151405d
0001704e02
000151767c
0001332cce
00017384b6
0001065150
000142d90a
00014b1889
0001265469
0001521cb9
0001507895
0001703716
00011295cc
0001013535
00011505ce
00016661ac
00011af89b
0001254985
0001360eb0
000161b052
000168216a
000130154d
000127ed75
0001423d00
00010c5637
0001536897
000146d0cc
0001341403
000115c066
00014026c8
000168500b
000125067a
000178366a
0001513918
000168c4eb
00013818c5
0001178a49
00012910ba
000123a8ce
000170443f
00013038f3
000178c0b5
00010b0871
00015948f4
000177695f
00017a6c01
000178f861
00017765e5
000152525a
0001500da5
000147424b
0001299519
00016c0a57
000103fdd1
0001303d3c
000114ad11
00015b00d4
0001020ac8
00010ae850
0001344db6
000159c2ee
00015b8864
000112e5d8
000118941e
0001087518
00017311eb
00012b5813
00017b6e02
0001677b18
0001671de3
000160fcce
000177e562
000126b4f7
000107bf07
000174fea9
000151c1df
0001460984
0001586ee9
000173f467
0001528eea
00015a9264
0001266451
00012bde0d
00015ad54e
000167cee1
00015b89d7
000178b5de
0001463afd
000124f0f9
000103c022
00017719f7
00017710aa
00012841f1
0001689ccb
00014bb241
0001488db6
000139f68b
000142f4a4
0001756dda
00014908b7
00014081f1
0001218874
00013b9e0c
0001093b19
0001268b04
000148819e
00014a3498
000173bc5b
0001159426
000109ce82
000113683b
0001427e07
000171beb6
000133de70
0001611634
00017bd4ff
000144c258
0001764a25
000140cae9
000149ad9c
00013a3c44
00016690c0
00017a65e2
000133cb18
00011979d9
00011a64fe
00015518a2
000157db05
0001187eba
00011a0427
0001081295
0001515852
000124f254
000177e55d
000120ac28
000102fc99
00016409e5
000168f98a
000154d4c8
00015062ad
00010782e7
00016821fb
0001170a39
0001019483
00011a80fe
00017ac2e8
00013a4899
0001423613
000112a4a1
0001531df3
000119f46b
0001292c5d
0001598701
000109a5e0
000127cc42
00013a189c
00017ad2d3
000177a137
00016a39d4
0001072a03
000169848a
0001440e64
0001181e47
0001235a04
00014b76d5
0001207b11
000129a8f0
00013bc6f8
00011766ae
000102e9a0
000169214f
000149e86e
000120daf3
000151c4d6
0001163a64
000170b6a1
000120995f
00012948fd
00014b29fd
0001140de1
000136e9ad
0001362c22
000119cebc
000175bda1
0001348949
000148d005
00015bb83c
00015b2c6b
00013bfae4
0001271e99
000151ecde
000147e033
000179c028
0001573577
00015bb023
000168098a
000113480a
000103ea36
0001381d9f
0001705b13
000160cf1e
0001011612
00014092e8
0001409c3f
000128f2cf
000144e452
0001303c1f
000151d90f
000108ca09
00011c1ae0
0001078516
00010bd5a1
000113017e
000140f28d
0001606841
000122d20b
00010a8538
000143c50b
000143465c
000103dc20
00016820f7
000153a97b
000143860d
0001160cb3
00014c1c6b
000173206f
000139e8a4
00016c6ed7
0001652a7f
000166e24e
0001298535
00016724b5
000130583f
000133e466
00015c1896
000147c9de
000149e9db
0001356608
0001737c2a
0001427d3b
000114ec74
000163818f
000124dde2
000135dce7
00014c7dbd
000142867e
000179f0d8
00016b7d7d
000109f9ca
000124993a
0001682288
0001139e33
000160bde2
000147de6d
0001132640
0001409e3e
0001400ae8
0001318ea9
0001284227
0001085e15
0001613eab
000161388f
00010946e0
00013c6d7f
00016649c8
000130f5b1
00012a5a38
0001578ef5
000117bd70
0001750b10
00011b9dfc
000151dd3a
00011609a8
0001589301
000126a095
000148d9b0
00016120bb
0001726e23
000166a06d
00014518f4
00016a442b
00010292fd
0001176685
00013bee9e
0001100092
000174adf3
0001096487
000144b29f
00017a0711
0001146909
00017328e6
00017599a1
000102114b
00011be0ad
000174319a
000143adfe
0001140104
000140f21c
00017332b0
00017006b9
000109b181
000147bd6d
000107a5e6
0001538a7c
000121995a
0001643823
0001314caa
00016c5254
0001214cfb
000125d30b
0001797ec7
0001247a83
000113b5aa
0001425254
00013b444f
000175e9e6
0001561605
0001656048
0001276e8f
000101b631
0001460e16
00017a8c39
000117d118
00011b150e
00017b0e41
00013b60ae
000124cb0f
00017c06e4
000173153c
0001060e31
000152797b
00017a6c2c
000156a47c
00014ae2b3
0001266af4
0001485883
0001696003
00013c74c4
000119b891
00010742df
000170328c
00010524b5
000147a25b
00017a38ed
00016895df
000171d1f3
00011752aa
00015495de
000151d813
00017032fa
00013b64e8
000168d93f
000104ff14
000167f2a1
000122b4bc
000108feb6
000178487e
000118f6b2
000103f306
000101d4ea
000143f9eb
00011c70cb
0001438ab0
0001404081
0001207689
000145c30b
0001069256
000154e816
00015c3c5d
000130ea49
00017991da
000139dc8c
0001085a09
0001763184
0001447def
000151d995
000149c851
00016320fd
0001704ae5
0001612065
00011565fb
0001752086
00016bc252
0001136d18
0001649177
000139b4a6
00010a5814
00012b883c
000117c71b
00017b4b00
000143d54d
0001052146
000107b97b
000139a0c6
00012a6269
000135e270
00017c4a69
00013c0ad8
0001573567
000135d924
000155ace7
000102eadc
000111cdab
0001680a26
00012446b1
000131aaf9
0001130f08
0001050a07
0001789234
000155de70
0001096101
00015b3d86
000132cc0b
000169a6de
0001192474
000164209f
000172c6db
000127962e
0001460613
00010084e6
000128da8c
0001009de4
0001211923
0001519127
000152b908
0001437947
000154eb0b
000100665b
0001386e20
00015924e5
000174d6d2
0001237ef3
0001366aef
000109d051
000175c5e6
0001724289
00013510f6
0001404476
00015695da
00016c0d05
0001581c20
00015750bc
0001747c5b
000161091c
00014bf0cc
00016a2457
0001527972
000158bf00
000165a4ea
0001515aa8
000139e6fb
0001714cfe
00014bc64d
00010726dc
000178d8dc
00015288fe
0001013456
00010b9e7e
000116fadb
0001493dc2
000106682b
000107b976
000120dce7
000167ccf3
0001403a4b
0001439c9b
000104a99e
000101451d
0001281d80
0001431715
000159a104
000148ae8c
0001673681
00016c01c9
00013c00a1
000174c5f7
0001311930
0001005137
0001516e9a
0001007a4f
000173c6bb
00015a34c8
00011185c4
00011ab9b9
0001455e5d
00017c5da9
000135aedf
000115fd12
000173f6d1
00014bec86
000173edfd
000164bb0d
0001796f13
00010b55f2
000100ee86
00017190f9
000128dd45
000138322d
0001066247
00015bd47f
0001430168
00017936ec
000151822b
0001376819
0001070a78
000147ae8f
0001401dad
000101287e
000109bc47
00014a4546
00017aed87
00012974f8
000123c1b7
0001095138
000109260c
000115f512
000155b31b
000141de09
00016bda24
0001233052
00013afb0b
00016aee65
0001127c29
000107a602
0001107028
000115f207
00017830ae
0001168e99
0001051e0b
0001283135
00010ac5b6
0001239aaf
0001609989
0001696c2f
00012400d2
00016c59d4
0001054ce1
00011ac0be
000111f64b
000179420f
00013a2e3d
00015086dc
0001184d78
000109b16f
00013c1121
00010c4f08
0001641819
000163dd08
00014a15bb
000148d1fd
00012379a4
000115b5a8
000102d426
00014949d4
0001234c77
00012c648a
0001257584
00011c34e2
0001533547
0001421e94
000117be65
0001214d1c
000122cd69
000125c616
00015566b0
0001684062
0001366afc
00013a2310
0001471139
0001063e57
000144b01f
00011959b4
0001245719
00010ac451
00012bfaa7
000105c631
0001140848
000175d58c
0001231127
000132c952
00017b8070
00010bdeb8
0001072eaa
0001614007
00014668d4
0001257582
000149a5b3
000163ca2e
000135c605
0001148192
0001254959
000112e094
000156f8c1
0001078028
000164488e
00014ad1f7
00015b3d78
0001784659
0001354c9c
00016a72ce
00011be660
000122f111
00013c3031
00013c35a2
00014912d2
000171de3d
00011395ba
00017aed7f
00012055c4
00014242f3
00015749cb
000138e59d
0001054d98
000111fea8
00013976d5
000156c42b
0001100afa
00012b89ee
0001495626
000174649a
000150f71b
000144c1ad
000110f598
000173903c
000129c230
0001062ca8
00014c3710
00010c4156
0001452a0a
00016ba640
000140de92
000147660d
00015360c5
00014024f3
000126a0dd
0001309981
000109a311
0001387d19
00017081f9
0001271946
000152a235
00011ad656
00012368eb
00013a313b
00013a68d5
000172e88f
000126c8aa
000118d6d2
00013ba626
0001000c17
0001032a93
0001366ecc
0001714d53
0001272592
00010ade3d
000120006c
0001090c6b
000138f962
00010c44a1
0001380967
000143adca
0001438635
0001680625
00015c0f01
000100f282
000128c219
00017bd8e5
0001750475
0001559822
000118a271
0001153a7d
000174483d
000113a1c9
0001311ac1
000102a188
000112d690
0001078af0
0001548cb5
0001010684
00017b06db
000175d584
00012b1d57
00011af627
000169be4e
00011541a6
0001017949
00010866cc
000138a61c
000109121a
00017848ea
00016aade4
000157726f
00014bec25
000131b229
00010c3643
0001712e57
00011bf55e
00012bb015
0001431e90
0001540ccf
000119ac3f
00013481c0
0001159664
0001595eef
00012b41ca
000141e947
000133816b
00017a3d37
00014be5a4
00010420fa
00011698ac
00013bb684
000147aef5
0001095d83
000106d11b
0001112944
0001596eae
000138220c
000122ecd1
0001352668
000167f2e8
0001402133
000132cc2e
00011c7860
00016770e4
000103288c
000138eee6
000150e6a9
000149711d
000119aab4
00010446c1
000168a869
00012c6edd
00014bb4ae
000151f61d
000121a53c
00011199ec
000139a446
000130e82e
00017b0065
000120b66c
0001448185
00015300a3
0001476a22
0001583e5e
000127258a
000148e0f7
000147c2ce
0001789560
00014298ab
000176561b
000165b1c8
00012241e1
00017b4504
0001539c4d
0001418929
0001115919
0001327622
0001351a1c
000156ea3b
0001231ef8
00011b6e71
0001594a1b
00015966c3
00016b35f7
000134888e
00010201f4
000151fabd
000122c08a
00017840aa
000151d4e8
0001329d3b
0001056150
0001569405
00016c771e
0001550e0d
00011b8ebd
0001172996
000116e032
000158f112
000168fc80
00012b26f6
000165d476
0001786d92
0001181d1c
0001456069
000119edc2
00014655ca
00015b38f0
00015050be
000148b5eb
000118e921
000173750c
000100d03c
00010464ad
000167fca7
000126c2ec
00017200f2
0001489ae6
000120a1d5
000110a857
00014bd4a7
00010bd628
00016af074
000174ca70
000112f6dc
00016442aa
0001024e4d
0001367262
00010ba54f
000141b9e6
0001122a27
000114d267
000102b2f8
000121b147
00012aedd0
00017c14de
00016565ac
000133ca1e
000128dc45
000140f588
000114c5b1
000105fa47
0001766496
00012a7062
000140e5b6
0001792602
0001061d53
000108788e
000154f99c
00016c5448
00011084ec
0001040266
0001480e58
000127b531
00016174a7
000172b1ed
0001766096
000130f1d0
000177aed5
0001045c8d
000157a8f8
000141455d
00011a6301
0001118839
000144a432
00016bf183
00012610d4
000175bd0c
000138fe61
00014bd172
00014b0ac1
0001004ccd
00015468d9
000155e6ef
000105ec2b
0001228939
00010c0846
00013a051f
00016b318a
000130f5fb
000136c662
0001341acb
00014961b9
00015b7a9e
00012672a2
00015b0c14
0001218948
00014866f2
00013a830e
000154f999
0001612af1
000132da73
00016b6e42
0001728cc8
0001466ea2
000119ad60
0001565e62
00012a706e
000141826b
000119aa4e
00016879da
0001634424
000107a1f7
00013739c3
000166ad30
000168e587
00010c6cdb
0001132428
0001095037
0001137d45
0001040481
000167d5a3
000104a97c
0001471d40
0001257e20
000151c09d
00016c1a40
00013a6c1d
00016bdd0f
000121166b
0001641935
00010c4db2
0001699220
000164408d
0001559e07
000109404f
000102e965
00012a54f2
000179e4de
0001096c2e
000162fdd7
0001397e3a
00013a9e45
0001138e26
000153f511
00012025f1
000100925c
000175bd66
000148ba90
000132d71f
000134cb17
000105a2f5
0001149689
00012a49fd
000105322f
00017c4ac5
00014c20f2
000173709a
00016bbc5c
00014c115f
000141e467
00016c3586
000167d4cf
0001218613
0001434087
000178513c
00011a2c37
000164f006
0001381e97
00015a69c2
00013679f5
000103c2e0
00015024ed
00012a6580
0001075efe
000109a6c6
0001228012
000107f02f
000108d14b
000116e8d9
0001238044
00011be58f
0001613282
0001237982
0001099c97
00016282c4
0001530160
000137b53a
000105d256
00012a8e39
000160f0e4
0001371efb
000162e252
0001345c46
0001273662
00016b92f4
000137697a
00016bcb1e
0001500d5b
00011b3e0c
0001365005
000102c675
000103485e
000145418d
00011262d0
000122b18f
000124e28f
0001136497
0001183a20
000150e9f9
00010b8425
000126ddcd
0001424ec1
00013322f5
000166a2a9
00017a544a
000151f2cf
00013b988b
000126cc60
000153cde9
000164dc9f
0001438e99
00013b4f1e
00015c0c3f
0001437589
00010a9954
000165b86d
00015be9cb
0001545daa
000122f8c5
00015aa5a7
0001496514
00015ab6ee
0001382822
000146096d
00013a614d
000145b495
000156d114
0001313acb
0001575844
0001582036
00011a74f4
00015294d2
0001543200
000135c87c
0001730ad6
00017a4df7
00017c5d7d
000149b461
00012871f4
00012c7a8d
00010b38d6
000105509f
0001502a58
0001678955
000108fa57
00016269d7
0001545da8
000132f704
00011be4e3
00012afc9e
00013016a6
0001037c33
0001142637
000145c0ed
000147f622
0001494d23
000113483c
0001128679
0001528c16
0001667530
00013389ae
000141cd77
0001507309
000153fc46
000150fdb9
0001211ec7
0001034521
000160dc48
000143a87d
0001189ea0
0001588e24
000134e538
00010c2939
000142bef3
0001236514
0001356598
0001779437
0001128afc
00017455b5
0001504870
0001510def
0001101d7f
000166e966
000169da04
000116b832
00014574f7
0001619679
000114c188
000111aaee
00017b1f02
000170b423
000177447b
000112c43e
0001713896
000108e0b3
00011930ad
000166f807
000120c9ad
0001110e9b
00016389ab
000113dcd1
000113501e
000163c2b8
0001154e96
000118454c
00015c6281
000148a89c
0001699921
00014455d3
0001594265
0001725113
00017c444b
0001524e3e
00016ad051
00015409da
000104fa82
000171252a
00012a353f
00013bd13e
000149a4a2
000164cd11
0001752895
0001793e39
0001465aec
000143bc15
0001687d3d
0001438a0e
00017bcd55
000118d96d
000152c143
000127553e
0001798e57
000130ad88
00016535b9
0001722cae
000122c671
000100a5f6
00010a3cf5
000169899b
0001652cb5
000161a5b7
000144c598
00011a2ef2
000124cc4f
00011a46d8
0001247a06
0001551917
000160f56c
00010bfe41
00017ac092
000150126e
0001335a1c
000120a682
000157f46a
000101f1ca
00010c4d9f
00011a1270
000165462b
0001310a09
0001477eba
00013c70dd
000142a989
0001776c5e
0001448a58
0001000a2c
0001494a7a
0001444941
0001469c60
0001214094
00016b90e5
0001261269
0001517ec3
00013b5e63
000164e94c
00012568cc
0001648c57
00016a39d6
0001290443
00013451a8
0001099f09
0001063d1b
00014bc542
0001460e56
000167f0e5
0001690c22
0001587e36
000102fa5d
000153d13f
00017455ac
0001216a18
000141d9fb
00010ad90b
00012930a7
000142a214
000101ae6f
0001644d5c
0001429211
0001146709
00011c0051
00012bd4e3
000105493d
000110e598
0001188d5e
0001639a40
00010ac580
00012a861c
00016b9edb
00010c788e
0001329c16
00011745f6
0001406cf5
00010374ae
000136c469
000115fcf0
0001013c9c
00014735a6
000138d5ba
0001313c90
00016a5102
000163f920
000120c995
00010a7929
00011c24bb
000137d643
0001594a7f
00010bb098
000165a64e
0001349513
000119bc21
000136c54d
0001374e93
0001299ca5
000120913a
0001315dd1
000142163e
000119619b
000150fdab
000145f6ae
000107aaf8
000139a0c6
0001396a89
000114f42f
000133fcc8
0001461ce5
000153905d
000166b566
00012365a4
0001746150
0001364e3b
0001612e2f
000162e0ef
000150f1f4
000130dd0c
00015ae0e9
00010326b9
0001149951
0001532dbd
000114fce1
000168d5b7
0001743cb8
00017a361b
0001260a85
00017c2cbf
000107fc61
00014a4274
0001697a1d
0001623a7b
000141bd0d
0001251213
000130726d
00016b1a88
000151f0cb
000125569b
00016b2ca9
0001209a03
00010c5e4c
000156f87a
0001146eee
000137d137
0001202c9d
000131b05d
00015b1410
000139f421
00014155c0
0001234b11
00015aaa5c
0001794670
0001426aa0
00016884c9
00017189d7
000119a5bf
000113bcc4
00011c7d6b
0001080ef0
0001270428
000117acda
00016c3946
000166e8cb
000161d8e1
0001486ea6
00015c1295
0001727ed9
000166b807
0001009c4e
0001201200
0001474efc
000174c655
000131e9bc
00013614c1
0001339317
00013770a2
000150b0a5
00011314c0
00012b6d7b
0001024125
00013424fb
0001140145
0001425292
0001542c05
000149a5bd
00013a92be
0001219a2e
0001379cb0
00016aae98
000137ee5c
0001635de9
00016b9e6a
000131c899
00012b6257
00013924fe
000137ac14
0001027cf9
00014a540b
0001223c27
00013b6833
0001193a3f
000164818e
000119a9f0
00012b1d52
000124ccdb
0001332a2e
00011155bc
0001480aa1
00011795eb
00010a205f
0001305913
000141208e
000119be14
00015b1499
000132a023
000140a1bd
00013c0d2d
000157942c
00017504b4
000105fe78
0001349e56
000128eae5
0001465a7b
000141ba12
0001668e9a
0001320550
000169792d
0001605045
0001149634
000154be9c
00013a8ea7
000114ba73
0001310299
00010b1659
0001193d7b
0001158a39
000167399d
0001187903
0001377271
0001215c95
000110b45e
0001110c4a
000159cb19
000157962d
0001055550
00016862f0
000141857d
0001503a2c
000172a95e
0001205587
0001272ae9
0001260d39
00017a40f8
000138106a
00016840b4
000157f084
000147c83f
000123fde5
0001033706
000103300f
00014c2d51
00015719f3
00013241da
0001352efb
0001404a69
000134c659
00017579f7
000101421e
000142b0ba
0001462546
0001053a23
0001652522
000128f487
000137cdc5
0001477c1d
00015696fb
00016575e3
00015a6d4e
000149ac82
000115019e
00016bc280
000113f409
0001459a99
00016a6508
000159f6d3
00015ac913
000177acf8
000157f250
00011402ea
000128fe76
000135b192
000169d292
000134ff1c
00016ae41f
00013aaa04
000143a18b
0001462992
00011b0f02
000105eedc
0001429a18
000112a8b8
00013c017c
000152d569
00012806e7
0001403e86
00013ac28c
0001155aff
0001059203
0001165596
000101f1b2
0001717935
0001430045
000132c8a4
00014712e9
000113ad8a
000109f96b
00011c7a46
00012b418e
00013b8437
0001546a78
00014b5a01
00012c253a
000172d6d9
00015be9a8
00012a1dd3
000172e6b2
000150843b
000157d4e8
00016072e8
00010612aa
0001138270
000108590b
0001574987
000147aab8
0001016205
0001218a87
00011b7030
0001123438
0001721125
00011b7926
0001429559
00012b88aa
00011010fb
000128b318
00013c1537
00016a0a5e
000114a8dd
0001359d77
00016892e3
0001383e0b
000158d68f
0001469662
0001703abf
000124bedb
00010c4a22
000165f281
0001076086
000169fafb
000126dda6
00013b4c55
000144e891
000137bb17
000151d2ce
000122467e
0001450559
00015675c3
00016bac57
0001121af4
000169bc5d
000157ee96
000119944f
0001621c0e
00014a2eea
00014c5d32
000160451a
000138bcef
00011bd1fd
000159c9db
00016c4530
000139a68b
000123e142
000123ce13
00012aec18
000129aa88
0001075d13
000128944c
0001206404
000154dc4e
00011662bb
000175325c
00017514b8
00012bb701
00011c566f
0001641e91
00012bdc24
000156643c
000113903b
0001585ca2
0001256e4b
0001627abb
000124fc52
00012c609f
000105cadf
0001650456
0001124858
00011410a0
000127d9b7
000138092a
0001793ea3
0001701e64
0001615db9
000102aeaf
000176b47b
000141da2e
0001397494
000103fd5b
0001398316
000143c055
0001245c82
0001026109
0001454a95
0001361dcb
000127fa0e
00016b4209
0001040228
000163f86d
000126bd15
0001120e8a
0001232609
0001480649
00015944c8
00012a1dcb
000156e693
0001406e93
000126fafc
00016bdb1c
000152f04e
0001753a56
0001606400
000142ca52
00013a3964
000113ca60
0001305cd3
000113b0b6
00012b5e9a
000172583b
00017c55e2
000115ceaa
00013c5981
0001632860
0001706a22
0001194982
000107ee8d
000135e8bc
000162bed2
0001537aa0
000146c53e
0001333206
0001317a0d
00017956a9
000150587c
000110825d
00016a3ea5
00015b783a
00017894fd
000110f6dd
000120a196
00015bed03
0001302651
0001479052
00017a29e9
00014a8037
000136d28e
00017b9de5
0001509300
00014c76bb
000177866b
000136a044
000168e11c
000102fc42
0001074113
00013269aa
000118baf8
00015b895e
000176f462
000157c71f
00013c4ece
000107d257
000168c065
000132fda0
0001068efe
00012b768f
000161a48d
00011c28ae
00016a30f7
00014570b9
00013988ff
0001515a41
0001196618
0001073486
00012ab965
00011c69ef
00013445ec
00010814c2
000145865e
00011191f8
000115ba85
0001756de5
000102d047
000126220d
000100f02d
0001344e45
000124b449
000168b22f
000127debd
000128004d
000136761e
000175d664
0001571890
0001548876
0001756d5f
000156957a
000122a815
0001188992
00015152de
000158487b
000151047f
00015409af
000100084c
000155f819
000145c68f
00011b10a2
000127d052
0001491009
000159c9cf
00015aea3b
000125aa7a
00013200fa
0001423e67
0001710e6e
00012bc619
000115484e
00017179b2
000151f081
000109965a
00017259f1
0001570e71
0001278dfd
0001622c0e
0001539190
000158fd39
000156f8a2
00017ac8ea
000170c681
000136366f
00015c36d3
000134a896
0001719a38
000158c627
00013b12d9
00010994f6
000162d8fd
0001420658
00017c4c0b
0001657718
0001757a2d
00017250c4
000103e533
00015a56a9
000113e2df
000117c96a
00015c386f
000109cc52
000135094d
0001549573
00017b1301
000124d316
00011075c7
000139d70c
0001537a36
00014485ec
0001389573
000123d07b
000151c15d
000104905e
000126caba
00011129fe
0001426a7b
0001399869
0001061428
000109a563
00017c1cbb
00012ad05a
00010b9d62
000169a2d2
0001399cb1
0001311f1d
0001459903
0001555004
0001448829
0001399881
00013b42a2
000169722e
0001775a6b
0001045968
0001332ae9
00012c0546
000149cc6a
0001164890
0001179236
00011424e1
000130bd6c
000115ad37
00017c55d4
0001521625
00016b4e06
0001062ef0
000129255a
00017a6560
00014a2859
000166a555
0001552552
000135b6f5
000169e541
0001044e95
00013575c7
0001236275
00010a76ec
00014771fd
000165431a
00010afca6
0001275852
000134e6e7
000151247e
00015326b1
00012a38df
0001687085
000109e4e7
000151d507
00014bd050
000140f8ad
0001688276
000178e872
000179ae13
00013aad8d
0001009d78
0001178636
000133d63a
000134694c
00012c2267
000137122d
00011714ff
0001697dfb
00017b9dd6
000176b037
000177655b
0001340962
00011c6950
000137f0cd
000130b1c1
000148b978
000112190a
00011701eb
0001727c06
00015a2625
000175e971
000107a570
0001588eb1
000137e023
00013ad8e1
00015002f6
000171ac05
000111b997
000118c03d
0001331ed6
000142380f
0001123af8
000156fcb0
000103026b
0001139a42
000134a2d1
00012a5612
00010354ba
0001632cb1
000168f2ff
000125ce5b
00010675f7
000148ef17
00011b22f5
0001341025
0001447abf
0001413925
00014b2c63
0001247add
000124e700
000133d6ca
0001544eb1
000169cdef
00013aeadf
0001758d37
00010234ee
00017a29d6
000105c1e6
00012328c8
00012c1a4e
0001335dbf
0001080980
000128d638
00010b8511
00014a9257
0001669cf3
000167e017
0001210af8
00016b6460
000169d6b0
00014b3146
000152b155
000158ca1d
00010be1b9
00011ae1cb
000133e199
000113fc70
000125fe8f
000118b596
000142ad33
00011c1e38
000129decf
000161c65b
000174b617
000109fc9c
000131e109
00011c6116
00011bd58f
000173e1c8
00013b62fa
000120bee0
00013bd690
00017666d5
000116f4da
000113f974
000156fc14
000152e418
00012a16de
00016c74f1
000171f30f
00017570c4
0001697d56
00014795c0
0001277d21
00016445d9
000128210b
0001792944
000154e8ca
0001431c81
0001255c76
0001464466
00015a6c48
00017b5a87
000161181b
000109401b
00014212ba
000152f6b9
0001466531
000104fa51
000172b199
0001353458
0001199aeb
000122dcec
0001150c05
000156913a
00012440d8
0001573b17
000101e2f9
00012b8988
000130b081
000160be6a
0001010e56
000138dcef
000133222b
0001611883
00017c460e
00012a2a15
000105d97b
000115b570
00014c69d9
0001057707
0001049d44
0001147d75
000173b40e
000139a46d
00012ad693
0001510dac
000121a610
000139cde8
0001299582
00013466bd
00010236ac
0001535515
0001598072
00017802e0
000111ad04
0001264ace
00014214fd
000149a9c0
000103a095
000162669c
000150b8d7
0001088864
000130b894
00012025a1
00010b56ae
00017259dc
00012c6d76
0001257c20
0001728719
00013c7dd7
000128415e
00013028f3
000162a48e
000114f890
000113054c
000168a06d
000147f4c7
00013b9eaa
00014090b4
000131a713
0001689e73
000168d13d
00010b557e
000127143f
000117796a
00010978b4
00016b7e87
0001128d20
00010aeafc
00015b10b3
000165f0f3
0001657ae1
0001410e11
000171d173
000162ca24
0001531d63
00014b2ea9
000169c51c
000149e828
000174ad6e
000153768b
000153eebd
000128646d
0001458c42
000178b6fa
00015719c5
0001506214
000144ed44
000138de51
000151e285
00014a0d37
0001476c52
0001246171
000150f1ba
000156f137
0001095dd7
00012871a9
000172e9fe
0001064c80
000118c919
00017411f9
0001127200
0001216696
0001527abc
00016679a3
0001338814
00013a2293
000133a1cb
00014116bf
000167e25c
000156e243
00013902a2
0001051466
00016688cf
000122f668
0001006e23
00010c0302
000142665c
000112c65b
00014745b7
000173ce9b
000106c429
0001513c8e
00017afc43
00017c66b1
00013c1561
00013b6ef6
00016c5ce5
000118691e
0001086260
00011c34fb
000150f31b
00014af5da
000125b26d
00016b88f1
00010675e8
000134244f
0001252e02
00017579c6
0001206482
0001725ec0
00017a4da9
000122c477
0001364ecd
00015c58c5
0001341612
000132eab6
000174c57c
00011ad185
000169ea95
000120cef0
000128b0a1
00012c1ede
000114a0a5
0001422873
0001579823
00014c0e62
0001476464
0001194d10
000159d6f7
00015971f5
00012554ac
000149093e
000167a417
0001259833
000118d080
0001412295
000139008e
000159d717
000175895d
00011536f2
00015c6ca2
0001708189
00016168ed
0001436a10
0001488a65
000169000a
000134cea9
000150e9a6
00017aaae3
000177d104
0001701a5b
000121084d
0001012617
0001037d0b
00014b8b07
00010b483a
000104d90c
000110c296
00014814a5
000160f59b
000156fe5c
000137965f
00011a4a7d
00013c1299
0001373a96
000169ed2c
0001612064
000107528d
0001254e5d
0001456575
00014414b7
00017b5f1c
0001358a08
0001531e3a
000111d9b5
000119d10a
00015ba190
000165d2a1
000106902f
00013211c5
00014b9d6d
0001010d09
00015794cd
0001208a84
0001372250
000166d0e5
00012a49a2
0001299302
00011889ab
000131287a
000118d182
00014bd1cf
000122766f
000136c86a
00011771e3
0001334515
000121583e
0001492221
000142a88c
000127c4c7
0001492855
00013964fe
0001525e1d
000173ed7d
00012596ca
0001551a6f
00011b2d07
00012c4080
00016be309
0001527d0d
00016c3e89
00014839d2
000125bceb
000172e9f4
0001451474
00014129df
0001417ac9
00010185bb
00012136e2
000171be1d
00016658a7
0001234d38
000164614d
0001655895
000147684d
00014c6269
00015431a9
000177c2e0
000116f804
0001719a24
00014271f4
000141fe28
000131822f
0001274e49
00011aaa40
0001525e9c
000128953f
000139e814
00016a78bf
0001613270
0001662a25
00014996ec
00011b59ca
00014726e7
000101122a
00015a2abc
0001005b03
000134a8d9
000172ccae
000164a9d1
0001251704
00011a2cf0
000107a580
00011a7913
0001402630
0001252df7
0001614462
0001589977
0001704d58
0001659d8a
000171ea24
0001533a93
00012702a1
0001748c8e
0001766249
00017b6d5c
0001639d20
0001713956
00010591ca
000121dc94
000116f026
0001266658
00010bc1bd
0001723236
000122eadd
000140b861
00014426c4
0001044cba
000140d4ea
000169c50b
0001612d02
00015a8b17
000160b104
000140e6f9
000139d9ad
00016aa9c9
0001434ce1
000152e67d
000103e276
0001235964
000157106a
0001751ca5
0001058695
000165c585
00012be6f6
000127eca5
0001414a82
00010309d9
000131a485
0001455c4f
00017a3905
000108ac50
000164a0c1
000123e6af
0001717cb2
00010161cb
00015b3036
0001151c2b
000128ad3f
0001241847
00016331d5
00016aac93
000172ec3f
00012479b1
0001707504
00010b38ae
00013b4de2
0001595eea
00015568c5
000144a21f
000125809f
00016a5da3
000164d25c
00017c611f
000145f180
00012146b1
0001159247
000143a80c
000130817a
000116551c
000134fe5d
000132c819
0001559d9f
00014218a6
00013a9ea8
0001050977
0001399c7f
000151408c
000153dd69
00014a454c
00015a9a5c
00015aaee7
00012bc70c
0001442dec
000170aaf6
000165656a
0001563e0c
0001531621
00016589fb
000129b23a
00015a216b
000136a036
000111dd80
00012314e4
00012325d3
0001546cdd
0001328713
0001085975
000104d8a2
00014000ea
0001207a3c
000105a232
000168892e
000114c475
00016914a6
00013b41d2
00016109b2
0001425426
00017c26de
00017af51c
0001218a72
00011150f3
00017990ee
00015520cd
000156a022
00015a7820
0001427074
0001152988
00016036f0
00011aaec9
0001683dcd
00013448c2
000149ae11
000100a24c
00015c72cd
0001310501
00011c7520
0001240a5b
00013a3678
00012032e1
000151c6f0
0001051d80
000115a0b4
000120f0e8
000108925c
00010b8067
000119da62
00010bba82
000155fa2d
00012b9a4a
00016b9d5f
000124d29b
000109257f
0001590068
0001534c54
00017600ae
000142a88e
00014b3da5
000168218f
0001460135
0001732aeb
000129d41c
0001550d95
0001138569
000161027b
000157545e
000139a915
0001542c52
0001756a6a
0001176588
00012bdd5d
0001090834
00012aa2f7
0001138885
000127f9d2
0001713c78
0001169a20
000177bb11
00011389b0
0001324c0b
000168c80a
00012182ca
000157360b
00016c4e2a
0001397992
00017944e4
0001794181
00016220bd
0001722eed
000103d051
000132314c
0001088861
000158e710
0001630658
0001345880
0001518983
00014579f1
000127e4da
0001489d6c
000117bc69
000172a993
000152d1c4
0001153512
00016230ce
0001761a59
0001110df3
0001084e96
000119ae0b
00011291b6
0001522b1d
000116b94c
00016ac409
000109f29a
000162c673
0001718421
00015a7d0b
0001052154
00014a9ea6
000123849b
0001011568
000127086e
00013336b5
00015a4cdb
00013c38f9
000111c644
000140aa3e
0001179e95
000137687b
000171f974
0001648f1e
000157dd05
000109528f
00017634ea
00016072f3
000118c44a
00017c4887
0001209292
00010a5a11
0001123563
00017baacf
000123cdcf
000116ed44
000110fa53
0001160578
000161c922
000177926b
000149c68f
00012185a2
000100eaea
00013aec52
0001768d3c
0001415e74
000112a1b6
000149bdc1
0001728c82
000165680b
000100d666
000167cc18
0001524307
000100531c
000159383f
000162ec7e
0001085d6c
00015c70c0
0001517478
00012a29ee
00011102ba
000148c4af
000118caae
0001215926
0001082575
000125c583
0001696b0f
00011126a6
0001072d0b
00016b40c8
0001120d72
000129fcd9
000169d6a8
00016bb6b7
00013b424a
000174b5eb
00012a1e7c
000102c871
00010125fa
000109362c
0001026abd
00013740a2
000108556c
000163be8a
00011110b8
00017a0901
00016712f0
0001249f06
00011890b5
000134962b
00014924a7
00012724a6
0001595a21
000107da60
00014965d8
0001651257
00012169b5
0001162e30
00012672f2
000152ca7a
00010636cc
000104201d
000151cab4
0001223cdd
000110d491
00011a5c80
000147cc6d
00013308ac
000171e2cf
000170242d
000153305f
000168dce7
00012bc5db
000132d641
0001711809
000170faac
000118fcd1
00016b7082
0001325a73
000160cc08
000117d91e
00016184d7
00011aee96
0001063644
00012ac645
000126faa6
00017a35bb
000155e620
00012c7a87
00011108bb
00010888f5
0001594993
0001765592
000172f305
000154ae8d
00013576e9
0001311832
0001696c53
000169a12e
00016359b2
00010168c4
0001719ecc
000122e31f
0001651993
0001679085
0001689133
000146a5f4
000110f16f
000168a58d
00014ac94c
00012a85b6
00017ba486
000172eec5
000158c9ea
00013979bb
000171bdff
000151b8ef
0001135c87
00014022d3
00013bfcaf
000158d10f
0001057118
0001425e94
000166447d
0001525dfd
00015968ba
00014b7849
0001023999
00016675da
000150d896
000163c998
0001240dc3
00010141c6
0001397a39
0001701c2f
0001555e6b
000159fa97
00013470f6
00016224b2
000141b098
000138d9b5
000162665a
0001562519
00012ae961
0001130106
00011504a0
0001218b1c
0001350002
000166c13d
000114a206
000149e924
000109490f
00014c0232
0001542457
0001221541
000139919f
000155e61b
00011c191c
0001257d9e
00013bd407
000145187a
0001469a0e
0001679276
000166f4c9
00013b2a8c
00017c709d
00011921fd
000161d041
0001202acf
0001595a18
00013290b6
0001531608
0001055300
0001316816
000145368b
000117f5ab
0001535c3b
000107c464
0001176992
0001627593
000154ff15
00013c0898
000168252e
000162ba9c
00011995f9
000177501a
000103d61b
00010c49cd
000101860f
0001493437
000111570f
0001006df6
0001744c1d
00010aec9a
0001214417
0001391523
0001379ab1
00013b9c81
000151dab5
00010539c6
000136ae24
00012579b6
00014c2278
0001726d6d
0001251ca1
00010be4cd
00013602f6
00015b8dcd
0001120863
0001154707
000120d496
000148dc5d
00011a1e50
000132c9f3
0001635f1b
00011860b5
000135b701
0001687133
000171ea02
000143e464
0001719a00
0001588dab
0001000801
0001082e5c
00012bc543
000175de34
000151e079
000147404c
00015a25e6
000103fcb5
0001577d73
00015215e2
000148053f
0001313a56
00012028b4
00015ad4ae
000115701e
0001451ee7
0001764960
00016074b3
000138058a
00017ac44d
000103c553
000173f5d5
000111cea3
0001438da1
0001562ae9
000113ca2c
0001199a29
00010c32e4
0001195588
0001617655
0001380977
0001198d42
00010be6df
0001265ae6
00016b9e62
000167ca73
00013c66f7
0001000231
000128f813
00014632bd
000152084c
000128416c
00016578cb
000124b0a8
000158c5dd
0001316407
0001020870
00015a7c44
00012a81ab
000149ae7f
0001292ad0
0001422997
000128047f
000129c58b
00010ae652
000173b0c6
0001065ef5
000163444c
000114f41e
000167c46d
00013450e1
000103f138
0001495a93
000174651f
00010401d2
000161b18e
00017c46a4
0001323232
0001489a66
00013bb0b4
000156361c
000134509f
00016286a5
00014a330b
0001080844
00017a326d
0001383f13
0001393696
00015c314d
00011271ae
0001664469
000139d457
000134b885
00012464ce
000125492a
00010abaef
0001081450
00016321ee
0001625904
0001649618
00013545b2
0001702f18
000125f28c
0001797d4c
000144fe05
000165f860
000144a48b
00014226e4
000147e0a1
00014898f2
000106cc02
00015039c4
0001093617
0001473318
0001011298
0001701a70
00017046a4
0001622466
000160b2b4
000167662f
00015795c4
00016a3122
0001700081
000131c2f3
00017579de
00016a1236
000117ad96
000155fa0c
000121c918
000132b0cb
000171f547
00017be9f3
00014aa8a5
0001175ef8
000118c248
00012199bf
0001354ef2
0001268690
00013971e1
00015a9edd
000140cebd
00014bfd43
00014bf8eb
000111d9d1
0001279578
00016329c0
0001392ebf
00010c471d
00015bee74
00013610f2
000135ef00
0001618201
000144684d
00010531a2
000163bdcf
0001449ea9
0001312dba
0001411c4a
00017216a3
000102ace8
000138b1d9
0001462e19
000118ba48
0001756cb5
0001280809
000129c188
0001420c68
000162388d
000174fa57
0001675c65
000124ecc5
0001399027
00012b5f04
000117983d
0001184c4a
0001089c00
000101b571
00017a1e95
0001337ae3
00011c640f
0001377627
00016568eb
00011bfa52
000122c648
000112be15
000105c583
00016c4879
0001683c0a
000174eecc
000103e2bc
0001288300
0001623229
000132e927
000137aa1d
00012c052e
00012c7ee5
000105a209
00013c601a
00016b96cf
00012b8c6c
0001232ae3
00010090dc
00010baed9
000117d119
000154eef5
000129831f
00016962c1
00012aba15
00016b92f9
0001439d6c
00017116fa
00010984d7
0001514661
00010258b0
0001240af2
00012bd92f
000154f5f2
000112ba47
000117f582
000164b71a
0001052da4
000173c6ac
0001311560
0001101566
0001470925
000138750f
00017acee2
000163031b
00010b4e65
0001789177
000117e080
0001117ac9
000137368f
000147a638
000152a189
000113858a
000166e9b7
00012b4989
0001587db5
0001410281
00015379df
00017c4847
00017278a9
0001507534
000165127a
000138b684
00015bace4
000163e8ed
000142670b
000122df0c
0001723203
000103e967
00014a3178
000173717b
00014bc802
000116c16d
000154fd73
00014785e4
0001056b15
000157d251
000134b6f7
000128905d
00011a26d3
000145f945
0001411598
0001516eab
000157b8ef
000101a07a
000121dc76
00014acd11
00014425aa
00016864e7
00013b34b2
000160ccca
000150b449
0001524f1d
00016c30ae
000117a635
00014c1deb
000162bc88
00012a5706
000153744e
000113dd92
000141004c
00017199dd
00011984e9
0001114edb
00012a596c
000167591c
000106b4b3
00012a8da5
0001238e91
000173e413
000176c24f
0001318122
0001697a1e
000112ccf5
0001746c7e
0001591477
0001561d9d
00014589c2
0001383f10
000154de4d
00014b95c2
000163d5e5
0001520cae
000129de86
0001165921
00014b98a7
0001111a77
00016c44a6
000119bd16
0001779072
00012bcd0b
000156825f
000129b208
000167ecc7
00011338fd
000173f497
00011c5de8
00015ae9db
000153ac09
0001094cc8
000156e993
000151f13d
00011a8828
00016bb0cd
00010b3069
000134826e
00015388e9
0001435c56
00016b9990
000162329d
00014216b0
000159c2d1
0001341ad4
0001790533
000145a2cf
000173eabf
0001207a09
0001365512
00011a0c06
0001152811
0001346c50
0001218d1d
00015bfde7
000161611f
00011c1108
0001062ab7
000115d2b2
000156068b
0001471887
000171dd86
0001126b1e
000106aa57
000125b027
000171b25f
000149104d
0001042677
00013c30a7
000143ac1b
0001489c13
00016c2131
0001337e4c
00014b2250
000112b14f
000171855b
000125213f
000110aa12
0001524daf
00011215b9
0001562962
00013ac01f
00015a769c
000151dab9
000124bedc
000105d2b6
0001448861
000123461a
00011c4edb
0001254e9f
000147024e
0001321d15
0001665480
0001566a61
0001377139
00016af047
00013c2838
00014558fa
0001472276
0001526555
00011922ad
000145b0c9
00014aaa01
00016239f9
0001641e9c
000173400c
000167e40a
0001536064
000157d6a2
000131a20c
00013c199e
00013ba588
000136d8e6
00017a2458
0001553949
000162d61a
000178f133
00017b0d71
000146d043
000159f00f
000110a85a
00015159d8
000121dee2
000172f667
00011bb15e
000153a0e7
000106c6ff
00015b9509
0001028266
00010a3e86
00017c7e78
00014399e7
00010002a4
000112dd5f
00013672db
000114f9f8
00013544b9
000159c019
000153eca2
00013044b3
0001083434
00010c358e
0001492516
000153a88d
000101ad8a
0001496e89
000167d5b8
000122f67b
00016b84ea
00015158be
00017a607a
000166d022
00014474bb
000111363e
0001439847
0001276c09
00013a3100
000141c612
0001091af3
0001261ad2
0001014c96
000106361a
000142e95a
00012ac61b
00015686a7
0001096d15
0001588d23
000174ccbe
000174f272
00016824a6
0001648d27
000131de39
0001136449
0001644dd9
0001749822
00014a56fa
0001417eb9
00012bfce8
00015a8abe
00010912f3
00016bf543
00014c79ca
0001149eaf
000142ba34
000100f4c0
000129a2f7
00013c6eca
000106617e
00017546bf
0001481d64
000123c70c
000173f94a
000148c22e
00011902ad
0001349107
000124a486
00015a9443
0001553d65
00011885fd
000122d099
0001447714
000122c631
000155d43a
0001290d16
00011805d3
000121d178
00016414f4
00017b240e
000135e4e5
0001620ec4
00012860a7
000156fcfe
000105fe0c
000110801c
000147895a
0001766202
00011242da
00011832e6
0001585ed0
00017511ec
0001128495
000127f455
0001154d1d
000143e950
0001489ed0
00010c3a84
000110397c
0001649a83
000110283f
000160428e
000152ac77
000141f581
00017480bf
0001458c5d
000117415b
000158babf
00016b2e79
0001346d2f
0001341eb7
0001623c1c
0001414889
000146d8a7
000116b8ad
00013a7abe
0001082c28
000115543a
0001637e3e
00010c5dbc
0001155ce0
00013a2ee4
00014310bb
000119c6f0
00011544d4
000104d12c
0001085e2c
000125eef1
000158aa96
0001225453
0001151cbd
0001024d97
000179e05b
000175faec
000110de22
000154de39
00010206d0
000139bd8d
00010acec0
00012c19e9
000179e42d
000117023f
000138543f
00010c655f
000149a67e
00015b1aa3
000136e169
00017b70f7
000149a99c
000122f66f
000100797d
00011012dc
00017a20c3
00017a8dd1
000154c6c2
00011abd1d
000176c239
00015bf13f
000117097b
00017c4ce0
000130a0b6
00013995af
0001013da0
0001489287
000128fac8
000107b41b
0001354c05
0001204ece
000176060f
00016721fc
00014160ce
0001412cec
00016025d6
000157d237
000176f670
00011ac133
00015552d0
00016998d8
00013321d3
000173920f
000104f9ed
00013bf0fe
00012a6e55
00010b816c
0001154c41
000140b0d7
000108810f
000132e1a5
0001356cf4
00010ae628
000126ce7a
0001632e93
0001175182
0001364e1b
000124c519
000139fdb8
0001435887
000135381c
000148c6fe
000143f565
000135d6f0
000112c9d3
0001148dab
000134550b
000108ecc8
000117e110
0001484c3e
0001651053
00017a0124
000100dd9e
000115893c
000111a8b4
00013ab801
00017a56bb
00013c5170
00015b18ce
0001432122
000104e17f
000172b013
00010066ad
00010a3e12
0001125170
000133f120
0001449446
0001189988
0001317626
000154e6a7
00017756a9
000174c5be
000114f68a
000123445e
000119469b
0001717871
000143f87d
0001649dc2
0001613a25
0001010dee
000171eeb9
00010b02b6
0001386221
00014626b5
0001160db4
0001639ad1
000105d1a4
0001774d4e
000128a293
000102db10
00012220b9
000108f9aa
0001798db1
00014a045a
0001712d8e
000112eaec
00013c16a4
00012b7469
0001130c43
00011a91e9
0001498cd6
0001243c3d
00012b61bf
0001063d83
00014500cb
000107d1d7
00013bbd8e
000178c13e
0001351218
00013baa06
0001356f02
0001040578
00011205de
0001498478
00011492bb
00011489b3
00013840c1
00013ab4c1
0001266603
000101da6d
000154565b
0001258130
000116e59b
0001030103
000165c803
000166a40a
0001125b12
000168cac1
0001761a11
000150b956
000126a114
0001038523
0001509d55
000164c5c6
000105b887
000119dee7
000100df14
00013b0d93
0001176218
000157f4fe
00010b15c2
00016c106e
00010995dc
000132661f
0001685b0f
00011add16
000152515b
000145213d
00016a25b9
00013874ba
00017ad82e
0001091515
00017019fa
00017c4d7e
000117a173
000142c5f6
00010b6837
000150bd81
000131c5eb
0001006579
00012ae2aa
0001545658
0001240a0b
000100b9a0
00011a2643
0001363eae
000110d52f
0001514e1b
00015aa9bd
00011265f6
000123289a
000134d207
00016822a6
000177414c
0001068424
000156fdfb
00011ab124
000167862e
0001446cf6
00017a9512
000170746b
000137e1f5
0001710c61
0001147590
0001082e24
0001134568
00015622d5
000100f6d4
000102f9b5
000160c919
000144ad58
000145fcf8
00014081d5
0001155d7d
0001254dfb
0001581d3f
0001574494
000102dec3
0001332068
000129e2de
000151c2d0
000139f4d4
00011585d9
00015875bb
0001583d92
00016a3c2b
000163542e
000102d1f2
000168e61e
000167092d
000102be96
00013a09cc
0001323ae2
000171b23e
00016795fb
00014a0113
00013100fe
00010af059
000178ad4c
000153bc6c
000175c2c7
000156823a
000167ad56
00016a1278
000143c9d4
000135292c
000137c072
00014be586
00012c24ab
0001545d19
000179fb03
00011a46e8
000107da18
00015a0817
000148cb1f
00016c59d1
000111e258
000165908a
0001035e33
0001514633
0001220b0e
0001566a3f
0001718aee
0001358f01
000118e0e9
000143ecbb
000145a535
00014a001b
0001614eaf
000170eac7
000149da0c
00011695cd
000127e303
000166c59b
0001041047
000163fdd8
00011a8147
0001354122
00013b9e26
0001565d9c
000109a45a
00017a08fc
0001299d50
00016b5db4
0001795db1
00010be6f8
000162c153
00014a9139
0001541c35
0001135a57
00017994ec
0001189942
00012be4de
0001431865
0001426491
0001744304
00014c09fd
000141b8f2
000175d5da
0001140d64
0001701dd1
00017828ee
00011af2fc
0001667e20
00016c16db
000172e4af
000130a953
000145958e
00015a915d
0001609e30
000109a13f
000107725a
00015941af
00013aed80
0001053442
000140a814
00011889f9
0001798cec
0001456d19
000117384f
00011bb201
000113b6a4
00010b4e34
00010774f6
000147bd82
000102ac5b
00010908a0
00016944d8
0001240af3
0001189a29
0001578481
0001066500
000119ec8c
00012baded
000161a5e0
000100d614
000163b436
0001520c1a
000166b921
0001179708
000146e4a5
0001401528
000130ccfd
000106d309
0001025da4
0001123ddb
00017904bd
00015780b1
000161fe07
0001498950
000144d197
000109953f
0001631977
000109f2dd
0001062711
00014c2045
00014bde47
000154e0f0
0001725852
000143c4e4
000156e4c6
00016104ea
0001103aa7
00015a7836
000134117c
000171a413
000122f5f5
00016782d2
00014b0282
0001686d2e
000165258f
00012a6177
00011c6200
00017c4977
000126fdbd
000126c0a2
000165e2de
00011049c6
000103ba78
0001573e8b
00011b6d1e
000157bc6d
000119fa4e
0001058de0
00016466de
000109885a
00012611b3
00017b7e90
00010b19a3
0001564446
0001254adc
0001019a93
000136fee7
000130bdee
0001583515
0001354415
00012ad191
00011701f0
0001756a0d
000129399c
00014590f0
00014a21cf
00014454f0
000121159f
000123f272
000118460b
00010301e7
0001271c82
0001044449
00017785d6
000116383f
0001555e1e
000125819c
0001779213
0001289e7f
000111819c
000149f93b
000116482d
0001303a93
00013040eb
0001310457
000148ea08
000105bd81
000125b1f7
0001629976
000178aa8c
000101da58
00011185a9
000156ec1c
000166c804
00017ae073
0001338c7c
0001551468
000164823b
00012a48c1
00014b713e
0001776c43
000111e859
000115c891
00015519fe
000159398d
000122f64f
00015c007c
00014a7889
000101adb6
00012851c1
0001011d7f
000140e0ba
000117f49d
00014c55d0
00015175ce
000142eedd
000118e916
000157718d
000116e021
000170a167
000176f651
00013a9c2f
000165e177
000150185a
000163dd60
0001644808
000179d8df
00011326ba
00013bb95c
0001765d32
00014381cb
000146ca84
0001462230
0001313201
000159dd41
0001701a2c
0001390819
000138eed1
000124e941
0001255d1c
00011936f0
000116c4b1
0001319425
000148a18b
00016771c3
00015471f3
0001464edb
00013c531b
00017a9d57
00011a3e13
00012bc70e
0001680d0b
0001537ac2
00010440bb
0001371319
0001218a0a
000119acfc
0001373ddb
00014ac2a7
000141fc21
000165288d
000134bb1f
000174f245
000125d451
0001389df2
00012af166
00015b4862
000172c155
0001077852
0001625a1a
00015670b6
00015a4415
00014382fc
00013844b1
000124d105
00012546c6
0001301882
000147092e
000111a9e1
000167a1ef
0001057e82
000117f10a
0001115e14
00011be13e
000126ee90
0001217c14
00013a3678
0001319d47
0001672292
0001014579
000168bafb
000148341c
0001577f0c
00015ac1ea
00015aa217
000140b84e
0001622874
000137e717
0001178cd8
00013bddf8
00012ba047
00010694b1
000158a857
0001183262
00015811ad
000179c0df
0001114c84
0001631aed
00014ae8f4
0001239d08
00015a1869
0001132146
00010810f8
00013881e4
000117223f
000133b137
00011bd06e
000171eeaf
000155d48c
00014a1a3a
000104263e
00012a9d30
00014b3deb
0001116f1b
00010a343b
000154d05c
00011966e7
00017c3837
0001411a3a
000132486e
000139c141
0001500013
000107097f
00017a9cdd
000155103a
000152c07f
0001790b1f
000103ba69
00016a3674
00016a360b
00010190dc
00017c5d2f
00014976de
000179345b
000167291a
0001288f08
00013a125f
00015505e3
00015a1541
000146aca1
0001435d36
000136b465
000155eefb
000179382d
00017680de
00010790e7
00015c444c
000152b4cf
00013b2e4b
00011450d3
0001444895
0001351236
000111b965
0001629169
000111c147
00016864b2
00011949b3
000125a9db
0001580414
000127cc28
000125055a
000153603d
0001287d24
0001411ce4
000167de95
00012a0156
00011659c2
000131020d
0001345503
00011269e0
00013239bb
000119988c
00014c3cd2
000167ed2c
00015306e1
000122f643
0001509417
000150d471
00015a84e5
000113d6da
0001045ee2
00012a48f7
000173e82b
00010b7668
0001538970
0001008119
0001119504
0001185e87
00010a7303
000141927e
000112d002
000161d8f2
000175acd8
000139040f
000108469a
000165605d
000142dcbd
00013bbae3
000162148f
00015978d4
00013722d3
0001462d4e
000173e874
000152e604
000147ee92
0001158c6b
00016085bc
00013a38ee
00016a2d5e
000114ee6c
00012245ce
000112856b
000129f064
00012b9cad
000119a64e
0001798303
00017b667f
000105adca
000150aab7
00015bedcd
0001387a97
000105eee7
0001628003
0001208316
00014c6d40
000102cc0b
00016288b6
0001352969
00010c36d8
000107ac9c
00015949b8
00017b667e
000119ae27
00014858d9
000163baa2
00017b2c81
0001297d13
00014aa002
00013bc1c7
0001749253
00017a8d2e
000122e0c0
0001106e61
0001455a7a
0001220522
0001110236
0001116a57
0001566d1f
00016160ba
0001342310
000130213e
00015c61ae
000135f1cd
0001777031
000175bb11
0001158427
000102202a
0001114a05
0001786101
00010832ee
00013131a4
000116c829
00011c505c
000106bd3e
00015979cc
0001398017
000100f18a
00011b0268
0001057e73
00017988fc
000127d137
0001349a4b
00014a7cd1
0001201a3c
0001555ae1
00016b1487
000130a4c2
0001247970
00010c3a4b
00012b72ec
00015c60ad
000168b636
00016bb58f
000111d85d
0001455c16
000116ca70
000160da92
0001606949
00013b200b
0001201841
000117f022
00017058d1
000101058b
000159e25f
000167d078
00012609bb
0001350679
000143e68a
000132f888
000102cd48
000145b9d9
00010400cf
000174210f
0001602cc7
0001352a98
000147aede
000160cd01
00011212bc
000105f83b
00015a5e94
000129de3a
00017a330b
00010a3e42
000131a676
0001558c9c
000127240f
0001472dd3
00011c18e1
0001189250
000178c695
0001632d50
0001485e7c
00012c7a1b
00013b7df2
00012189cb
00017b59ec
000107045f
0001538292
00015bf137
0001793cc3
000157d693
00011174d4
00016c4183
00013b19bb
000138216b
000129a9cf
00013895e6
000143483a
000165ec57
000172417a
000123e94a
000118ded3
00012adc77
000137fb0f
0001196e43
00011a8933
000100dae0
000115d01d
00016969b9
00014495a1
0001617108
000143682e
000150e8b6
00011b0a8b
0001790058
0001474c83
000177a5d6
000172eaa4
00013af202
00012a14f9
0001011acf
000174c845
000152cce7
0001321c96
000149553d
000133be17
000147ba15
0001278859
000128894d
0001168c37
0001113c8f
000123c202
000169a5cf
000116c6f2
00013322a2
00015375f3
000156063d
00015932e4
000120ccb6
0001224afa
0001273aea
00014a26c2
000169f55e
0001572ab0
000128ab0b
000168b522
000173b447
000178aa6d
00015886ca
00017a1b0b
00015acd57
0001591100
00016c0a8d
000153ddd8
000118ad7c
000173251f
0001218acd
000164ed89
000128d978
0001327299
00010c68c9
0001703172
000146c13f
0001786dbb
0001454eb0
000133217d
00011120c8
00013c0a8c
000169e274
000109dc3b
000110dcad
000169e20b
0001257c98
00010751fb
000101a009
000116a71e
000154ae1b
000110f168
0001575164
000175cced
000143c54e
000166d1d6
000130424b
00014790df
0001781505
000163ba7d
00014a9447
0001247eb2
000117ad7f
0001763d37
000115c5db
00014a7f06
0001673635
0001090a86
00016002cb
000106c4f5
000150ae5e
000124e1a6
00015a95d5
000141ace1
000105412f
0001611160
0001095212
000119c613
00012b75d7
000126ee74
00012ae2cc
000118b9a1
00011ae299
0001131d8e
0001462cb5
00017710f8
00016bd5eb
00017b7e69
00014aa4de
00011ba03a
000128214c
0001238e39
000165b82b
000125fd46
000150d101
0001341dd0
0001305673
000116c6d8
0001727ae2
000134acc1
00017c369f
00011982e8
00015ae806
0001416b0d
00011251bf
00014689fd
000132e0cb
0001558c99
0001538288
0001184c24
0001651efa
000121969a
0001200546
000117ee7d
000143066e
000130da84
0001262037
000149ecf7
0001372274
000174b804
0001019a6a
000104f04e
000103298a
0001603a6c
0001674db9
00016a21f5
0001274c1b
00014c5475
00013848db
000122f319
0001332e52
0001205ca0
000117beb5
00017396f8
000177dda9
0001533a02
0001749105
0001195a28
00015409b8
00016a1a97
00010426eb
000110ac44
00017150b0
000112d2f2
0001125e1d
0001121d82
00014b00c8
000101d88c
00015c11be
00011121f9
0001044de3
000127000b
00017952bb
0001209a9f
0001377aa9
00014680f2
00017a1e31
00017129a7
0001538eb7
000148e306
0001479e12
00011549d2
00016a5f15
0001210490
0001081161
00012916fa
000137de7a
00012165f5
0001084e11
000105d814
000147ec30
00016262bf
000150eaee
00015500bd
000146b953
00016739fb
000158aa4d
00010978af
00014aee1a
000132729b
00014adb13
000145b238
0001681da3
00013a1a94
000174f71e
0001186480
00015c5695
0001687a7e
00012452e5
0001027919
000149a577
000161211f
000174cad6
000136feab
00016535a8
000108b044
0001652a85
00015bec69
0001790c7a
00017b0141
00012c0599
000154d6ad
00014ae2ae
0001672108
000123f961
000142cca4
0001114c45
00014a42b8
00016c11fb
00012254de
0001138da7
0001570840
0001468d80
000133988e
000162728c
00017581e2
00011599c7
0001516d7d
0001368dc2
00011752d7
000130e487
0001219692
000143510e
0001126303
000109f211
0001537804
0001635589
0001201476
000152f305
000116f155
000173cdf6
000175c82c
00013539c7
0001756c01
0001410dae
0001494655
000124d20c
0001433814
00012a88b3
0001627296
000160759e
000101c6a6
000137b048
000140fd0d
0001239316
00014220e5
0001525e01
0001006457
0001341e40
00015b3986
00010bb4ba
00010c0e7c
00013ac82f
000132ba22
000154bdc2
0001418998
000123e0e4
000111c83a
000146706e
000168fa9d
00013265f0
000116a4f4
0001078eec
0001417af3
000131e516
000132323b
000138fa9c
000171383e
000129bc89
00016afa4c
0001547cff
0001350d39
00014c394c
0001180913
000155bafb
000106e129
000130820a
00016804bf
00014a8419
000139a036
00015b799b
00011c7918
00013b1b0a
00011bf908
00011c1a8f
00012a0cd1
0001209a95
0001254e3f
00014478d0
00017c3691
000125b92c
0001389c44
000138450b
000123f963
00016c399c
000126f49a
0001275837
0001336529
00011bd0b9
0001716543
0001198947
0001489dab
00015379d4
0001453137
000137f174
00012a7819
000133967b
00011809c0
000170b565
000105a138
00015b76b3
00014871b6
00013c5e04
000133ba80
000118ec28
00016b41e1
000163228b
00013afa46
000157d640
00011a2533
00014a6cb3
000126719b
0001110477
00015b4866
0001469639
0001109ad8
00012bb51a
0001793dd1
000175c439
000162e2bd
0001570aa7
00017a012e
0001693ac6
000172162f
000141ce25
000178a711
000172ea8a
00016af9bf
0001595f05
0001090800
0001298d39
0001195de9
000171a0c8
000120453c
00017bd018
00014b4104
0001355d4e
000170462c
0001750c56
000139915d
000143b665
00012af843
00014c34d7
0001310e48
00015c6b1e
00017bb911
0001055b19
0001797112
000160c542
000140d141
00013a3dd5
0001111e8e
0001328629
0001284aa7
0001186dbe
000141384d
000106a154
000113c0b5
000138225c
00016aac85
00011c5adb
000156a805
0001412616
00011b6ed5
000114def2
0001013428
00010a6c71
000123acc5
0001284aa6
0001568645
000102c8ee
000159c02f
0001737678
00011ac272
000149dd30
000171a13c
000154e655
00013b762e
00015bb8da
000149a00e
000179c557
0001570aa3
00016aa207
0001160efe
000146207f
000139d617
000165ec56
00017398d7
0001549ac7
00012a0002
00016b8714
0001614aa9
00016a9e07
000173a4fc
00014bde0d
0001015ce4
0001137a91
000136a1a7
00015a55de
0001149e2f
0001618d6c
0001404cb4
00011c770e
00011b2df3
000174fd5d
00014174d4
0001722cba
0001775655
000157e533
00014beae7
00012454b3
0001314aa8
000150e590
000164b0cd
00017144ba
000100d50d
00013971bd
0001326503
00011414f5
0001180640
00016811c9
0001475173
00015b00c0
00017034db
0001072d84
0001155928
0001196eb8
0001344197
000103f2d8
000177e6e3
000157c6e7
000128b4a5
00015c4837
000162b8d6
0001182ec9
00013822e7
0001524e06
000153343f
000166fe98
00016a9885
0001516e37
0001403cef
0001313d6c
00016635e4
000150b8c0
000143b6d4
000170fa1a
00010235f0
0001243ed5
000173c634
00017b694a
000124925c
00017b20be
000173f84b
00016a6535
0001490248
00012ac4c1
000124a31e
000132807b
00015960c1
00013bb9a8
00011130bc
00017c690c
0001506162
0001522024
0001006654
0001476565
0001600654
00012a66b8
000171d467
00010b55f1
00010450a9
0001510ed2
000108aeef
00014320e9
000110804b
000115f5b9
000151a6f8
00017c1cf1
0001238aff
0001596d8f
000148ca15
00010220c2
0001314e62
000171ee77
00017550bc
0001193d1d
00010744ab
000123e605
000124713b
0001449e46
00011600e6
0001572a8c
0001758ee8
000139d5ea
000124ce51
0001154e8d
00015acc68
00011604be
000129caa7
0001556583
0001153910
0001725cd6
0001138974
000173316f
000158f81f
000112163b
00017249b1
0001486e45
00014306ad
00016790c9
0001588de6
00014bdca2
00017c65f6
0001684409
000115dd11
0001214607
000178944d
000110aad3
0001060c51
00017b6806
000167a113
00010601b6
00013bd117
000172e5cb
000148f574
000160be9c
0001372113
00017770ea
0001254ebc
000128714c
000125071c
00011a391f
00013ac068
0001093ac0
00013a3157
00012220c5
00011ae172
000114c70b
0001144637
000151f497
00017b8a34
00016a86dd
000151ca19
00017bbd19
000149a991
00015145af
000140131c
0001726d1e
00017b4d63
000147805a
000138b02c
000117dd85
0001726439
000171baca
000135794e
0001219d34
0001633612
000151da23
0001202d0c
000132ba25
0001601abe
000147be93
0001162656
000108fd74
000171bd60
00015798e1
000100f303
00010b0256
0001224b1a
00012a5b13
000157dcba
000106d50b
000179682e
00013bb617
0001538e95
00014a2477
0001196916
0001062a3d
0001046459
000150aa7e
0001641e4b
00012a66ae
000171ce6e
00014b3290
000121484f
00010612f7
000133c1ae
00011a4299
0001496eaa
000133a5ba
000125cab3
000117a9cb
0001513c47
0001117e46
000167241f
000108a252
000167b4bd
000171ee56
0001547451
00010325ba
000170056f
000151da3e
000133fae8
00014150c1
0001057050
000153cd11
000112b91d
000138eddb
0001432670
000127b484
000113d276
0001487d61
00016c5034
0001652901
0001111ef5
00010bf1f2
00011488b1
000126c9df
00013a4406
0001485440
000157a2df
0001614a14
0001088c9a
000175f4f1
00017a5654
0001449258
00014661d0
0001660265
0001333b1a
0001761d7f
000110f472
0001275b1d
000132aadf
00013279d0
00012a5a1a
0001473c18
00016be539
000104141b
000103e232
00012c52c8
00015a2a02
00015279f5
000149cd66
0001665c74
00012bf264
000168fc47
0001097c59
0001254eb2
0001421285
00017b6926
000127ddda
000178291c
00016224db
00013c1ec2
00014b8d95
000113e8b5
0001745531
00015b98d8
0001163227
000128b833
0001026a17
000132e2a3
00010b36d5
000153edf3
000151f993
00016465ef
00014a9443
00011b2ec0
00016a7a4c
00016c2d80
00016a91bf
000115649b
0001301ab5
00015a8a46
0001518d48
0001326296
00011479e8
000173ea3c
00017039cd
0001710df6
00011115f5
000146a89e
0001754647
0001692e2e
00010299e3
00016b4ce5
000154080c
00014b2ebe
00013570d4
0001719592
00017b446a
0001093ab3
00013aa8c0
000177dc97
0001629867
0001095ab6
00012352ff
00011a0a68
00012a50c8
00017a6141
00014b9435
00017b6d8c
000111302e
00013492d8
000161198b
0001632534
0001064511
00011b099a
0001396232
00011b2809
0001124da6
0001537a72
000164bcca
00015af707
000101c55b
0001693d31
0001345c23
00016238c1
0001266ac1
00014402e9
0001620ccb
00011a268b
00017356ec
00012324b5
000114dee1
00012c09c9
000175c641
000162e090
0001596593
0001534c64
000102de5d
00011ba405
000130519b
000166cc5f
0001176ca2
00017becf3
0001320e49
00013281a4
0001777b01
0001280d09
00015776d9
000132cdf2
000172ee1d
00017c49a2
00013265c1
0001243971
0001235474
00013041bc
00016a0c87
00010965c2
000164eee3
00015a7f0a
00013950ce
00013bfb0b
0001137afc
0001254673
0001393aa3
0001256089
00015a21bb
00016c1c4c
000109a5a3
0001741ae3
0001134cc9
000179883a
0001241442
0001463157
0001549aa8
00017c09ad
0001470152
000116ac47
0001147007
0001797d70
000120e899
00012c52bc
0001553402
000102095c
000117a2f5
000128fa50
00017ab0be
00015a100b
0001256809
000140e842
0001114c30
00011179ff
0001482eab
000148d45e
0001126307
000179240e
00014bd995
000122641f
00015318a5
0001643506
00014b8cae
000121820f
000158868c
00016c6e47
000163d5e8
00010bf4e3
00011b0409
00012595fd
000171bab4
00011afac0
000117f907
000130028f
000151b4d0
00017a0081
000166f0a9
000127a063
00011aa5f3
00016bc4db
000164199b
00016139a8
00013270ed
000159e64b
000135986b
00011b991c
000174ee32
00011519ea
0001787067
0001666d8a
00012bbc6b
00012ae290
00010c42f4
000108ec69
000108658d
0001650316
00011c185e
000121e070
0001648841
000130da05
00016350d8
0001744925
000162ca38
000153e472
0001235cb8
000141e53b
0001682f1c
00015214f2
0001235930
00017296fe
0001045064
00010af6d5
0001218a8c
0001664df7
00011c1074
000151d1ce
00013658f0
000133c84b
00013a7186
0001204e50
000117c192
0001575f13
000102ba06
000106a4d6
000102b947
000135e186
000128f168
0001011a8a
000129ddeb
0001784eea
000151f1a7
00010070eb
000138cae5
0001554848
000118840a
0001786478
0001218ed7
000116960c
0001093881
0001694554
000132092b
00014261a6
0001585e4a
00015786a2
00016858c8
00012a9104
00015825d2
00014639ca
0001697470
0001189e4a
0001613d71
000112e6e3
000171aac0
000164a1e7
000153b867
000134f059
000175f4fd
0001339a56
000159c23b
0001741192
00013a8c66
000153306d
0001510eae
000139cc62
000132f121
00017c0176
000174d579
000163801c
0001191186
00013750af
0001378268
000100e9fa
000148d589
00015c35dd
000159f5c8
00013294e4
000148de89
000110221d
00014ac42a
00017ad163
00015819e2
0001569f1e
000108d265
00016afce5
0001573455
00012ab0ed
000100f65d
00012c6c89
000111aad7
0001313042
00011ba914
000158ed06
000133c0a6
0001697588
000105f9f2
0001243eac
00010ab9f1
00014a9adb
00010b36bd
000177ad99
000124dc9e
00011b7564
0001579cc7
000174ca98
000176a4c2
0001404d5c
000177b287
00011805ca
000156d263
00014b506a
000147529a
00013c6d69
00011b3c63
0001539f12
000177ef1c
000148c304
0001706ee0
000140ec3c
00014a8c26
00016c0977
00017298b7
00010c1006
00016492c1
000113a85d
00010c367f
000146c691
0001495dbf
000103f2aa
000157aefa
000155c4ae
0001314004
0001772cb5
00015181ea
0001727dbe
0001729c1f
00010108bf
00017bbcdc
0001633d2a
000179fa7f
000163a173
00010bae32
00016b11dd
0001749abd
000142424a
000100de5b
000160cdc0
00017ab14a
000134e458
000130e4b6
00016488aa
0001237479
000143d67b
00017ac406
0001604471
000131d472
00017b058c
00014c4e3f
00014c5aa6
0001164e71
0001667242
00013c1664
000124bdcd
00011a9ad5
000172c578
0001247a69
000157daf6
000163991a
0001414e38
000112e016
000146f97b
00013b9db6
000178095c
00015bdef8
00014004b3
000124be3f
0001254a6a
00014bb284
0001493c04
000105dcba
0001686882
000142f597
000105edc9
00017382df
000114fa6e
0001508581
00014c24bb
00017938f7
0001172c30
0001707c7d
000109f268
0001495c69
00012479e8
00015a9e2e
000112ee6f
000122ea03
000116471b
00011b5564
000140f5d5
00013a86b3
0001475e8f
0001782b09
0001173126
00012c1df8
000135e269
00015151da
00017bcafe
00013a799b
000139a519
000129e25d
000117ae85
000137543a
0001287449
00011c4cb3
00012374d0
00014070c9
000153a4e6
000143e1de
000167ca87
000112114a
000162aabb
00017b70e0
00010be626
000165ad7d
0001074172
00017a4269
000105352e
00016ae9e8
0001083067
000177c200
000171c184
0001068cf0
000145a306
000171682b
0001443d1e
000117ac2f
000100da89
00013beb07
00017c243f
000109456c
0001706ed7
000162604c
000137cd5e
000144dec3
00010445e9
0001555a83
000120320b
000169ecc1
000152dcd0
000153aa43
00016aa314
00010095a6
000160ddca
000167dcf1
0001375d5e
0001633b18
000147b988
000145d83c
000142a9cc
000131915c
000117fc4d
0001442d08
0001727a91
000121de41
000127eb07
000111fb0c
000103100f
0001045e7b
000159788e
00017ace34
000114d10d
00012364f9
00014b44b9
000112baca
00017b1d06
00012af595
00013891cd
00015354f8
000158c4de
000141b232
000118c8ca
000120a914
00010ba44f
00017aa9f9
000164cc82
0001246b04
0001110cfa
000134eec5
00016bba7c
000112262c
00016696f4
0001089b0c
000102d0e9
000166cce5
0001559afe
000159328b
00017c0571
00012c64df
000168caf9
000128e9c2
000174586c
000101dd19
000118cb1f
000168cacf
0001704975
0001245297
00015c18e4
0001390509
000101ed10
00012b0035
0001008483
000148324a
00013af4d8
0001569c8b
00013518de
0001732c31
000110f04b
000128e8a7
0001265a26
000121a4b7
000168ed90
00012472cb
0001627958
0001579139
000133ad51
000163a409
000102309b
0001588c81
00016822ab
000166fe6a
00017759e5
000115b5fc
000168315f
000149f8ad
0001151e25
0001616940
0001496677
00012aa6fa
0001689a62
0001078162
000105ee7e
00015b6db6
000157c6aa
0001172601
000114a952
00011a443a
00017ac163
000137f190
000125a024
00015ae8fe
000125b002
00015bb87a
00013071cb
000150f050
000149d447
0001498291
000113d0ca
00012498a9
0001721a1d
0001562a26
00012729c4
000110c960
0001012822
00016329e1
0001662240
0001586d5d
00010b8c4f
00011402c2
0001065d4f
00011b0c05
0001784ecf
00011b5114
000141d929
0001135d3c
0001528d5d
0001595e06
0001472100
0001273a8b
0001084c3a
00014148a8
0001042694
0001132552
0001339236
000103fd06
0001673857
00014999ed
000143cc45
00010b6632
00017830ca
000154e881
00017356c3
0001126af2
00012b7284
000142ea57
0001463815
0001359c23
00010a75e3
000168eccd
00011659b0
000106e098
000158a4b4
000175fa4d
000119055e
0001199601
000123c939
0001685eb7
00014a8d1a
00010a70ba
0001433c32
00014c05d0
000139d8c6
0001563e84
0001722e0f
000112b991
0001212cb5
00013ba07a
0001083282
00016a583a
000159c15c
00017a9511
000141a9ad
00015ab5a8
0001718a61
0001446dbc
0001336aa7
000135983c
00016b8e7c
00014b306b
00017372d9
00015171a2
00010aba2b
00014c0c63
00017ad119
0001595d8e
000155e59a
000120cdf8
0001493671
000161f48e
0001371218
0001080dbd
00015a01c7
0001682c71
000107898b
000130360a
0001451947
000165d652
000131299c
0001034446
000148230c
00016b2cdb
000125ee4d
0001249afa
000126d142
0001611b13
000174443b
00014865db
000149c70e
0001489143
00015592f8
000118659c
00014bb09a
000147e54d
0001654e2e
000166971e
000146c68b
0001707054
00017b7afe
00014a9937
00014a50b4
0001240a33
000128d802
0001730ce9
0001745934
000112bdac
000158b470
0001240a66
000120d965
0001261c90
0001091a44
0001117a9d
0001237d79
000176c155
0001442e3a
0001307212
000119dc6e
000156c13e
000127f5cf
00013696e4
00014219ce
00010c42cc
00011a80b9
00017a9018
000113a810
0001266972
0001279050
000131448b
00015ac517
0001578d6d
00016321a7
00014b21e8
0001265ca7
0001065e28
00017580ff
000117ad8f
000135f87f
000146d8e3
0001588007
00014c348c
00016a41eb
00016bfb10
0001411eba
000105a1a1
000150d51a
000154ee32
00017184d1
000153485b
000173958b
00012be605
0001660224
000134f30b
0001734d15
000170aa08
0001674f1c
0001679800
00012b2595
00016b6df6
000144be33
00013be2dc
00016c6627
000143c811
00015230cc
000158dd2d
000129a247
00012ac4a2
00010612b8
0001474024
000159d5f8
00016be081
000100a942
000148355d
00012aa20d
0001543d9e
00015bdedc
00010660ac
000148b9d7
00010be663
00014239e7
000167fb09
000119d13e
0001343880
000122b56f
0001164cc7
00017a4ce5
000107a9b9
000150c881
000151a6ae
000173ec8c
00016bdc81
00015592f1
00012109e9
00010890cd
0001281039
000107b878
00014bda05
0001098ef8
00010c7716
000116918f
000100fc5a
000116a8e3
0001298186
000133c8b7
000132e90c
00010b7e26
0001498cde
000155dc6a
000154e6bb
00013b9232
0001037cba
000136a1cb
000114c506
000104708a
0001462002
000178cc45
00013a4947
0001249af1
000157aed8
00012aa6e7
00017430e4
00015b8307
000178b5f3
0001703173
0001224a8b
00011a5645
00010c149d
0001517098
00015695c7
000157194b
000169e57b
000155ba9e
00017b10f3
000131a698
000125f486
000139f9cd
000100070b
0001375503
0001263425
000138ba74
000125eccc
000161f059
00013a2137
0001010c6c
0001666983
00014af264
0001138273
0001033c8a
000126f9d3
00015944fe
00014289ac
0001437ac6
00010ae9f2
0001393d3f
000116395e
000105b8a4
000100fc2c
0001353cf3
0001691943
00010b28e3
000172e009
000124770b
00011a7d08
000172313b
00017c7475
00017296cd
000113ae2e
00017bcade
00016c2ec6
00016124a9
00015c42f5
0001559ae4
000118c652
0001068dd7
0001460ea7
00014559ca
00014918e8
0001150e2e
000162be1d
0001238aae
000138f1e7
00012352c0
000106c641
000131f26f
00010c09f6
000158bd7b
0001288232
000153045b
000113c498
00010c38ac
00015091d6
000116d851
00017b4976
000124e5e8
00010478d1
000150f063
000165f1c9
000162857c
0001088554
00016234b1
000148c92e
00012bb5d0
000158916d
0001658e61
000172ccd5
000102988f
0001777ac4
00014519e1
00015c0d8a
00014a6199
00017b9171
00010c01f6
00012991fd
0001066c46
00016b6177
0001520957
000175388f
0001588898
00016a328d
00017b1dad
0001208d0e
00014b0dc9
0001656e57
0001080816
000127e262
00015c3410
00010a727c
000100f2b6
0001118eef
000142629a
000165e905
000157052d
00010c4c72
000179827e
0001362b01
0001369c3f
00011b3874
00013a55be
000118f508
0001251602
00010b6006
000162f5aa
000141193a
00016a65fb
000126895f
00011b8d1a
000118c2d7
000169646e
0001744263
0001560521
00010bec9d
000152f29b
000144b8d0
0001595ea4
0001737998
00017370c6
0001113ccc
000157d961
00016992db
00016114c9
0001786cbc
0001573137
00011a7e8f
00011a1ce1
000147a64e
000135a896
0001249e18
000118e295
0001247220
000115a2e0
0001021cf1
00010335c5
0001217acc
000105d0fc
0001400118
0001667a40
00013b94e4
00015af6c2
00014b79f8
0001454624
0001202816
000125a46b
000107bd5d
000117ae38
00014b2498
000144dc43
00011298ee
0001649440
000127eae2
000173c6ae
00016beae0
00017780bb
00016b184c
0001524214
0001060b13
0001479667
000129a045
00012688f2
000144f512
000154c63e
0001430d77
0001288e78
0001472d3a
0001782ade
00013be1fe
000120bd23
000146d919
00015071ab
00014194b1
000122edb8
000106d267
00014980ab
00012b70bb
000170fee0
00015a7ec6
000106b139
00011760ae
0001423c5c
000158fc38
0001423c97
00012476fe
00011a322a
0001338852
000176ecbf
00016af980
00010108ac
00017a1a8c
000165e53a
000164f2f6
000123f719
0001126636
000144c6b3
00016bfac6
000115c174
0001271551
00010bec01
000169d5df
0001629e3e
0001089ae4
000152ba38
00012bc608
000118d8b7
000160c586
000138a94d
0001191cf1
000141fae2
000111313a
000173d877
00013b4ddd
0001215ca9
000135f92e
0001090d8e
00012a94d7
00013c0c10
00010510c0
000102b426
000109fed8
0001262310
00011232f5
00015619a2
00017a7e91
000123edf6
0001116a91
00011608e2
00010a124b
00016a819c
0001725841
00012a794c
00010c00ac
00014c76a9
000137786f
000163e612
000150942d
0001220a61
000179dc37
00015519bd
000119c6f1
0001415623
000101e01f
0001396a16
000167fa89
000129ecd2
000141f817
0001115c04
000177ac7c
000115c532
0001317574
00014201fe
000175b542
000121e903
00016a2183
00010bd2cc
0001642281
000126230d
0001055988
00013bfaf5
00015550a4
00010958b6
0001683e39
000178a6a4
000160a8ea
000109a189
00017214de
000153282e
000154c1cf
0001712daf
000130b084
00010628a1
000139e44c
0001529a3a
000177ba0e
00010000ce
000175ba81
000116f0d2
0001207964
00010c762e
00013aac37
0001784c87
000178d847
000179a577
0001409ca4
00017b15a2
000102a102
0001073622
00016b5ce7
0001425a58
000151e631
000157c869
0001060b08
0001738250
0001626469
0001796d7e
0001628609
000177780b
000118fedb
0001683e2a
000106c99f
0001412533
00013bc446
000101cb03
0001575ece
00011ada96
000111f8f3
00011b78b3
0001705967
00014af2c8
0001435c00
000164f85e
000165c254
000150d2ba
000154740e
000130ec49
0001147648
000159c71b
000100de59
0001217282
00013b86a8
0001233cbb
000104fd73
0001056a37
0001414463
0001666448
00017789d4
00012a4c75
000154fe22
000117426f
00015278fb
000162ecae
0001716c30
000113157c
00013a5e95
000113a497
000120827f
0001703559
000123929c
00010c76f9
0001575181
0001051831
00012b6ea6
000140d41b
00013502cc
000137dcc5
000124d1de
00016981d1
00015a8a04
00015739ee
000141591a
000118ede8
000159d5f9
000106f24c
000175f5a9
00015395f6
000179e12f
000156f8e4
000164c9a1
0001273932
00015244aa
000163c961
000119a600
000137795d
00013a10ad
00013b88ce
0001017c89
0001781d1f
000117ad16
000158c81a
000136ba81
000128b1cc
0001702e2b
0001427dd0
00016bde27
0001671272
00017ac5f6
000177c4a1
0001055aa5
00010024d8
000118c40f
000109395f
000123f70b
00011a4cbc
000146088a
000151a467
000124c116
0001160d15
00014b90df
000110e04c
000138d12d
000127bdd9
00013a971e
0001633abb
00013541e3
0001224ab6
0001179550
00017ab50c
000103268c
00014b5089
0001591eca
000129fd40
000147c576
00015b5d69
000137e4a2
000150f588
00013890d7
0001416e77
00016c5271
00014646dd
000155b17f
000163690f
000167d83c
0001330234
0001036d9d
000164fdc9
000178849d
0001382ecd
0001005215
000121fcbe
0001413539
0001374ef6
0001218a1f
00011012b4
000115d0cb
000111c865
0001119942
00013854c0
000156c8dd
00017b5dfb
0001515489
00012506b2
0001044557
000111dd15
000173b125
0001611de1
00010c5af9
00017bf875
0001524e38
00012c3aa9
0001522a11
000124820b
0001275abb
000122148f
000153c5eb
000144a4fe
000155c8c4
000166531e
00010c462e
000130cd68
000106dc8e
000100fcdd
00011ab528
00015c6aa5
000174f697
0001325078
00013bc9a5
0001486e87
0001348e12
0001164060
00017500b2
00011a7918
000146a68d
00012919ca
00016b4da7
00013c7594
0001426a3d
0001416904
00010040d0
000112c81a
000144a413
0001790a78
000122e21c
000116f56b
000157c5d7
000148cae5
000159c92e
000162d5a1
000160987c
00011264d5
000118ca60
041c25fe78
04305bec9d
042540dd9e
040d2179a6
052bea9443
041d774113
05809945d6
0415ac5637
05212a9ea6
042689953f
049d08944c
05cfd8ec97
05de627c06
050465e523
051f2090b4
058751cadb
05c1156c3f
04704b3874
049cbc253a
054fe1b5d3
0445588f0f
04509788e1
058f2c6161
052b186e45
04df21a713
04d469bdfe
04a1b6faa6
0407623295
056f63485b
04182c4f08
058ba34d27
045881fea8
0444e136a6
05eda49abd
045df075c7
04cbca6f05
059093edbf
0585a05a22
05ce920509
0589eb9d58
04ef7be2dc
04da1a9e45
05a277ca73
050375f0e7
045bf40145
042a915ce4
0508148a81
0401b88df6
044db5d918
04ce713593
05b19bde27
0586c8a58e
051f44ed44
0424e206d0
04453b2430
04ae9498a9
04df48de51
04ea2c5e04
041492d573
04cdeb0a72
04d49549e3
0463184c4a
050e18489b
05e700a167
04c5614962
0544f6e090
0522c4a48b
05694409b8
0565d622d5
049159acf0
056ac0b8c0
05ee921a1d
04035436aa
04aa03f963
0498b8c219
05f1338250
04e773b137
052225368b
056ec4e881
04e9fb1b0a
052758341c
05dcb2d6d9
05a0055895
054b586a41
05d16bcd34
0542c41204
046a937a91
04489b922c
05059a59f5
04eaa971bd
0517bbf0cc
0453a245ce
05ad113d71
04c7c77081
04f12aac37
05dbd94670
05d1307623
0456b4ec74
0552770a56
0445fae646
0447d35cfc
05abb14a14
050f2bb539
05e0ac26de
04de35b6f5
048946fe92
051f7af5da
051d56c53e
04dce7bb17
04a714e941
041102ee72
051a837589
04e89895e6
05ac24bcca
055b20126e
052007684d
0523ab95c2
0425b91515
05c0696dfa
05cf61df0d
044d20ea89
056994d6ad
04eb55794e
05433c7968
055080b520
0566f9398d
05a0f8c80a
056d9181ea
041b7c788e
052ac3b6d4
050427e84d
056a3b4866
0568e75164
044dc22c11
052a369639
05019011d0
045fc9d10a
041180f538
040ff2d625
054a76dc16
055c49cb19
04f0db4ddd
058e05ad8f
05f1284c87
05ef63958b
0447782580
050bd93e6f
046d12e6e3
04a57220b9
05292689fd
04c5b5f69a
0423e6aa57
05e0aaf51c
04587395ba
04e1f8d9b5
0401736005
054b63f5de
049624f254
0421e23999
059f35f0f3
044ff7ac70
058d6871b2
0421c168c4
050572a70d
04d750ea49
042f9890cd
054991a713
049b6930a7
0548936ebd
0597e4bb0d
041acc2939
045ccb7926
042a72c8ee
0403db525d
040d94146e
04677bd06e
04691ba03a
05aca43506
051d679052
048442e218
048af6b2f3
0529c0fd0d
04a19672f2
05cfa9f02b
0445eb25ff
0401e5f64f
05a6831977
041e9234ee
0411436922
05cb8026fe
05679505e3
056d76d263
05a895ec57
042a66a154
04c9e5c97b
04f001f26f
049d9ab965
0430d90d8e
04c508208c
048d068c87
0589a6a9d7
051af455d3
040be975b5
040c329d4e
042887045f
04440a0636
054f57963a
056c04080c
049506998d
055f41e285
045d320e8a
04f04a55be
05499aa903
059f357ae1
046e32baca
05e6395db1
04300c09f6
04b0da94d7
04c2e35df1
05c4e0fa9e
04dcaac28c
0446a950b4
0548d2c701
04a9e9bc89
04d5c03d3c
05da38513c
05cd5bb2c3
05e5bc4d7e
041982b2f8
04890b6a4a
0430ea124b
048487e695
05264c09fd
04a837d137
0567577f0c
0594f08cc5
0453236128
04d920e82e
05ec741ae3
044f275260
052eb148a8
0409e46698
0427cb7668
0511dbfb0b
048e78cd6c
04010c7cd0
0462e75ef8
04ebdc1ec2
04db10ad88
05eb058ee8
045fd889ab
05acd2ca38
05c4686809
0591a531e5
0492b4455c
04d200050c
046a63c0b5
05aa0c399c
0510213c89
04a4990d16
045ef5b570
048620e59a
0414e1d815
04a09314e4
044014c067
05cec4971d
049e5c2267
0506282a72
0582f5b1e2
05cbb876c5
045ae930ad
05c9f6fad9
04de44e6e7
0515820432
0547c166fc
04a8c8ab0b
050c9825d3
0582660589
05675ac1ea
05411469cf
044b2c7c1a
040f75a420
05417750d3
044fd3cc40
049b0a353f
05675aa217
048997da5c
0593a6d14c
0468116a57
0485785274
05d7a5c5e6
0599d879da
040dfbe8ba
052989a577
04cd78883b
047189a600
0494d44a11
050dd342df
05ec1b6d8c
054324665d
049eb5fe8f
0408830aaf
05aae00654
056a79c02f
059a85b86d
040d03f841
04c3687896
04ad4c6c89
05033bc1f8
04c9990155
04de57122d
055785de70
05e8f63d37
05a8c8b522
049e85ce5b
046308ba48
048ef02cab
04cda25d5a
050ca9709a
044e368626
0490212184
055fcba190
05020c5a7f
052040e6f9
0594a4b260
05d3bb3232
052011fe28
0446e3ca64
044df67945
040ab16e66
042657725a
04ce10c09e
046a309ad8
0455672aff
0581644dc1
04de731ed6
04ee73ad51
0590660819
05ea737678
040455a212
05c3822465
0594174456
0448e03de7
041ee1e2f9
046ec26af2
0413448cb0
04cde8d9df
046cbafac0
0469d6a4f4
04e2f5ef00
049053d6aa
05a981211f
05e8c3b447
052f73c811
0467e4ee6c
042bb88c9a
0442e13a75
04a46bfce8
0430266c46
054e9026e7
04c1639c80
05e29c46a4
0557161605
042209490f
056083dd69
0548c33a11
055e41247e
056f7230cc
055bf42c05
056344f5f2
04ec0570d4
045969edc2
04ab04ce51
0505347183
04a7155d1c
045d43b0b6
058e780d20
045a3a2c37
0503a266c8
0480e5f24b
05c0d56716
04e500a0b6
04e50995af
04c832ba3a
050e4a7316
051df485ec
05060b2a0f
05168092e8
059b1535b9
040f88cabc
05aab2b8d6
050ae13919
05c3e86aac
05e36c4847
044012cedc
04448239c1
0492b97558
0465348dab
05a7522874
054608062f
0451d2ee44
048b196df6
0512fb723f
0504567e6b
0582ac44ea
0464d9c6f0
059fc5d2a1
0560946cdd
051bd26aa0
059a34f006
044ae8d247
055a9294d2
05e36278a9
051c21ba12
055ba3905d
042021122a
05f129a577
0425840578
0555812171
05220c0232
05d32a62d6
04efa6a1cb
048a86da14
04d4383595
0585398aaf
0426862711
0452e34305
05651552d0
046fea7d08
04892161d1
05aed85eb7
052f9bda05
05e8d86dbb
059823dd08
05d4162c75
042e083067
049465b8f4
04a2314417
05182a15bb
042d55f9f2
05e8a7a5d6
04e922e0cb
05d75991da
05c008b481
0460baaec9
049742b4bc
05ed929c1f
04481961de
049513524d
05b02b6177
0522c7e0a1
04ae3af595
04640922ad
042d9108bf
0516c7de6d
058cc819d5
0588c8ca29
04c900307a
04eba3fae8
0431e0fcdd
04531be906
0468b13c8f
0529c220e5
04dcd59d77
04cc116f00
0584a1e9fd
04a6b3f272
0406b9bdb6
05980bda24
0408d7c2ac
040ae51ecf
0562042457
05624b8dcd
059f7b88f1
05d73a38ed
05e0313956
0522f4684d
04ecf5e186
04504744a0
05d7d3c6bb
0597649177
05314af2c8
0424228266
056c853402
04c5c262fb
054477871d
0414c68a2f
0471a0e04c
05cbaa928a
05a51998d8
0516027e07
05a216f4c9
0569258c99
042227c464
04ce0a4a88
04b089a045
04929c7c13
0485644131
04c5017558
0592692e83
05307b79f8
04e8aaf202
041349352c
049bc5569b
04851c5463
058ec2f0fe
05208a454c
041a47f02f
05152b726a
045feb2d07
04ee275d5e
05310201fe
041e95c1e6
055693a97b
05a2f3bdcf
05c8cbf93b
042da0de5b
04113a55e3
0488218e24
0423f5d2b6
05e418f133
05d6d50b10
04ce25c27c
05a9eafa4c
0557b15aa8
056785103a
046d41aad7
0416472a03
054fe481b8
046347f582
050fd55d27
04d176a1aa
0549996a1f
058d167424
0543c391a5
049d17d9b7
04454306ba
0408d38105
044076b57f
0454243caa
04f0b38852
0422700231
05d8684659
04e374b6f7
04c9eaf1f5
04e8550679
04a6f851c1
04553ac28d
04a0174e49
056f46c13e
048bd57ca4
0510fb56ac
0497176e8f
052b1306ad
054a182713
0469fc1a8f
044e183569
04c74b39ce
048a720c74
044ad53cce
0404a5fc7e
048d20f1ab
04da571efb
0562577d73
0519a4a432
04827c48a4
04cd57c115
05dbbc2cbf
05a380ccca
059be6b807
04c6449d79
0580e3cd5b
05c7babe77
04cfd68511
0515a6d0cc
0548523e7d
0426f11d7f
0459572996
0441c326df
042f998ef8
04d8aba626
05f11214de
04e51321d3
050cc14980
04e2d1c2f3
04aad4a31e
052dcbb284
05cf37da9b
04082b215c
05299ae2ae
055e4326b1
0420205b03
0528772dd3
05d344f45c
05c8b6c4ae
05e3056cb5
046c734cc9
046611e258
054b8949a5
0400305d8a
0568166d1f
05e620eac7
0456c32640
04df10b894
05dbd189d7
0456640de1
0406d8c571
0496b4dde2
05a344b71a
040669aa93
04d8654c9c
05f137780b
0455189307
044084cd90
0417e0ee86
0531435c00
04d3e6659c
044270fd68
05ec019592
0553f7271c
04a9fa0cd1
0415571150
04dc6241da
05999c5448
05c4b63a57
05c963dcf0
051b706cf5
0564588d23
0525549446
049b12c671
050e38e691
04da545c46
04a1309292
0431dc5af9
054663540d
04a957000b
0410167881
049b80c995
05a6d29976
0523c5a2cf
0592441e48
059de57718
05a615908a
04af47f5cf
05eae1d467
0505685926
058588f51f
050be315a8
0517c39c9b
05e95952bb
0423452da4
05a07a5da3
0413ca4c4e
049920b66c
055d04dc4e
05c90a257a
0484c0bac1
0508f70027
04a696fdbd
0463517ac9
040ca62a93
059c9ae41f
04d1fa78ff
055e155004
0593481e5c
041092b8d8
04dfc211c5
0448e79ef8
054eea8a80
0500ac1c16
0552a808d9
059b448c57
046cc519ea
0560f7360b
0403d30247
040dd2b9b7
048437ce11
049832cd69
04213a5a11
0419d7a1f7
053171591a
042fa4708a
045f84a0a5
044a5565cc
05ed11aac0
05c0a05477
055a3a69c2
0561f62519
05af87fb09
0448d84d63
056775d48c
0467683262
0570220957
05abec2d80
0509173a7e
05d4ec088f
0454b04cdf
049f27143f
059ba6b566
052853e68a
042c21c55b
0506c66147
05e2aa326d
0464f012dc
04136431fb
04ece658f0
049ac36514
04a484a486
04b1a7bdd9
046263ca2c
056b0acc68
0408c26ee7
0580ea4e6c
055792b908
05cb32ba02
05478298ba
0516c09e3e
04e2379ab1
04e23b9c81
0586509671
054f95a866
04d0c801a9
0424eacec0
05686a5e94
0421682575
04524962bb
055cd8d68f
054b35e00b
055f098072
0545537c13
04706a1ce1
0425013da0
04a031dc94
04aa075837
0452061592
05cca3996f
04998aedd0
055d36e693
0528e3c54e
042965d814
04046a2acf
04e322e927
05543a7939
04d6662c22
05684c60ad
05e1c19ecc
049a573662
048babb257
0510299af3
05676811ad
04c069c05a
05c6f582b6
04021b9883
05c8a4bc22
055064d59f
0458800afa
05277a1a3a
05f12b15a2
05608a9a5c
051a2c20f2
05009685f1
0565b0bd81
0563607534
0470a760ae
0404d4d559
046aa80640
054f758270
05aa4af9bf
051b09a4a2
05268bde47
05c961070e
0516c00ae8
0400e068d7
04d221d9da
042ba57050
050668b9bf
055445e8f6
049ba365a4
040ba595a0
04a240d496
04a378905d
044f1c0098
045fb0c296
05d5e8b5de
04e534550b
04cf9b3472
0584a672f1
05cf18d2ac
051393b90e
05d7e190f9
051fb814a5
0599e7d5a3
05ca62ded8
05c747cd73
0567d978d4
05c6c8fa5f
05608aaee7
05881541c2
05448320c7
054c869ef5
052eda8d1a
05a7044808
0462699a29
0458ebf55e
04c97a7201
046f89d13e
05ae233b18
05a40239f9
049d4b5e9a
05af01f48e
059c8a6508
04eeeba07a
04ea510e48
0401915e9c
05c94311de
048fa2d6bd
0517937947
04c63522bf
05533445b0
04c14658be
056ab24e06
05c960edd4
046c476ca2
05e769c0df
05511765ec
04a893e94a
04e57c16a4
0430b108ac
04e8d3217d
056684e0f0
04c2e96556
04b0ea794c
0463bc5de8
050d405111
058a01eead
042d5ab9f1
0488a7e073
0599bb318a
05507a7240
05e9b5c82c
05cda35047
054583988a
040f94cdde
0494173959
055e76fcb0
04e21b2a8c
05cb9ac9cb
049ae0c9ad
0571b91eca
045ab28679
04ccdaac3f
046441363e
04df538814
05c967c5dc
05e21c709d
0550556803
05f15789d4
05e86a330b
0428f90a86
0453914968
05c8c42cad
0453d44b08
0482a15d97
041099de3e
049db7d052
042ae450a9
0524439847
059bfaae98
04109a52eb
04c872fc23
0517a04476
04a4476c09
059a5b92f4
0430ec00ac
04c85895e2
0412923123
05d186e950
041ff185bb
05dd05325c
05513571b6
05169c1c6b
058a21bc42
041a10925c
05800a3ecb
04d0d280b4
0551282cc2
0564853d65
052e27b988
0466b8460b
05f1dbf875
05db052895
046c87a2f5
0495e4f0f9
055449ea36
05b0c29e3e
055ea2b155
05cda1d4fc
048c954aeb
04226c32e4
05898a5abf
04cc0648a3
044a4845b6
040c09ade7
04accbbc6b
05a2da1236
05aaa811c9
0485281682
05688bf137
05026a7e95
04e327aa1d
055a8aa5a7
052676e4a5
05d7563184
056ba3cd11
052b1bdca2
056380b449
05cdf2001d
04e9577aa9
05abb60265
04c6db2cd0
04976b883c
044064d84b
0543d66dfb
0441d02446
046940ac44
05f0537998
05a024a9d1
050fb2405e
04cb09e07f
05ce704095
0414d99442
04522961b3
0595d71de3
04de841025
055ce675c3
0584c10ad4
05e8286101
04de67e023
058b630920
05e8a4c845
0451eafde8
04ac741442
049c53fde5
04c293888c
051bba4274
050ca321e9
05e42c7e78
04ec5265c1
048eb8f81b
041b10a5f6
0551217892
04e7273ddb
05c230d113
045221863f
052ec63815
04dbf7ee5c
05e4fa20c3
05cfa8f2bf
05eb81ce6e
04f1aa971e
045d45ceaa
05eef372d9
0467a1b965
04136824a2
050e069044
04624a1e50
0420b0a24c
05ee54586c
05cd821815
040d1bc446
04dc652efb
04800824ea
058331904b
049074a4b3
04e5256cf4
04205309d9
05e4fa8dd1
0583f574ce
058d94a6a0
05e80b2c81
0465589988
04b1b9fd40
0484e7a125
04d6b5dce7
04cd53e2e3
04077b9519
049550ea4c
04ed02092b
052dd95c69
05acb6f0a9
05a915b82b
0502f48f09
05eaf550bc
0416e292fd
0504f434dd
04c4f239f6
059789a6de
045bd3bcc4
059e597dfb
05959661ac
05c0e736bf
04c93c7638
04981400d2
053067a64e
0550ebe080
05a1030658
0440a92c3f
04a596a114
0501e8f209
048543ce0a
04559af89b
055794eb0b
048e6909e7
04e9b539c7
0492278429
058cec6abb
05cdc6889a
04a491d178
04ece3c84b
051c79ac82
04a3f3461a
05d5b7695f
04e757e717
05df95895d
044624a593
050c92d6c3
046f96918f
04242002a4
04a289c58b
054b34ccb6
041b1a3cf5
05e9b56c01
05ebf10df6
047048f508
052e22a9cc
041be09c4e
044aeae91d
04e051a485
053018c92e
050674d2b5
052c763157
04078c3c1f
04acd35cb8
0570c2ba38
0450399164
0403f16af9
040e148e59
05145c1202
04eba8eddb
05c0774664
0498431127
059b4a39d6
055080100a
042b98a252
04843a6dae
049278bea9
054f26621e
0571675181
045632a4a1
0569cb3986
052f18230c
04153604e1
04da57697a
05e33116fa
04a018953f
054409ee0d
051ad574f7
05cba38925
041083e98f
049d245c82
049f1c6d76
052cd1e53b
056887d693
054bea1488
04de199881
0501f2280f
046b0604be
04a915fd46
047138fedb
05cf98e413
04a278f813
051d306e93
0508550620
050aa055da
05293c5475
0583921e9a
05ada0cdc0
044382ea6f
0560bc72cd
05ce6aa0d7
04ceb8ec09
045f9536f2
0526701528
058b254984
042eda70ba
0543399cfd
051f8c0e62
05a9251efa
048a44d155
04ccc1b6d2
05e283b0c6
0540f5a01f
04ab09caa7
05c7117055
046422dd5f
049a0a54f2
0544e89656
04561979d9
045da88992
05b144f85e
05953bca2e
0505f05274
05863aa56c
04c210edcb
045d9191f8
0468d120c8
05cc81bd69
04c85b34f2
05ebb61d7f
04304b6006
0462d7ad96
059c4862f0
048d79e536
044129a5c6
042e42d0e9
0593cc2ef6
054d77a5bf
04813aa4b4
052b8b3290
04b1dc3aa9
0553827c2c
04da95c87c
040431b2fc
041ef57707
059bfb9e6a
05c946bd13
0412a5f19e
0459315919
048c9aea70
058b5510dc
04c4a47d4c
044474842f
0549d64e22
044e94c529
04d3107901
0487f9c821
040ee9e269
051e8b2c63
059ad19679
04e7d722d3
0420cbba82
05ee7759e5
054a5b4ce4
058b27ce24
0584c69282
04eec59c23
04a73af166
0525fa0113
0449869ad0
04eeb39236
049b20a682
0500e46434
050de609a4
041119ac49
049e336275
05197bd4a7
054458d160
04a993f961
0541a54066
0458027c29
0517160e16
055ab28c16
05ea35c439
059b19899b
04d4628961
058cdad612
049fd2766f
0485321276
046e75b5fc
05d154c6bd
04197bd628
05a7a29169
0530a23c5c
05065a6a92
049f446171
051eb2ad33
04a77a9d30
056ad960c1
05d3dc7a97
05cd3bd915
050b88731f
051528ad2a
05e878c695
04637a26d3
045b646709
04c43b4aae
04cb339e8a
05a0fc4e2a
0427c08119
0571bb5d69
058933f109
05c052ed0d
05997af074
04eb3a3157
052375f945
041b300a2c
0463a65921
05153a7e3f
0431651831
0515261559
0467a1c147
04d5960eb0
04ce939adf
05410a3a4b
040ff41aeb
05d1926988
0556ac1896
056795eefb
04cab1de4b
058e31f26e
0552879ed1
0467c19504
04cc77cd63
05cd09000c
0426135e33
05f19ac5f6
04ed29cc62
0423b94cc8
05052ae04f
05e95129a7
046cbaa5f3
04ced3945a
05c920d0e7
044c395c43
0554664e1c
05e454ccbe
054d113228
056960eaee
04a8b3c202
057084c63e
0431817c89
04043425fc
0515f081f1
050244e9b9
04e70bb95c
048cfbb432
052992cca4
05d452e1d0
04dfd6c86a
041e980980
058e744d17
048f8b7dde
05e4e9e42d
0520842dec
04937b86c3
054221f4ad
0471f6f56b
048043edcc
04c8ac7611
04f1b7e4a2
058df9323e
05df0802e0
04dba64e3b
056192ca7a
04dd517a0d
05612a4cdb
04c34a4501
05ee01c184
04df53a1cb
0581c72ee8
0410498847
040515f11d
0564f4c6c2
05088accc5
04c3dc6d88
05e0a990ee
0407c729b2
04ccac442e
0429d78eec
04a1e40dc3
041a33c2e0
04d26b1ea8
04c2755659
04d3fc5622
0520434ce1
046af93d1d
052edc05d0
0458b53a7d
05cdd6590c
04a526ce7a
055dc70e71
04c2475b00
04688174d4
049e98d638
052650a814
04de6ad8e1
05a5a85b0f
0568c91100
05edaab14a
05e7d3e874
0507f0aca2
0523eb2250
0599d6ad30
040346583c
05a725288d
044ac8f94f
0483f42ca9
056aab00c0
05127c1a18
05e6825852
04e0b10501
050ad284a4
04d451a26e
04ee21915c
0584b6ea2f
050f11314c
04453a6445
042507b41b
04602a7913
055273208a
05cbb0fe06
04ce3ade95
058e721864
054e26adae
0591620210
04c7c8ed3d
045c093a3f
05d120f58b
044615f5c4
05001a4946
05d6f599a1
0520555c4f
047157426f
050621d15f
045f27796a
04421664ec
0502b58828
040148571c
045ae3dcd1
04eda4e458
047077ae38
044b541ce2
040933404f
040b352285
057114c1cf
04a25028b4
05a2435f1b
04c5198633
040bf58899
05c5e72935
0483d1cabb
055dec386f
0561018983
05db093e39
05acbbc4db
056ef171a2
05924b62c1
0570288898
058bdc11aa
05e3e1855b
04ed22f121
04aac4925c
04f1e25078
04d402f696
0565e875bb
042e1445e9
0403fbf42c
0427f2cc0b
045543054e
05f1112daf
0554b2d5b1
04df74244f
046c926307
04d7e8322d
05f05370c6
0520202630
040030e554
049e4a38df
0588f3b8c1
04119658ad
041772eadc
05277b3deb
046f96a8e3
0463ba8828
05b0e3e612
05517b0823
0411047c50
05c5354d8a
04a0cb9a4a
049bc09a03
051488f93f
05e13baacf
05d3f576a9
04c0e8b1c4
05ea71a13c
05f1881d1f
05d5650c4c
048d4079ae
043176f24c
05adc86882
059cebac57
0445b9df1b
04f0dc0c10
0430d510c0
058717ae5b
049df3d07b
0592a259dd
05b02a328d
04e0f97992
05df128719
05d974ca70
04cb2148fc
04c9ec54fb
040195e65b
049701995a
04d431f4f7
04c9f435fe
05af26971e
054ca181d4
04184bdeb8
049dc78dfd
045306b588
054f0ae1ae
04846c113a
04c76ad623
040f057822
054b054e63
04c7c69ecf
05e8e81505
05671471f3
048736ad77
04c775b53a
05036bcd65
05dac79437
05a7631aed
048a15ae7e
04a2e68690
04e17b424a
058a29fcb6
0507fc70be
0568f0ae5e
05487a2896
05cb055673
0448673af4
0545d95626
0542c7b881
05eeea9511
058000c43b
0447184a44
05a8d9e274
045c75019e
05b152ecae
05a5e3542e
05d7b14cfe
0456e76685
0523711598
051ca30045
0554a9fd69
05a382bc88
0443d62198
04d39956a7
044e862dc9
04b101e903
0486abb9ad
049ff136e2
05aaba9885
051c962992
056bdb98d8
0425e2d1f2
04aa498d39
047006d851
05ae78315f
0529f478d0
0542f9a9ee
0442a8fa12
04c7077d5d
0550666ecb
0419940266
0444712a2f
059591b052
0514b7de02
05eaa034db
05a8732d50
0519980e58
0427377852
054576e5d1
0511eb75e8
0445d352a9
04ab502d0c
04156a9719
052b7a2477
0550e08d70
05ca385082
056d0786a2
049be01200
054582ea81
04af998186
041d12aeaf
04d7014caa
040437ba56
041cb612aa
04203bc1bd
05c20625f9
05e79680de
059b11a5b7
0590774291
05550c69e3
059ba2e0ef
048e344038
05dd956de5
055651c4d6
05931965c6
05a1c79085
04df1c7dd7
0505770c95
04a38a5706
0448a3fcd0
0566973e8b
05da930ad6
04319024d8
04c938f9af
05d2d7ae17
04ac543971
058969ce1a
05d5e719f7
0599abf183
05a363e8ed
048d4a690e
040adc3426
05a3bbb0cd
042ae8aeef
04285400cf
05e4a511ec
04a32c7ee5
044e283885
049564a2aa
04c25c382d
04abcbf264
044858f9b9
056d13b867
058d1455fd
05a88c4183
05c0a40d47
04cdd8e04e
051ed212ba
04c3c7d1ba
050197dc82
05df725ec0
0488f3a47a
0470513ccc
046b796916
040a8c4902
055ed2f6b9
05ec7c09ad
046ba3d276
045f01ad04
050724622d
04b16b6ea6
052f774024
04d9c2da73
043136c99f
05dc42a95e
04df6c1561
04a17a1e7c
048457d6bf
05439b68b6
0493d07a28
04c5476ade
0585061007
0429cc0e7c
0453710f07
04e3c65512
0568c3ddd8
04310bd2cc
041d226109
04a8301a3c
051ed66531
042058ac50
04d6ebee9e
046f4a80b9
049a62b18f
04b1d4820b
0516a9e9db
049e7a5612
04e3918122
05a6467e20
045ae54e96
05902589e5
04da7b988b
04d7986e20
04e3137ae3
050567f43e
056159383f
04c1cc25ab
04c372854a
041277bd44
0555394005
05016258a4
049aaafc9e
04a1fae961
055da8487b
05837431ba
0591540e7b
0501561dc4
0458caf627
04c4025d4d
0487d92d81
04690ae299
05e513920f
05ef5580ff
0418aade3d
0566a83515
04b0647220
044eab605d
04277a343b
05079144a1
0405071a1e
0489154c85
047198c40f
054a52e477
0430d9fed8
05ec4becf3
04c5baae37
0502343b02
0454eac110
05c6f7fe1d
0463c52811
04a5bae2aa
040769626d
05cdb0a508
04c6e874ef
0403cadb03
0418d17949
04d1596e58
05a054a0c1
0455c2e5d8
05c8baa4ba
04cea23643
04648885fd
051604c258
051d6c76bb
0566341c35
0408452d6f
048a63bb07
0552259949
048c041a1f
058874563f
050001b18a
04c9456e5a
0449a9ede0
049cf3e142
0585a7e4ed
04c7643d68
055053d249
0481c0a180
05184668d4
054109b0eb
044c7a418e
046383dd92
05ea016543
05c7bae656
0548e9edbb
04af82b56f
050300b456
04e9105673
04c0968ced
05a5c7862e
058b2291ca
0424ec655f
04dbf1c899
044e0bf273
040b285c71
0404985dfa
05c2abda08
041eb9fc9c
046a495de9
0499331ef8
0527c1927e
050f9abe05
05210579f1
0443506f16
05c2d6b423
0497f974f8
04cb98127d
05dd5956a9
0470318eef
0461d35c87
041688ca09
04ea7b762e
040d579cba
0542154076
04a7eb9cad
045ae8454c
05c17188b5
0508323517
0480f1d8d1
04ac3c09c9
056b947451
05a098892e
0566f175ce
042cf070eb
0540a7c4f3
056377b8ef
05c7d21447
05c5f814b2
05942535de
0558e40ccf
044b49f002
04593b6e71
042cc8ec69
045c30b45e
054a619ec0
0582c21311
059ff658a7
044bbb766f
044c83a6ae
059209ba3b
044f60f093
04219636cc
05013b3a50
0497c81d80
0451f7bd75
042431ad8a
051ca712e9
056ed63e84
0544662ec1
05082c3a61
04d48828cd
04ddb200fa
0545118a02
05ec8ab0be
04826448f4
04d902cc2e
0487617684
04c3cba050
058769f0f2
0563e62962
04daa016a6
050fdc670b
0599cb6e42
04531661b1
0525c46cf6
05e121f974
04eb52ba25
045b1a2ef2
05ab184409
058f22def9
0463d5d2b2
0510282e5b
042371a07a
0446f435bb
04e019e814
058c88adee
05309194b1
0425b0b9a0
048713f519
05806ad6be
0585d664a7
05ec99240e
04eadbb9a8
040cfbf08a
05ab20be9c
040b476447
04c560cc81
04c7431535
042b746459
0466335a57
05878425eb
045fba4a7d
051f39e828
04cf46d53f
059784209f
0463401566
05908c4281
0510f0f657
05de175a6b
051f936a10
054a870423
05e7c5acd8
05dad7447b
0461f504a0
0411203876
05a5e8e61e
046255701e
05b04a65fb
05ec35c641
059fec3e89
0444985aa6
054aea7222
048e09c1cb
0513869a8f
05b05992db
051be74efc
0424d85e2c
05b145c254
041985fa47
04e495e4e5
048002496e
04ee6518de
050d64c2cd
05475370c3
0421672d0b
058c8a8a8b
049966c2ec
04c161f1d5
057140d2ba
049b490443
04622995f9
045241d495
04a932f319
048408e04c
05ac32e090
048cc0e522
05940b3316
04d134c063
049b14cc4f
0590e010b9
04e810213e
05d2b5b9f3
04eb83a5ba
04547b9e25
04da882822
054cba4e52
05c6677638
045ebc6116
0455705a84
04624860b5
04568c1ae0
0551b8f050
046537e110
051a2c115f
0560289977
059f12a48e
04a9305ca0
050e742276
0531e86e87
050f373e13
04e75bddf8
04d2577973
058ac32e2d
0512f736db
04eb272113
04ab85cab3
0517bbc64d
05d6f4319a
05ca5b36fe
0510952d4a
046ae0804b
05d202fe4b
045825b5a8
044ac2e9c6
041b8a7929
0461b108bb
04002374a4
0413e945ed
048bdb7197
05adf7ca87
05e854210f
054babe50c
0588b7700e
05ea597112
0531c13539
05cac7b599
042c095ab6
04d1d03b14
049f064ace
048372b68d
04808876d3
05483b1249
059d3bdb1c
049c460d39
05a3f65480
046d4ba914
058968ad04
0467b9988c
04e7c9040f
045ebbd58f
05c68322a4
05ce46203c
05925c1c40
042194201d
04498a6b03
052e242d08
055e6002f6
05cb92be64
059598216a
0458e9ac3f
0544f1a922
046094c475
05922b68aa
040b51981d
046410a85a
04c95534cd
052683c4e4
05ed2c0176
05c5a0aee0
050d37fd38
045b1a46d8
04d9a8fe61
048ca0693d
04c72866b4
05a8d9e20b
0417b726dc
0414647465
05a623fdd8
0515f8819e
052923066e
044cc314e8
0557ebd47f
05d9866496
0583b12714
04977446b1
04e32c601a
0592384b1e
055519a815
0547410621
052c9bd995
04a482d099
0505181eb1
055ce7ee96
048aa7f48c
041e49e4e7
04278190dc
0487f2246c
0541c2f040
045b2a1270
05c9ea46e2
052ea1d929
04e245b701
0488051d52
04e724bb1f
055258622b
05ae716940
05280aa002
05510aa997
0450f47ae0
0467d58c6b
0545951846
05a32b96cf
048b33d639
052f56d8e3
041822d426
0418ac44a1
05ef207054
0552ba44c1
04590c7860
0554d7b458
0527062230
0510f12135
050634763c
048857c0fd
05d316fa55
059c29792d
05c62bba61
04087c18f1
05caa16478
05831a9542
05dd406a22
04a66baded
04e2a93696
05a98535a8
04d990f1d0
04c8289c4c
054cf4aad9
0527bc3cd2
04f119e44c
0511cabd3b
05d9289560
04499c2e36
0453e7c490
05d150cc4e
054bb1fa15
05092c6ab6
04d3417277
04e9e0820a
055751d995
05d3c91672
04a362df0c
046ad130bc
0522e0cebd
04d56a0ee1
052d895dbf
05e6598cec
0525a5213d
045a636497
04a8d57c98
0465275182
0418b2a188
0594aae901
046df2114a
0521089d6c
040fcaaad8
046ff50e2e
051397a300
054235302b
058f5b29e8
059fb9ed2c
0509907ec9
0409aaf617
05aff2be1d
040df0cdaa
04f186ba81
046a6b6ed5
055dc39190
05c070be1e
05011a913c
04832582e9
0458b2d690
05eefad119
051c662546
05ccb0c6e6
05a01a78bf
05cb15e2db
0522c73318
05ea4bd018
05b05114c9
0588eb08c1
0427c8469a
04adb47a69
05ad0858c8
040cd71706
051a85b495
05a112c673
04434506a5
05a2487133
058be254f1
055ab3fc46
05836a1292
056f588007
04d52b3c48
0508f864dd
0581aa1149
054330221a
056fc944fe
04c0356da5
04a2102acf
05deb3e1c8
055518adb2
05218924a7
05187242f3
05c1356202
051c929a18
04a4d25453
05105474c0
0412e27840
04cc6296c9
04db4451a8
049bb51213
05188c3710
05126bc6fa
04a6aad191
05def3b40e
04cdda2df3
046586e59b
04cad9e4cf
046fe3ae2e
04dbe1e9bc
04e861a676
04531acf0b
0544620dee
04ea2afa46
044494cf13
0511e6c606
04c3f6e5ab
0497f3c1b7
0451b6f2ee
044882c8fe
04debb62fa
059207018e
04def9a46d
0541331c37
04b0617acc
044842888b
046554f68a
04ad0a9104
051c10a1bd
0595753aa4
05a09914a6
049efad693
04b092edb8
0529ea8419
05e3946c7e
0418f95d83
05414115c2
0445e1b447
058487ec64
05e506060f
0560d42c52
05d0a47ce5
05c8c8da03
056db7daf6
0498234c77
0524b58c5d
05095a64de
0442f19ca1
046a098947
0422c11298
04ec6950ce
056b4145af
055dc8fd39
04efd53cf3
058aab7ebb
05cda05c94
05078b3070
0556398701
05ef2b7afe
041b499f09
05cb3c04d5
044b16b43e
040591301f
049126cd41
05afec2ec6
055f46f137
05f1516c30
044bc148ae
04a60c24ab
0457dab9b9
05f1e500b2
0416e96487
05edc382df
05a0259d8a
0470d232f5
048ef6c015
0491d92314
05c1d9706b
05cca52d57
0542a99153
05a4548d27
04ed14f059
04d81a2e3d
04eee36aa7
0466389942
0466a701f0
046699fa4e
04552a55d2
0471a79550
04d4645db1
0525432122
055731d813
055ec4e8ca
0595e89ccb
045852e094
0489c82874
044eabd010
046599dee7
05e77c3837
054c94d2c1
04c411fdda
0490135029
044207565d
0568fa95d5
042223d61b
0486ba3ce1
049575f65d
050b73b1ed
04c5676241
05a661a5e0
04246912f3
0519abd172
042f9b7e26
0548f2781a
05d35b4979
05a407e40a
041d47ee8d
045461ea20
0511f18879
055856f8c1
0544c9c201
0597ac0d05
054d400521
04c7579107
05afe124a9
053196088a
049bc02c9d
0483c12ee6
055fc794cd
044a192895
05e93396f8
0494095ccb
0414234c3e
049862f111
05c7a80a24
041b463d1b
040691e554
0404f271b7
05dc4a40f8
05192298ab
045c249634
044eb7298a
05d5191ebf
044a26b2fc
045ed50c05
042cd45064
05f1aab50c
05e937dda9
0414e88dc6
05a3faf047
0426725da4
04e5686221
040ca23190
05b0c0c586
04e5264e1b
04ca862635
0500cb860b
051191b10e
05f175f5a9
055624d4c8
046dc4fa6e
051e4bd050
049eb0bee0
04a371dc76
041743f306
042544e17f
055f8971f5
04df94cea9
04dd261dcb
051fe839d2
052e31b232
04a553445e
050bab7603
05717395f6
04ae68e8a7
05af5a41eb
04ce28ece9
041eabe1b9
045f228d20
044468ea77
04d5787a6b
056686e4c6
04c21b7181
04589ad656
054882f60f
04d1798119
052f998cde
040c9234a8
048e40edd0
04f0c8a94d
0462a271ae
048838c068
0567b306e1
046130fa53
0460759247
056c8a100b
0494553d14
0592153148
0431055988
0404a08ae9
0480faacef
058419a0ea
05d156d5ac
055d085ca2
04191446c1
04c18ab562
0561d8d10f
040c096103
05a5351053
0506287f1c
054b8af6a3
0516f3adfe
05c80658f2
048767462e
052a9beae7
0512c2a227
0464c55ce0
0446b4b852
050d5b1474
0466d185a9
0413e53c9a
0431273622
04dc1c0d2d
040260b864
05c0b8af18
051b4bc542
0540b31e85
0571129a3a
044df4a44f
059918a869
057149c71b
0488f76e67
042cdaf6d5
05d9586d92
0461a7d91e
05deb666d5
0465ba2643
045673480a
041e145968
04d026bdda
051537ee5d
041fa37d0b
04404c72b4
05e1b2f305
044c89d946
055f56e243
0487968867
0515a026c8
045bd7acda
0466803aa7
05cac95013
048d78ec56
045c92a8b8
05e78c5d2f
04c6919f19
041741d4ea
05ad23801c
054a76513b
04300478d1
04a51a6e55
0425e2be96
05cef57c5b
048253752d
05eb025cd6
05cf741837
04c882791c
05efa430e4
045005bd04
04e9e9a036
0456563a64
044ea03207
046618e0e9
05c784907d
049d056e4b
050da624eb
04cce80a93
0418578028
05af111b13
0513f2ec87
056d0825d2
04a473c70c
04d2f70a9c
0485ea76f3
04cfbaf5f3
046b344637
052c770152
042178556c
04547934bd
0544e6a2cb
05150048d1
0596bb7d7d
0529c18998
0483524619
048fe5d1eb
050dd1e6da
05922b3041
048c55f315
0482d1bc5d
04c640c456
044fb2ee61
056496fcfe
05c4f1e20e
05a145680b
050bd9ee43
0584f5b2ab
05c8b83eed
04e684117c
04c32206f8
0541d2ce25
0513336dc0
0415c87518
058e6b6d1a
0549eaedd0
048e162a35
048c698c65
05d1f46cef
0546135e1a
05077906e2
04a75ba047
04d771aaf9
0587945a9d
0454a82988
0564036064
043131cb03
04cbc09863
05c54a50b0
05a0162a25
051834b01f
0596c1388f
050f8a70e4
054b56871f
046a64def2
050b11ddf7
0570d619a2
049a76cc60
04c69be2ae
05134a6e0c
04e3177627
04edea799b
0409393597
0570573137
042495fe0c
04e070817a
056f0a01c7
04a4461ad2
04df5902a2
045a683a20
04dd7c4ece
04a2b5f28c
0447e05f0f
05085c748f
040cc03dc5
0469c1c83a
04e5f100fe
04dbe39317
050533ed70
05f0da7e91
051fab8b07
049ab11ec7
045eaae1cb
0559e1c09d
056e12dcd0
04de50b1c1
0471c5d0cb
0482e80c61
0586f39831
044c7205ec
05deec460e
0513146652
04dd45e8bc
044ce0529b
041f495dd7
05c9bad11e
051349cd05
058921ba77
050506cc94
05ca3670c8
0585901e27
046a2a2533
049201b40e
058a0692c4
0546c6f05d
0482e0814d
05c4e6b496
048debf2c6
0560b1c6f0
05e0607504
051e58b978
054055654d
04a9ba88b3
05ce100092
059c652522
0549cb2ced
0597c73681
04c3c18f00
0469786480
05115aa4b3
0510638d35
04145199f5
048e25d2b0
0466f8e916
04e779c141
052197cc6d
0403599a14
0426958de0
04abba5a1a
05839328e4
04583959b4
05f073c6ae
0469ec7918
0595048a62
0589ca6e96
05842825b2
05e609fb03
042043e276
04dbb0726d
055a73cde9
0588e8c08d
0403796714
0515d60984
04dbe770a2
058caba5e1
0519689ae6
05cc947e8c
059a27d4cf
0428f5412f
0547434843
04b1417282
050dfbcd79
05cfb232f8
051519cec6
0530600118
04e401a20c
048ff2fd07
0560c34c54
05ae46cce5
0519c66ea2
0553727da7
04c259ec17
05d80830ae
05b0667a40
049098ddaa
0567b0d471
05eb18944d
0521c6a5f4
051f358c42
05c581f4a6
05697c5695
047153a497
055581767c
058ef85e8a
04e529fdb8
0420f3d051
055eb6fc14
056e13aa43
05a9b0759e
05eb2770ea
0594000a1f
056fec42f5
0458184d78
052243e464
048f55d94d
042bc97c59
040d448cad
04447aeaf5
05ddb10e6e
054ca7022e
048c1531f1
0457f5f512
05932c5da1
040d16ad21
049f8554ac
04e7301882
048105d081
04ea13967b
05cfe91d4a
05a46bf543
05b1f0987c
055be0b0a5
050132e4c5
05e2d1f547
048aa8308e
04058815cb
044bb028ca
042ce2ba06
04e59b0d93
0459581d1c
04168bd5a1
05ed99fa7f
048b79f0bd
04e3fc2838
05cdf5a82a
04036a26e0
04b09b70bb
0497407689
056b31f497
044c05a17e
059b087d3d
046942d2f2
048e369e99
048e26c20e
0428d1a009
05cba7f9f4
04d63a189c
055d32f04e
04e57bbd8e
049a9c7a8d
0449c38c7c
042ce6a4d6
0404da9828
05130c6516
054a148d19
05137b549e
058cb79cb1
050d659204
05153af2b2
049705d30b
04e074fe5d
0489787694
05ddc0c681
05e304fa57
048fd025c7
048c138d18
041b8bb098
04d2b86e8d
0495b99519
05ae962240
051880de92
05c5e95471
05006a1041
05566bb83c
04660a46e8
040fa59e36
044f59eeda
054b281c19
04ec5041bc
05062a32cd
059f18a06d
056fab8307
04c3a7e5a6
05993b35f7
05069b98b7
04f167dcc5
05a8c4ed89
056d85c4ae
05de0c1cbb
04a725d451
048d694887
04ac266ac1
051419e95a
04a3232ae3
046424f9f8
04232090dc
0402139978
0458f12944
0427e5adca
05a5aa25b9
04e451de39
059d78c065
04c88ab424
04c126b070
05d5a8366a
049d96220d
041af4fa82
049cfaec18
05ea79c557
041df4905e
04cd3b0c64
04dd197494
043012988f
05a7d085bc
04019ab654
05e9349105
0461620d72
051f17f4c7
0554aa1698
048061dc9d
0564b8babf
04df741612
0592223993
056ec8a4b4
04ab6a5b13
048721971c
04a6b5819c
04c4e56918
04c2a9fab7
058ed99836
04233258b0
05f090fee0
040b7976c3
044c334cbe
04466c7142
04251b816c
04dc2a8ea7
04ae30a914
0483e790ad
04991c6edd
044123ec70
056cb9e64b
045149e4d3
05d7d3f6d1
04e1b576e9
04311000ce
0448c284f9
05caf1a4ce
05d5d3f467
041f686260
051c5c2d51
05c4c22419
041f03a095
0419945c8d
04cde0129a
04dea3e199
05e2dbe9f3
05643158be
04ecc0da05
0570e519bd
04b1e919ca
048556f1c0
048f3bac45
05a8e3ba7d
05e8049253
046ea35d3c
04dc48106a
046b10aad3
05d4b50135
04a02702a1
0591067c8d
04ca3576ea
054e6b4656
05d1f5e85b
0587284d22
04df72eab6
045c24ba73
04cc92b4ce
05ddeb1301
058cb33958
04e42544b9
040821c227
056f94e6bb
05301519e1
049d04fc52
0516e4b29f
05a8f11160
058c81a25d
04cf636005
049fc08a84
05eb4b4d63
0465976218
05ae1aa314
049c68f487
05a2079276
056d3819e2
059554a543
0594486257
05d6ea0711
05c2d596a1
041546a49f
058c22b219
044782f896
046ddb5564
0483c5be1c
04d6781d9f
05c069c22c
05ae789a62
05e412f667
042e3ba44f
04dc210299
05eaa7e6e3
0551b92d2f
05e191e2cf
049129e495
05a69466de
05c0c5cefa
04254a3e12
041b65493d
05c11a922c
04193201f4
050e2bfeae
041d90f02d
05c4397061
0488681ca6
059ab0dc48
042babf1f2
04d6cc6d7f
0504d3305b
04927abe46
05ccc5beb0
0498345719
04e5b63eae
04925a25a1
054c83f575
05a585c803
040c9ae5ba
05a3bb9990
0508a230a3
04500ba6c2
0591438628
056d369f1e
05ea3a012e
05852aa2a9
0405325a44
05e0451ca5
05a9a35589
04efb1a698
04afb5f486
04cb97ac18
0564eb1aa3
049222c6ba
059f87a417
0447eb8b0c
058425e91c
045266e951
049a3a6580
04acf18ed7
054679d147
045478142b
05ea450c56
05d2604466
05933b8c82
0455394441
056d739f12
04e7090819
05c858bea3
05de48e872
0531827dd0
05278976de
049eba16de
04c39642a9
04499c7cd5
045ce9944f
055d5b783a
05c6680224
0588c5320f
055a902a58
05ef14443b
051fd92855
05c125d6e5
0494b474b1
059b85a64e
041cd76086
0496b4993a
05588360c5
051b277eba
055a430160
04ebaa4406
040c4b880f
04ae346b04
046ed2b991
05d41704b4
04d9767262
04c7e64ebd
05de49ae13
0571d3c5eb
05e789345b
0499ca706e
044be2049f
04117b8a7b
05edc938f7
0597512065
056296361c
05615c70c0
05c098642d
0418d9121a
055911f61d
0544686c32
04e525381c
04a304ecc5
05c01ae56f
0487e3cf13
042e965d4f
05566b2c6b
0408d2050f
0443596d2f
0567700013
05e2b97d4c
05e43a607a
04671a3e13
05de61ac05
046731a9e1
05a31568eb
058877380e
044209241c
05ef36c155
04013668cd
04e9f89c44
0523f558fa
04c0914cff
04c3546af5
0567ebedcd
05b005f1c9
055ed6913a
05236a3178
04c3623421
05203426c4
046cf6960c
044538e2db
04b0d3edf6
05af8bdc81
04cd89e83d
0563cbfde7
0451cb1c07
05682979cc
04d0945cb6
04c4fae047
0481201927
05ad93a173
0530a23c97
042629a45a
0560863e0c
04d66bfae4
0417469256
04ea49915d
04e5e23ae2
05aa7aa207
04cef97c6c
04f0362b01
05d7e936ec
05a8917108
0506272e87
04e4ca2ee4
05660a0817
04a8b0ccb6
0483c5a28d
04183ac451
05092a2efa
05c7c0fcee
0506c21482
05cba6248f
05ac5a0c87
058d8014ec
044da0ba89
045b94f42f
05edaac406
055e844eb1
058d4b30d8
054a4884b6
0561e9fa97
048433eae3
04e57baa06
051849a5b3
042221860f
040f154e25
05eac3f84b
055c87f250
059d42bed2
042f70a942
040fc8a138
048ea6ac7d
04896c4a58
04105aec1b
05e5f5c2c7
049e0ad05a
0488804480
05c6904e68
04631bfa52
044d991449
05e0248c8e
056597f4fe
04c977f61d
04cc582221
058df4404d
042fdb28e3
050694f191
0561d968ba
0516a27d3b
05ada04471
05e363717b
05ce1560b6
05eb3b8a34
045c8402ea
042c5965c2
05a6409e30
055ba32dbd
05606568c5
05e253f5d5
041e0b9d62
046ec9055e
0464d0de22
044c35df08
04a802e0c0
042ebb6632
0449509a09
0445ac3691
0414782d80
059b47f0e5
05a2c22466
05c3153d0b
04e3eac01f
041e262ef0
054bf75da0
046e9b0c05
04cfb28a42
04ade87449
05114b9697
04c436b1ef
046a511e8e
0447a9b859
056413a0e7
046327d119
051cea2eea
051028cef2
051333ed2c
049597ed75
0492881a1f
0548ca763b
044c56f8c0
049c88fe76
04cba0a8c2
0419456150
04582c34e2
0596c649c8
04f06b94e4
0548332ec2
04db2c70dd
0465c47590
05429a0cc2
046a210477
052c80e842
04af28d802
04a27a81ab
05c1749506
051991455d
0559469405
042e1095a6
04a6b89e7f
040212d8c3
049e29255a
0494c11951
0409f6fcf9
049457f874
056193305f
05d090acec
04ca23f97b
05dd353a56
051fb414b7
05907ade4b
05e12634ea
052615a535
04dc67cdc5
04d3bbd632
044b642958
04c8306a66
0483db75d5
042bf299e3
059126148e
04e236ae24
046db2e016
044396d998
0553bb8ec5
05ed77ef1c
055f306214
054ff6e4c8
046366c16d
05158b1889
0561517478
052f342e3a
051b7735a6
0470f15c04
04665bb201
04a568a293
05c7761a3d
04ab28714c
056c6a21bb
055c92d569
04da097e3a
05250160ce
0528a7ba15
04a23579b6
05aa94b0cd
044609ad9c
050cfc50bb
04ae6472cb
05cfb7f57d
04a30b5f04
054e6a648e
0531d4a4fe
041a52c675
0404d1597b
05a2c0b2b4
05ce317447
0513477b16
0580d82af0
04561a0427
049bc34b11
04a329831f
05a37864e7
04e294509f
05b002857c
050bd9a1f5
05deb1f30f
052d0639ca
04c3a2da89
042fb0070b
0589ca668c
048592d874
050d4bfec0
056c4776d9
041a375efe
0543d5b1b1
05e84058d1
056758a857
059e09a2d2
049ef1a610
04615102ba
056364fd73
045cbb7030
059b639a40
05d317dd7c
0504bbb4b5
05aab635e4
05e99581e2
04a7ba48f7
0511e5c283
0449924663
04db849513
050e63d0da
04d1a3659a
0450841872
04cdea81d4
059ff4614d
05b1b3690f
0403ca098a
05c51aa4ba
049650995f
0571d5c8c4
04ec30519b
05b1d6531e
05e284651f
046b47dd85
052965b238
0565b14e1b
0558b48cb5
0442202862
05a737a1ef
0520c60135
0448d72c38
0518e1e947
041b1bfe41
05a436d022
05ef5184d1
05c7903c62
0596806841
04ccd60947
049682d20b
0584115e6c
04104140f1
0522b4fe05
04485ac23b
05e0c32aeb
05c3231070
0400200624
0563ea769c
0414281d77
0503c3a20b
0488760a94
0591c3da1e
05ae10ddca
0417bb9e7e
04689b0a8b
05a59c106e
046dec4cb3
04a6a9399c
040ab8bce8
050b064c8a
052f1865db
046c0a0a68
0501ec4564
0466e5c891
04ac0a50c8
05110361ed
042d20e9fa
04cf839911
04d5429310
048c4930bb
0596d120bb
041132ea03
04843129c3
042562db10
042b1601b6
04a71bc70e
04c55c7089
0505a861b5
05caa3e93c
0495865469
051e2a2859
0482c944d7
0454651ef0
0464a54d1d
0543644c8b
05889878b2
05962821fb
045db5484e
0453f6e8e1
050b18c648
05c1659f13
0415f9ce82
05ec0a6141
05e1118421
04d7966aef
0417652146
044da57c3b
04168a8538
0444a77dfe
044ed996a4
052030d4ea
055b317ec3
056a1b76b3
04e708eed1
05e102a993
04934436e2
04088a042a
055f60f31b
0420b8925c
05d5c311eb
04dab4e538
0563961d9d
051571d9ec
055ca46a78
05d12496cc
052dd75e8f
05a1b9a12e
04d7c11930
0451a5b909
0525012cec
04311c762e
0498039aaf
05cc33a6f2
05a666b921
05c9350cf2
04591199ec
05c1bb5ee0
041d05cadf
052a1871b6
0446e79997
05833a1501
045703b5aa
0521f9e924
0526c8ea08
04ef41448b
05a5f7ad56
0429b1c6a6
04a98c0599
05611a7d0b
0468006e61
04992241e1
058c08d31b
05d4821975
04efc93d3f
058a18a6a5
059c89d292
0552e8a885
055a875844
0551376645
058997c29c
04e9b7b048
049beb6d7b
04468180d5
05d10c1263
055744e816
056e7b6db6
05667780b1
058112ce42
0448f40159
055421b8fa
0496671e99
05b07b184c
05a387591c
05223c2278
05450b6004
052f64be33
052523f565
041ad8e0b3
05edfa4269
05c81408ce
042d38d265
05c99ad039
0443b0f2d7
049714cb0f
058be0991c
0402779178
04df1b9eaa
041dd994f6
05a7da2d5e
041da0084c
04ddc6366f
0431a3268c
05c8c21531
0464f7097b
045e68c03d
05a671fe07
0557e1822b
05041a5490
046312be15
05028659d5
05141acb1c
0414db7d2e
0452a730dd
0449495170
059a978955
044fa5424a
05e4549822
0555821cb9
04efb75503
0446c2621e
05f01b9171
059bd1d8e1
04f0f17574
04a8e47eb2
0420458695
05a588cac1
05edc07c7d
041be24125
05a356e9b7
04983bfaa7
051b22a989
052d604d5c
0404162e84
050eba98c5
056102d1c4
05abfb4ce5
046cab0409
05e40a2458
056ba7a2df
0427414579
04a95916fa
04a32aba15
04afb63425
0588f92c1c
05165b29fd
05ed67b287
04473896a3
052f189143
0555807895
04e543f120
05d2ea4804
0489369ac1
0422155300
052f78355d
0526a590f0
0424283434
04c7b598de
05c496bd2a
0506184da2
0583e53508
050bb3458f
0522daa8a5
0595bc0a57
05419001d3
05c6eb2ab4
04a35b4989
05ed141192
04d64bc6f8
04dcdb4c55
05e62a08fc
05d713153c
045b89bc21
05608a216b
05319b90df
05042be1e9
0588d23120
0426c5bd81
054938380b
052442e95a
046d6805ca
044522264b
0527a11ce4
051667e033
0570460521
059d71a48d
05c9b88d6d
04a169fcd9
05ddb179b2
05e245de34
042130eaea
0489ac7a3d
0495a3a8ce
05aeeb8e7c
0411155f1c
04ae2364f9
0456270a39
055da5f819
045f88d080
04a6299d50
05df4411f9
04809620f3
0406520d62
0400c03c0d
0510611e05
0565d1c2d0
05975bc252
049c9806e7
051683c50b
051c903e86
04269b19a3
051cec5d32
04484a16bc
050a0049a3
049ef99582
0512d125d9
055fb31e3a
05c0c5ca8c
0419a5ec2b
04eb1bd117
0562ebee74
05ea83a4fc
04cb06c143
04c91c5caa
044b2949d3
040ff56dd1
05005a6876
059f79ea95
056241e079
04a2792ad0
052a053137
059ec1181b
05ae02604c
054a000e7e
04e3b41ad4
055a882036
04ee590509
05a60c59d1
05eb0249b1
048f432ae8
050a266939
05a2c7662f
0417160e31
044767edb5
0528055a7a
05a7180d0b
0452ab9d52
05d9892602
040145f137
041b5ad90b
0413fc5173
0407b442e5
0444cc313a
048fe9547d
0584b80d02
055bb1f0cb
056849e25f
048774571c
04ed43c0a6
04a2a464ce
05d637a137
0418754d98
0488a89d97
059843ca2e
04ec42cdf2
048d15a25c
0526aa21cf
05d0f6e8b8
0554963e68
05c84495cb
0410074a28
040ba1fc2b
055a7c0c3f
052a8bde0d
054165a43f
0431b36d9d
054ef50849
04d4e90149
05eb69682e
052c0b9435
051d13c055
05919af5ef
057121e631
0414855211
0580248551
0499b18948
0449c7d200
0514728623
04c76ae63e
044867950a
0453465e67
048c90a19d
045e5701eb
04d919a446
056f743d9e
05edb8095c
041d62fc42
0541cbce12
055931d4e8
04c90c1e14
0560f8e710
045e179236
04d3793639
054e329111
041ee5d97b
05ae48caf9
0445a4131e
044ce8e8fd
05d260109f
