55555556
73997399
7a807a80
7cf37cf4
7e147e14
7eae7eaf
7f0b7f0b
7f467f46
7f6e7f6e
7f8a7f8b
7f9f7fa0
7faf7fb0
7fbc7fbc
7fc57fc5
7fcd7fcd
7fd37fd4
7fd87fd9
7fdd7fdd
7fe07fe1
7fe47fe4
7fe67fe7
7fe97fe9
7feb7feb
7fec7fed
7fee7fee
7fef7ff0
7ff07ff1
7ff17ff2
7ff27ff3
7ff37ff4
7ff47ff4
7ff57ff5
18ce7399
266fb322
2a1cc444
2b7acaa3
2c1ecd9d
2c76cf3a
2cabd031
2ccdd0d1
2ce5d13d
2cf5d18a
2d01d1c3
2d0bd1ed
2d12d20e
2d17d229
2d1cd23d
2d1fd24f
2d22d25d
2d25d268
2d27d272
2d29d27b
2d2ad282
2d2cd288
2d2dd28e
2d2ed292
2d2fd296
2d30d29a
2d30d29e
2d31d2a0
2d31d2a3
2d32d2a5
2d32d2a8
2d33d2a9
0b007a80
11a0c444
137dd906
1431e0d7
1485e483
14b3e681
14cfe7b3
14e0e879
14ece8ff
14f5e95f
14fbe9a5
1500e9da
1504ea03
1507ea23
1509ea3d
150bea52
150cea64
150eea72
150fea7f
1510ea89
1511ea92
1511ea9a
1512eaa1
1512eaa7
1513eaac
1513eab1
1513eab5
1514eab8
1514eabc
1515eabe
1515eac1
1515eac3
06197cf4
09e3caa3
0af8e0d7
0b61e93e
0b92ed32
0badef58
0bbdf0a2
0bc8f177
0bcff208
0bd4f26f
0bd7f2bb
0bdaf2f4
0bdcf321
0bdef343
0bdff360
0be1f376
0be2f389
0be2f399
0be3f3a6
0be3f3b2
0be4f3bb
0be4f3c4
0be5f3cb
0be5f3d1
0be5f3d7
0be5f3dc
0be6f3e0
0be6f3e4
0be6f3e8
0be6f3eb
0be6f3ee
0be7f3f0
03d87e14
0645cd9d
06f8e483
073ced32
075cf149
076df382
0777f4d8
077ef5b4
0782f64b
0786f6b5
0788f704
078af73f
078bf76d
078cf791
078df7ae
078ef7c6
078ff7d9
078ff7ea
078ff7f8
0790f803
0790f80d
0790f816
0791f81d
0791f824
0791f82a
0791f82f
0791f834
0791f838
0792f83b
0791f83f
0792f842
0792f844
02a37eaf
0450cf3a
04cce681
04fbef58
0511f382
051df5c6
0524f722
0529f803
052cf89c
052ef909
0530f958
0531f995
0532f9c4
0533f9e8
0534fa06
0534fa1e
0535fa32
0535fa43
0535fa51
0535fa5d
0536fa67
0536fa70
0536fa78
0536fa7e
0536fa84
0536fa8a
0536fa8e
0537fa92
0536fa96
0537fa99
0537fa9c
0537fa9f
01ea7f0b
0324d031
037ee7b3
03a1f0a2
03b1f4d8
03baf722
03bff882
03c2f966
03c5fa00
03c6fa6e
03c7fabf
03c8fafc
03c9fb2b
03cafb50
03cafb6f
03cafb87
03cbfb9b
03cbfbac
03cbfbba
03cbfbc6
03ccfbd0
03ccfbd9
03ccfbe1
03ccfbe8
03ccfbee
03ccfbf3
03ccfbf8
03ccfbfc
03ccfc00
03ccfc03
03cdfc06
03ccfc09
01747f46
0262d0d1
02a7e879
02c1f177
02cef5b4
02d4f803
02d8f966
02dbfa4a
02ddfae6
02defb55
02dffba6
02e0fbe3
02e0fc13
02e0fc39
02e1fc57
02e1fc70
02e1fc84
02e2fc95
02e2fca3
02e2fcaf
02e2fcba
02e2fcc3
02e2fccb
02e2fcd1
02e3fcd7
02e2fcdd
02e3fce1
02e2fce6
02e3fce9
02e3fced
02e3fcf0
02e3fcf3
01247f6e
01ded13d
0215e8ff
0229f208
0233f64b
0238f89c
023bfa00
023dfae6
023ffb82
0240fbf1
0241fc43
0241fc81
0242fcb1
0242fcd7
0242fcf5
0242fd0e
0243fd22
0243fd33
0243fd42
0243fd4e
0243fd58
0243fd61
0243fd69
0243fd70
0243fd76
0243fd7c
0243fd81
0243fd85
0244fd88
0243fd8c
0243fd8f
0243fd92
00eb7f8b
0181d18a
01ace95f
01bdf26f
01c5f6b5
01c9f909
01ccfa6e
01cdfb55
01cffbf1
01d0fc61
01d0fcb3
01d1fcf1
01d1fd21
01d1fd47
01d1fd66
01d1fd7f
01d2fd93
01d2fda4
01d2fdb2
01d2fdbf
01d2fdc9
01d2fdd2
01d2fdda
01d2fde1
01d2fde7
01d2fded
01d2fdf2
01d2fdf6
01d2fdfa
01d2fdfd
01d2fe00
01d2fe03
00c17fa0
013cd1c3
0160e9a5
016ef2bb
0174f704
0178f958
017afabf
017bfba6
017cfc43
017dfcb3
017dfd06
017dfd44
017efd74
017efd9a
017efdb9
017ffdd1
017efde6
017ffdf7
017ffe05
017ffe12
017ffe1c
017ffe25
017ffe2d
017ffe34
017ffe3a
017ffe40
017ffe45
017ffe49
017ffe4d
017ffe50
017ffe53
017ffe56
00a17fb0
0108d1ed
0126e9da
0132f2f4
0137f73f
013af995
013cfafc
013dfbe3
013efc81
013efcf1
013ffd44
013ffd82
013ffdb2
013ffdd9
0140fdf7
0140fe10
0140fe24
0140fe36
0140fe44
0140fe50
0140fe5b
0140fe64
0140fe6c
0140fe73
0140fe79
0140fe7f
0140fe83
0140fe88
0140fe8c
0140fe8f
0140fe92
0140fe95
00887fbc
00e0d20e
00f9ea03
0103f321
0108f76d
010af9c4
010cfb2b
010dfc13
010dfcb1
010efd21
010efd74
010ffdb2
010ffde3
010ffe09
010ffe27
010ffe40
010ffe55
010ffe66
010ffe75
010ffe81
010ffe8c
010ffe95
010ffe9d
010ffea4
010ffeaa
0110feaf
010ffeb4
0110feb8
0110febc
0110febf
010ffec3
0110fec5
00767fc5
00c0d229
00d6ea23
00dff343
00e3f791
00e5f9e8
00e6fb50
00e7fc39
00e7fcd7
00e8fd47
00e8fd9a
00e8fdd9
00e8fe09
00e9fe2f
00e8fe4e
00e9fe67
00e9fe7b
00e9fe8c
00e9fe9b
00e9fea7
00e9feb2
00e9febb
00e9fec3
00e9feca
00e9fed0
00e9fed6
00e9feda
00e9fedf
00e9fee3
00e9fee6
00e9fee9
00e9feec
00667fcd
00a7d23d
00baea3d
00c1f360
00c5f7ae
00c6fa06
00c7fb6f
00c8fc57
00c9fcf5
00c9fd66
00c9fdb9
00c9fdf7
00cafe27
00cafe4e
00cafe6c
00cafe85
00cafe9a
00cafeab
00cafeba
00cafec6
00cafed1
00cafeda
00cafee2
00cafee9
00cafeef
00cafef4
00cafef9
00cafefe
00caff01
00caff05
00caff08
00caff0b
00597fd4
0092d24f
00a3ea52
00a9f376
00acf7c6
00aefa1e
00affb87
00affc70
00b0fd0e
00b0fd7f
00b0fdd1
00b0fe10
00b1fe40
00b0fe67
00b1fe85
00b1fe9e
00b1feb3
00b1fec4
00b1fed3
00b1fedf
00b1feea
00b1fef3
00b1fefb
00b1ff02
00b1ff08
00b1ff0e
00b1ff12
00b1ff17
00b1ff1b
00b1ff1e
00b1ff21
00b1ff24
004f7fd9
0081d25d
0090ea64
0095f389
0098f7d9
0099fa32
009afb9b
009bfc84
009bfd22
009bfd93
009cfde6
009cfe24
009cfe55
009cfe7b
009cfe9a
009cfeb3
009cfec8
009cfed9
009cfee8
009cfef4
009cfeff
009cff08
009cff10
009cff17
009cff1d
009cff22
009cff27
009dff2b
009cff2f
009cff33
009cff36
009cff39
00467fdd
0073d268
0080ea72
0085f399
0087f7ea
0088fa43
0089fbac
0089fc95
008afd33
008afda4
008afdf7
008afe36
008bfe66
008bfe8c
008bfeab
008bfec4
008bfed9
008bfeea
008bfef9
008bff05
008bff10
008bff19
008bff21
008bff28
008bff2e
008bff33
008bff38
008bff3d
008bff41
008bff44
008bff47
008bff4a
003f7fe1
0067d272
0072ea7f
0077f3a6
0079f7f8
007afa51
007bfbba
007bfca3
007bfd42
007cfdb2
007cfe05
007cfe44
007cfe75
007cfe9b
007cfeba
007cfed3
007cfee8
007cfef9
007cff08
007cff14
007dff1e
007cff28
007cff30
007cff37
007cff3d
007cff42
007cff47
007dff4b
007cff4f
007cff53
007cff56
007cff59
00387fe4
005cd27b
0067ea89
006bf3b2
006df803
006efa5d
006ffbc6
006ffcaf
006ffd4e
006ffdbf
006ffe12
0070fe50
0070fe81
0070fea7
0070fec6
0070fedf
0070fef4
0070ff05
0070ff14
0070ff20
0070ff2b
0070ff34
0070ff3c
0070ff43
0070ff49
0070ff4e
0070ff53
0070ff58
0070ff5b
0070ff5f
0070ff62
0070ff65
00337fe7
0054d282
005dea92
0061f3bb
0063f80d
0063fa67
0064fbd0
0064fcba
0065fd58
0065fdc9
0065fe1c
0065fe5b
0065fe8c
0065feb2
0065fed1
0065feea
0065feff
0065ff10
0065ff1e
0065ff2b
0065ff36
0065ff3f
0065ff47
0065ff4e
0065ff54
0065ff59
0065ff5e
0066ff62
0065ff66
0065ff6a
0065ff6d
0065ff70
002e7fe9
004cd288
0055ea9a
0058f3c4
005af816
005afa70
005bfbd9
005bfcc3
005cfd61
005cfdd2
005cfe25
005cfe64
005cfe95
005cfebb
005cfeda
005cfef3
005cff08
005cff19
005cff28
005cff34
005cff3f
005cff48
005cff50
005cff57
005cff5d
005cff62
005cff67
005cff6c
005cff6f
005cff73
005cff76
005cff79
002a7feb
0045d28e
004deaa1
0050f3cb
0052f81d
0052fa78
0053fbe1
0053fccb
0054fd69
0054fdda
0054fe2d
0054fe6c
0054fe9d
0054fec3
0054fee2
0054fefb
0054ff10
0054ff21
0054ff30
0054ff3c
0054ff47
0054ff50
0054ff58
0054ff5f
0054ff65
0054ff6a
0054ff6f
0054ff74
0054ff77
0054ff7b
0054ff7e
0054ff81
00277fed
0040d292
0047eaa7
004af3d1
004bf824
004cfa7e
004cfbe8
004dfcd1
004dfd70
004dfde1
004dfe34
004dfe73
004dfea4
004dfeca
004dfee9
004dff02
004dff17
004dff28
004dff37
004dff43
004dff4e
004dff57
004dff5f
004dff66
004dff6c
004dff71
004dff76
004dff7b
004dff7e
004dff82
004dff85
004dff88
00247fee
003bd296
0041eaac
0044f3d7
0045f82a
0046fa84
0046fbee
0046fcd7
0047fd76
0047fde7
0047fe3a
0047fe79
0047feaa
0047fed0
0047feef
0047ff08
0047ff1d
0047ff2e
0047ff3d
0047ff49
0047ff54
0047ff5d
0047ff65
0047ff6c
0047ff72
0047ff77
0047ff7c
0047ff81
0047ff84
0047ff88
0047ff8b
0047ff8e
00217ff0
0036d29a
003ceab1
003ff3dc
0040f82f
0040fa8a
0041fbf3
0041fcdd
0041fd7c
0041fded
0041fe40
0041fe7f
0041feaf
0041fed6
0042fef4
0041ff0e
0042ff22
0042ff33
0042ff42
0042ff4e
0042ff59
0042ff62
0042ff6a
0042ff71
0042ff77
0042ff7d
0041ff82
0042ff86
0042ff8a
0042ff8d
0042ff90
0042ff93
001f7ff1
0032d29e
0038eab5
003af3e0
003bf834
003cfa8e
003cfbf8
003cfce1
003cfd81
003cfdf2
003cfe45
003dfe83
003dfeb4
003dfeda
003dfef9
003dff12
003dff27
003dff38
003dff47
003dff53
003dff5e
003dff67
003dff6f
003dff76
003dff7c
003dff82
003dff86
003dff8b
003dff8f
003dff92
003dff95
003dff98
001d7ff2
002fd2a0
0034eab8
0036f3e4
0037f838
0037fa92
0038fbfc
0038fce6
0038fd85
0038fdf6
0038fe49
0038fe88
0038feb8
0038fedf
0038fefe
0038ff17
0038ff2b
0038ff3d
0038ff4b
0038ff58
0038ff62
0038ff6c
0038ff74
0038ff7b
0038ff81
0038ff86
0038ff8b
0039ff8f
0038ff93
0038ff97
0038ff9a
0038ff9d
001b7ff3
002cd2a3
0030eabc
0032f3e8
0033f83b
0034fa96
0034fc00
0034fce9
0034fd88
0034fdfa
0034fe4d
0034fe8c
0034febc
0034fee3
0035ff01
0034ff1b
0035ff2f
0034ff41
0035ff4f
0035ff5b
0035ff66
0035ff6f
0035ff77
0035ff7e
0035ff84
0034ff8a
0034ff8f
0035ff93
0035ff97
0035ff9a
0034ff9e
0035ffa0
00197ff4
0029d2a5
002deabe
002ff3eb
0030f83f
0030fa99
0031fc03
0030fced
0031fd8c
0031fdfd
0031fe50
0031fe8f
0031febf
0031fee6
0031ff05
0031ff1e
0031ff33
0031ff44
0031ff53
0031ff5f
0031ff6a
0031ff73
0031ff7b
0031ff82
0031ff88
0031ff8d
0031ff92
0031ff97
0031ff9a
0031ff9e
0031ffa1
0031ffa4
00187ff4
0026d2a8
002aeac1
002cf3ee
002cf842
002dfa9c
002dfc06
002dfcf0
002efd8f
002efe00
002efe53
002efe92
002efec3
002efee9
002eff08
002eff21
002eff36
002eff47
002eff56
002eff62
002eff6d
002eff76
002eff7e
002eff85
002eff8b
002eff90
002eff95
002eff9a
002eff9e
002effa1
002effa4
002effa7
00167ff5
0024d2a9
0028eac3
0029f3f0
002af844
002afa9f
002bfc09
002afcf3
002bfd92
002bfe03
002bfe56
002bfe95
002bfec5
002bfeec
002bff0b
002bff24
002bff39
002bff4a
002bff59
002bff65
002bff70
002bff79
002bff81
002bff88
002bff8e
002bff93
002bff98
002bff9d
002bffa0
002bffa4
002bffa7
002bffaa
739918ce
b322266f
c4442a1c
caa32b7a
cd9d2c1e
cf3a2c76
d0312cab
d0d12ccd
d13d2ce5
d18a2cf5
d1c32d01
d1ed2d0b
d20e2d12
d2292d17
d23d2d1c
d24f2d1f
d25d2d22
d2682d25
d2722d27
d27b2d29
d2822d2a
d2882d2c
d28e2d2d
d2922d2e
d2962d2f
d29a2d30
d29e2d30
d2a02d31
d2a32d31
d2a52d32
d2a82d32
d2a92d33
266f266f
55555556
69d969da
72ef72f0
77827783
7a157a16
7ba97ba9
7cb07cb0
7d657d65
7de67de6
7e457e45
7e8d7e8e
7ec67ec6
7ef27ef2
7f167f16
7f337f33
7f4b7f4b
7f5f7f5f
7f707f70
7f7e7f7e
7f8a7f8b
7f957f96
7f9e7f9f
7fa77fa7
7fae7fae
7fb47fb4
7fba7fba
7fbf7fbf
7fc37fc4
7fc77fc8
7fcb7fcb
7fce7fcf
11a02a1c
2c4d69da
3a538b5b
41199b8b
44a7a40b
46b3a8ee
47f8abf6
48cdadf5
4961af55
49cbb052
4a19b10e
4a55b19c
4a83b20b
4aa8b262
4ac5b2a9
4addb2e2
4af1b312
4b02b339
4b10b35b
4b1cb377
4b26b390
4b2fb3a5
4b37b3b7
4b3db3c8
4b43b3d6
4b49b3e2
4b4db3ee
4b51b3f8
4b55b401
4b58b409
4b5cb410
4b5eb417
09e32b7a
1a2172f0
235c9b8b
2802affc
2a80baf1
2bf3c151
2cdac54c
2d73c7ee
2dddc9c0
2e2acb0f
2e62cc08
2e8dccc5
2eaecd58
2ec9cdcc
2edece2a
2ef0ce77
2efeceb6
2f0aceeb
2f14cf18
2f1dcf3e
2f24cf5f
2f2bcf7b
2f31cf93
2f35cfa9
2f3acfbc
2f3dcfcd
2f41cfdc
2f44cfe9
2f47cff5
2f49d000
2f4bd00a
2f4dd012
06452c1e
10fb7783
174ea40b
1a8fbaf1
1c52c75c
1d5acea0
1e00d32d
1e6ed631
1ebad849
1ef1d9ca
1f19dae9
1f38dbc2
1f50dc6c
1f63dcf2
1f73dd5e
1f7fddb6
1f8addff
1f92de3d
1f9ade70
1fa0de9c
1fa5dec2
1faadee2
1faedeff
1fb1df18
1fb4df2e
1fb7df41
1fbadf52
1fbcdf61
1fbedf6f
1fbfdf7c
1fc1df87
1fc3df91
04502c76
0bd57a16
105fa8ee
12bcc151
1406cea0
14c8d670
1541db59
1592de9b
15cbe0dd
15f3e27e
1611e3b3
1628e49f
1639e557
1647e5e8
1653e65d
165ce6bc
1664e70b
166ae74e
166fe786
1674e7b5
1678e7de
167ce801
167fe820
1681e83b
1683e853
1685e868
1687e87b
1689e88b
168ae89a
168ce8a7
168de8b4
168ee8bf
03242cab
08ae7ba9
0c12abf6
0ddac54c
0ed3d32d
0f66db59
0fc2e07c
0fffe3e6
102ae644
1049e7f9
105fe93e
1071ea35
107eeaf6
1089eb8e
1092ec09
1098ec6e
109eecc1
10a3ed06
10a7ed41
10abed73
10aeed9e
10b0edc3
10b3ede3
10b5edff
10b7ee18
10b8ee2e
10b9ee42
10bbee53
10bcee63
10bdee71
10beee7e
10beee8a
02622ccd
06a07cb0
093eadf5
0a9fc7ee
0b61d631
0bd3de9b
0c1be3e6
0c4be76a
0c6ce9dc
0c84eb9f
0c96ecee
0ca3eded
0caeeeb3
0cb6ef51
0cbdefd0
0cc3f037
0cc7f08d
0ccbf0d5
0ccef112
0cd1f145
0cd3f172
0cd5f198
0cd7f1b9
0cd9f1d6
0cdaf1f0
0cdbf207
0cdcf21b
0cddf22d
0cdef23d
0cdff24c
0ce0f259
0ce0f265
01de2ce5
05367d65
074aaf55
0863c9c0
08fdd849
0958e0dd
0992e644
09b8e9dc
09d3ec5b
09e6ee27
09f4ef7e
09fff082
0a07f14d
0a0ef1ee
0a13f270
0a18f2da
0a1bf332
0a1ef37b
0a21f3b9
0a23f3ee
0a25f41b
0a27f442
0a28f464
0a29f482
0a2af49c
0a2bf4b4
0a2cf4c8
0a2df4db
0a2ef4eb
0a2ef4fa
0a2ff507
0a2ff514
01812cf5
04347de6
05e3b052
06c7cb0f
0745d9ca
078fe27e
07bee7f9
07ddeb9f
07f3ee27
0803effb
080ef157
0817f25f
081ef32d
0823f3d1
0827f455
082bf4c0
082ef519
0830f564
0833f5a2
0835f5d8
0836f606
0837f62e
0838f651
083af66f
083af68a
083bf6a1
083cf6b6
083df6c9
083df6da
083ef6e9
083ef6f7
083ff703
013c2d01
03767e45
04d9b10e
0596cc08
05fedae9
063ce3b3
0663e93e
067cecee
068eef7e
069bf157
06a5f2b6
06acf3c2
06b2f492
06b7f537
06baf5bd
06bdf62a
06c0f684
06c2f6cf
06c3f70f
06c5f745
06c6f774
06c7f79c
06c8f7bf
06c9f7dd
06caf7f8
06cbf810
06cbf826
06ccf838
06ccf84a
06ccf859
06cdf867
06cdf873
01082d0b
02e57e8e
040fb19c
04aeccc5
0506dbc2
0539e49f
055aea35
0570eded
057ff082
058af25f
0592f3c2
0598f4d0
059df5a2
05a1f649
05a4f6cf
05a6f73d
05a8f798
05aaf7e4
05acf824
05adf85b
05aef88a
05aff8b2
05aff8d6
05b0f8f5
05b1f910
05b2f928
05b2f93d
05b2f951
05b3f962
05b3f971
05b4f97f
05b4f98c
00e02d12
02747ec6
0372b20b
03facd58
0444dc6c
0470e557
048ceaf6
049feeb3
04acf14d
04b5f32d
04bcf492
04c1f5a2
04c5f676
04c8f71e
04cbf7a5
04cdf814
04cff86f
04d0f8bc
04d2f8fc
04d3f933
04d4f962
04d4f98c
04d5f9af
04d6f9ce
04d6f9ea
04d7fa02
04d7fa18
04d7fa2b
04d8fa3c
04d8fa4c
04d8fa5a
04d9fa66
00c02d17
021c7ef2
02f6b262
036bcdcc
03abdcf2
03d1e5e8
03e9eb8e
03f9ef51
0404f1ee
040cf3d1
0412f537
0416f649
041af71e
041df7c6
041ff84f
0421f8be
0422f91a
0424f966
0425f9a7
0426f9df
0427fa0e
0427fa38
0428fa5b
0428fa7b
0429fa96
0429faaf
042afac4
042afad8
042afae9
042afaf9
042bfb07
042bfb14
00a72d1c
01d47f16
0292b2a9
02f8ce2a
032fdd5e
0350e65d
0365ec09
0373efd0
037df270
0384f455
0389f5bd
038df6cf
0390f7a5
0392f84f
0395f8d7
0396f947
0397f9a3
0399f9f0
0399fa32
039afa69
039bfa99
039cfac2
039cfae6
039cfb06
039dfb21
039dfb3a
039dfb50
039efb63
039efb75
039efb84
039efb93
039ffb9f
00922d1f
019a7f33
0241b2e2
0299ce77
02cbddb6
02e8e6bc
02faec6e
0306f037
030ef2da
0315f4c0
0319f62a
031df73d
031ff814
0321f8be
0323f947
0325f9b7
0326fa13
0327fa61
0328faa2
0328fada
0329fb0a
0329fb34
032afb58
032afb77
032bfb93
032bfbac
032bfbc2
032bfbd5
032bfbe7
032cfbf6
032cfc05
032cfc12
00812d22
016a7f4b
01fdb312
024cceb6
0277ddff
0291e70b
02a1ecc1
02acf08d
02b3f332
02b9f519
02bcf684
02c0f798
02c2f86f
02c4f91a
02c6f9a3
02c7fa13
02c8fa70
02c9fabe
02c9fb00
02cafb38
02cafb68
02cbfb91
02cbfbb6
02ccfbd5
02ccfbf1
02ccfc0a
02ccfc20
02cdfc33
02cdfc45
02cdfc55
02cdfc63
02cdfc70
00732d25
01427f5f
01c5b339
020bceeb
0231de3d
0248e74e
0257ed06
0260f0d5
0267f37b
026cf564
026ff6cf
0272f7e4
0274f8bc
0276f966
0277f9f0
0278fa61
0279fabe
027afb0c
027bfb4e
027bfb86
027cfbb6
027cfbe0
027cfc04
027dfc24
027dfc40
027dfc59
027dfc6f
027efc82
027efc94
027efca4
027efcb2
027efcbf
00672d27
01207f70
0195b35b
01d4cf18
01f6de70
020be786
0218ed41
0220f112
0226f3b9
022bf5a2
022ef70f
0230f824
0232f8fc
0234f9a7
0235fa32
0236faa2
0237fb00
0237fb4e
0238fb90
0239fbc8
0239fbf8
0239fc22
023afc46
023afc66
023afc82
023afc9b
023bfcb1
023bfcc5
023bfcd6
023bfce6
023bfcf5
023bfd02
005c2d29
01047f7e
016db377
01a5cf3e
01c4de9c
01d7e7b5
01e2ed73
01eaf145
01eff3ee
01f3f5d8
01f6f745
01f8f85b
01faf933
01fbf9df
01fdfa69
01fefada
01fefb38
01fffb86
01fffbc8
0200fc00
0200fc31
0200fc5b
0201fc7f
0201fc9f
0201fcbb
0201fcd4
0202fcea
0202fcfd
0202fd0f
0202fd1f
0202fd2e
0202fd3b
00542d2a
00eb7f8b
014ab390
017dcf5f
0199dec2
01aae7de
01b4ed9e
01bbf172
01c0f41b
01c4f606
01c6f774
01c8f88a
01caf962
01cbfa0e
01ccfa99
01cdfb0a
01cefb68
01cefbb6
01cffbf8
01cffc31
01d0fc61
01d0fc8b
01d0fcb0
01d0fcd0
01d0fcec
01d1fd04
01d1fd1a
01d1fd2e
01d1fd40
01d1fd50
01d1fd5e
01d1fd6c
004c2d2c
00d57f96
012cb3a5
015acf7b
0174dee2
0183e801
018dedc3
0193f198
0197f442
019bf62e
019df79c
019ff8b2
01a0f98c
01a1fa38
01a2fac2
01a3fb34
01a4fb91
01a4fbe0
01a5fc22
01a5fc5b
01a5fc8b
01a6fcb5
01a6fcd9
01a6fcf9
01a6fd16
01a6fd2f
01a6fd45
01a7fd58
01a7fd6a
01a7fd7a
01a7fd88
01a7fd96
00452d2d
00c37f9f
0112b3b7
013ccf93
0153deff
0161e820
016aede3
0170f1b9
0174f464
0177f651
0179f7bf
017bf8d6
017cf9af
017dfa5b
017efae6
017efb58
017ffbb6
0180fc04
0180fc46
0180fc7f
0180fcb0
0181fcd9
0181fcfe
0181fd1e
0181fd3a
0182fd53
0182fd69
0182fd7d
0182fd8f
0182fd9f
0182fdad
0182fdba
00402d2e
00b27fa7
00fbb3c8
0122cfa9
0137df18
0144e83b
014cedff
0151f1d6
0155f482
0157f66f
015af7dd
015bf8f5
015cf9ce
015dfa7b
015efb06
015ffb77
015ffbd5
015ffc24
0160fc66
0160fc9f
0160fcd0
0161fcf9
0161fd1e
0161fd3e
0161fd5a
0161fd73
0161fd8a
0162fd9d
0162fdaf
0162fdbf
0162fdcd
0162fdda
003b2d2f
00a47fae
00e7b3d6
010acfbc
011edf2e
012ae853
0131ee18
0136f1f0
013af49c
013cf68a
013ef7f8
013ff910
0140f9ea
0141fa96
0142fb21
0142fb93
0143fbf1
0143fc40
0144fc82
0144fcbb
0144fcec
0144fd16
0145fd3a
0145fd5a
0145fd76
0145fd8f
0145fda6
0145fdba
0145fdcb
0145fddb
0145fdea
0145fdf7
00362d30
00987fb4
00d5b3e2
00f6cfcd
0108df41
0113e868
011aee2e
011ef207
0121f4b4
0124f6a1
0125f810
0126f928
0127fa02
0128faaf
0129fb3a
0129fbac
012afc0a
012afc59
012bfc9b
012bfcd4
012bfd04
012bfd2f
012bfd53
012cfd73
012cfd8f
012cfda8
012cfdbf
012cfdd3
012cfde4
012cfdf4
012cfe03
012cfe10
00322d30
008c7fba
00c5b3ee
00e3cfdc
00f4df52
00fee87b
0105ee42
0109f21b
010cf4c8
010ef6b6
010ff826
0111f93d
0111fa18
0112fac4
0113fb50
0113fbc2
0114fc20
0114fc6f
0114fcb1
0114fcea
0115fd1a
0115fd45
0115fd69
0115fd8a
0115fda6
0115fdbf
0116fdd5
0116fde9
0116fdfa
0116fe0b
0116fe19
0116fe26
002f2d31
00827fbf
00b7b3f8
00d3cfe9
00e3df61
00ece88b
00f2ee53
00f6f22d
00f8f4db
00faf6c9
00fcf838
00fdf951
00fefa2b
00fefad8
00fffb63
0100fbd5
0100fc33
0100fc82
0100fcc5
0101fcfd
0101fd2e
0101fd58
0101fd7d
0101fd9d
0101fdba
0101fdd3
0101fde9
0102fdfd
0102fe0e
0102fe1e
0102fe2d
0102fe3a
002c2d31
00797fc4
00aab401
00c4cff5
00d3df6f
00dce89a
00e1ee63
00e5f23d
00e7f4eb
00e9f6da
00eaf84a
00ebf962
00ecfa3c
00edfae9
00edfb75
00eefbe7
00eefc45
00eefc94
00effcd6
00effd0f
00effd40
00effd6a
00effd8f
00effdaf
00f0fdcb
00f0fde4
00f0fdfa
00f0fe0e
00f0fe20
00f0fe30
00f0fe3f
00f0fe4c
00292d32
00717fc8
009fb409
00b7d000
00c5df7c
00cde8a7
00d2ee71
00d5f24c
00d8f4fa
00d9f6e9
00dbf859
00dcf971
00dcfa4c
00ddfaf9
00defb84
00defbf6
00defc55
00defca4
00dffce6
00dffd1f
00dffd50
00dffd7a
00dffd9f
00dffdbf
00e0fddb
00e0fdf4
00dffe0b
00e0fe1e
00e0fe30
00e0fe40
00e0fe4f
00e0fe5c
00262d32
006a7fcb
0094b410
00abd00a
00b8df87
00bfe8b4
00c4ee7e
00c7f259
00caf507
00cbf6f7
00ccf867
00cdf97f
00cefa5a
00cefb07
00cffb93
00cffc05
00d0fc63
00d0fcb2
00d0fcf5
00d0fd2e
00d1fd5e
00d1fd88
00d1fdad
00d1fdcd
00d1fdea
00d1fe03
00d1fe19
00d1fe2d
00d1fe3f
00d1fe4f
00d1fe5e
00d1fe6b
00242d33
00637fcf
008bb417
00a1d012
00acdf91
00b3e8bf
00b8ee8a
00bbf265
00bdf514
00bef703
00c0f873
00c0f98c
00c1fa66
00c1fb14
00c2fb9f
00c2fc12
00c3fc70
00c3fcbf
00c3fd02
00c3fd3b
00c3fd6c
00c3fd96
00c4fdba
00c4fdda
00c4fdf7
00c4fe10
00c4fe26
00c4fe3a
00c4fe4c
00c4fe5c
00c4fe6b
00c4fe78
7a800b00
c44411a0
d906137d
e0d71431
e4831485
e68114b3
e7b314cf
e87914e0
e8ff14ec
e95f14f5
e9a514fb
e9da1500
ea031504
ea231507
ea3d1509
ea52150b
ea64150c
ea72150e
ea7f150f
ea891510
ea921511
ea9a1511
eaa11512
eaa71512
eaac1513
eab11513
eab51513
eab81514
eabc1514
eabe1515
eac11515
eac31515
2a1c11a0
69da2c4d
8b5b3a53
9b8b4119
a40b44a7
a8ee46b3
abf647f8
adf548cd
af554961
b05249cb
b10e4a19
b19c4a55
b20b4a83
b2624aa8
b2a94ac5
b2e24add
b3124af1
b3394b02
b35b4b10
b3774b1c
b3904b26
b3a54b2f
b3b74b37
b3c84b3d
b3d64b43
b3e24b49
b3ee4b4d
b3f84b51
b4014b55
b4094b58
b4104b5c
b4174b5e
137d137d
3a523a53
55555556
64a964a9
6d6d6d6e
72b872b8
76197619
785c785d
79f279f2
7b177b18
7bf27bf2
7c997c99
7d1b7d1c
7d837d83
7dd67dd7
7e1b7e1b
7e537e53
7e827e83
7eaa7eab
7ecc7ecd
7eea7eea
7f037f03
7f197f19
7f2c7f2c
7f3d7f3d
7f4c7f4d
7f5a7f5a
7f667f66
7f707f71
7f7a7f7a
7f837f83
7f8a7f8b
0af81431
235c4119
36ae64a9
42a77ab3
49dd87fb
4e5b903f
514795a1
53439949
54aa9bdc
55af9dbd
56729f25
5708a039
577da111
57dba1bc
5826a247
5864a2b8
5897a316
58c2a365
58e6a3a8
5904a3e1
591fa412
5936a43c
594aa461
595ca481
596ba49e
5979a4b7
5985a4cd
5990a4e1
599aa4f3
59a2a503
59aaa512
59b1a51f
06f81485
174e44a7
25256d6e
2e2887fb
33c2987c
3750a2f5
39a8a9db
3b42ae96
3c66b1f0
3d3bb463
3ddbb63a
3e56b7a4
3eb6b8c0
3f02b9a2
3f40ba59
3f73baee
3f9dbb6b
3fc1bbd3
3fdfbc2b
3ff8bc76
400ebcb7
4021bcef
4032bd1f
4040bd4a
404dbd70
4058bd91
4062bdaf
406cbdc9
4074bde1
407bbdf6
4081be0a
4087be1c
04cc14b3
105f46b3
1a9072b8
2166903f
25bba2f5
2883aefa
2a5cb6f5
2ba2bc73
2c8ac05d
2d34c33b
2db4c563
2e16c70d
2e63c85a
2ea1c963
2ed2ca3b
2efccaeb
2f1dcb7e
2f3acbf8
2f52cc60
2f66ccb9
2f78cd05
2f87cd48
2f95cd81
2fa0cdb4
2fabcde0
2fb4ce07
2fbcce2a
2fc3ce4a
2fcace66
2fd0ce7f
2fd5ce96
2fd9ceab
037e14cf
0c1247f8
13ce7619
191895a1
1c7da9db
1eafb6f5
2027bfb3
212ac5be
21e3ca0e
226bcd38
22d1cf9b
2320d171
235ed2e2
238fd409
23b7d4f8
23d8d5bb
23f3d65e
240ad6e6
241ed759
242ed7bc
243cd811
2449d85a
2453d89a
245dd8d2
2465d904
246cd930
2473d956
2479d979
247ed998
2483d9b4
2487d9ce
248bd9e5
02a714e0
093e48cd
0f47785d
13749949
1628ae96
17ebbc73
1918c5be
19eacc2d
1a7fd0c7
1aedd429
1b3fd6b6
1b7fd8ad
1bb2da38
1bd9db74
1bfadc73
1c15dd45
1c2bddf3
1c3dde85
1c4ddf01
1c5adf6b
1c66dfc5
1c70e014
1c78e059
1c80e095
1c87e0ca
1c8de0f9
1c92e123
1c97e148
1c9be16a
1c9fe188
1ca3e1a3
1ca6e1bc
021514ec
074a4961
0c1c79f2
0f7a9bdc
11aab1f0
1319c05d
140fca0e
14bad0c7
1535d597
158fd921
15d2dbce
1607dddd
1630df7b
1651e0c6
166be1d3
1681e2af
1694e365
16a3e3ff
16afe481
16bae4f0
16c4e54f
16cce5a2
16d3e5ea
16dae629
16dfe661
16e4e692
16e8e6be
16ece6e5
16f0e708
16f3e728
16f6e745
16f8e75f
01ac14f5
05e349cb
09d17b18
0c949dbd
0e62b463
0f91c33b
105dcd38
10ead429
1150d921
119bdccb
11d3df8e
11fee1b0
1221e35d
123ce4b3
1252e5c9
1264e6ad
1273e76a
1280e809
128be890
1294e903
129ce965
12a3e9bb
12a8ea06
12aeea47
12b2ea81
12b6eab4
12baeae2
12bdeb0a
12c0eb2f
12c3eb4f
12c5eb6d
12c7eb88
016014fb
04d94a19
081c7bf2
0a699f25
0bebb63a
0ce9c563
0d94cf9b
0e0bd6b6
0e60dbce
0e9fdf8e
0ecee264
0ef3e493
0f10e64b
0f26e7ab
0f39e8c8
0f48e9b2
0f55ea74
0f60eb17
0f69eba1
0f70ec17
0f77ec7d
0f7decd4
0f82ed21
0f86ed65
0f8aeda0
0f8eedd4
0f91ee03
0f93ee2d
0f96ee52
0f98ee74
0f9aee92
0f9ceeae
01261500
040f4a55
06ce7c99
08bfa039
0a06b7a4
0addc70d
0b6fd171
0bd4d8ad
0c1cdddd
0c52e1b0
0c7ae493
0c99e6ce
0cb1e88f
0cc5e9f5
0cd5eb18
0ce2ec06
0cedeccc
0cf6ed73
0cfdee00
0d04ee78
0d0aeedf
0d0fef39
0d13ef87
0d17efcc
0d1af008
0d1df03e
0d1ff06e
0d22f098
0d24f0be
0d26f0e1
0d27f100
0d29f11c
00f91504
03724a83
05c97d1c
0772a111
088ab8c0
0943c85a
09c0d2e2
0a16da38
0a55df7b
0a82e35d
0aa5e64b
0ac0e88f
0ad5ea56
0ae6ebc2
0af3ece9
0affeddb
0b08eea5
0b10ef4e
0b16efdd
0b1cf057
0b21f0c0
0b25f11b
0b29f16b
0b2cf1b0
0b2ff1ee
0b31f224
0b33f255
0b36f280
0b37f2a7
0b39f2ca
0b3bf2e9
0b3cf306
00d61507
02f64aa8
04fa7d83
0669a1bc
075cb9a2
07fcc963
0868d409
08b3db74
08e9e0c6
0911e4b3
092fe7ab
0946e9f5
0958ebc2
0967ed32
0973ee5d
097def52
0985f01e
098bf0c9
0991f15a
0996f1d6
099af240
099ef29c
09a1f2ed
09a4f333
09a6f372
09a8f3a9
09aaf3da
09acf406
09aef42d
09aff450
09b0f471
09b2f48d
00ba1509
02924ac5
04537dd7
0593a247
0667ba59
06f3ca3b
0751d4f8
0793dc73
07c2e1d3
07e5e5c9
07ffe8c8
0813eb18
0824ece9
0830ee5d
083bef8a
0843f083
084af150
0850f1fd
0855f28f
085af30c
085df378
0860f3d5
0863f426
0866f46d
0868f4ac
086af4e4
086bf516
086df542
086ef56a
0870f58d
0870f5ae
0872f5cb
00a3150b
02414add
03ca7e1b
04e4a2b8
059fbaee
0619caeb
066dd5bb
06a6dd45
06d0e2af
06efe6ad
0706e9b2
0718ec06
0726eddb
0731ef52
073af083
0742f17c
0748f24c
074df2fa
0752f38d
0756f40b
0759f478
075cf4d6
075ef528
0760f570
0762f5af
0764f5e7
0765f619
0767f646
0768f66e
0769f692
076af6b2
076bf6d0
0090150c
01fd4af1
035a7e53
0453a316
04f8bb6b
0565cb7e
05afd65e
05e2ddf3
0607e365
0623e76a
0637ea74
0647eccc
0653eea5
065df01e
0666f150
066cf24c
0672f31d
0676f3cc
067af461
067ef4df
0680f54d
0683f5ab
0685f5fe
0687f646
0689f686
068af6be
068cf6f0
068df71d
068ef746
068ff76a
0690f78b
0690f7a9
0080150e
01c54b02
02fb7e83
03d9a365
046cbbd3
04cecbf8
0510d6e6
053ede85
055ee3ff
0577e809
0589eb17
0597ed73
05a2ef4e
05acf0c9
05b3f1fd
05b9f2fa
05bef3cc
05c2f47c
05c5f512
05c8f591
05cbf5ff
05cdf65e
05cff6b1
05d1f6fa
05d2f73a
05d4f773
05d5f7a5
05d6f7d3
05d7f7fb
05d8f820
05d8f841
05d9f85f
0072150f
01954b10
02ab7eab
0372a3a8
03f6bc2b
044ecc60
0489d759
04b2df01
04d0e481
04e5e890
04f6eba1
0503ee00
050defdd
0515f15a
051cf28f
0521f38d
0525f461
0529f512
052cf5a8
052ff628
0531f696
0533f6f6
0535f749
0537f792
0538f7d3
0539f80c
053af83f
053bf86c
053cf895
053cf8ba
053df8db
053ef8f9
00671510
016d4b1c
02677ecd
031ba3e1
0392bc76
03e1ccb9
0416d7bc
043bdf6b
0456e4f0
0469e903
0479ec17
0484ee78
048df057
0494f1d6
049af30c
049ff40b
04a3f4df
04a7f591
04a9f628
04acf6a9
04aef717
04b0f777
04b1f7cb
04b2f815
04b4f855
04b5f88f
04b6f8c2
04b7f8ef
04b8f918
04b8f93d
04b9f95e
04b9f97d
005d1511
014a4b26
022c7eea
02cfa412
033bbcb7
0383cd05
03b3d811
03d5dfc5
03ede54f
03ffe965
040cec7d
0417eedf
041ff0c0
0426f240
042bf378
042ff478
0433f54d
0436f5ff
0439f696
043bf717
043df787
043ef7e7
0440f83b
0441f885
0442f8c6
0443f8ff
0444f932
0445f960
0446f989
0446f9ae
0447f9cf
0447f9ee
00551511
012c4b2f
01fa7f03
028ea43c
02f0bcef
0331cd48
035dd85a
037ce014
0392e5a2
03a2e9bb
03afecd4
03b8ef39
03c0f11b
03c6f29c
03cbf3d5
03cef4d6
03d2f5ab
03d5f65e
03d7f6f6
03d9f777
03dbf7e7
03dcf848
03ddf89c
03dff8e6
03e0f927
03e0f961
03e1f994
03e2f9c2
03e3f9eb
03e3fa10
03e4fa32
03e4fa50
004d1512
01124b37
01ce7f19
0255a461
02afbd1f
02eacd81
0313d89a
032fe059
0343e5ea
0352ea06
035ded21
0366ef87
036cf16b
0372f2ed
0377f426
037af528
037df5fe
0380f6b1
0382f749
0384f7cb
0385f83b
0387f89c
0388f8f0
0389f93a
038af97c
038bf9b5
038bf9e9
038cfa17
038dfa40
038dfa66
038efa87
038efaa6
00471512
00fb4b3d
01a87f2c
0223a481
0276bd4a
02accdb4
02d1d8d2
02ebe095
02fde629
030bea47
0315ed65
031defcc
0324f1b0
0329f333
032df46d
0330f570
0333f646
0335f6fa
0337f792
0339f815
033af885
033bf8e6
033df93a
033ef985
033ff9c6
033ffa00
0340fa34
0340fa62
0341fa8b
0341fab1
0342fad2
0342faf1
00411513
00e74b43
01867f3d
01f7a49e
0243bd70
0275cde0
0297d904
02afe0ca
02c0e661
02cdea81
02d6eda0
02def008
02e3f1ee
02e8f372
02ecf4ac
02eff5af
02f1f686
02f4f73a
02f5f7d3
02f7f855
02f8f8c6
02f9f927
02faf97c
02fbf9c6
02fcfa08
02fdfa42
02fdfa76
02fefaa4
02fffacd
02fffaf3
02fffb15
0300fb33
003c1513
00d54b49
01677f4d
01d0a4b7
0217bd91
0245ce07
0264d930
027ae0f9
028ae692
0296eab4
029eedd4
02a5f03e
02abf224
02aff3a9
02b2f4e4
02b5f5e7
02b8f6be
02b9f773
02bbf80c
02bcf88f
02bef8ff
02bff961
02c0f9b5
02c1fa00
02c1fa42
02c2fa7c
02c2fab0
02c3fade
02c3fb08
02c4fb2d
02c4fb4f
02c4fb6e
00381513
00c54b4d
014c7f5a
01aea4cd
01efbdaf
021ace2a
0237d956
024be123
025ae6be
0264eae2
026cee03
0273f06e
0278f255
027cf3da
027ff516
0282f619
0284f6f0
0286f7a5
0287f83f
0288f8c2
028af932
028bf994
028cf9e9
028cfa34
028dfa76
028efab0
028efae4
028ffb12
028ffb3c
028ffb62
0290fb83
0290fba2
00341514
00b74b51
01347f66
018fa4e1
01cbbdc9
01f3ce4a
020ed979
0221e148
022fe6e5
0239eb0a
0240ee2d
0246f098
024af280
024ef406
0251f542
0253f646
0256f71d
0257f7d3
0259f86c
025af8ef
025bf960
025cf9c2
025dfa17
025efa62
025efaa4
025ffade
025ffb12
0260fb41
0260fb6a
0260fb90
0261fbb2
0261fbd1
00301514
00aa4b55
011f7f71
0173a4f3
01abbde1
01d0ce66
01ead998
01fbe16a
0208e708
0211eb2f
0218ee52
021ef0be
0222f2a7
0225f42d
0228f56a
022af66e
022cf746
022ef7fb
022ff895
0230f918
0231f989
0232f9eb
0233fa40
0234fa8b
0234facd
0235fb08
0235fb3c
0236fb6a
0236fb94
0236fbba
0236fbdc
0237fbfa
002d1515
009f4b58
010c7f7a
015ba503
018fbdf6
01b1ce7f
01c9d9b4
01d9e188
01e5e728
01eeeb4f
01f4ee74
01f9f0e1
01fdf2ca
0201f450
0203f58d
0205f692
0207f76a
0208f820
020af8ba
020bf93d
020cf9ae
020dfa10
020dfa66
020efab1
020efaf3
020ffb2d
020ffb62
0210fb90
0210fbba
0210fbe0
0211fc01
0211fc20
002a1515
00944b5c
00fa7f83
0144a512
0175be0a
0195ce96
01abd9ce
01bae1a3
01c5e745
01ceeb6d
01d4ee92
01d9f100
01dcf2e9
01dff471
01e2f5ae
01e4f6b2
01e5f78b
01e7f841
01e8f8db
01e9f95e
01eaf9cf
01eafa32
01ebfa87
01ecfad2
01ecfb15
01edfb4f
01edfb83
01edfbb2
01eefbdc
01eefc01
01eefc24
01effc42
00281515
008b4b5e
00eb7f8b
0130a51f
015dbe1c
017cceab
0190d9e5
019ee1bc
01a9e75f
01b1eb88
01b6eeae
01bbf11c
01bef306
01c1f48d
01c3f5cb
01c5f6d0
01c7f7a9
01c8f85f
01c9f8f9
01caf97d
01cbf9ee
01ccfa50
01ccfaa6
01cdfaf1
01cdfb33
01cefb6e
01cefba2
01cefbd1
01cffbfa
01cffc20
01cffc42
01d0fc61
7cf40619
caa309e3
e0d70af8
e93e0b61
ed320b92
ef580bad
f0a20bbd
f1770bc8
f2080bcf
f26f0bd4
f2bb0bd7
f2f40bda
f3210bdc
f3430bde
f3600bdf
f3760be1
f3890be2
f3990be2
f3a60be3
f3b20be3
f3bb0be4
f3c40be4
f3cb0be5
f3d10be5
f3d70be5
f3dc0be5
f3e00be6
f3e40be6
f3e80be6
f3eb0be6
f3ee0be6
f3f00be7
2b7a09e3
72f01a21
9b8b235c
affc2802
baf12a80
c1512bf3
c54c2cda
c7ee2d73
c9c02ddd
cb0f2e2a
cc082e62
ccc52e8d
cd582eae
cdcc2ec9
ce2a2ede
ce772ef0
ceb62efe
ceeb2f0a
cf182f14
cf3e2f1d
cf5f2f24
cf7b2f2b
cf932f31
cfa92f35
cfbc2f3a
cfcd2f3d
cfdc2f41
cfe92f44
cff52f47
d0002f49
d00a2f4b
d0122f4d
14310af8
4119235c
64a936ae
7ab342a7
87fb49dd
903f4e5b
95a15147
99495343
9bdc54aa
9dbd55af
9f255672
a0395708
a111577d
a1bc57db
a2475826
a2b85864
a3165897
a36558c2
a3a858e6
a3e15904
a412591f
a43c5936
a461594a
a481595c
a49e596b
a4b75979
a4cd5985
a4e15990
a4f3599a
a50359a2
a51259aa
a51f59b1
0b610b61
28022802
42a642a7
55555556
61876187
69836983
6ee26ee2
729c729d
75487548
773f7740
78bb78bc
79e079e1
7ac67ac7
7b7e7b7f
7c137c14
7c8e7c8e
7cf37cf4
7d497d49
7d917d91
7dce7dcf
7e047e04
7e317e32
7e5a7e5a
7e7d7e7d
7e9c7e9c
7eb77eb7
7ecf7ed0
7ee57ee6
7ef97ef9
7f0b7f0b
7f1a7f1b
7f297f29
073c0b92
1a8f2a80
2e2849dd
3cf26187
471b71ca
4dfe7ccf
52bb8465
561389bf
587f8d9f
5a4b907f
5ba992af
5cb79460
5d8d95b6
5e3896c8
5ec397a6
5f35985d
5f9498f5
5fe49975
602899e1
60629a3e
60949a8d
60bf9ad3
60e59b0f
61069b44
61239b73
613d9b9c
61549bc1
61689be2
617b9bff
618b9c1a
619a9c32
61a89c48
04fb0bad
12bc2bf3
21664e5b
2cfa6983
35337ccf
3ae78a32
3ee5938d
41bd9a3b
43d19f1b
455ea2bf
468da586
4779a7ae
4833a963
48c8aac2
4942abdf
49a6accb
49faad8e
4a40ae33
4a7baebf
4aafaf36
4adbaf9d
4b00aff7
4b22b044
4b3fb089
4b59b0c5
4b6fb0fb
4b84b12a
4b96b155
4ba6b17b
4bb5b19e
4bc2b1bd
4bceb1d9
03a10bbd
0dda2cda
19185147
223c6ee2
28e08465
2d8e938d
30dd9e46
333ea5fb
34feaba3
364dafe2
374eb322
3816b5aa
38b4b7ab
3934b947
399bba98
39f1bbad
3a39bc94
3a74bd57
3aa7bdfc
3ad3be89
3af9bf03
3b19bf6d
3b36bfc9
3b4fc01a
3b65c061
3b78c0a1
3b8ac0d9
3b99c10c
3ba7c139
3bb4c162
3bbfc187
3bcac1a8
02c10bc8
0a9f2d73
13745343
1ac7729d
202e89bf
24089a3b
26c7a5fb
28c3ae7a
2a3ab4be
2b54b974
2c2bbd12
2cd4bfe4
2d5ac221
2dc6c3ee
2e1ec567
2e66c69d
2ea3c7a0
2ed6c87a
2f01c933
2f26c9d1
2f46ca5a
2f62cad1
2f7acb38
2f8fcb93
2fa2cbe3
2fb2cc2b
2fc1cc6a
2fcecca3
2fdaccd6
2fe5cd04
2fefcd2d
2ff8cd53
02290bcf
08632ddd
0f7a54aa
15707548
19e28d9f
1d149f1b
1f5faba3
2108b4be
2244bb79
2331c08c
23e7c473
2476c77f
24e7c9eb
2542cbde
258dcd75
25cacec6
25fecfde
2629d0cb
264dd194
266dd23f
2688d2d4
269fd355
26b4d3c5
26c6d428
26d6d47f
26e4d4cc
26f1d511
26fcd54f
2706d586
270fd5b8
2718d5e5
271fd60e
01bd0bd4
06c72e2a
0c9455af
11817740
1536907f
17e3a2bf
19d1afe2
1b38b974
1c43c08c
1d0cc5e8
1da7ca07
1e20cd41
1e80cfd1
1eced1e2
1f0dd392
1f41d4f7
1f6dd621
1f92d71b
1fb1d7f1
1fccd8a7
1fe3d945
1ff8d9cd
2009da45
2018daae
2026db0a
2032db5c
203ddba6
2046dbe7
204fdc22
2057dc57
205edc87
2064dcb3
016e0bd7
05962e62
0a695672
0e8978bc
11a892af
13eda586
1590b322
16c3bd12
17a6c473
1852ca07
18d7ce53
193ed1b1
1990d45e
19d3d686
1a09d84a
1a36d9be
1a5cdaf6
1a7bdbfc
1a96dcdb
1aaddd9a
1ac1de3f
1ad2dece
1ae1df4b
1aeedfb9
1afae01a
1b04e070
1b0ee0bc
1b16e101
1b1de13f
1b24e176
1b2ae1a8
1b2fe1d6
01320bda
04ae2e8d
08bf5708
0c3f79e1
0ee99460
10d9a7ae
1240b5aa
1348bfe4
140bc77f
149fcd41
1511d1b1
156bd52a
15b2d7ef
15ebda2a
161adbfd
1641dd7f
1661dec1
167ddfd0
1694e0b7
16a8e17d
16b9e227
16c7e2bc
16d5e33d
16e0e3af
16eae413
16f3e46c
16fbe4bc
1702e503
1708e543
170ee57c
1714e5b0
1718e5df
01030bdc
03fa2eae
0772577d
0a737ac7
0cbd95b6
0e6aa963
0fa1b7ab
1085c221
112ec9eb
11afcfd1
1212d45e
125fd7ef
129ddac6
12cfdd10
12f8deef
131ae07b
1336e1c6
134ee2dd
1362e3ca
1373e496
1382e545
138fe5dd
139ae663
13a4e6d8
13ade73f
13b5e79a
13bce7ec
13c2e835
13c8e876
13cce8b2
13d1e8e7
13d5e918
00df0bde
036b2ec9
066957db
09037b7f
0b0096c8
0c76aac2
0d85b947
0e4cc3ee
0ee0cbde
0f50d1e2
0fa7d686
0febda2a
1021dd10
104ddf67
1070e151
108ee2e5
10a7e437
10bbe554
10cde647
10dce716
10e9e7ca
10f5e865
10ffe8ed
1107e965
110fe9ce
1116ea2c
111cea7f
1121eaca
1126eb0d
112aeb4a
112feb80
1132ebb2
00c10bdf
02f82ede
05935826
07d97c14
099797a6
0adfabdf
0bcdba98
0c7bc567
0cfecd75
0d61d392
0dadd84a
0de9dbfd
0e19deef
0e3fe151
0e5fe342
0e79e4de
0e8fe636
0ea1e758
0eb1e84f
0ebee922
0ec9e9d9
0ed4ea77
0edceb02
0ee4eb7b
0eebebe7
0ef1ec46
0ef6ec9b
0efbece7
0effed2b
0f03ed69
0f06eda1
0f0aedd3
00a90be1
02992ef0
04e45864
06e47c8e
086e985d
098faccb
0a62bbad
0afdc69d
0b70cec6
0bc8d4f7
0c0cd9be
0c40dd7f
0c6be07b
0c8de2e5
0ca9e4de
0cc0e680
0cd3e7dd
0ce4e903
0cf1e9fe
0cfdead4
0d08eb8d
0d10ec2e
0d18ecba
0d1fed36
0d25eda3
0d2aee04
0d2fee5a
0d33eea7
0d37eeec
0d3bef2a
0d3eef63
0d41ef96
00950be2
024c2efe
04535897
06197cf4
077798f5
0878ad8e
0933bc94
09bdc7a0
0a24cfde
0a72d621
0aaedaf6
0adedec1
0b04e1c6
0b22e437
0b3be636
0b50e7dd
0b61e93e
0b6fea68
0b7ceb65
0b86ec3e
0b90ecf9
0b98ed9c
0b9fee2a
0ba5eea7
0baaef16
0bafef77
0bb3efcf
0bb7f01d
0bbaf063
0bbdf0a2
0bc0f0db
0bc3f10f
00850be2
020b2f0a
03d958c2
056e7d49
06a79975
078dae33
0835bd57
08b0c87a
090cd0cb
0953d71b
0989dbfc
09b3dfd0
09d5e2dd
09f1e554
0a07e758
0a19e903
0a29ea68
0a36eb94
0a41ec94
0a4aed70
0a52ee2d
0a5aeed1
0a60ef61
0a65efdf
0a6af04f
0a6ef0b2
0a72f10a
0a76f158
0a79f19f
0a7cf1df
0a7ef219
0a80f24e
00770be3
01d42f14
037258e6
04de7d91
05f799e1
06c6aebf
075dbdfc
07ccc933
081fd194
085ed7f1
088fdcdb
08b5e0b7
08d4e3ca
08ece647
0900e84f
0911e9fe
091feb65
092bec94
0935ed96
093dee74
0945ef32
094befd8
0951f069
0956f0e8
095af159
095ef1bd
0961f216
0964f265
0967f2ad
096af2ed
096cf327
096ef35c
006b0be3
01a52f1d
031b5904
04637dcf
05609a3e
061baf36
06a4be89
0709c9d1
0754d23f
078dd8a7
07b9dd9a
07dbe17d
07f7e496
080ee716
0820e922
082fead4
083cec3e
0846ed70
084fee74
0857ef52
085ef012
0863f0ba
0869f14b
086df1cc
0871f23d
0874f2a2
0878f2fb
087af34b
087df393
087ff3d4
0881f40f
0883f444
00610be4
017d2f24
02cf591f
03f87e04
04df9a8d
0588af9d
0604bf03
0660ca5a
06a4d2d4
06d8d945
0700de3f
0720e227
0739e545
074de7ca
075ee9d9
076beb8d
0777ecf9
0781ee2d
0789ef32
0790f012
0796f0d4
079bf17c
07a0f20f
07a4f290
07a8f302
07abf367
07aef3c1
07b0f412
07b3f45a
07b4f49c
07b6f4d7
07b8f50c
00580be4
015a2f2b
028e5936
039d7e32
046e9ad3
0509aff7
057abf6d
05cdcad1
060cd355
063bd9cd
0660dece
067de2bc
0694e5dd
06a6e865
06b5ea77
06c2ec2e
06cced9c
06d5eed1
06ddefd8
06e3f0ba
06e9f17c
06eef225
06f2f2b9
06f5f33b
06f9f3ad
06fcf413
06fef46e
0700f4bf
0703f507
0705f549
0706f585
0708f5ba
00500be5
013c2f31
0255594a
034c7e5a
040c9b0f
049ab044
0501bfc9
054ecb38
0587d3c5
05b2da45
05d4df4b
05eee33d
0603e663
0614e8ed
0622eb02
062eecba
0637ee2a
063fef61
0646f069
064cf14b
0651f20f
0655f2b9
065af34d
065df3cf
0660f443
0662f4a9
0665f504
0667f555
0669f59f
066bf5e0
066cf61c
066ef652
004a0be5
01222f35
0223595c
03067e7d
03b69b44
0438b089
0497c01a
04decb93
0512d428
053adaae
0559dfb9
0571e3af
0584e6d8
0594e965
05a1eb7b
05abed36
05b4eea7
05bcefdf
05c2f0e8
05c7f1cc
05ccf290
05d0f33b
05d4f3cf
05d7f452
05daf4c6
05dcf52d
05def588
05e0f5da
05e2f623
05e3f666
05e5f6a2
05e6f6d8
00440be5
010a2f3a
01f7596b
02c87e9c
036a9b73
03e2b0c5
043ac061
047bcbe3
04abd47f
04d0db0a
04ece01a
0503e413
0514e73f
0523e9ce
052eebe7
0538eda3
0540ef16
0547f04f
054df159
0552f23d
0556f302
055af3ad
055df443
0560f4c6
0563f53a
0565f5a1
0567f5fd
0569f64f
056bf699
056cf6dc
056df718
056ff74e
003f0be5
00f62f3d
01d05979
02927eb7
03279b9c
0396b0fb
03e7c0a1
0423cc2b
0450d4cc
0472db5c
048ce070
04a1e46c
04b1e79a
04beea2c
04c9ec46
04d2ee04
04daef77
04e0f0b2
04e5f1bd
04eaf2a2
04eef367
04f1f413
04f5f4a9
04f7f52d
04faf5a1
04fcf608
04fdf665
04fff6b7
0501f701
0502f744
0503f780
0504f7b7
003a0be6
00e32f41
01ae5985
02617ed0
02eb9bc1
0352b12a
039dc0d9
03d5cc6a
03fed511
041ddba6
0436e0bc
0449e4bc
0458e7ec
0465ea7f
046fec9b
0477ee5a
047eefcf
0484f10a
0489f216
048df2fb
0491f3c1
0494f46e
0497f504
049af588
049cf5fd
049ef665
04a0f6c1
04a1f714
04a2f75e
04a4f7a1
04a5f7dd
04a6f814
00360be6
00d32f44
018f5990
02357ee6
02b69be2
0315b155
035bc10c
038fcca3
03b5d54f
03d3dbe7
03e9e101
03fbe503
0409e835
0415eaca
041eece7
0426eea7
042cf01d
0432f158
0437f265
043bf34b
043ef412
0441f4bf
0444f555
0446f5da
0448f64f
044af6b7
044bf714
044df766
044ef7b1
044ff7f4
0450f831
0451f868
00320be6
00c42f47
0173599a
020e7ef9
02869bff
02dfb17b
0320c139
0350ccd6
0374d586
038fdc22
03a4e13f
03b5e543
03c2e876
03cdeb0d
03d6ed2b
03ddeeec
03e3f063
03e8f19f
03ecf2ad
03f0f393
03f3f45a
03f6f507
03f8f59f
03fbf623
03fcf699
03fef701
0400f75e
0401f7b1
0402f7fc
0403f83f
0404f87c
0405f8b3
002f0be6
00b72f49
015b59a2
01ea7f0b
025b9c1a
02adb19e
02eac162
0317cd04
0339d5b8
0352dc57
0366e176
0376e57c
0382e8b2
038ceb4a
0394ed69
039bef2a
03a1f0a2
03a5f1df
03a9f2ed
03adf3d4
03b0f49c
03b2f549
03b5f5e0
03b7f666
03b8f6dc
03baf744
03bbf7a1
03bdf7f4
03bef83f
03bff882
03c0f8bf
03c0f8f7
002c0be6
00ab2f4b
014459aa
01cb7f1b
02349c32
0281b1bd
02bac187
02e4cd2d
0303d5e5
031bdc87
032ee1a8
033ce5b0
0348e8e7
0351eb80
0359eda1
035fef63
0365f0db
0369f219
036df327
0370f40f
0373f4d7
0375f585
0378f61c
0379f6a2
037bf718
037df780
037ef7dd
037ff831
0380f87c
0381f8bf
0382f8fc
0382f934
00290be7
00a12f4d
013059b1
01ae7f29
02109c48
0259b1d9
028ec1a8
02b5cd53
02d3d60e
02e9dcb3
02fbe1d6
0309e5df
0313e918
031cebb2
0323edd3
0329ef96
032ef10f
0332f24e
0336f35c
0339f444
033cf50c
033ef5ba
0340f652
0342f6d8
0343f74e
0345f7b7
0346f814
0347f868
0348f8b3
0349f8f7
034af934
034af96c
7e1403d8
cd9d0645
e48306f8
ed32073c
f149075c
f382076d
f4d80777
f5b4077e
f64b0782
f6b50786
f7040788
f73f078a
f76d078b
f791078c
f7ae078d
f7c6078e
f7d9078f
f7ea078f
f7f8078f
f8030790
f80d0790
f8160790
f81d0791
f8240791
f82a0791
f82f0791
f8340791
f8380791
f83b0792
f83f0791
f8420792
f8440792
2c1e0645
778310fb
a40b174e
baf11a8f
c75c1c52
cea01d5a
d32d1e00
d6311e6e
d8491eba
d9ca1ef1
dae91f19
dbc21f38
dc6c1f50
dcf21f63
dd5e1f73
ddb61f7f
ddff1f8a
de3d1f92
de701f9a
de9c1fa0
dec21fa5
dee21faa
deff1fae
df181fb1
df2e1fb4
df411fb7
df521fba
df611fbc
df6f1fbe
df7c1fbf
df871fc1
df911fc3
148506f8
44a7174e
6d6e2525
87fb2e28
987c33c2
a2f53750
a9db39a8
ae963b42
b1f03c66
b4633d3b
b63a3ddb
b7a43e56
b8c03eb6
b9a23f02
ba593f40
baee3f73
bb6b3f9d
bbd33fc1
bc2b3fdf
bc763ff8
bcb7400e
bcef4021
bd1f4032
bd4a4040
bd70404d
bd914058
bdaf4062
bdc9406c
bde14074
bdf6407b
be0a4081
be1c4087
0b92073c
2a801a8f
49dd2e28
61873cf2
71ca471b
7ccf4dfe
846552bb
89bf5613
8d9f587f
907f5a4b
92af5ba9
94605cb7
95b65d8d
96c85e38
97a65ec3
985d5f35
98f55f94
99755fe4
99e16028
9a3e6062
9a8d6094
9ad360bf
9b0f60e5
9b446106
9b736123
9b9c613d
9bc16154
9be26168
9bff617b
9c1a618b
9c32619a
9c4861a8
075b075c
1c521c52
33c233c2
471b471b
55555556
5f725f73
66a566a5
6bd76bd7
6fab6fac
728c728c
74c174c1
767a767a
77d777d7
78f078f1
79d679d6
7a937a93
7b317b31
7bb67bb6
7c267c27
7c877c87
7cda7cda
7d227d23
7d617d62
7d997d99
7dca7dca
7df57df5
7e1c7e1c
7e3e7e3f
7e5d7e5e
7e797e7a
7e937e93
7ea97eaa
0511076d
14061d5a
25bb3750
35334dfe
411b5f73
49dc6c48
503e75a3
54ef7c84
586f81a6
5b17858b
5d25888d
5ec18ae9
60098ccb
61128e50
61eb8f8e
629f9095
63359170
63b3922a
641f92c7
647b934e
64ca93c3
650f9428
654b9481
658194ce
65af9513
65d99550
65fe9586
661f95b7
663d95e2
6658960a
6670962d
6686964e
03b10777
0ed31e00
1c7d39a8
28e052bb
32b666a5
3a1f75a3
3f9e80c4
43b6890d
46cc8f4b
49289411
4afd97c6
4c6e9ab3
4d969d08
4e859eed
4f49a07a
4feca1c3
5074a2d6
50e7a3be
5148a484
519ca52e
51e4a5c1
5223a640
525ba6af
528ba711
52b6a768
52dca7b5
52fea7f9
531ca837
5337a86e
5350a89f
5366a8cc
537aa8f5
02ce077e
0b611e6e
16283b42
202e5613
28526bd7
2e8d7c84
333d890d
36c3927a
397099a1
3b7e9f22
3d19a36c
3e5ea6d0
3f62a989
4035abbe
40e2ad8e
4172af0f
41ebb051
4251b162
42a8b24a
42f2b312
4333b3be
436bb454
439cb4d7
43c7b54a
43edb5b0
440fb60b
442db65b
4448b6a4
4460b6e5
4476b71f
448ab754
449cb784
02330782
08fd1eba
11aa3c66
19e2587f
20a96fac
25eb81a6
29e98f4b
2cef99a1
2f3ea185
3106a79c
326aac61
3385b028
3469b331
3521b5a9
35b9b7b1
3637b960
36a1baca
36fbbbfc
3747bd01
3789bde1
37c1bea3
37f3bf4b
381ebfdf
3844c061
3865c0d4
3883c13a
389ec194
38b6c1e6
38cbc22f
38dfc271
38f0c2ad
3900c2e3
01c50786
07451ef1
0e623d3b
15365a4b
1ae8728c
1f5e858b
22c79411
25609f22
275ea79c
28e9ae2e
2a1fb355
2b15b76d
2bdbbab9
2c7cbd67
2d01bf9c
2d6fc172
2dcbc2fc
2e1ac449
2e5dc566
2e96c65b
2ec8c72e
2ef3c7e6
2f19c887
2f3ac915
2f58c993
2f72ca02
2f89ca66
2f9ecabf
2fb1cb0f
2fc2cb57
2fd1cb98
2fdfcbd4
01740788
05fe1f19
0beb3ddb
11a85ba9
167e74c1
1a4e888d
1d3d97c6
1f7ba36c
2135ac61
228cb355
239ab8cd
2470bd27
251dc0a8
25aac383
261ec5dd
267ec7d2
26cfc977
2714cadb
274ecc0b
2781cd10
27accdf2
27d2ceb7
27f3cf64
2811cffb
282ad082
2841d0f9
2856d163
2868d1c3
2879d218
2888d265
2895d2ac
28a1d2eb
0137078a
05061f38
0a063e56
0ee95cb7
130c767a
16568ae9
18df9ab3
1ad2a6d0
1c53b028
1d7eb76d
1e69bd27
1f25c1b6
1fbcc564
2038c863
209dcadc
20f2cceb
2139cea5
2175d01c
21a9d15c
21d5d26f
21fcd35d
221dd42d
223ad4e2
2254d582
226ad610
227fd68d
2291d6fd
22a1d762
22afd7bd
22bcd80e
22c8d858
22d3d89b
0108078b
04441f50
088a3eb6
0cbd5d8d
105277d7
132c8ccb
15629d08
1715a989
1866b331
196cbab9
1a3bc0a8
1ae0c564
1b66c935
1bd2cc53
1c2ccee5
1c76d109
1cb5d2d6
1cead45c
1d18d5a9
1d3ed6c8
1d60d7c0
1d7ed898
1d98d955
1daed9fc
1dc2da90
1dd4db13
1de4db87
1df2dbf0
1dffdc4e
1e0bdca3
1e15dcf0
1e1fdd36
00e3078c
03ab1f63
075c3f02
0b005e38
0e1f78f1
109e8e50
128e9eed
140dabbe
1536b5a9
161dbd67
16d3c383
1765c863
17dbcc53
183bcf8a
188ad231
18ccd467
1904d642
1933d7d5
195bd92e
197eda56
199cdb56
19b5dc36
19ccdcfa
19e0dda6
19f2de3e
1a02dec6
1a10df3f
1a1ddfab
1a28e00d
1a33e064
1a3ce0b4
1a44e0fc
00c5078d
032f1f73
06673f40
09975ec3
0c5479d6
0e878f8e
103da07a
1190ad8e
1296b7b1
1363bf9c
1405c5dd
1487cadc
14efcee5
1545d231
158bd4ea
15c6d72e
15f7d917
1621dab4
1645dc16
1664dd46
167ede4e
1695df33
16aadffc
16bce0ad
16cbe14a
16dae1d5
16e6e251
16f2e2c0
16fce324
1705e37f
170de3d1
1715e41b
00ac078e
02cb1f7f
059f3f73
086e5f35
0ada7a93
0ccc9095
0e51a1c3
0f7faf0f
1069b960
111fc172
11b0c7d2
1223cceb
1281d109
12cdd467
130cd72e
1341d97f
136ddb72
1392dd19
13b2de82
13cedfb9
13e5e0c7
13fae1b1
140ce27f
141ce334
142ae3d4
1437e462
1442e4e2
144ce554
1455e5ba
145ee616
1465e66a
146ce6b6
0098078f
02771f8a
04f83f9d
07775f94
099e7b31
0b5b9170
0cb6a2d6
0dc4b051
0e95baca
0f39c2fc
0fbac977
1022cea5
1075d2d6
10bad642
10f2d917
1121db72
1149dd6e
116bdf1c
1187e08d
11a0e1c9
11b6e2db
11c8e3ca
11d8e49c
11e7e554
11f4e5f7
11ffe689
1209e70a
1212e77e
121ae7e7
1221e845
1228e89a
122ee8e8
0087078f
02311f92
046c3fc1
06a75fe4
08947bb6
0a23922a
0b5ba3be
0c4db162
0d09bbfc
0d9dc449
0e11cadb
0e6fd01c
0ebad45c
0ef8d7d5
0f2bdab4
0f55dd19
0f79df1c
0f97e0d2
0fb1e247
0fc7e389
0fdbe49f
0fece592
0ffae667
1007e722
1013e7c8
101de85b
1026e8df
102ee955
1036e9bf
103cea1f
1042ea75
1048eac4
0079078f
01f61f9a
03f63fdf
05f76028
07b37c27
091a92c7
0a34a484
0b0eb24a
0bb8bd01
0c3dc566
0ca7cc0b
0cfbd15c
0d3fd5a9
0d77d92e
0da5dc16
0dccde82
0dece08d
0e08e247
0e1fe3c2
0e33e508
0e45e622
0e54e718
0e61e7f0
0e6de8ad
0e78e955
0e81e9eb
0e89ea70
0e91eae7
0e97eb53
0e9debb4
0ea3ec0c
0ea7ec5c
006d0790
01c41fa0
03923ff8
05606062
06f27c87
0837934e
0936a52e
09fcb312
0a96bde1
0b0fc65b
0b6fcd10
0bbcd26f
0bfad6c8
0c2cda56
0c56dd46
0c79dfb9
0c97e1c9
0cb0e389
0cc5e508
0cd8e651
0ce7e76f
0cf5e867
0d02e941
0d0cea01
0d16eaab
0d1eeb42
0d26ebc9
0d2cec42
0d32ecaf
0d38ed11
0d3ded6a
0d41edbb
00630790
01991fa5
033b400e
04df6094
064c7cda
077393c3
085ba5c1
090fb3be
099cbea3
0a0ac72e
0a62cdf2
0aa7d35d
0ae0d7c0
0b0edb56
0b34de4e
0b54e0c7
0b6fe2db
0b86e49f
0b99e622
0baae76f
0bb9e88f
0bc5e98a
0bd0ea66
0bdaeb28
0be3ebd4
0bebec6c
0bf1ecf5
0bf7ed6f
0bfdeddc
0c02ee3f
0c07ee99
0c0aeeeb
005a0790
01741faa
02f04021
046e60bf
05bb7d23
06c99428
079da640
0841b454
08c2bf4b
0927c7e6
0977ceb7
09b6d42d
09ead898
0a15dc36
0a38df33
0a55e1b1
0a6ee3ca
0a82e592
0a94e718
0aa4e867
0ab1e98a
0abdea87
0ac7eb65
0acfec29
0ad7ecd6
0adeed70
0ae5edf9
0aebee74
0aefeee3
0af4ef47
0af8efa2
0afceff4
00520791
01531fae
02af4032
040c60e5
053d7d62
06349481
06f6a6af
078db4d7
0803bfdf
0860c887
08a9cf64
08e4d4e2
0913d955
093adcfa
095adffc
0975e27f
098ce49c
099fe667
09afe7f0
09bde941
09caea66
09d4eb65
09deec45
09e6ed0a
09ededb8
09f4ee53
09f9eede
09feef5a
0a03efca
0a07f02e
0a0bf089
0a0ff0dc
004b0791
01371fb1
02764040
03b66106
04ce7d99
05b194ce
0664a711
06efb54a
075bc061
07b1c915
07f4cffb
082ad582
0856d9fc
087adda6
0897e0ad
08b0e334
08c5e554
08d7e722
08e6e8ad
08f3ea01
08feeb28
0908ec29
0910ed0a
0918edd0
091eee80
0924ef1c
092aefa7
092ff024
0933f094
0937f0fa
093af156
093ef1a9
00450791
011e1fb4
0243404d
036a6123
046c7dca
053e9513
05e2a768
0663b5b0
06c7c0d4
0715c993
0754d082
0786d610
07aeda90
07d0de3e
07ebe14a
0802e3d4
0815e5f7
0825e7c8
0833e955
083feaab
0849ebd4
0853ecd6
085bedb8
0862ee80
0868ef30
086eefcd
0872f05a
0877f0d7
087bf148
087ef1ae
0882f20a
0885f25e
00400791
01081fb7
02174058
0327613d
04167df5
04d79550
056fa7b5
05e6b60b
0643c13a
068cca02
06c6d0f9
06f4d68d
0719db13
0738dec6
0751e1d5
0767e462
0778e689
0788e85b
0794e9eb
07a0eb42
07a9ec6c
07b2ed70
07b9ee53
07c0ef1c
07c5efcd
07cbf06b
07cff0f8
07d3f176
07d7f1e8
07daf24e
07ddf2ab
07e0f2ff
003b0791
00f41fba
01ef4062
02eb6154
03c87e1c
047c9586
0509a7f9
0578b65b
05cec194
0611ca66
0647d163
0672d6fd
0695db87
06b1df3f
06c9e251
06dce4e2
06ede70a
06fbe8df
0707ea70
0711ebc9
071aecf5
0722edf9
0729eede
072fefa7
0734f05a
0739f0f8
073df186
0741f204
0745f276
0748f2dd
074af33b
074df38f
00370791
00e31fbc
01cb406c
02b66168
03837e3f
042a95b7
04ada837
0514b6a4
0564c1e6
05a3cabf
05d5d1c3
05fdd762
061edbf0
0638dfab
064ee2c0
0660e554
0670e77e
067de955
0688eae7
0692ec42
069aed6f
06a1ee74
06a8ef5a
06adf024
06b2f0d7
06b7f176
06bbf204
06bef284
06c1f2f6
06c4f35e
06c7f3bb
06c9f410
00330792
00d31fbe
01ab4074
0286617b
03457e5e
03e195e2
045ba86e
04bbb6e5
0506c22f
0540cb0f
056fd218
0594d7bd
05b3dc4e
05cbe00d
05e0e324
05f1e5ba
05ffe7e7
060be9bf
0616eb53
061fecaf
0627eddc
062eeee3
0633efca
0639f094
063df148
0641f1e8
0645f276
0649f2f6
064cf369
064ef3d1
0651f42f
0653f484
00300791
00c51fbf
018f407b
025b618b
030d7e7a
039e960a
0411a89f
046bb71f
04b0c271
04e7cb57
0513d265
0536d80e
0552dca3
0569e064
057ce37f
058ce616
059ae845
05a5ea1f
05afebb4
05b7ed11
05bfee3f
05c5ef47
05cbf02e
05cff0fa
05d4f1ae
05d8f24e
05dbf2dd
05def35e
05e1f3d1
05e4f439
05e6f497
05e8f4ed
002c0792
00b81fc1
01754081
0234619a
02da7e93
0363962d
03cea8cc
0422b754
0463c2ad
0497cb98
04bfd2ac
04e0d858
04fbdcf0
0510e0b4
0522e3d1
0531e66a
053ee89a
0549ea75
0551ec0c
0559ed6a
0560ee99
0566efa2
056cf089
0570f156
0574f20a
0578f2ab
057bf33b
057ef3bb
0580f42f
0583f497
0585f4f6
0587f54c
002a0792
00ac1fc3
015d4087
021061a8
02ad7eaa
032c964e
0391a8f5
03e0b784
041dc2e3
044dcbd4
0474d2eb
0492d89b
04abdd36
04c0e0fc
04d0e41b
04dee6b6
04eae8e8
04f4eac4
04fdec5c
0504edbb
050beeeb
0510eff4
0515f0dc
0519f1a9
051df25e
0521f2ff
0524f38f
0527f410
0529f484
052bf4ed
052df54c
052ff5a2
7eaf02a3
cf3a0450
e68104cc
ef5804fb
f3820511
f5c6051d
f7220524
f8030529
f89c052c
f909052e
f9580530
f9950531
f9c40532
f9e80533
fa060534
fa1e0534
fa320535
fa430535
fa510535
fa5d0535
fa670536
fa700536
fa780536
fa7e0536
fa840536
fa8a0536
fa8e0536
fa920537
fa960536
fa990537
fa9c0537
fa9f0537
2c760450
7a160bd5
a8ee105f
c15112bc
cea01406
d67014c8
db591541
de9b1592
e0dd15cb
e27e15f3
e3b31611
e49f1628
e5571639
e5e81647
e65d1653
e6bc165c
e70b1664
e74e166a
e786166f
e7b51674
e7de1678
e801167c
e820167f
e83b1681
e8531683
e8681685
e87b1687
e88b1689
e89a168a
e8a7168c
e8b4168d
e8bf168e
14b304cc
46b3105f
72b81a90
903f2166
a2f525bb
aefa2883
b6f52a5c
bc732ba2
c05d2c8a
c33b2d34
c5632db4
c70d2e16
c85a2e63
c9632ea1
ca3b2ed2
caeb2efc
cb7e2f1d
cbf82f3a
cc602f52
ccb92f66
cd052f78
cd482f87
cd812f95
cdb42fa0
cde02fab
ce072fb4
ce2a2fbc
ce4a2fc3
ce662fca
ce7f2fd0
ce962fd5
ceab2fd9
0bad04fb
2bf312bc
4e5b2166
69832cfa
7ccf3533
8a323ae7
938d3ee5
9a3b41bd
9f1b43d1
a2bf455e
a586468d
a7ae4779
a9634833
aac248c8
abdf4942
accb49a6
ad8e49fa
ae334a40
aebf4a7b
af364aaf
af9d4adb
aff74b00
b0444b22
b0894b3f
b0c54b59
b0fb4b6f
b12a4b84
b1554b96
b17b4ba6
b19e4bb5
b1bd4bc2
b1d94bce
076d0511
1d5a1406
375025bb
4dfe3533
5f73411b
6c4849dc
75a3503e
7c8454ef
81a6586f
858b5b17
888d5d25
8ae95ec1
8ccb6009
8e506112
8f8e61eb
9095629f
91706335
922a63b3
92c7641f
934e647b
93c364ca
9428650f
9481654b
94ce6581
951365af
955065d9
958665fe
95b7661f
95e2663d
960a6658
962d6670
964e6686
051d051d
14c814c8
28832883
3ae73ae7
49dc49dc
55555556
5df85df8
64776478
69676967
6d336d33
7029702a
72817281
74627462
75e975e9
7729772a
78337834
79127913
79cf79cf
7a6f7a70
7af97af9
7b707b71
7bd87bd8
7c337c33
7c827c83
7cc97cc9
7d077d08
7d3f7d40
7d717d72
7d9e7d9e
7dc77dc7
7deb7dec
7e0d7e0d
03ba0524
0f661541
1eaf2a5c
2d8e3ee5
3a1f503e
44105df8
4bba688c
519970a8
561f76e6
59a37bc1
5c677f92
5e9b829c
6061850f
61d3870f
630588b4
64028a13
64d88b39
658c8c33
66268d08
66ab8dbf
671e8e5d
67828ee7
67d98f60
68268fca
686b9028
68a7907c
68dd90c6
690d9109
69399145
6960917b
698491ac
69a491d9
02d40529
0bd31592
17eb2ba2
240841bd
2e8d54ef
37116478
3dbf70a8
42f07a20
46fa817f
4a258747
4ca78bda
4ea98f83
5049927a
519d94e7
52b696e8
53a09893
546699fb
550d9b2d
559c9c32
56179d12
56829dd5
56de9e7f
57309f13
57789f96
57b7a00a
57f0a071
5822a0cd
584fa120
5878a169
589da1ac
58bea1e9
58dca220
0238052c
095815cb
13192c8a
1d1443d1
25eb586f
2d326967
32fb76e6
3787817f
3b1889d1
3de89061
4025959b
41f299cd
43689d36
449ba002
4599a253
466ea442
4721a5e3
47b9a746
483ba875
48aba97b
490caa5d
4961ab23
49ababd0
49edac69
4a27acf0
4a5aad69
4a88add4
4ab2ae34
4ad7ae8b
4af8aeda
4b17af20
4b32af61
01c9052e
078f15f3
0f912d34
17e3455e
1f5e5b17
259a6d33
2a9c7bc1
2e948747
31b79061
3433979a
36309d5f
37caa206
3918a5cf
3a2aa8ec
3b0eab81
3bccadab
3c6daf7e
3cf5b10b
3d6bb25f
3dd0b384
3e27b483
3e74b560
3eb7b623
3ef2b6cf
3f26b767
3f55b7ee
3f7fb867
3fa4b8d4
3fc6b935
3fe4b98d
3fffb9dd
4018ba26
01780530
063c1611
0ce92db4
13ed468d
1a4e5d25
1fad702a
24077f92
277f8bda
2a40959b
2c719d5f
2e34a399
2fa0a8a1
30c8acbd
31bdb01e
3288b2ed
3332b548
33c2b745
343cb8f6
34a5ba69
34ffbbaa
354ebcc0
3592bdb3
35cfbe88
3604bf44
3633bfea
365dc07e
3682c103
36a3c17a
36c2c1e4
36ddc245
36f6c29d
370cc2ec
013a0531
05391628
0add2e16
10d94779
16565ec1
1afe7281
1ec9829c
21d48f83
244199cd
2630a206
27bfa8a1
2902adfc
2a0ab25c
2ae4b5f7
2b99b8f7
2c30bb7c
2cb1bd9c
2d1ebf6c
2d7cc0fa
2dcdc251
2e13c37b
2e50c480
2e86c565
2eb6c62e
2ee0c6e1
2f06c780
2f27c80f
2f45c88e
2f60c901
2f79c969
2f8fc9c7
2fa3ca1d
010a0532
04701639
09432e63
0e6a4833
132c6009
173c7462
1a90850f
1d3d927a
1f629d36
2119a5cf
227bacbd
239ab25c
2485b6f6
2547bac2
25e9bdeb
2670c093
26e3c2d1
2745c4bb
2799c65f
27e1c7ca
2820c906
2857ca19
2887cb0b
28b2cbe1
28d8cc9e
28facd46
2917cddd
2932ce64
294bcede
2961cf4c
2975cfaf
2987d00a
00e50533
03d11647
07fc2ea1
0c7648c8
109e6112
142e75e9
171e870f
197c94e7
1b63a002
1ceaa8ec
1e25b01e
1f25b5f7
1ff7bac2
20a4beb8
2135c204
21aec4c9
2215c721
226dc921
22b8cad8
22f9cc54
2331cd9e
2362cebe
238ecfbb
23b4d09b
23d6d161
23f4d211
240fd2af
2427d33d
243dd3bc
2451d42f
2463d498
2473d4f7
00c60534
03501653
06f32ed2
0adf4942
0e8761eb
11ad772a
144788b4
166296e8
1814a253
1971ab81
1a8bb2ed
1b70b8f7
1c2cbdeb
1cc7c204
1d49c56e
1db6c84c
1e12cabb
1e61cccd
1ea4ce95
1edfd01e
1f12d174
1f3ed2a0
1f65d3a7
1f87d48f
1fa6d55c
1fc1d614
1fdad6b7
1fefd74b
2003d7cf
2015d846
2025d8b3
2033d916
00ae0534
02e8165c
06192efc
098f49a6
0ccc629f
0f997834
11eb8a13
13cd9893
1550a442
1689adab
1786b548
1854bb7c
18fdc093
1989c4c9
19fec84c
1a60cb41
1ab3cdc1
1afacfe4
1b37d1b9
1b6bd34f
1b99d4b0
1bc1d5e5
1be4d6f4
1c03d7e3
1c1fd8b7
1c37d974
1c4dda1e
1c61dab5
1c73db3e
1c83dbb9
1c91dc29
1c9fdc8f
00990535
02911664
05652f1d
087849fa
0b5b6335
0ddb7913
0fef8b39
119f99fb
12fca5e3
1415af7e
14f9b745
15b3bd9c
164cc2d1
16cac721
1733cabb
178ccdc1
17d7d052
1817d282
184ed464
187ed604
18a7d76e
18cbd8ab
18ebd9c1
1908dab6
1920db90
1937dc52
194add00
195cdd9c
196cde28
197bdea7
1988df1a
1994df82
00880535
0248166a
04ce2f3a
078d4a40
0a2363b3
0c6279cf
0e418c33
0fc69b2d
1101a746
1200b10b
12ceb8f6
1376bf6c
1400c4bb
1472c921
14d2cccd
1522cfe4
1567d282
15a1d4bf
15d3d6aa
15fed854
1623d9c6
1644db09
1661dc25
167bdd20
1691ddff
16a6dec5
16b8df77
16c8e016
16d6e0a6
16e4e127
16efe19d
16fae208
007a0535
020b166f
044e2f52
06c64a7b
091a641f
0b217a70
0cd28d08
0e329c32
0f50a875
1036b25f
10f2ba69
118ac0fa
1208c65f
1270cad8
12c7ce95
1310d1b9
134ed464
1383d6aa
13b1d89f
13d8da50
13fadbc9
1418dd12
1432de34
1449df34
145ee017
1470e0e1
1481e196
1490e238
149de2ca
14a9e34f
14b4e3c6
14bee433
006e0535
01d71674
03e12f66
061b4aaf
0837647b
0a0e7af9
0b968dbf
0cd79d12
0ddaa97b
0eacb384
0f57bbaa
0fe2c251
1055c7ca
10b3cc54
1103d01e
1146d34f
117ed604
11aed854
11d8da50
11fcdc08
121bdd87
1237ded5
124edffc
1264e100
1277e1e6
1287e2b4
1296e36c
12a4e411
12b0e4a5
12bbe52c
12c5e5a5
12cee614
00630536
01aa1678
03832f78
05884adb
077364ca
091f7b71
0a858e5d
0ba99dd5
0c97aa5d
0d56b483
0df2bcc0
0e72c37b
0edac906
0f31cd9e
0f7ad174
0fb7d4b0
0febd76e
1017d9c6
103ddbc9
105edd87
107bdf0b
1094e05e
10aae188
10bde290
10cee37a
10dee44a
10ece504
10f8e5ac
1103e643
110de6cb
1117e746
111fe7b6
005a0536
0183167c
03312f87
05094b00
06c9650f
08507bd8
09978ee7
0aa39e7f
0b7cab23
0c2cb560
0cbbbdb3
0d30c480
0d90ca19
0de0cebe
0e22d2a0
0e5ad5e5
0e8ad8ab
0eb3db09
0ed6dd12
0ef4ded5
0f0ee05e
0f25e1b6
0f3ae2e3
0f4be3ee
0f5be4db
0f69e5ae
0f76e66a
0f81e714
0f8ce7ac
0f95e836
0f9ee8b3
0fa5e925
00520536
0161167f
02ea2f95
049a4b22
0634654b
079a7c33
08c78f60
09bd9f13
0a85abd0
0b26b623
0ba9be88
0c15c565
0c6ecb0b
0cb7cfbb
0cf4d3a7
0d28d6f4
0d54d9c1
0d7adc25
0d9ade34
0db6dffc
0dcee188
0de3e2e3
0df6e414
0e06e522
0e15e611
0e22e6e6
0e2ee7a5
0e38e850
0e42e8ea
0e4ae976
0e52e9f4
0e59ea67
004c0536
01441681
02ac2fa0
04384b3f
05b16581
06fb7c83
08108fca
08f29f96
09aaac69
0a3fb6cf
0ab8bf44
0b1cc62e
0b6dcbe1
0bb1d09b
0bead48f
0c1ad7e3
0c42dab6
0c65dd20
0c83df34
0c9ce100
0cb3e290
0cc7e3ee
0cd8e522
0ce7e632
0cf5e723
0d01e7fa
0d0be8bb
0d15e968
0d1eea03
0d26ea90
0d2deb10
0d33eb84
00460536
012a1683
02752fab
03e24b59
053e65af
066e7cc9
076d9028
083fa00a
08e9acf0
0973b767
09e3bfea
0a3fc6e1
0a8acc9e
0ac9d161
0afed55c
0b2ad8b7
0b50db90
0b70ddff
0b8be017
0ba3e1e6
0bb8e37a
0bcae4db
0bdae611
0be8e723
0bf5e817
0c00e8f0
0c0ae9b2
0c13ea60
0c1beafd
0c22eb8b
0c29ec0b
0c2fec80
00400536
01131685
02452fb4
03964b6f
04d765d9
05f17d08
06dd907c
079fa071
083dad69
08bdb7ee
0925c07e
097ac780
09c0cd46
09fbd211
0a2bd614
0a55d974
0a77dc52
0a95dec5
0aafe0e1
0ac5e2b4
0ad8e44a
0ae9e5ae
0af8e6e6
0b05e7fa
0b10e8f0
0b1be9ca
0b24ea8e
0b2deb3d
0b34ebdb
0b3bec6a
0b41ecec
0b47ed62
003c0536
00fe1687
021a2fbc
03524b84
047c65fe
05817d40
065d90c6
0711a0cd
07a4add4
081ab867
087bc103
08cac80f
090ccddd
0942d2af
096fd6b7
0995da1e
09b6dd00
09d1df77
09e9e196
09fee36c
0a10e504
0a20e66a
0a2de7a5
0a3ae8bb
0a44e9b2
0a4eea8e
0a57eb52
0a5fec03
0a66eca2
0a6ced32
0a71edb5
0a77ee2b
00370537
00ec1689
01f32fc3
03154b96
042a661f
051d7d72
05ea9109
0691a120
071aae34
0788b8d4
07e3c17a
082dc88e
086ace64
089cd33d
08c6d74b
08eadab5
0908dd9c
0922e016
0938e238
094be411
095ce5ac
096be714
0978e850
0983e968
098dea60
0996eb3d
099eec03
09a6ecb5
09aced55
09b2ede6
09b7ee69
09bceee0
00340536
00dc168a
01d02fca
02df4ba6
03e1663d
04c47d9e
05829145
061fa169
069eae8b
0705b935
075ac1e4
079fc901
07d7cede
0807d3bc
082ed7cf
084fdb3e
086cde28
0884e0a6
0899e2ca
08abe4a5
08bae643
08c8e7ac
08d4e8ea
08dfea03
08e8eafd
08f1ebdb
08f8eca2
08ffed55
0905edf6
090bee87
0910ef0b
0914ef84
00300537
00cd168c
01b12fd0
02ad4bb5
039e6658
04727dc7
0525917b
05b7a1ac
062eaeda
068fb98d
06dec245
071ec969
0753cf4c
0780d42f
07a5d846
07c4dbb9
07dedea7
07f5e127
0808e34f
0819e52c
0828e6cb
0835e836
0840e976
084aea90
0853eb8b
085bec6a
0862ed32
0868ede6
086eee87
0873ef1a
0878ef9e
087cf017
002d0537
00bf168d
01952fd5
02814bc2
03636670
04297dec
04d091ac
0559a1e9
05c9af20
0624b9dd
066dc29d
06aac9c7
06dccfaf
0705d498
0728d8b3
0746dc29
075edf1a
0774e19d
0786e3c6
0796e5a5
07a3e746
07afe8b3
07bae9f4
07c3eb10
07ccec0b
07d3ecec
07daedb5
07e0ee69
07e5ef0b
07eaef9e
07eef024
07f2f09d
002a0537
00b3168e
017c2fd9
02594bce
032c6686
03e67e0d
048391d9
0504a220
056daf61
05c2ba26
0608c2ec
0640ca1d
066fd00a
0696d4f7
06b7d916
06d2dc8f
06eadf82
06fee208
070fe433
071ee614
072be7b6
0736e925
0740ea67
0749eb84
0751ec80
0757ed62
075eee2b
0764eee0
0768ef84
076df017
0771f09d
0775f116
7f0b01ea
d0310324
e7b3037e
f0a203a1
f4d803b1
f72203ba
f88203bf
f96603c2
fa0003c5
fa6e03c6
fabf03c7
fafc03c8
fb2b03c9
fb5003ca
fb6f03ca
fb8703ca
fb9b03cb
fbac03cb
fbba03cb
fbc603cb
fbd003cc
fbd903cc
fbe103cc
fbe803cc
fbee03cc
fbf303cc
fbf803cc
fbfc03cc
fc0003cc
fc0303cc
fc0603cd
fc0903cc
2cab0324
7ba908ae
abf60c12
c54c0dda
d32d0ed3
db590f66
e07c0fc2
e3e60fff
e644102a
e7f91049
e93e105f
ea351071
eaf6107e
eb8e1089
ec091092
ec6e1098
ecc1109e
ed0610a3
ed4110a7
ed7310ab
ed9e10ae
edc310b0
ede310b3
edff10b5
ee1810b7
ee2e10b8
ee4210b9
ee5310bb
ee6310bc
ee7110bd
ee7e10be
ee8a10be
14cf037e
47f80c12
761913ce
95a11918
a9db1c7d
b6f51eaf
bfb32027
c5be212a
ca0e21e3
cd38226b
cf9b22d1
d1712320
d2e2235e
d409238f
d4f823b7
d5bb23d8
d65e23f3
d6e6240a
d759241e
d7bc242e
d811243c
d85a2449
d89a2453
d8d2245d
d9042465
d930246c
d9562473
d9792479
d998247e
d9b42483
d9ce2487
d9e5248b
0bbd03a1
2cda0dda
51471918
6ee2223c
846528e0
938d2d8e
9e4630dd
a5fb333e
aba334fe
afe2364d
b322374e
b5aa3816
b7ab38b4
b9473934
ba98399b
bbad39f1
bc943a39
bd573a74
bdfc3aa7
be893ad3
bf033af9
bf6d3b19
bfc93b36
c01a3b4f
c0613b65
c0a13b78
c0d93b8a
c10c3b99
c1393ba7
c1623bb4
c1873bbf
c1a83bca
077703b1
1e000ed3
39a81c7d
52bb28e0
66a532b6
75a33a1f
80c43f9e
890d43b6
8f4b46cc
94114928
97c64afd
9ab34c6e
9d084d96
9eed4e85
a07a4f49
a1c34fec
a2d65074
a3be50e7
a4845148
a52e519c
a5c151e4
a6405223
a6af525b
a711528b
a76852b6
a7b552dc
a7f952fe
a837531c
a86e5337
a89f5350
a8cc5366
a8f5537a
052403ba
15410f66
2a5c1eaf
3ee52d8e
503e3a1f
5df84410
688c4bba
70a85199
76e6561f
7bc159a3
7f925c67
829c5e9b
850f6061
870f61d3
88b46305
8a136402
8b3964d8
8c33658c
8d086626
8dbf66ab
8e5d671e
8ee76782
8f6067d9
8fca6826
9028686b
907c68a7
90c668dd
9109690d
91456939
917b6960
91ac6984
91d969a4
03bf03bf
0fc20fc2
20262027
30dd30dd
3f9e3f9e
4bba4bba
55555556
5cdd5cde
62c462c4
676b676b
6b1e6b1e
6e166e17
707f7080
7279727a
741c741c
757a757a
76a176a1
779b779b
78717871
792a792a
79ca79ca
7a557a55
7acf7ad0
7b3b7b3b
7b9b7b9b
7bef7bf0
7c3b7c3b
7c7f7c7f
7cbc7cbd
7cf37cf4
7d257d26
7d537d53
02d803c2
0c1b0fff
1918212a
26c7333e
333d43b6
3dbf5199
46455cde
4d1365db
527b6cff
56c972b1
5a3e7742
5d0a7af4
5f527df7
61338073
62c28283
6411843e
652c85b4
661d86f2
66ec8803
679e88ee
683889bb
68bf8a6e
69368b0a
699f8b94
69fb8c0f
6a4d8c7c
6a978cdd
6ad98d35
6b158d83
6b4b8dca
6b7b8e0b
6ba88e45
023b03c5
0992102a
140f21e3
1f5f34fe
29e946cc
32fb561f
3a7862c4
40866cff
45647538
494d7bd5
4c77812c
4f098584
51258914
52e48c06
54578e7b
5590908b
5699924a
577b93c7
583d950f
58e4962a
59769720
59f597f7
5a6598b4
5ac8995a
5b1f99ee
5b6d9a72
5bb39ae8
5bf19b52
5c299bb1
5c5c9c07
5c8b9c54
5cb59c9b
01cc03c6
07be1049
105d226b
19d1364d
22c74928
2a9c59a3
312a676b
368672b1
3ade7bd5
3e62833c
413e893f
43948e29
45819235
47199590
486e985e
498e9aba
4a829cbb
4b529e71
4c059fea
4ca0a130
4d26a24c
4d9ca344
4e04a41e
4e60a4de
4eb1a589
4ef9a622
4f3aa6aa
4f74a724
4fa9a792
4fd8a7f6
5003a850
502aa8a3
017a03c7
0663105f
0d9422d1
1590374e
1d3d4afd
24075c67
29c46b1e
2e807742
325d812c
3583893f
38158fd6
3a30953f
3bee99b6
3d619d6c
3e97a089
3f9da328
407ca563
413aa74b
41dea8ef
426caa5b
42e7ab98
4354acad
43b3ada1
4407ae79
4451af39
4494afe3
44cfb07c
4505b105
4535b181
4561b1f1
4588b256
45acb2b3
013c03c8
055a1071
0b6f2320
12403816
18df4c6e
1ec95e9b
23d36e17
28027af4
2b738584
2e438e29
3091953f
32779b13
34089fe7
3557a3ed
3671a74c
375eaa27
3828ac94
38d5aea8
396ab072
39ebb1ff
3a5cb359
3abfb488
3b16b592
3b62b67f
3ba7b750
3be3b80b
3c1ab8b2
3c4bb948
3c77b9d0
3c9fba4a
3cc3baba
3ce4bb1f
010c03c9
048c107e
09c0235e
0fa138b4
15624d96
1a906061
1f017080
22b77df7
25c78914
284a9235
2a5c99b6
2c119fe7
2d7ba50a
2ea9a954
2fa8acee
307faffb
3136b293
31d3b4cd
325ab6b8
32d0b862
3336b9d5
3390bb1b
33dfbc39
3425bd37
3463be18
349abee1
34ccbf95
34f8c037
3520c0c9
3545c14d
3566c1c5
3584c231
00e603ca
03e91089
0868238f
0d853934
128e4e85
171e61d3
1b0d727a
1e5a8073
21168c06
23579590
25339d6c
26bca3ed
2803a954
2914add8
29fab1a5
2abdb4dd
2b63b79b
2bf1b9f6
2c6cbbfd
2cd6bdc1
2d33bf4a
2d85c0a3
2dccc1d3
2e0cc2e0
2e44c3cf
2e77c4a4
2ea4c563
2eccc60f
2ef1c6aa
2f12c736
2f30c7b5
2f4cc828
00c703ca
03651092
075123b7
0bcd399b
103d4f49
14476305
17c8741c
1abb8283
1d2e8e7b
1f34985e
20e0a089
2243a74c
236aacee
2461b1a5
2531b59e
25e2b8fb
2678bbda
26f9be51
2769c071
27cac24a
281ec3e7
2868c550
28aac68f
28e3c7aa
2917c8a4
2945c984
296eca4d
2993cb01
29b4cba4
29d2cc37
29edccbd
2a06cd37
00af03ca
02fa1098
066d23d8
0a6239f1
0e514fec
11eb6402
150c757a
17b1843e
19e5908b
1bb89aba
1d3ba328
1e7baa27
1f86affb
2066b4dd
2123b8fb
21c4bc79
224cbf74
22c1c204
2327c43a
237fc625
23ccc7d2
240fc94b
244bca97
247fcbbd
24aeccc2
24d8cdab
24fdce7d
251fcf38
253dcfe2
2559d07b
2572d106
2589d185
009a03cb
02a1109e
05af23f3
09333a39
0cb65074
0fef64d8
12be76a1
152085b4
171d924a
18c39cbb
1a21a563
1b44ac94
1c37b293
1d02b79b
1daebbda
1e40bf74
1ebcc288
1f27c52d
1f83c776
1fd3c972
201acb2d
2057ccb2
208dce0a
20bdcf3a
20e8d048
210ed13a
2130d212
214fd2d4
216bd384
2184d423
219bd4b3
21afd536
008903cb
025710a3
0510240a
08353a74
0b5b50e7
0e41658c
10ca779b
12f186f2
14be93c7
163d9e71
177ba74b
1883aea8
1960b4cd
1a19b9f6
1ab6be51
1b3bc204
1bacc52d
1c0ec7e4
1c62ca3d
1cabcc48
1cebce10
1d24cfa0
1d55d102
1d81d23a
1da8d351
1dcbd449
1dead528
1e07d5f0
1e20d6a5
1e37d748
1e4cd7dd
1e5fd864
007b03cb
021810a7
0489241e
075d3aa7
0a345148
0cd26626
0f1e7871
11118803
12b4950f
14119fea
1533a8ef
1624b072
16eeb6b8
1797bbfd
1826c071
189fc43a
1907c776
1961ca3d
19aecca4
19f1cebb
1a2bd08f
1a5fd229
1a8cd393
1ab5d4d3
1ad8d5f1
1af8d6f0
1b15d7d4
1b2fd8a1
1b46d95a
1b5bda02
1b6eda9b
1b80db25
006f03cb
01e210ab
0416242e
06a43ad3
0936519c
0b9666ab
0dac792a
0f7488ee
10f2962a
1230a130
1339aa5b
1416b1ff
14ceb862
1569bdc1
15ecc24a
165cc625
16bbc972
170dcc48
1754cebb
1792d0dd
17c7d2ba
17f7d45d
1820d5cf
1845d716
1866d83a
1883d93e
189eda27
18b5daf9
18cbdbb6
18dedc62
18f0dcfd
1900dd8b
006403cc
01b410ae
03b3243c
06043af9
085b51e4
0a85671e
0c6c79ca
0e0d89bb
0f6a9720
108ea24c
1181ab98
124bb359
12f5b9d5
1383bf4a
13fbc3e7
1462c7d2
14b9cb2d
1505ce10
1546d08f
157fd2ba
15b0d4a0
15dcd64a
1602d7c3
1624d910
1642da39
165ddb42
1675dc30
168bdd06
169fddc6
16b1de75
16c1df13
16d0dfa4
005b03cc
018d10b0
035d2449
057a3b19
079d5223
09976782
0b567a55
0cd38a6e
0e1497f7
0f20a344
0fffacad
10b9b488
1155bb1b
11d8c0a3
1248c550
12a6c94b
12f7ccb2
133ccfa0
1378d229
13acd45d
13dad64a
1402d7fc
1426d97a
1445dacd
1461dbfa
147add08
1490ddf9
14a4ded3
14b6df97
14c7e048
14d6e0e9
14e3e17c
005303cc
016a10b3
03132453
05013b36
06f6525b
08c767d9
0a617ad0
0bc08b0a
0ce798b4
0ddea41e
0eacada1
0f58b592
0fe8bc39
1061c1d3
10c7c68f
111eca97
1169ce0a
11a9d102
11e1d393
1211d5cf
123bd7c3
1260d97a
1281dafe
129edc55
12b8dd87
12cfde98
12e4df8d
12f6e06a
1307e130
1317e1e4
1324e288
1331e31d
004c03cc
014c10b5
02d1245d
04973b4f
0664528b
08106826
098a7b3b
0acd8b94
0bde995a
0cc2a4de
0d80ae79
0e1fb67f
0ea4bd37
0f14c2e0
0f73c7aa
0fc4cbbd
1009cf3a
1045d23a
1078d4d3
10a5d716
10ccd910
10eedacd
110ddc55
1128ddb1
113fdee7
1155dffb
1168e0f3
1179e1d2
1189e29c
1197e352
11a4e3f8
11b0e48e
004603cc
013110b7
02972465
043a3b65
05e252b6
076d686b
08ca7b9b
09f68c0f
0af399ee
0bc6a589
0c76af39
0d09b750
0d85be18
0dedc3cf
0e45c8a4
0e90ccc2
0ed0d048
0f07d351
0f37d5f1
0f60d83a
0f85da39
0fa5dbfa
0fc1dd87
0fdadee7
0ff0e020
1004e137
1016e232
1026e313
1035e3df
1042e497
104de53f
1058e5d8
004103cc
011a10b8
0264246c
03e73b78
056f52dc
06dd68a7
08217bf0
09378c7c
0a219a72
0ae5a622
0b89afe3
0c12b80b
0c85bee1
0ce5c4a4
0d37c984
0d7dcdab
0db8d13a
0decd449
0e18d6f0
0e3fd93e
0e61db42
0e7edd08
0e99de98
0eb0dffb
0ec5e137
0ed7e252
0ee8e34f
0ef7e432
0f04e500
0f11e5ba
0f1ce663
0f26e6fd
003c03cc
010510b9
02372473
039d3b8a
050952fe
065d68dd
078a7c3b
088c8cdd
09659ae8
0a1ca6aa
0ab5b07c
0b34b8b2
0b9fbf95
0bf9c563
0c45ca4d
0c86ce7d
0cbed212
0ceed528
0d17d7d4
0d3bda27
0d5bdc30
0d77ddf9
0d8fdf8d
0da5e0f3
0db8e232
0dc9e34f
0dd9e44e
0de7e534
0df4e603
0dffe6bf
0e09e76a
0e13e805
003803cc
00f210bb
020e2479
035b3b99
04ad531c
05ea690d
07027c7f
07f28d35
08bd9b52
0968a724
09f6b105
0a6db948
0ad1c037
0b25c60f
0b6ccb01
0ba9cf38
0bddd2d4
0c09d5f0
0c30d8a1
0c52daf9
0c6fdd06
0c89ded3
0ca0e06a
0cb5e1d2
0cc7e313
0cd7e432
0ce5e534
0cf2e61c
0cfee6ed
0d09e7aa
0d12e856
0d1be8f3
003403cc
00e110bc
01ea247e
03203ba7
045b5337
05826939
06877cbd
07688d83
08269bb1
08c5a792
094ab181
09b9b9d0
0a17c0c9
0a65c6aa
0aa8cba4
0ae1cfe2
0b11d384
0b3bd6a5
0b60d95a
0b7fdbb6
0b9bddc6
0bb3df97
0bc9e130
0bdbe29c
0bece3df
0bfce500
0c09e603
0c15e6ed
0c20e7c0
0c2ae87e
0c34e92b
0c3ce9c9
003103cc
00d210bd
01c92483
02ea3bb4
04115350
05256960
06197cf4
06eb8dca
079d9c07
0832a7f6
08aeb1f1
0917ba4a
096ec14d
09b8c736
09f7cc37
0a2cd07b
0a59d423
0a81d748
0aa3da02
0ac0dc62
0adade75
0af1e048
0b05e1e4
0b17e352
0b27e497
0b35e5ba
0b42e6bf
0b4de7aa
0b58e87e
0b61e93e
0b6ae9ec
0b71ea8b
002d03cd
00c410be
01ab2487
02ba3bbf
03ce5366
04d06984
05b57d26
067a8e0b
07219c54
07ada850
0822b256
0883baba
08d5c1c5
091bc7b5
0956ccbd
0988d106
09b2d4b3
09d7d7dd
09f7da9b
0a13dcfd
0a2cdf13
0a41e0e9
0a54e288
0a64e3f8
0a74e53f
0a81e663
0a8de76a
0a98e856
0aa1e92b
0aaae9ec
0ab2ea9c
0ab9eb3c
002b03cc
00b810be
0190248b
028e3bca
0391537a
048369a4
055a7d53
06138e45
06b09c9b
0733a8a3
07a1b2b3
07fdbb1f
084bc231
088cc828
08c3cd37
08f2d185
091bd536
093dd864
095bdb25
0975dd8b
098cdfa4
09a1e17c
09b2e31d
09c2e48e
09d0e5d8
09dde6fd
09e8e805
09f2e8f3
09fbe9c9
0a04ea8b
0a0beb3c
0a12ebdc
7f460174
d0d10262
e87902a7
f17702c1
f5b402ce
f80302d4
f96602d8
fa4a02db
fae602dd
fb5502de
fba602df
fbe302e0
fc1302e0
fc3902e0
fc5702e1
fc7002e1
fc8402e1
fc9502e2
fca302e2
fcaf02e2
fcba02e2
fcc302e2
fccb02e2
fcd102e2
fcd702e3
fcdd02e2
fce102e3
fce602e2
fce902e3
fced02e3
fcf002e3
fcf302e3
2ccd0262
7cb006a0
adf5093e
c7ee0a9f
d6310b61
de9b0bd3
e3e60c1b
e76a0c4b
e9dc0c6c
eb9f0c84
ecee0c96
eded0ca3
eeb30cae
ef510cb6
efd00cbd
f0370cc3
f08d0cc7
f0d50ccb
f1120cce
f1450cd1
f1720cd3
f1980cd5
f1b90cd7
f1d60cd9
f1f00cda
f2070cdb
f21b0cdc
f22d0cdd
f23d0cde
f24c0cdf
f2590ce0
f2650ce0
14e002a7
48cd093e
785d0f47
99491374
ae961628
bc7317eb
c5be1918
cc2d19ea
d0c71a7f
d4291aed
d6b61b3f
d8ad1b7f
da381bb2
db741bd9
dc731bfa
dd451c15
ddf31c2b
de851c3d
df011c4d
df6b1c5a
dfc51c66
e0141c70
e0591c78
e0951c80
e0ca1c87
e0f91c8d
e1231c92
e1481c97
e16a1c9b
e1881c9f
e1a31ca3
e1bc1ca6
0bc802c1
2d730a9f
53431374
729d1ac7
89bf202e
9a3b2408
a5fb26c7
ae7a28c3
b4be2a3a
b9742b54
bd122c2b
bfe42cd4
c2212d5a
c3ee2dc6
c5672e1e
c69d2e66
c7a02ea3
c87a2ed6
c9332f01
c9d12f26
ca5a2f46
cad12f62
cb382f7a
cb932f8f
cbe32fa2
cc2b2fb2
cc6a2fc1
cca32fce
ccd62fda
cd042fe5
cd2d2fef
cd532ff8
077e02ce
1e6e0b61
3b421628
5613202e
6bd72852
7c842e8d
890d333d
927a36c3
99a13970
9f223b7e
a36c3d19
a6d03e5e
a9893f62
abbe4035
ad8e40e2
af0f4172
b05141eb
b1624251
b24a42a8
b31242f2
b3be4333
b454436b
b4d7439c
b54a43c7
b5b043ed
b60b440f
b65b442d
b6a44448
b6e54460
b71f4476
b754448a
b784449c
052902d4
15920bd3
2ba217eb
41bd2408
54ef2e8d
64783711
70a83dbf
7a2042f0
817f46fa
87474a25
8bda4ca7
8f834ea9
927a5049
94e7519d
96e852b6
989353a0
99fb5466
9b2d550d
9c32559c
9d125617
9dd55682
9e7f56de
9f135730
9f965778
a00a57b7
a07157f0
a0cd5822
a120584f
a1695878
a1ac589d
a1e958be
a22058dc
03c202d8
0fff0c1b
212a1918
333e26c7
43b6333d
51993dbf
5cde4645
65db4d13
6cff527b
72b156c9
77425a3e
7af45d0a
7df75f52
80736133
828362c2
843e6411
85b4652c
86f2661d
880366ec
88ee679e
89bb6838
8a6e68bf
8b0a6936
8b94699f
8c0f69fb
8c7c6a4d
8cdd6a97
8d356ad9
8d836b15
8dca6b4b
8e0b6b7b
8e456ba8
02db02db
0c4b0c4b
19e919ea
28c328c3
36c336c3
42f042f0
4d124d13
55555556
5c025c03
61676168
65c765c7
69596959
6c486c48
6eb76eb7
70be70bf
72747274
73e673e7
75237523
76337633
771e771e
77eb77eb
789e789e
793b793b
79c679c6
7a417a41
7aaf7aaf
7b117b11
7b697b6a
7bb97bb9
7c007c01
7c417c42
7c7d7c7d
023d02dd
09b80c6c
14ba1a7f
21082a3a
2cef3970
378746fa
4086527b
47fb5c03
4e1763d2
53156a33
572b6f6c
5a8673b7
5d4d7744
5f9d7a39
618d7cb3
63317ecb
64958093
65c68219
66cd8368
67b1848b
68778589
69258667
69bd872b
6a4587d7
6abc8871
6b2888f9
6b878974
6bdd89e2
6c2b8a45
6c718a9f
6cb18af0
6ceb8b3a
01cd02de
07dd0c84
10ea1aed
1b382b54
25603b7e
2e944a25
368656c9
3d316168
42b86a33
47467174
4b07776f
4e237c61
50b8807d
52e183ed
54b286d1
563c8945
578c8b5b
58ac8d26
59a48eb2
5a7c9009
5b389135
5bde923b
5c6f9323
5cf093ef
5d6294a6
5dc89548
5e2395da
5e76965c
5ec096d2
5f03973d
5f3f979e
5f7797f6
017b02df
067c0c96
0e0b1b3f
16c32c2b
1f7b3d19
277f4ca7
2e805a3e
347265c7
39696f6c
3d8a776f
40f67e14
43cf8399
462f8836
482d8c15
49dc8f59
4b4a921e
4c82947d
4d8f9686
4e779848
4f4099d0
4ff19b25
508b9c52
51149d5a
518c9e45
51f89f15
52589fcf
52ada076
52fba10c
5341a193
5380a20d
53b9a27d
53eda2e2
013d02e0
05700ca3
0bd41b7f
13482cd4
1ad23e5e
21d44ea9
28025d0a
2d4e6959
31c373b7
357c7c61
38988399
3b3089a1
3d5c8eae
3f2f92ef
40bb9688
420d9997
432d9c36
44259e77
44fca06a
45b7a21d
465aa399
46eaa4e6
4768a60d
47d8a712
483ca7fa
4895a8ca
48e6a984
492eaa2b
496eaac3
49a9ab4c
49dfabc8
4a0fac39
010d02e0
049f0cae
0a161bb2
10852d5a
17153f62
1d3d5049
22b75f52
27706c48
2b6f7744
2ecb807d
319b8836
33f68eae
35f1941e
379d98b4
39079c98
3a3c9fe9
3b45a2c0
3c29a533
3cefa752
3d9ba92b
3e32aac9
3eb7ac34
3f2bad76
3f93ae93
3ff0af90
4042b073
408cb13f
40cfb1f6
410bb29b
4142b331
4173b3b9
41a0b435
00e702e0
03f90cb6
08b31bd9
0e4c2dc6
140d4035
197c519d
1e5a6133
22926eb7
262a7a39
293283ed
2bbe8c15
2de292ef
2faf98b4
31359d96
3281a1ba
339ba545
348ea84e
3560aaed
3615ad32
36b4af2d
373eb0e9
37b8b270
3824b3c9
3883b4fb
38d9b60b
3925b6ff
3969b7da
39a7b89f
39deb951
3a11b9f2
3a3eba85
3a68bb0a
00c802e1
03730cbd
07931bfa
0c7b2e1e
119040e2
166252b6
1abb62c2
1e8370bf
21c07cb3
247d86d1
26cb8f59
28bd9688
2a619c98
2bc5a1ba
2cf4a619
2df6a9d5
2ed4ad0b
2f94afd0
303bb238
30ccb451
314cb627
31bcb7c5
321fb933
3277ba78
32c5bb9a
330bbc9d
334abd85
3383be56
33b6bf14
33e4bfbf
340ec05b
3435c0e9
00af02e1
03060cc3
06a61c15
0afd2e66
0f7f4172
13cd53a0
17b16411
1b187274
1e047ecb
207f8945
2298921e
245c9997
25db9fe9
2720a545
2835a9d5
2922adbd
29edb119
2a9db400
2b36b686
2bbbb8b9
2c30baa7
2c97bc5a
2cf2bddb
2d43bf30
2d8bc061
2dccc171
2e05c266
2e3ac342
2e69c409
2e93c4be
2ebac562
2edec5f7
009b02e1
02ac0cc7
05e21c2b
09bd2ea3
0dc441eb
119f5466
1520652c
183373e7
1ad88093
1d198b5b
1f01947d
209d9c36
21fba2c0
2324a84e
2421ad0b
24fab119
25b5b497
2656b79c
26e2ba3c
275cbc87
27c8be89
2827c04e
287ac1e0
28c5c344
2907c481
2942c59e
2978c69d
29a8c783
29d3c853
29fbc90f
2a1ec9bb
2a3fca57
008902e2
02600ccb
053e1c3d
08b02ed6
0c4d4251
0fc6550d
12f1661d
15ba7523
18218219
1a2e8d26
1beb9686
1d649e77
1ea4a533
1fb3aaed
209cafd0
2163b400
220eb79c
22a2babc
2323bd73
2394bfd2
23f6c1e7
244ec3bc
249ac55c
24dfc6cd
251cc816
2553c93d
2584ca46
25b0cb34
25d8cc0c
25fcccd0
261dcd81
263cce23
007b02e2
02200cce
04b21c4d
07cc2f01
0b0e42a8
0e32559c
111166ec
139a7633
15cb8368
17aa8eb2
19419848
1a9aa06a
1bbfa752
1cb9ad32
1d8db238
1e44b686
1ee2ba3c
1f6abd73
1fe1c03e
2048c2b0
20a4c4d4
20f4c6b8
213bc865
217ac9e1
21b2cb35
21e5cc65
2212cd76
223bce6c
2260cf4b
2281d015
22a0d0cc
22bbd174
006f02e2
01ea0cd1
043b1c5a
07092f26
09fc42f2
0cd75617
0f74679e
11c4771e
13c4848b
157b9009
16f099d0
182ca21d
193aa92b
1a1faf2d
1ae3b451
1b8cb8b9
1c1dbc87
1c9abfd2
1d08c2b0
1d68c531
1dbcc764
1e05c955
1e47cb0d
1e81cc94
1eb5cdf0
1ee4cf28
1f0ed041
1f33d13e
1f55d223
1f75d2f2
1f90d3af
1faad45b
006402e2
01bb0cd3
03d51c66
06602f46
090f4333
0ba95682
0e0d6838
102a77eb
12008589
13939135
14ea9b25
160da399
1705aac9
17d9b0e9
188db627
1929baa7
19afbe89
1a23c1e7
1a88c4d4
1ae0c764
1b2ec9a4
1b72cba0
1bafcd62
1be5cef2
1c15d057
1c40d196
1c67d2b6
1c8ad3b8
1ca9d4a3
1cc6d577
1ce0d638
1cf8d6e8
005b02e2
01930cd5
037c1c70
05cd2f62
0841436b
0aa356de
0cd368bf
0ec4789e
10748667
11e7923b
13239c52
1430a4e6
1515ac34
15d8b270
167fb7c5
170fbc5a
178bc04e
17f6c3bc
1854c6b8
18a6c955
18eecba0
192dcda6
1965cf71
1997d109
19c4d275
19ecd3bb
1a0fd4e1
1a30d5e9
1a4dd6d8
1a67d7b1
1a80d876
1a96d92a
005302e2
01700cd7
032f1c78
054e2f7a
078d439c
09bd5730
0bc06936
0d8a793b
0f18872b
106e9323
11929d5a
128ba60d
135fad76
1413b3c9
14aeb933
1533bddb
15a6c1e0
160ac55c
1660c865
16accb0d
16efcd62
172acf71
175ed144
178dd2e3
17b6d456
17dbd5a2
17fcd6cc
181ad7da
1835d8cd
184ed9aa
1865da72
1879db2a
004d02e2
01510cd9
02eb1c80
04de2f8f
06ef43c7
08f25778
0acd699f
0c7479c6
0de487d7
0f2193ef
102f9e45
1116a712
11daae93
1282b4fb
1311ba78
138dbf30
13f7c344
1454c6cd
14a5c9e1
14ebcc94
1529cef2
1560d109
1590d2e3
15bcd489
15e2d601
1604d753
1624d882
1640d993
1659da8b
1670db6b
1685dc37
1698dcf1
004602e3
01360cda
02af1c87
047b2fa2
066343ed
083f57b7
09f669fb
0b7e7a41
0cd38871
0df894a6
0ef39f15
0fcaa7fa
1080af90
111cb60b
11a1bb9a
1214c061
1278c481
12cec816
1319cb35
135bcdf0
1394d057
13c7d275
13f4d456
141dd601
1441d77f
1461d8d5
147dda09
1498db1e
14afdc19
14c4dcfd
14d8ddcb
14eade88
004102e2
011e0cdb
027a1c8d
04232fb2
05e6440f
079f57f0
09376a4d
0aa27aaf
0bdf88f9
0cf09548
0dd99fcf
0ea1a8ca
0f4bb073
0fdcb6ff
1058bc9d
10c3c171
1120c59e
1170c93d
11b6cc65
11f4cf28
122ad196
1259d3bb
1283d5a2
12a9d753
12cad8d5
12e8da30
1303db67
131bdc80
1331dd7e
1346de64
1358df36
1368dff5
003c02e3
01090cdc
024b1c92
03d52fc1
0578442d
07115822
088c6a97
09de7b11
0b058974
0c0395da
0cdda076
0d96a984
0e35b13f
0ebdb7da
0f31bd85
0f95c266
0febc69d
1036ca46
1078cd76
10b1d041
10e3d2b6
1110d4e1
1138d6cc
115ad882
117ada09
1196db67
11afdca2
11c6ddbe
11dadebf
11eddfa8
11fee07c
120ee13d
003802e2
00f60cdd
02211c97
038f2fce
05144448
0691584f
07f26ad9
092d7b6a
0a4189e2
0b2e965c
0bf9a10c
0ca7aa2b
0d3bb1f6
0dbab89f
0e27be56
0e84c342
0ed5c783
0f1ccb34
0f59ce6c
0f8fd13e
0fbed3b8
0fe7d5e9
100cd7da
102dd993
104adb1e
1065dc80
107cddbe
1092dedc
10a5dfe0
10b6e0cc
10c6e1a2
10d5e265
003402e3
00e50cde
01fb1c9b
03502fda
04bb4460
061f5878
07686b15
088e7bb9
09908a45
0a6e96d2
0b2ca193
0bcfaac3
0c5ab29b
0cd1b951
0d36bf14
0d8ec409
0ddac853
0e1ccc0c
0e55cf4b
0e88d223
0eb4d4a3
0edbd6d8
0efed8cd
0f1cda8b
0f38dc19
0f51dd7e
0f67debf
0f7bdfe0
0f8de0e6
0f9de1d4
0face2ac
0fbae371
003002e3
00d50cdf
01d91c9f
03172fe5
046b4476
05b7589d
06eb6b4b
07ff7c01
08f08a9f
09c0973d
0a73a20d
0b0bab4c
0b8db331
0bfdb9f2
0c5dbfbf
0cafc4be
0cf6c90f
0d34ccd0
0d6ad015
0d99d2f2
0dc3d577
0de8d7b1
0e08d9aa
0e25db6b
0e3fdcfd
0e56de64
0e6bdfa8
0e7ee0cc
0e8fe1d4
0e9fe2c3
0eade39d
0eb9e464
002d02e3
00c70ce0
01ba1ca3
02e42fef
0422448a
055958be
067a6b7b
077d7c42
085f8af0
0923979e
09caa27d
0a59abc8
0ad4b3b9
0b3dba85
0b97c05b
0be4c562
0c27c9bb
0c62cd81
0c94d0cc
0cc1d3af
0ce8d638
0d0ad876
0d29da72
0d44dc37
0d5dddcb
0d72df36
0d86e07c
0d98e1a2
0da8e2ac
0db6e39d
0dc4e479
0dd0e541
002a02e3
00bb0ce0
019e1ca6
02b52ff8
03e0449c
050458dc
06136ba8
07067c7d
07db8b3a
089397f6
0931a2e2
09b8ac39
0a2bb435
0a8ebb0a
0ae2c0e9
0b2bc5f7
0b6aca57
0ba1ce23
0bd1d174
0bfbd45b
0c20d6e8
0c40d92a
0c5ddb2a
0c77dcf1
0c8ede88
0ca3dff5
0cb5e13d
0cc6e265
0cd5e371
0ce3e464
0cefe541
0cfbe60b
7f6e0124
d13d01de
e8ff0215
f2080229
f64b0233
f89c0238
fa00023b
fae6023d
fb82023f
fbf10240
fc430241
fc810241
fcb10242
fcd70242
fcf50242
fd0e0242
fd220243
fd330243
fd420243
fd4e0243
fd580243
fd610243
fd690243
fd700243
fd760243
fd7c0243
fd810243
fd850243
fd880244
fd8c0243
fd8f0243
fd920243
2ce501de
7d650536
af55074a
c9c00863
d84908fd
e0dd0958
e6440992
e9dc09b8
ec5b09d3
ee2709e6
ef7e09f4
f08209ff
f14d0a07
f1ee0a0e
f2700a13
f2da0a18
f3320a1b
f37b0a1e
f3b90a21
f3ee0a23
f41b0a25
f4420a27
f4640a28
f4820a29
f49c0a2a
f4b40a2b
f4c80a2c
f4db0a2d
f4eb0a2e
f4fa0a2e
f5070a2f
f5140a2f
14ec0215
4961074a
79f20c1c
9bdc0f7a
b1f011aa
c05d1319
ca0e140f
d0c714ba
d5971535
d921158f
dbce15d2
dddd1607
df7b1630
e0c61651
e1d3166b
e2af1681
e3651694
e3ff16a3
e48116af
e4f016ba
e54f16c4
e5a216cc
e5ea16d3
e62916da
e66116df
e69216e4
e6be16e8
e6e516ec
e70816f0
e72816f3
e74516f6
e75f16f8
0bcf0229
2ddd0863
54aa0f7a
75481570
8d9f19e2
9f1b1d14
aba31f5f
b4be2108
bb792244
c08c2331
c47323e7
c77f2476
c9eb24e7
cbde2542
cd75258d
cec625ca
cfde25fe
d0cb2629
d194264d
d23f266d
d2d42688
d355269f
d3c526b4
d42826c6
d47f26d6
d4cc26e4
d51126f1
d54f26fc
d5862706
d5b8270f
d5e52718
d60e271f
07820233
1eba08fd
3c6611aa
587f19e2
6fac20a9
81a625eb
8f4b29e9
99a12cef
a1852f3e
a79c3106
ac61326a
b0283385
b3313469
b5a93521
b7b135b9
b9603637
baca36a1
bbfc36fb
bd013747
bde13789
bea337c1
bf4b37f3
bfdf381e
c0613844
c0d43865
c13a3883
c194389e
c1e638b6
c22f38cb
c27138df
c2ad38f0
c2e33900
052c0238
15cb0958
2c8a1319
43d11d14
586f25eb
69672d32
76e632fb
817f3787
89d13b18
90613de8
959b4025
99cd41f2
9d364368
a002449b
a2534599
a442466e
a5e34721
a74647b9
a875483b
a97b48ab
aa5d490c
ab234961
abd049ab
ac6949ed
acf04a27
ad694a5a
add44a88
ae344ab2
ae8b4ad7
aeda4af8
af204b17
af614b32
03c5023b
102a0992
21e3140f
34fe1f5f
46cc29e9
561f32fb
62c43a78
6cff4086
75384564
7bd5494d
812c4c77
85844f09
89145125
8c0652e4
8e7b5457
908b5590
924a5699
93c7577b
950f583d
962a58e4
97205976
97f759f5
98b45a65
995a5ac8
99ee5b1f
9a725b6d
9ae85bb3
9b525bf1
9bb15c29
9c075c5c
9c545c8b
9c9b5cb5
02dd023d
0c6c09b8
1a7f14ba
2a3a2108
39702cef
46fa3787
527b4086
5c0347fb
63d24e17
6a335315
6f6c572b
73b75a86
77445d4d
7a395f9d
7cb3618d
7ecb6331
80936495
821965c6
836866cd
848b67b1
85896877
86676925
872b69bd
87d76a45
88716abc
88f96b28
89746b87
89e26bdd
8a456c2b
8a9f6c71
8af06cb1
8b3a6ceb
023f023f
09d209d3
15341535
22432244
2f3d2f3e
3b173b18
45644564
4e174e17
55555556
5b545b54
604a604a
64676468
67d567d5
6ab46ab4
6d206d20
6f2d6f2e
70ee70ee
726f726f
73bc73bc
74dc74dd
75d975d9
76b676b6
77797779
78267826
78bf78bf
79487948
79c379c3
7a317a32
7a957a95
7aef7aef
7b417b41
7b8b7b8c
01cf0240
07f309e6
1150158f
1c432331
275e3106
31b73de8
3ade494d
42b85315
49585b54
4ee3623b
538367fe
57616ccf
5a9f70d9
5d5a743f
5faa7720
61a17994
63517bad
64c57d7b
66067f0c
671e8068
68128199
68e982a5
69a78391
6a4f8463
6ae5851d
6b6b85c4
6be38659
6c4f86df
6cb08759
6d0987c7
6d59882a
6da28885
017c0241
068e09f4
0e6015d2
17a623e7
2135326a
2a404025
325d4c77
3969572b
3f6c604a
447f67fe
48c46e79
4c5a73ed
4f617884
51f07c68
541d7fb5
55f98287
579184f3
58f2870a
5a2388db
5b2e8a6f
5c178bd2
5ce58d09
5d9a8e1d
5e3b8f11
5ecb8feb
5f4b90ae
5fbe915d
602691fa
60839289
60d8930a
6125937f
616c93e9
013e0241
057f09ff
0c1c1607
140b2476
1c533385
244141f2
2b734f09
31c35a86
37316468
3bd06ccf
3fb973ed
430879f0
45d57f08
4835835c
4a3c870c
4bf98a34
4d778ced
4ec28f46
4fe19151
50dc931a
51b894aa
527a960b
53269743
53be9858
5446994f
54c09a2c
552d9af3
558f9ba6
55e89c48
56399cda
56829d5f
56c59dd9
010d0242
04ac0a07
0a551630
112e24e7
18663469
1f624368
25c75125
2b6f5d4d
305667d5
348870d9
381b7884
3b237f08
3db78492
3fe9894a
41ca8d52
436790c9
44cb93c5
45ff965b
470b989c
47f59a94
48c39c4e
49799dd4
4a1a9f2d
4aa9a061
4b28a173
4b9ba268
4c01a345
4c5ea40b
4cb1a4bf
4cfda562
4d42a5f6
4d81a67d
00e70242
04040a0e
08e91651
0ee02542
15363521
1b63449b
211652e4
262a5f9d
2a986ab4
2e67743f
31a87c68
346f835c
36cd894a
38d38e5b
3a8e92b2
3c0c966e
3d5699a8
3e739c75
3f6d9ee5
4047a107
4106a2e8
41b0a490
4246a607
42cba756
4342a880
43ada98b
440daa7c
4463ab54
44b2ac18
44f9acca
4539ad6c
4574adff
00c90242
037d0a13
07c2166b
0cfe258d
129635b9
18144599
1d2e5457
21c0618d
25c06d20
29367720
2c2e7fb5
2eb8870c
30e48d52
32c092b2
34589750
35b89b4a
36e99eba
37f2a1b7
38d8a453
39a3a69b
3a55a89e
3af2aa64
3b7dabf7
3bf9ad5e
3c68ae9e
3ccbafbd
3d25b0bf
3d76b1a8
3dbeb27b
3e00b33b
3e3db3e8
3e74b487
00b00242
030e0a18
06d01681
0b7025ca
10693637
1550466e
19e55590
1e046331
21a56f2e
24cb7994
27808287
29d38a34
2bd090c9
2d86966e
2efe9b4a
30439f7a
315ca31c
3251a644
3326a906
33e1ab71
3486ad92
3518af73
3599b11f
360cb29b
3673b3ef
36d0b520
3723b632
376eb72a
37b2b80a
37efb8d6
3827b98f
385aba38
009b0243
02b30a1b
06071694
0a2425fe
0e9536a1
12fc4721
171d5699
1ad86495
1e2470ee
21027bad
237c84f3
259c8ced
277093c5
290299a8
2a5d9eba
2b88a31c
2c8ca6e9
2d6eaa37
2e33ad1c
2ee0afa5
2f79b1e1
3000b3db
3078b59c
30e3b72c
3142b892
3198b9d3
31e5baf4
322bbbf8
326abce4
32a3bdbb
32d7be7e
3306bf30
008a0243
02670a1e
055e16a3
090c2629
0d0936fb
110147b9
14be577b
182165c6
1b22726f
1dc07d7b
2004870a
21f88f46
23a6965b
25189c75
2657a1b7
276ba644
285baa37
292cada8
29e2b0ab
2a83b34f
2b10b5a4
2b8db7b4
2bfcb988
2c5fbb2a
2cb8bc9f
2d07bdef
2d4fbf1c
2d90c02d
2dcac124
2dffc204
2e30c2d0
2e5cc38a
007b0243
02260a21
04d016af
081f264d
0bb83747
0f50483b
12b4583d
15cb66cd
188873bc
1aee7f0c
1d0288db
1ece9151
2059989c
21ae9ee5
22d5a453
23d4a906
24b1ad1c
2573b0ab
261cb3c8
26b0b686
2733b8f0
27a7bb13
280ebcf9
286abeaa
28bcc02e
2906c18a
2949c2c3
2985c3de
29bbc4df
29ecc5c8
2a19c69c
2a42c75d
006f0243
01ef0a23
045616ba
0754266d
0a963789
0dda48ab
10f258e4
13c467b1
164774dd
187a8068
1a638a6f
1c0a931a
1d779a94
1eb2a107
1fc2a69b
20aeab71
217bafa5
222eb34f
22cab686
2354b958
23cebbd5
2439be0a
2499bfff
24eec1bf
253ac350
257fc4b7
25bcc5fb
25f4c71f
2627c828
2655c919
267fc9f4
26a5cabc
00650243
01c00a25
03ed16c4
06a42688
099c37c1
0c97490c
0f6a5976
12006877
144e75d9
16558199
18178bd2
199e94aa
1aef9c4e
1c12a2e8
1d0da89e
1de8ad92
1ea6b1e1
1f4cb5a4
1fddb8f0
205dbbd5
20cebe64
2132c0a8
218bc2ac
21dac478
2221c614
2261c785
229ac8d3
22ceca00
22fdcb10
2328cc08
234eccea
2372cdb8
005c0243
01970a27
039216cc
060c269f
08c237f3
0b7c4961
0e1459f5
10746925
129476b6
147282a5
16128d09
177b960b
18b39dd4
19c0a490
1aaaaa64
1b75af73
1c25b3db
1cbfb7b4
1d46bb13
1dbdbe0a
1e26c0a8
1e83c2fa
1ed6c50a
1f1fc6e2
1f61c888
1f9dca03
1fd2cb59
2002cc8d
202ecda5
2056cea3
207acf8b
209bd05e
00540243
01740a28
034316d3
058726b4
0803381e
0a8549ab
0ce75a65
0f1869bd
110e7779
12c88391
14498e1d
15979743
16b99f2d
17b3a607
188cabf7
1948b11f
19ecb59c
1a7cb988
1af9bcf9
1b68bfff
1bc9c2ac
1c20c50a
1c6dc726
1cb2c907
1cefcab7
1d27cc3a
1d58cd98
1d85ced3
1daecff1
1dd3d0f5
1df5d1e1
1e14d2ba
004d0243
01550a29
02fd16da
051226c6
075b3844
09aa49ed
0bde5ac8
0de46a45
0fb47826
114e8463
12b48f11
13ea9858
14f6a061
15dfa756
16a9ad5e
1759b29b
17f1b72c
1877bb2a
18ecbeaa
1953c1bf
19aec478
19ffc6e2
1a47c907
1a87caf2
1ac0ccaa
1af4ce35
1b22cf99
1b4cd0db
1b73d1fe
1b95d307
1bb5d3f8
1bd2d4d5
00470243
013a0a2a
02c016df
04ab26d6
06c73865
08e94a27
0af35b1f
0cd36abc
0e8278bf
0ffe851d
114a8feb
126b994f
1365a173
143ea880
14faae9e
159eb3ef
162cb892
16a9bc9f
1716c02e
1776c350
17cbc614
1817c888
185acab7
1896ccaa
18ccce69
18fccffb
1927d165
194fd2ac
1972d3d5
1993d4e2
19b0d5d8
19cbd6b9
00410243
01210a2b
028a16e4
045026e4
06433883
083d4a5a
0a215b6d
0bdf6b28
0d707948
0ed185c4
100790ae
11149a2c
11fda268
12c8a98b
1378afbd
1410b520
1495b9d3
150abdef
1570c18a
15cac4b7
161ac785
1660ca03
169fcc3a
16d7ce35
1709cffb
1737d192
1760d302
1784d44f
17a6d57c
17c4d68e
17e0d787
17f9d86c
003c0243
010c0a2c
025a16e8
03fe26f1
05ce389e
07a44a88
09655bb3
0b056b87
0c7a79c3
0dc48659
0ee5915d
0fe09af3
10baa345
1177aa7c
121cb0bf
12abb632
1327baf4
1395bf1c
13f4c2c3
1449c5fb
1493c8d3
14d5cb59
1510cd98
1545cf99
1574d165
159ed302
15c5d477
15e7d5c8
1606d6fa
1623d80f
163dd90c
1654d9f4
00380243
00f80a2d
022f16ec
03b526fc
056438b6
071a4ab2
08bd5bf1
0a416bdd
0b9d7a32
0cd286df
0de091fa
0ecb9ba6
0f97a40b
1049ab54
10e2b1a8
1168b72a
11ddbbf8
1243c02d
129dc3de
12edc71f
1332ca00
1371cc8d
13a8ced3
13d9d0db
1405d2ac
142dd44f
1451d5c8
1472d71d
148fd853
14a9d96c
14c2da6c
14d8db57
00340244
00e70a2e
020816f0
03742706
050638cb
069e4ad7
08265c29
09906c2b
0ad67a95
0bf78759
0cf49289
0dd09c48
0e90a4bf
0f36ac18
0fc7b27b
1044b80a
10b2bce4
1112c124
1166c4df
11b1c828
11f3cb10
122dcda5
1261cff1
128fd1fe
12b9d3d5
12ded57c
1300d6fa
131ed853
133ad98c
1353daa8
136adbab
137fdc98
00310243
00d80a2e
01e516f3
0339270f
04b038df
062e4af8
079d5c5c
08f06c71
0a227aef
0b3087c7
0c1e930a
0ced9cda
0da1a562
0e3dacca
0ec5b33b
0f3bb8d6
0fa2bdbb
0ffdc204
104cc5c8
1092c919
10d0cc08
1107cea3
1138d0f5
1164d307
118bd4e2
11aed68e
11ced80f
11ebd96c
1205daa8
121cdbc8
1232dccd
1245ddbd
002e0243
00ca0a2f
01c516f6
03032718
046338f0
05c94b17
07215c8b
085f6cb1
097e7b41
0a7d882a
0b5c937f
0c1f9d5f
0cc8a5f6
0d5bad6c
0ddbb3e8
0e4ab98f
0eabbe7e
0f00c2d0
0f4bc69c
0f8dc9f4
0fc8ccea
0ffbcf8b
102ad1e1
1053d3f8
1078d5d8
1099d787
10b7d90c
10d2da6c
10ebdbab
1101dccd
1115ddd6
1128dec7
002b0243
00bd0a2f
01a916f8
02d3271f
041d3900
056d4b32
06b05cb5
07db6ceb
08e97b8c
09d98885
0aab93e9
0b629dd9
0c02a67d
0c8dadff
0d05b487
0d6eba38
0dcabf30
0e1ac38a
0e61c75d
0e9fcabc
0ed6cdb8
0f07d05e
0f32d2ba
0f59d4d5
0f7cd6b9
0f9bd86c
0fb8d9f4
0fd1db57
0fe9dc98
0ffeddbd
1011dec7
1023dfbb
7f8b00eb
d18a0181
e95f01ac
f26f01bd
f6b501c5
f90901c9
fa6e01cc
fb5501cd
fbf101cf
fc6101d0
fcb301d0
fcf101d1
fd2101d1
fd4701d1
fd6601d1
fd7f01d1
fd9301d2
fda401d2
fdb201d2
fdbf01d2
fdc901d2
fdd201d2
fdda01d2
fde101d2
fde701d2
fded01d2
fdf201d2
fdf601d2
fdfa01d2
fdfd01d2
fe0001d2
fe0301d2
2cf50181
7de60434
b05205e3
cb0f06c7
d9ca0745
e27e078f
e7f907be
eb9f07dd
ee2707f3
effb0803
f157080e
f25f0817
f32d081e
f3d10823
f4550827
f4c0082b
f519082e
f5640830
f5a20833
f5d80835
f6060836
f62e0837
f6510838
f66f083a
f68a083a
f6a1083b
f6b6083c
f6c9083d
f6da083d
f6e9083e
f6f7083e
f703083f
14f501ac
49cb05e3
7b1809d1
9dbd0c94
b4630e62
c33b0f91
cd38105d
d42910ea
d9211150
dccb119b
df8e11d3
e1b011fe
e35d1221
e4b3123c
e5c91252
e6ad1264
e76a1273
e8091280
e890128b
e9031294
e965129c
e9bb12a3
ea0612a8
ea4712ae
ea8112b2
eab412b6
eae212ba
eb0a12bd
eb2f12c0
eb4f12c3
eb6d12c5
eb8812c7
0bd401bd
2e2a06c7
55af0c94
77401181
907f1536
a2bf17e3
afe219d1
b9741b38
c08c1c43
c5e81d0c
ca071da7
cd411e20
cfd11e80
d1e21ece
d3921f0d
d4f71f41
d6211f6d
d71b1f92
d7f11fb1
d8a71fcc
d9451fe3
d9cd1ff8
da452009
daae2018
db0a2026
db5c2032
dba6203d
dbe72046
dc22204f
dc572057
dc87205e
dcb32064
078601c5
1ef10745
3d3b0e62
5a4b1536
728c1ae8
858b1f5e
941122c7
9f222560
a79c275e
ae2e28e9
b3552a1f
b76d2b15
bab92bdb
bd672c7c
bf9c2d01
c1722d6f
c2fc2dcb
c4492e1a
c5662e5d
c65b2e96
c72e2ec8
c7e62ef3
c8872f19
c9152f3a
c9932f58
ca022f72
ca662f89
cabf2f9e
cb0f2fb1
cb572fc2
cb982fd1
cbd42fdf
052e01c9
15f3078f
2d340f91
455e17e3
5b171f5e
6d33259a
7bc12a9c
87472e94
906131b7
979a3433
9d5f3630
a20637ca
a5cf3918
a8ec3a2a
ab813b0e
adab3bcc
af7e3c6d
b10b3cf5
b25f3d6b
b3843dd0
b4833e27
b5603e74
b6233eb7
b6cf3ef2
b7673f26
b7ee3f55
b8673f7f
b8d43fa4
b9353fc6
b98d3fe4
b9dd3fff
ba264018
03c601cc
104907be
226b105d
364d19d1
492822c7
59a32a9c
676b312a
72b13686
7bd53ade
833c3e62
893f413e
8e294394
92354581
95904719
985e486e
9aba498e
9cbb4a82
9e714b52
9fea4c05
a1304ca0
a24c4d26
a3444d9c
a41e4e04
a4de4e60
a5894eb1
a6224ef9
a6aa4f3a
a7244f74
a7924fa9
a7f64fd8
a8505003
a8a3502a
02de01cd
0c8407dd
1aed10ea
2b541b38
3b7e2560
4a252e94
56c93686
61683d31
6a3342b8
71744746
776f4b07
7c614e23
807d50b8
83ed52e1
86d154b2
8945563c
8b5b578c
8d2658ac
8eb259a4
90095a7c
91355b38
923b5bde
93235c6f
93ef5cf0
94a65d62
95485dc8
95da5e23
965c5e76
96d25ec0
973d5f03
979e5f3f
97f65f77
024001cf
09e607f3
158f1150
23311c43
3106275e
3de831b7
494d3ade
531542b8
5b544958
623b4ee3
67fe5383
6ccf5761
70d95a9f
743f5d5a
77205faa
799461a1
7bad6351
7d7b64c5
7f0c6606
8068671e
81996812
82a568e9
839169a7
84636a4f
851d6ae5
85c46b6b
86596be3
86df6c4f
87596cb0
87c76d09
882a6d59
88856da2
01cf01d0
08020803
119a119b
1d0c1d0c
28e928e9
34333433
3e623e62
47464746
4ee24ee3
55555556
5ac65ac6
5f5c5f5d
633c633d
66856685
69516951
6bb56bb5
6dc36dc3
6f896f89
71137114
726b726c
73997399
74a274a3
758d758e
765e765e
77177718
77be77be
78537853
78d978d9
79537953
79c179c1
7a247a25
7a807a80
017d01d0
069b080e
0e9f11d3
18521da7
228c2a1f
2c713630
3583413e
3d8a4b07
447f5383
4a745ac6
4f8660f5
53d46635
577e6aac
5a9c6e7a
5d4771bb
5f927485
618b76ee
63427904
64bf7ad5
660c7c6c
67317dd0
68337f0b
69188022
69e3811a
6a9881f7
6b3a82bd
6bcc836f
6c50840f
6cc784a0
6d338523
6d95859b
6dee8608
013e01d1
058a0817
0c5211fe
149f1e20
1d7e2b15
263037ca
2e434394
357c4e23
3bd05761
41475f5d
45f76635
49f86c10
4d657110
50537559
52d87906
55037c30
56e37eee
5884814f
59f08362
5b2e8534
5c4686cd
5d3e8837
5e198978
5edd8a95
5f8b8b94
60288c78
60b48d46
61338dff
61a68ea7
620e8f3f
626d8fc9
62c39048
010e01d1
04b5081e
0a821221
11af1e80
196c2bdb
21193918
284a4581
2ecb50b8
34885a9f
3987633d
3dd66aac
418b7110
44ba768d
47757b45
49d17f55
4bda82d8
4d9e85e3
4f27888a
507e8adb
51ac8ce3
52b68ead
53a19043
547191ab
552b92eb
55d1940a
5666950b
56ec95f2
576596c3
57d39780
5837982c
589198c8
58e49957
00e801d1
040c0823
0911123c
0f501ece
161d2c7c
1cea3a2a
23574719
293252e1
2e675d5a
32f66685
36ea6e7a
3a547559
3d467b45
3fd08060
420184cb
43e8889d
458e8bf0
46ff8ed6
4842915f
495e9399
4a589591
4b35974f
4bfa98db
4caa9a3c
4d479b78
4dd49c93
4e539d93
4ec69e79
4f2d9f4b
4f8ca008
4fe2a0b5
5030a153
00c901d1
03840827
07e51252
0d611f0d
13632d01
19713b0e
1f34486e
247d54b2
29365faa
2d5e6951
30fe71bb
34227906
36da7f55
393484cb
3b3e8985
3d028da0
3e8d9132
3fe59451
4113970e
421c9977
43079b97
43d69d7a
448f9f27
4534a0a6
45c8a1fd
464da331
46c4a446
4730a541
4792a625
47eba6f3
483ca7af
4886a85b
00b001d1
0315082b
06ef1264
0bc81f41
111f2d6f
16893bcc
1bb8498e
207f563c
24cb61a1
28966bb5
2be97485
2ecd7c30
314e82d8
337b889d
355e8da0
370391fb
387195c8
39b2991b
3acb9c06
3bc39e98
3c9ea0de
3d61a2e2
3e0ea4ad
3ea9a647
3f33a7b7
3fafa901
4020aa2a
4085ab38
40e1ac2c
4135ad0a
4181add4
41c6ae8d
009b01d2
02b9082e
06231273
0a721f6d
0f392dcb
14153c6d
18c34a82
1d19578c
21026351
247a6dc3
278776ee
2a2f7eee
2c7f85e3
2e828bf0
30419132
31c795c8
331c99c8
34469d4a
354ca05f
3633a317
3700a57e
37b6a7a0
3857a987
38e8ab3a
3969acc0
39deae1e
3a47af5a
3aa6b078
3afcb17b
3b4ab267
3b92b33e
3bd3b403
008a01d2
026c0830
05771280
09531f92
0d9d2e1a
12003cf5
163d4b52
1a2e58ac
1dc064c5
20ee6f89
23ba7904
262d814f
284f888a
2a2b8ed6
2bca9451
2d33991b
2e709d4a
2f85a0f6
3079a430
3150a70a
320fa990
32b8abcd
334fadcd
33d6af96
344fb130
34bcb2a0
351eb3ed
3577b51a
35c8b62b
3611b724
3654b806
3691b8d6
007c01d2
022b0833
04e5128b
085e1fb1
0c3d2e5d
10363d6b
14114c05
17aa59a4
1aee6606
1dd97114
206c7ad5
22ae8362
24a78adb
265f915f
27df970e
292f9c06
2a55a05f
2b57a430
2c3aa78d
2d02aa85
2db4ad26
2e52af7c
2edeb192
2f5db36f
2fceb51b
3033b69d
308fb7f8
30e2b933
312eba51
3172bb55
31b1bc42
31eabd1b
006f01d2
01f30835
04691294
078d1fcc
0b0f2e96
0eac3dd0
12304ca0
157b5a7c
187a671e
1b29726c
1d887c6c
1f9e8534
21718ce3
23099399
246d9977
25a59e98
26b6a317
27a6a70a
2879aa85
2934ad98
29dab052
2a6db2be
2af0b4e8
2b66b6d7
2bd0b894
2c2fba24
2c84bb8e
2cd2bcd5
2d19bdfe
2d59bf0c
2d93c003
2dc9c0e5
006501d2
01c40836
03ff129c
06d81fe3
0a0a2ec8
0d563e27
108e4d26
13935b38
16556812
18ce7399
1aff7dd0
1ced86cd
1e9d8ead
20179591
21629b97
2284a0de
2382a57e
2461a990
2526ad26
25d4b052
266fb322
26f9b5a2
2773b7de
27e1b9de
2844bbaa
289cbd48
28edbebe
2935c010
2977c144
29b3c25b
29eac35a
2a1cc444
005c01d2
019b0837
03a212a3
063b1ff8
09272ef3
0c2c3e74
0f204d9c
11e75bde
147268e9
16bb74a3
18c27f0b
1a8b8837
1c1c9043
1d7c974f
1eb09d7a
1fbda2e2
20aaa7a0
217babcd
2232af7c
22d5b2be
2365b5a2
23e5b836
2458ba82
24bfbc90
251bbe6a
256ec014
25b9c195
25fdc2f1
263ac42e
2673c54e
26a6c655
26d5c746
005401d2
01770838
035212a8
05b22009
08602f19
0b263eb7
0dde4e04
106e5c6f
12c869a7
14e5758e
16c68022
186f8978
19e491ab
1b2b98db
1c4a9f27
1d45a4ad
1e22a987
1ee4adcd
1f90b192
2028b4e8
20afb7de
2126ba82
2192bcdd
21f2bef9
2248c0de
2295c294
22dcc41f
231bc585
2355c6ca
238ac7f2
23bac900
23e6c9f7
004d01d2
0157083a
030b12ae
053a2018
07b12f3a
0a3f3ef2
0cc24e60
0f215cf0
114e6a4f
1344765e
1503811a
168e8a95
17ea92eb
191a9a3c
1a26a0a6
1b10a647
1bdeab3a
1c94af96
1d34b36f
1dc3b6d7
1e41b9de
1eb1bc90
1f15bef9
1f6fc122
1fc0c312
2009c4d1
204ac666
2086c7d4
20bcc921
20eeca50
211bcb64
2144cc61
004701d2
013c083a
02cd12b2
04d02026
07152f58
09733f26
0bc64eb1
0df85d62
0ffe6ae5
11d17718
137181f7
14e18b94
1625940a
17419b78
183ba1fd
1916a7b7
19d7acc0
1a81b130
1b17b51b
1b9cb894
1c12bbaa
1c7bbe6a
1cdac0de
1d2ec312
1d7ac50c
1dbec6d5
1dfcc872
1e34c9e8
1e67cb3b
1e95cc71
1ebfcd8b
1ee6ce8e
004101d2
0124083b
029612b6
04722032
068c2f72
08bd3f55
0ae54ef9
0cf05dc8
0ed16b6b
108477be
120982bd
13608c78
148f950b
15999c93
1682a331
1750a901
1804ae1e
18a4b2a0
1930b69d
19adba24
1a1cbd48
1a7ec014
1ad7c294
1b26c4d1
1b6dc6d5
1badc8a6
1be7ca4a
1c1ccbc7
1c4bcd21
1c77ce5c
1c9fcf7c
1cc3d084
003c01d2
010e083c
026412ba
041d203d
06112f89
081a3f7f
0a1c4f3a
0c035e23
0dc46be3
0f5a7853
10c5836f
12068d46
132295f2
141a9d93
14f6a446
15b6aa2a
165faf5a
16f5b3ed
1779b7f8
17eebb8e
1855bebe
18b2c195
1905c41f
1950c666
1992c872
19cfca4a
1a05cbf6
1a37cd78
1a64ced8
1a8dd019
1ab2d13e
1ad4d24a
003801d2
00fa083d
023912bd
03d32046
05a32f9e
07883fa4
09684f74
0b2e5e76
0cd26c4f
0e4e78d9
0fa1840f
10ce8dff
11d896c3
12c19e79
138fa541
1443ab38
14e2b078
156fb51a
15ebb933
1659bcd5
16bbc010
1712c2f1
1760c585
17a6c7d4
17e4c9e8
181dcbc7
1851cd78
187fcf02
18a9d067
18d0d1ac
18f3d2d5
1913d3e6
003401d2
00e9083d
021112c0
038f204f
05402fb1
07053fc6
08c54fa9
0a6e5ec0
0bf76cb0
0d5a7953
0e9984a0
0fb38ea7
10ad9780
11889f4b
1249a625
12f3ac2c
1389b17b
140db62b
1481ba51
14e9bdfe
1545c144
1598c42e
15e1c6ca
1623c921
165ecb3b
1694cd21
16c4ced8
16f0d067
1718d1d1
173cd31b
175dd448
177bd55c
003101d2
00d9083e
01ee12c3
03522057
04e72fc2
068f3fe4
08324fd8
09c05f03
0b306d09
0c7e79c1
0daa8523
0eb38f3f
0f9d982c
106ca008
1122a6f3
11c1ad0a
124fb267
12cbb724
1339bb55
139bbf0c
13f2c25b
143fc54e
1484c7f2
14c2ca50
14facc71
152dce5c
155ad019
1584d1ac
15a9d31b
15ccd468
15ebd59a
1608d6b1
002e01d2
00cb083e
01ce12c5
031b205e
04972fd1
06243fff
07ad5003
09235f3f
0a7d6d59
0bb77a25
0cd0859b
0dca8fc9
0ea798c8
0f69a0b5
1015a7af
10abadd4
1130b33e
11a6b806
120dbc42
126ac003
12bcc35a
1305c655
1346c900
1381cb64
13b6cd8b
13e5cf7c
1410d13e
1438d2d5
145bd448
147bd59a
1499d6ce
14b4d7e8
002b01d2
00be083f
01b112c7
02e92064
044d2fdf
05c24018
0733502a
08935f77
09d96da2
0b007a80
0c0a8608
0cf59048
0dc59957
0e7da153
0f1fa85b
0fadae8d
102ab403
1099b8d6
10fbbd1b
1152c0e5
11a0c444
11e5c746
1223c9f7
125bcc61
128cce8e
12b9d084
12e2d24a
1307d3e6
1329d55c
1347d6b1
1364d7e8
137dd906
7fa000c1
d1c3013c
e9a50160
f2bb016e
f7040174
f9580178
fabf017a
fba6017b
fc43017c
fcb3017d
fd06017d
fd44017d
fd74017e
fd9a017e
fdb9017e
fdd1017f
fde6017e
fdf7017f
fe05017f
fe12017f
fe1c017f
fe25017f
fe2d017f
fe34017f
fe3a017f
fe40017f
fe45017f
fe49017f
fe4d017f
fe50017f
fe53017f
fe56017f
2d01013c
7e450376
b10e04d9
cc080596
dae905fe
e3b3063c
e93e0663
ecee067c
ef7e068e
f157069b
f2b606a5
f3c206ac
f49206b2
f53706b7
f5bd06ba
f62a06bd
f68406c0
f6cf06c2
f70f06c3
f74506c5
f77406c6
f79c06c7
f7bf06c8
f7dd06c9
f7f806ca
f81006cb
f82606cb
f83806cc
f84a06cc
f85906cc
f86706cd
f87306cd
14fb0160
4a1904d9
7bf2081c
9f250a69
b63a0beb
c5630ce9
cf9b0d94
d6b60e0b
dbce0e60
df8e0e9f
e2640ece
e4930ef3
e64b0f10
e7ab0f26
e8c80f39
e9b20f48
ea740f55
eb170f60
eba10f69
ec170f70
ec7d0f77
ecd40f7d
ed210f82
ed650f86
eda00f8a
edd40f8e
ee030f91
ee2d0f93
ee520f96
ee740f98
ee920f9a
eeae0f9c
0bd7016e
2e620596
56720a69
78bc0e89
92af11a8
a58613ed
b3221590
bd1216c3
c47317a6
ca071852
ce5318d7
d1b1193e
d45e1990
d68619d3
d84a1a09
d9be1a36
daf61a5c
dbfc1a7b
dcdb1a96
dd9a1aad
de3f1ac1
dece1ad2
df4b1ae1
dfb91aee
e01a1afa
e0701b04
e0bc1b0e
e1011b16
e13f1b1d
e1761b24
e1a81b2a
e1d61b2f
07880174
1f1905fe
3ddb0beb
5ba911a8
74c1167e
888d1a4e
97c61d3d
a36c1f7b
ac612135
b355228c
b8cd239a
bd272470
c0a8251d
c38325aa
c5dd261e
c7d2267e
c97726cf
cadb2714
cc0b274e
cd102781
cdf227ac
ceb727d2
cf6427f3
cffb2811
d082282a
d0f92841
d1632856
d1c32868
d2182879
d2652888
d2ac2895
d2eb28a1
05300178
1611063c
2db40ce9
468d13ed
5d251a4e
702a1fad
7f922407
8bda277f
959b2a40
9d5f2c71
a3992e34
a8a12fa0
acbd30c8
b01e31bd
b2ed3288
b5483332
b74533c2
b8f6343c
ba6934a5
bbaa34ff
bcc0354e
bdb33592
be8835cf
bf443604
bfea3633
c07e365d
c1033682
c17a36a3
c1e436c2
c24536dd
c29d36f6
c2ec370c
03c7017a
105f0663
22d10d94
374e1590
4afd1d3d
5c672407
6b1e29c4
77422e80
812c325d
893f3583
8fd63815
953f3a30
99b63bee
9d6c3d61
a0893e97
a3283f9d
a563407c
a74b413a
a8ef41de
aa5b426c
ab9842e7
acad4354
ada143b3
ae794407
af394451
afe34494
b07c44cf
b1054505
b1814535
b1f14561
b2564588
b2b345ac
02df017b
0c96067c
1b3f0e0b
2c2b16c3
3d191f7b
4ca7277f
5a3e2e80
65c73472
6f6c3969
776f3d8a
7e1440f6
839943cf
8836462f
8c15482d
8f5949dc
921e4b4a
947d4c82
96864d8f
98484e77
99d04f40
9b254ff1
9c52508b
9d5a5114
9e45518c
9f1551f8
9fcf5258
a07652ad
a10c52fb
a1935341
a20d5380
a27d53b9
a2e253ed
0241017c
09f4068e
15d20e60
23e717a6
326a2135
40252a40
4c77325d
572b3969
604a3f6c
67fe447f
6e7948c4
73ed4c5a
78844f61
7c6851f0
7fb5541d
828755f9
84f35791
870a58f2
88db5a23
8a6f5b2e
8bd25c17
8d095ce5
8e1d5d9a
8f115e3b
8feb5ecb
90ae5f4b
915d5fbe
91fa6026
92896083
930a60d8
937f6125
93e9616c
01d0017d
080e069b
11d30e9f
1da71852
2a1f228c
36302c71
413e3583
4b073d8a
5383447f
5ac64a74
60f54f86
663553d4
6aac577e
6e7a5a9c
71bb5d47
74855f92
76ee618b
79046342
7ad564bf
7c6c660c
7dd06731
7f0b6833
80226918
811a69e3
81f76a98
82bd6b3a
836f6bcc
840f6c50
84a06cc7
85236d33
859b6d95
86086dee
017d017d
06a506a5
0ece0ece
18d618d7
2399239a
2e332e34
38153815
40f640f6
48c348c4
4f854f86
55555556
5a505a50
5e945e94
623c623c
65606561
68166817
6a6f6a70
6c7a6c7a
6e426e42
6fd26fd2
71327132
72687269
737c737d
74727472
754d754e
76127612
76c376c3
77637763
77f377f4
78777877
78ee78ee
795b795b
013f017d
059206ac
0c7a0ef3
1511193e
1e692470
27bf2fa0
30913a30
389843cf
3fb94c5a
45f753d4
4b605a50
500c5fe9
541264bc
578b68e4
5a8a6c7c
5d236f98
5f64724c
615c74a7
631476b7
64987887
65ed7a20
671b7b8b
68287ccc
69187deb
69ee7eec
6aae7fd3
6b5b80a2
6bf8815e
6c858208
6d0682a2
6d7c832e
6de783ae
010e017e
04bc06b2
0aa50f10
12121990
1a3b251d
227b30c8
2a5c3bee
319b462f
381b4f61
3dd6577e
42d85e94
473264bc
4af86a11
4e3b6eb0
511072b2
5387762d
55ac7936
578c7bde
59317e32
5aa4803f
5bec820e
5d0f83a9
5e118517
5ef8865e
5fc78782
60818889
61288976
61bf8a4c
62498b0e
62c58bbf
63378c60
639f8cf2
00e8017e
041206b7
092f0f26
0fa719d3
16d325aa
1e2531bd
25333d61
2bbe482d
31a851f0
36ea5a9c
3b88623c
3f9168e4
43156eb0
462373ba
48cb781e
4b1d7bf1
4d247f49
4eea8237
507a84ca
51da8710
53128912
54278adb
551e8c72
55fa8ddf
56c08f25
5772904a
58129153
58a39242
5927931b
599f93e1
5a0c9495
5a6f953a
00c9017e
038906ba
07ff0f39
0dad1a09
1405261e
1a8b3288
20e03e97
26cb49dc
2c2e541d
30fe5d47
353f6561
38fa6c7c
3c3e72b2
3f17781e
41937cda
43c080fd
45a7849d
475387cc
48cc8a99
4a198d13
4b408f45
4c469139
4d3092f7
4e029485
4ebd95eb
4f67972d
4fff9850
50899957
51079a45
51799b1f
51e19be5
52409c9a
00b0017f
031906bd
07060f48
0c0c1a36
11b0267e
17863332
1d3b3f9d
22984b4a
278055f9
2be95f92
2fd36817
33456f98
364c762d
38f27bf1
3b4380fd
3d4c8569
3f14894b
40a58cb5
42088fb8
43419262
445894bf
454f96da
462c98bb
46f29a6a
47a39bed
48449d49
48d49e84
49579fa1
49cea0a4
4a3aa18f
4a9da266
4af7a32b
009c017e
02bc06c0
06370f55
0aae1a5c
0fba26cf
14f933c2
1a21407c
1f014c82
237c5791
2787618b
2b216a70
2e50724c
311e7936
33937f49
35bc849d
37a1894b
394c8d68
3ac49108
3c10943c
3d369712
3e3c9997
3f259bd5
3ff59dd7
40af9fa3
4157a140
41eea2b5
4276a406
42f2a537
4362a64d
43c9a749
4426a830
447ca903
008a017f
026f06c2
05890f60
09891a7b
0e112714
12ce343c
177b413a
1beb4d8f
200458f2
23ba6342
270c6c7a
29fd74a7
2c967bde
2edf8237
30e187cc
32a68cb5
34349108
359494d8
36cb9838
37de9b37
38d49de0
39aea03f
3a72a25e
3b21a446
3bbfa5fc
3c4da787
3ccea8ec
3d42aa30
3dacab56
3e0dac62
3e65ad57
3eb6ae37
007c017f
022e06c3
04f60f69
088f1a96
0ca7274e
10f234a5
153341de
19414e77
1d025a23
206c64bf
237c6e42
263576b7
289d7e32
2abc84ca
2c9b8a99
2e408fb8
2fb4943c
30fd9838
32209bc0
33229ee3
3408a1ad
34d5a42a
358ca665
3631a864
36c5aa31
374babd0
37c4ad48
3831ae9d
3895afd3
38f0b0ed
3943b1ef
398fb2dc
006f017f
01f606c5
04790f70
07b91aad
0b6f2781
0f5734ff
1339426c
16f04f40
1a635b2e
1d88660c
205c6fd2
22e17887
251d803f
27168710
28d48d13
2a5d9262
2bb89712
2ceb9b37
2dfb9ee3
2eeda226
2fc4a50e
3084a7a7
3130a9fa
31cbac10
3256adf1
32d4afa3
3345b12c
33adb290
340ab3d4
3460b4fc
34aeb60a
34f6b701
0065017f
01c606c6
040c0f77
07001ac1
0a6227ac
0df2354e
118142e7
14ea4ff1
18175c17
1aff6731
1d9c7132
1ff37a20
2206820e
23dc8912
257b8f45
26e994bf
282d9997
294c9de0
2a4ba1ad
2b2ea50e
2bf7a812
2cabaac3
2d4dad2c
2ddeaf57
2e61b14a
2ed7b30d
2f42b4a5
2fa2b618
2ffbb769
304bb89c
3094b9b6
30d8bab7
005c017f
019d06c7
03af0f7d
06601ad2
097727d2
0cbb3592
0fff4354
1323508b
16125ce5
18c26833
1b2f7269
1d5a7b8b
1f4883a9
20fe8adb
22819139
23d796da
25069bd5
2613a03f
2701a42a
27d5a7a7
2892aac3
293bad8a
29d2b008
2a5bb245
2ad5b44a
2b44b61c
2ba9b7c2
2c03b942
2c56ba9f
2ca2bbdd
2ce7bd00
2d26be0b
0054017f
017906c8
035d0f82
05d41ae1
08a927f3
0ba935cf
0eac43b3
11925114
14495d9a
16c66918
1907737d
1b0c7ccc
1cd88517
1e708c72
1fd992f7
211998bb
22349dd7
2330a25e
240fa665
24d6a9fa
2587ad2c
2626b008
26b4b298
2734b4e6
27a7b6fa
280fb8db
286dba8e
28c3bc19
2911bd81
2958beca
2999bff6
29d5c109
004d017f
015a06c9
03150f86
05591aee
07f42811
0ab83604
0d804407
102f518c
12b45e3b
150369e3
171c7472
18fd7deb
1aaa865e
1c278ddf
1d799485
1ea49a6a
1fae9fa3
2099a446
216ba864
2225ac10
22cbaf57
2360b245
23e6b4e6
245eb744
24cab966
252cbb53
2585bd12
25d6bea8
261fc01a
2662c16b
269fc2a0
26d7c3bb
0047017f
013e06ca
02d60f8a
04ec1afa
0754282a
09e33633
0c764451
0ef351f8
114a5ecb
13716a98
1565754e
17267eec
18b78782
1a1b8f25
1b5895eb
1c709bed
1d69a140
1e45a5fc
1f0aaa31
1fb9adf1
2055b14a
20e1b44a
215fb6fa
21d0b966
2236bb94
2292bd8e
22e5bf58
2331c0f8
2376c272
23b5c3cc
23efc508
2424c62a
0041017f
012506cb
029e0f8e
048c1b04
06c62841
0925365d
0b894494
0dd95258
10075f4b
12096b3a
13dc7612
157f7fd3
16f68889
1844904a
196c972d
1a739d49
1b5da2b5
1c2ca787
1ce5abd0
1d89afa3
1e1cb30d
1ea0b61c
1f16b8db
1f81bb53
1fe0bd8e
2037bf92
2086c165
20cdc30e
210fc491
214ac5f2
2180c736
21b2c85e
003c017f
010f06cb
026c0f91
04361b0e
06472856
087b3682
0ab544cf
0cdd52ad
0ee55fbe
10c56bcc
127a76c3
140380a2
15628976
169b9153
17b19850
18a89e84
1984a406
1a46a8ec
1af4ad48
1b8fb12c
1c19b4a5
1c95b7c2
1d05ba8e
1d69bd12
1dc3bf58
1e15c165
1e5fc342
1ea2c4f3
1ee0c67e
1f18c7e6
1f4bc930
1f7aca5e
0038017f
00fc06cc
02400f93
03e91b16
05d52868
07e336a3
09f64505
0bf952fb
0de06026
0fa16c50
113a7763
12aa815e
13f58a4c
151b9242
16209957
17089fa1
17d7a537
188eaa30
1932ae9d
19c3b290
1a46b618
1abbb942
1b24bc19
1b82bea8
1bd7c0f8
1c25c30e
1c6bc4f3
1caac6ac
1ce4c83d
1d19c9ac
1d49cafc
1d76cc2f
0034017f
00ea06cc
02180f96
03a41b1d
056f2879
075a36c2
094a4535
0b2c5341
0cf46083
0e996cc7
101977f4
11738208
12a98b0e
13be931b
14b49a45
158ea0a4
1651a64d
16feab56
1798afd3
1822b3d4
189cb769
190bba9f
196ebd81
19c7c01a
1a18c272
1a60c491
1aa2c67e
1adfc83d
1b15c9d6
1b47cb4a
1b75cc9f
1b9fcdd8
0031017f
00db06cc
01f40f98
03661b24
05132888
06de36dd
08ae4561
0a735380
0c1e60d8
0daa6d33
0f127877
105882a2
117c8bbf
128093e1
13689b1f
1437a18f
14eea749
1591ac62
1623b0ed
16a4b4fc
1719b89c
1781bbdd
17debeca
1833c16b
187fc3cc
18c4c5f2
1902c7e6
193bc9ac
196fcb4a
199eccc4
19c9ce1e
19f1cf5b
002e017f
00cc06cd
01d40f9a
032e1b2a
04bf2895
066d36f6
08224588
09ca53b9
0b5c6125
0cd06d95
0e2478ee
0f56832e
10698c60
115f9495
123a9be5
12fda266
13aaa830
1444ad57
14ceb1ef
1548b60a
15b6b9b6
1619bd00
1671bff6
16c1c2a0
1709c508
174ac736
1785c930
17bbcafc
17eccc9f
1819ce1e
1842cf7c
1867d0be
002b017f
00c006cd
01b60f9c
02fb1b2f
047428a1
0608370c
07a145ac
093153ed
0aab616c
0c0a6dee
0d4a795b
0e6b83ae
0f6f8cf2
1057953a
11269c9a
11dea32b
1281a903
1313ae37
1395b2dc
1409b701
1471bab7
14cfbe0b
1522c109
156ec3bb
15b2c62a
15f0c85e
1628ca5e
165bcc2f
1689cdd8
16b4cf5b
16dbd0be
16fed204
7fb000a1
d1ed0108
e9da0126
f2f40132
f73f0137
f995013a
fafc013c
fbe3013d
fc81013e
fcf1013e
fd44013f
fd82013f
fdb2013f
fdd9013f
fdf70140
fe100140
fe240140
fe360140
fe440140
fe500140
fe5b0140
fe640140
fe6c0140
fe730140
fe790140
fe7f0140
fe830140
fe880140
fe8c0140
fe8f0140
fe920140
fe950140
2d0b0108
7e8e02e5
b19c040f
ccc504ae
dbc20506
e49f0539
ea35055a
eded0570
f082057f
f25f058a
f3c20592
f4d00598
f5a2059d
f64905a1
f6cf05a4
f73d05a6
f79805a8
f7e405aa
f82405ac
f85b05ad
f88a05ae
f8b205af
f8d605af
f8f505b0
f91005b1
f92805b2
f93d05b2
f95105b2
f96205b3
f97105b3
f97f05b4
f98c05b4
15000126
4a55040f
7c9906ce
a03908bf
b7a40a06
c70d0add
d1710b6f
d8ad0bd4
dddd0c1c
e1b00c52
e4930c7a
e6ce0c99
e88f0cb1
e9f50cc5
eb180cd5
ec060ce2
eccc0ced
ed730cf6
ee000cfd
ee780d04
eedf0d0a
ef390d0f
ef870d13
efcc0d17
f0080d1a
f03e0d1d
f06e0d1f
f0980d22
f0be0d24
f0e10d26
f1000d27
f11c0d29
0bda0132
2e8d04ae
570808bf
79e10c3f
94600ee9
a7ae10d9
b5aa1240
bfe41348
c77f140b
cd41149f
d1b11511
d52a156b
d7ef15b2
da2a15eb
dbfd161a
dd7f1641
dec11661
dfd0167d
e0b71694
e17d16a8
e22716b9
e2bc16c7
e33d16d5
e3af16e0
e41316ea
e46c16f3
e4bc16fb
e5031702
e5431708
e57c170e
e5b01714
e5df1718
078a0137
1f380506
3e560a06
5cb70ee9
767a130c
8ae91656
9ab318df
a6d01ad2
b0281c53
b76d1d7e
bd271e69
c1b61f25
c5641fbc
c8632038
cadc209d
cceb20f2
cea52139
d01c2175
d15c21a9
d26f21d5
d35d21fc
d42d221d
d4e2223a
d5822254
d610226a
d68d227f
d6fd2291
d76222a1
d7bd22af
d80e22bc
d85822c8
d89b22d3
0531013a
16280539
2e160add
477910d9
5ec11656
72811afe
829c1ec9
8f8321d4
99cd2441
a2062630
a8a127bf
adfc2902
b25c2a0a
b5f72ae4
b8f72b99
bb7c2c30
bd9c2cb1
bf6c2d1e
c0fa2d7c
c2512dcd
c37b2e13
c4802e50
c5652e86
c62e2eb6
c6e12ee0
c7802f06
c80f2f27
c88e2f45
c9012f60
c9692f79
c9c72f8f
ca1d2fa3
03c8013c
1071055a
23200b6f
38161240
4c6e18df
5e9b1ec9
6e1723d3
7af42802
85842b73
8e292e43
953f3091
9b133277
9fe73408
a3ed3557
a74c3671
aa27375e
ac943828
aea838d5
b072396a
b1ff39eb
b3593a5c
b4883abf
b5923b16
b67f3b62
b7503ba7
b80b3be3
b8b23c1a
b9483c4b
b9d03c77
ba4a3c9f
baba3cc3
bb1f3ce4
02e0013d
0ca30570
1b7f0bd4
2cd41348
3e5e1ad2
4ea921d4
5d0a2802
69592d4e
73b731c3
7c61357c
83993898
89a13b30
8eae3d5c
92ef3f2f
968840bb
9997420d
9c36432d
9e774425
a06a44fc
a21d45b7
a399465a
a4e646ea
a60d4768
a71247d8
a7fa483c
a8ca4895
a98448e6
aa2b492e
aac3496e
ab4c49a9
abc849df
ac394a0f
0241013e
09ff057f
16070c1c
2476140b
33851c53
41f22441
4f092b73
5a8631c3
64683731
6ccf3bd0
73ed3fb9
79f04308
7f0845d5
835c4835
870c4a3c
8a344bf9
8ced4d77
8f464ec2
91514fe1
931a50dc
94aa51b8
960b527a
97435326
985853be
994f5446
9a2c54c0
9af3552d
9ba6558f
9c4855e8
9cda5639
9d5f5682
9dd956c5
01d1013e
0817058a
11fe0c52
1e20149f
2b151d7e
37ca2630
43942e43
4e23357c
57613bd0
5f5d4147
663545f7
6c1049f8
71104d65
75595053
790652d8
7c305503
7eee56e3
814f5884
836259f0
85345b2e
86cd5c46
88375d3e
89785e19
8a955edd
8b945f8b
8c786028
8d4660b4
8dff6133
8ea761a6
8f3f620e
8fc9626d
904862c3
017d013f
06ac0592
0ef30c7a
193e1511
24701e69
2fa027bf
3a303091
43cf3898
4c5a3fb9
53d445f7
5a504b60
5fe9500c
64bc5412
68e4578b
6c7c5a8a
6f985d23
724c5f64
74a7615c
76b76314
78876498
7a2065ed
7b8b671b
7ccc6828
7deb6918
7eec69ee
7fd36aae
80a26b5b
815e6bf8
82086c85
82a26d06
832e6d7c
83ae6de7
013f013f
05980598
0c990c99
156b156b
1f251f25
29022902
32763277
3b2f3b30
43084308
49f849f8
500b500c
55555556
59ec59ed
5de85de8
615d615d
645f645f
66ff66ff
694b694b
6b4f6b50
6d166d16
6ea86ea9
700d700d
714a714b
72667266
73647364
74497449
75167517
75d175d1
767a767a
77137713
779f779f
781f781f
010f013f
04c1059d
0ac00cb1
125f15b2
1ae01fbc
239a2a0a
2c113408
33f63d5c
3b2345d5
418b4d65
47325412
4c2759ed
507c5f09
5442637f
578e6762
5a6e6ac9
5cf46dc2
5f2a705f
611c72ac
62d574b4
645b7680
65b6781a
66eb7987
67ff7ace
68f77bf3
69d77cfa
6aa07de8
6b577ec0
6bfc7f83
6c938035
6d1c80d7
6d9a816b
00e8013f
041605a1
09460cc5
0feb15eb
17652038
1f252ae4
26bc3557
2de23f2f
346f4835
3a545053
3f91578b
44305de8
483f637f
4bce6864
4eeb6caf
51a77072
540d73c0
562a76a9
5807793a
59ad7b80
5b247d84
5c727f50
5d9d80ea
5ea7825a
5f9783a4
606f84ce
613385db
61e486ce
628487ac
63168875
639c892d
641689d5
00c90140
038d05a4
08130cd5
0de9161a
1487209d
1b702b99
22433671
28bd40bb
2eb84a3c
342252d8
38fa5a8a
3d46615d
41106762
44666caf
47547158
49e87571
4c2e790d
4e2f7c3c
4ff57f0d
5187818d
52ed83c6
542c85c1
55498786
5649891d
57308a8a
57ff8bd4
58bb8cfe
59658e0c
5a008f02
5a8c8fe2
5b0d90af
5b83916a
00b00140
031d05a6
07180ce2
0c401641
122320f2
18542c30
1e7b375e
245c420d
29d34bf9
2ecd5503
33455d23
3742645f
3ac96ac9
3de77072
40a77571
431479d8
45387dbc
471d812d
48ca843a
4a4886ef
4b9c8958
4ccb8b7f
4ddb8d6c
4ece8f28
4faa90b6
5070921e
51249364
51c6948c
525a9599
52e1968e
535d976d
53cd983a
009c0140
02c005a8
06470ced
0ade1661
10222139
15b32cb1
1b443828
209d432d
259c4d77
2a2f56e3
2e505f64
320266ff
354a6dc2
383373c0
3ac5790d
3d0c7dbc
3f0f81e2
40d8858e
426d88d1
43d68bb8
45178e4e
4637909e
473892b1
4820948e
48f0963c
49ad97bf
4a57991f
4af29a5e
4b7f9b81
4c009c89
4c759d7b
4ce19e59
008a0140
027205aa
05970cf6
09b3167d
0e6f2175
13762d1e
188338d5
1d644425
21f84ec2
262d5884
29fd615c
2d6a694b
3077705f
332d76a9
35957c3c
37b6812d
399a858e
3b478972
3cc58ce6
3e198ffb
3f4892ba
40589530
414b9765
42279961
42ec9b2b
439f9cc9
44419e41
44d39f96
455aa0cc
45d4a1e7
4643a2eb
46aaa3d8
007c0140
023005ac
05030cfd
08b51694
0cfb21a9
118a2d7c
1624396a
1a9a44fc
1ece4fe1
22ae59f0
26356314
29616b50
2c3872ac
2ebf793a
30fe7f0d
32fc843a
34c288d1
36558ce6
37bc9089
38fb93c7
3a1996ad
3b1a9945
3c009b99
3ccf9db2
3d899f97
3e32a14d
3ecca2da
3f57a443
3fd6a58c
4049a6b9
40b3a7cc
4115a8c7
00700140
01f805ad
04840d04
07db16a8
0bbc21d5
0fe22dcd
141639eb
182c45b7
1c0a50dc
1f9e5b2e
22e16498
25d46d16
287774b4
2ad37b80
2cec818d
2ec986ef
30728bb8
31ec8ffb
333e93c7
346b972b
35789a33
36699ceb
37429f5d
3806a190
38b6a38d
3956a559
39e6a6fb
3a6aa877
3ae2a9d1
3b4fab0d
3bb4ac2e
3c10ad37
00650140
01c805ae
04170d0a
072016b9
0aa721fc
0e722e13
124b3a5c
160d465a
199e51b8
1ced5c46
1ff365ed
22af6ea9
25257680
27587d84
294d83c6
2b0c8958
2c9b8e4e
2dfe92ba
2f3a96ad
30559a33
31529d5c
3235a031
3302a2bd
33baa508
3461a71b
34f7a8fc
3580aab0
35fcac3d
366eada7
36d5aef2
3734b020
378bb136
005c0140
019f05af
03b80d0f
067d16c7
09b6221d
0d302e50
10b93abf
143046ea
177b527a
1a8b5d3e
1d5a671b
1fe6700d
2230781a
243e7f50
261385c1
27b68b7f
292b909e
2a789530
2ba19945
2cac9ceb
2d9aa031
2e70a320
2f30a5c5
2fdea827
307baa4e
3109ac41
318aae07
3200afa3
326bb11c
32cdb273
3326b3af
3379b4cf
00540140
017b05af
03660d13
05ee16d5
08e4223a
0c152e86
0f583b16
128b4768
15975326
186f5e19
1b0c6828
1d6b714b
1f8e7987
217980ea
23318786
24b98d6c
261792b1
27509765
28679b99
29619f5d
2a41a2bd
2b0ba5c5
2bc0a880
2c64aaf6
2cf8ad30
2d7eaf34
2df8b109
2e67b2b4
2eccb43a
2f28b59e
2f7db6e4
2fcbb810
004d0140
015b05b0
031d0d17
057116e0
082a2254
0b1c2eb6
0e1f3b62
111647d8
13ea53be
168e5edd
18fd6918
1b347266
1d337ace
1eff825a
209a891d
220a8f28
2352948e
24789961
257f9db2
266aa190
273ea508
27fba827
28a6aaf6
2941ad7f
29ccafca
2a4bb1de
2abeb3c2
2b27b57a
2b86b70c
2bddb87c
2c2db9cc
2c77bb01
00470140
013f05b1
02de0d1a
050316ea
0786226a
0a3f2ee0
0d093ba7
0fca483c
126b5446
14e15f8b
172669ee
19387364
1b167bf3
1cc583a4
1e468a8a
1fa090b6
20d4963c
21e99b2b
22e09f97
23bda38d
2484a71b
2537aa4e
25d8ad30
266aafca
26eeb225
2765b448
27d2b638
2834b7fd
288fb99a
28e1bb14
292dbc6e
2972bdac
00410140
012605b2
02a50d1d
04a116f3
06f4227f
097a2f06
0c123be3
0ea14895
111454c0
13606028
157f6aae
176e7449
192f7cfa
1ac384ce
1c2d8bd4
1d72921e
1e9497bf
1f989cc9
2081a14d
2151a559
220da8fc
22b6ac41
234eaf34
23d7b1de
2453b448
24c4b678
252bb875
2588ba45
25ddbbec
262cbd6f
2673bed2
26b5c018
003d0140
011105b2
02730d1f
044916fb
06722291
08ca2f27
0b343c1a
0d9648e6
0fe0552d
120660b4
14036b5b
15d37517
17787de8
18f285db
1a478cfe
1b789364
1c8a991f
1d7e9e41
1e5aa2da
1f1fa6fb
1fd0aab0
206fae07
20ffb109
2180b3c2
21f6b638
2260b875
22c2ba7d
231abc57
236bbe08
23b4bf94
23f8c0ff
2436c24d
00380140
00fd05b2
02460d22
03fb1702
05fd22a1
082d2f45
0a6d3c4b
0ca7492e
0ecb558f
10ce6133
12aa6bf8
145e75d1
15e97ec0
174e86ce
188f8e0c
19ae948c
1ab09a5e
1b979f96
1c66a443
1d1fa877
1dc7ac3d
1e5dafa3
1ee5b2b4
1f5fb57a
1fcfb7fd
2033ba45
208fbc57
20e3be3b
212fbff4
2175c188
21b5c2fb
21f0c44f
00340140
00eb05b3
021e0d24
03b51708
059422af
079f2f60
09b93c77
0bcf496e
0dd055e8
0fb361a6
11736c85
130c767a
14817f83
15d087ac
16fe8f02
180d9599
19009b81
19daa0cc
1a9ea58c
1b4da9d1
1bebada7
1c79b11c
1cfab43a
1d6eb70c
1dd7b99a
1e37bbec
1e8dbe08
1eddbff4
1f25c1b6
1f67c352
1fa4c4cb
1fdcc626
00310140
00dc05b3
01f90d26
0376170e
053622bc
071e2f79
09173c9f
0b0b49a9
0ced5639
0eb3620e
10586d06
11da7713
13388035
14758875
15928fe2
1691968e
17779c89
1845a1e7
18fea6b9
19a4ab0d
1a39aef2
1ac0b273
1b3ab59e
1ba7b87c
1c0bbb14
1c65bd6f
1cb8bf94
1d03c188
1d47c352
1d86c4f4
1dbfc674
1df4c7d5
002e0140
00cd05b4
01d90d27
033c1714
04e022c8
06aa2f8f
08833cc3
0a5949df
0c1f5682
0dca626d
0f566d7c
10c2779f
120d80d7
1337892d
144490af
1536976d
16109d7b
16d2a2eb
1781a7cc
181eac2e
18acb020
192bb3af
199fb6e4
1a07b9cc
1a65bc6e
1abbbed2
1b09c0ff
1b50c2fb
1b91c4cb
1bcdc674
1c03c7fa
1c35c960
002b0140
00c005b4
01bb0d29
03091718
049222d3
06402fa3
07fd3ce4
09b84a0f
0b6256c5
0cf562c3
0e6b6de7
0fc2781f
10fb816b
121589d5
1313916a
13f9983a
14c69e59
157ea3d8
1624a8c7
16b9ad37
173fb136
17b8b4cf
1825b810
1888bb01
18e2bdac
1933c018
197dc24d
19c1c44f
19fec626
1a37c7d5
1a6bc960
1a9bcacb
7fbc0088
d20e00e0
ea0300f9
f3210103
f76d0108
f9c4010a
fb2b010c
fc13010d
fcb1010d
fd21010e
fd74010e
fdb2010f
fde3010f
fe09010f
fe27010f
fe40010f
fe55010f
fe66010f
fe75010f
fe81010f
fe8c010f
fe95010f
fe9d010f
fea4010f
feaa010f
feaf0110
feb4010f
feb80110
febc0110
febf0110
fec3010f
fec50110
2d1200e0
7ec60274
b20b0372
cd5803fa
dc6c0444
e5570470
eaf6048c
eeb3049f
f14d04ac
f32d04b5
f49204bc
f5a204c1
f67604c5
f71e04c8
f7a504cb
f81404cd
f86f04cf
f8bc04d0
f8fc04d2
f93304d3
f96204d4
f98c04d4
f9af04d5
f9ce04d6
f9ea04d6
fa0204d7
fa1804d7
fa2b04d7
fa3c04d8
fa4c04d8
fa5a04d8
fa6604d9
150400f9
4a830372
7d1c05c9
a1110772
b8c0088a
c85a0943
d2e209c0
da380a16
df7b0a55
e35d0a82
e64b0aa5
e88f0ac0
ea560ad5
ebc20ae6
ece90af3
eddb0aff
eea50b08
ef4e0b10
efdd0b16
f0570b1c
f0c00b21
f11b0b25
f16b0b29
f1b00b2c
f1ee0b2f
f2240b31
f2550b33
f2800b36
f2a70b37
f2ca0b39
f2e90b3b
f3060b3c
0bdc0103
2eae03fa
577d0772
7ac70a73
95b60cbd
a9630e6a
b7ab0fa1
c2211085
c9eb112e
cfd111af
d45e1212
d7ef125f
dac6129d
dd1012cf
deef12f8
e07b131a
e1c61336
e2dd134e
e3ca1362
e4961373
e5451382
e5dd138f
e663139a
e6d813a4
e73f13ad
e79a13b5
e7ec13bc
e83513c2
e87613c8
e8b213cc
e8e713d1
e91813d5
078b0108
1f500444
3eb6088a
5d8d0cbd
77d71052
8ccb132c
9d081562
a9891715
b3311866
bab9196c
c0a81a3b
c5641ae0
c9351b66
cc531bd2
cee51c2c
d1091c76
d2d61cb5
d45c1cea
d5a91d18
d6c81d3e
d7c01d60
d8981d7e
d9551d98
d9fc1dae
da901dc2
db131dd4
db871de4
dbf01df2
dc4e1dff
dca31e0b
dcf01e15
dd361e1f
0532010a
16390470
2e630943
48330e6a
6009132c
7462173c
850f1a90
927a1d3d
9d361f62
a5cf2119
acbd227b
b25c239a
b6f62485
bac22547
bdeb25e9
c0932670
c2d126e3
c4bb2745
c65f2799
c7ca27e1
c9062820
ca192857
cb0b2887
cbe128b2
cc9e28d8
cd4628fa
cddd2917
ce642932
cede294b
cf4c2961
cfaf2975
d00a2987
03c9010c
107e048c
235e09c0
38b40fa1
4d961562
60611a90
70801f01
7df722b7
891425c7
9235284a
99b62a5c
9fe72c11
a50a2d7b
a9542ea9
acee2fa8
affb307f
b2933136
b4cd31d3
b6b8325a
b86232d0
b9d53336
bb1b3390
bc3933df
bd373425
be183463
bee1349a
bf9534cc
c03734f8
c0c93520
c14d3545
c1c53566
c2313584
02e0010d
0cae049f
1bb20a16
2d5a1085
3f621715
50491d3d
5f5222b7
6c482770
77442b6f
807d2ecb
8836319b
8eae33f6
941e35f1
98b4379d
9c983907
9fe93a3c
a2c03b45
a5333c29
a7523cef
a92b3d9b
aac93e32
ac343eb7
ad763f2b
ae933f93
af903ff0
b0734042
b13f408c
b1f640cf
b29b410b
b3314142
b3b94173
b43541a0
0242010d
0a0704ac
16300a55
24e7112e
34691866
43681f62
512525c7
5d4d2b6f
67d53056
70d93488
7884381b
7f083b23
84923db7
894a3fe9
8d5241ca
90c94367
93c544cb
965b45ff
989c470b
9a9447f5
9c4e48c3
9dd44979
9f2d4a1a
a0614aa9
a1734b28
a2684b9b
a3454c01
a40b4c5e
a4bf4cb1
a5624cfd
a5f64d42
a67d4d81
01d1010e
081e04b5
12210a82
1e8011af
2bdb196c
39182119
4581284a
50b82ecb
5a9f3488
633d3987
6aac3dd6
7110418b
768d44ba
7b454775
7f5549d1
82d84bda
85e34d9e
888a4f27
8adb507e
8ce351ac
8ead52b6
904353a1
91ab5471
92eb552b
940a55d1
950b5666
95f256ec
96c35765
978057d3
982c5837
98c85891
995758e4
017e010e
06b204bc
0f100aa5
19901212
251d1a3b
30c8227b
3bee2a5c
462f319b
4f61381b
577e3dd6
5e9442d8
64bc4732
6a114af8
6eb04e3b
72b25110
762d5387
793655ac
7bde578c
7e325931
803f5aa4
820e5bec
83a95d0f
85175e11
865e5ef8
87825fc7
88896081
89766128
8a4c61bf
8b0e6249
8bbf62c5
8c606337
8cf2639f
013f010f
059d04c1
0cb10ac0
15b2125f
1fbc1ae0
2a0a239a
34082c11
3d5c33f6
45d53b23
4d65418b
54124732
59ed4c27
5f09507c
637f5442
6762578e
6ac95a6e
6dc25cf4
705f5f2a
72ac611c
74b462d5
7680645b
781a65b6
798766eb
7ace67ff
7bf368f7
7cfa69d7
7de86aa0
7ec06b57
7f836bfc
80356c93
80d76d1c
816b6d9a
010e010f
04c504c5
0ad50ad5
129d129d
1b651b66
24852485
2d7b2d7b
35f135f1
3db73db7
44b944ba
4af74af8
507b507c
55555556
59975997
5d535d53
609a609a
637c637c
66056606
68436844
6a3f6a40
6c036c03
6d956d95
6efc6efc
703e703e
715f7160
72647264
73507350
74257425
74e774e7
75977598
76397639
76cc76cd
00e8010f
041a04c8
09580ae6
102112cf
17db1bd2
1ff72547
28032ea9
2faf379d
36cd3fe9
3d464775
43154e3b
483f5442
4cd25997
50da5e4c
54686271
578a6618
5a4e6951
5cbf6c2b
5ee96eb1
60d570ee
628a72ed
641174b4
656f764c
66a977ba
67c37903
68c27a2c
69a87b39
6a7a7c2d
6b387d0b
6be57dd5
6c837e8e
6d147f37
00ca010f
039004cb
08240af3
0e1912f8
14ef1c2c
1c2c25e9
236a2fa8
2a613907
30e441ca
36da49d1
3c3e5110
4110578e
455a5d53
49276271
4c8466f8
4f7e6af9
52206e84
547671a8
56897472
586076ee
5a067924
5b7e7b1f
5cd07ce5
5dff7e7d
5f107fed
6007813a
60e78266
61b28378
626b8470
63138553
63ad8623
643b86e0
00b1010f
031f04cd
07260aff
0c6b131a
12811c76
18fd2670
1f86307f
25db3a3c
2bd04367
314e4bda
364c5387
3ac95a6e
3ecc609a
425e6618
45896af9
485a6f4d
4ad97324
4d11768e
4f0b7998
50cd7c4e
52607eb9
53c980e4
550d82d6
56308496
5737862a
58258798
58fc88e4
59c08a11
5a728b23
5b158c1e
5baa8d03
5c328dd5
009c010f
02c204cf
06530b08
0b041336
10751cb5
164c26e3
1c373136
21fb3b45
277044cb
2c7f4d9e
311e55ac
354a5cf4
3908637c
3c616951
3f5c6e84
42037324
445f7742
46797aed
48597e32
4a05811d
4b8583ba
4cdd8612
4e12882d
4f298a13
50248bca
51088d57
51d68ec0
52929007
533d9132
53da9243
5469933c
54ec9422
008b010f
027404d0
05a20b10
09d5134e
0eba1cea
14002745
196031d3
1ea43c29
23a645ff
284f4f27
2c96578c
30775f2a
33f56606
37166c2b
39e271a8
3c61768e
3e9a7aed
40977ed3
425d824e
43f3856c
455f8837
46a68ab9
47cc8cfa
48d58f04
49c590da
4a9e9285
4b649408
4c179569
4cbb96aa
4d5197d0
4dda98dd
4e5799d5
007c010f
023204d2
050d0b16
08d41362
0d3f1d18
12082799
16ee325a
1bbf3cef
2059470b
24a7507e
289d5931
2c38611c
2f796844
32666eb1
35057472
375d7998
39757e32
3b55824e
3d0285fc
3e828948
3fdb8c3d
41118ee6
4228914c
43249375
4408956a
44d79730
459398cd
463e9a44
46da9b9b
47699cd5
47eb9df4
48639efc
0070010f
01fa04d3
048d0b1c
07f71373
0bfa1d3e
105527e1
14ce32d0
193a3d9b
1d7747f5
217151ac
251d5aa4
287762d5
2b816a40
2e3d70ee
30b276ee
32e57c4e
34de811d
36a1856c
38368948
39a18cbf
3ae78fdb
3c0c92a8
3d15952e
3e049776
3edc9987
3fa19b66
40539d1a
40f69ea7
418aa012
4212a15e
428fa28e
4301a3a6
0065010f
01ca04d4
041f0b21
07391382
0ae01d60
0eda2820
12f53336
17053e32
1aef48c3
1e9d52b6
22065bec
2525645b
27fa6c03
2a8972ed
2cd67924
2ee77eb9
30c183ba
326a8837
33e88c3d
353e8fdb
3672931c
37889609
388298ae
39649b12
3a329d3c
3aec9f33
3b95a0fd
3c30a29e
3cbda41b
3d3ea578
3db4a6b8
3e21a7de
005c010f
01a004d4
03c00b25
0694138f
09ea1d7e
0d902857
11553390
15153eb7
18b34979
1c1c53a1
1f485d0f
223065b6
24d66d95
273b74b4
29637b1f
2b5380e4
2d118612
2ea18ab9
30098ee6
314c92a8
326f9609
33759916
34629bd6
35389e54
35faa096
36aba2a3
374ca480
37dea634
3864a7c3
38dfa92f
394faa7e
39b6abb1
0054010f
017c04d5
036c0b29
0603139a
09131d98
0c6e2887
0fe833df
135f3f2b
16b94a1a
19e45471
1cd85e11
1f8e66eb
22086efc
2445764c
264b7ce5
281d82d6
29c1882d
2b3a8cfa
2c8c914c
2dbd952e
2ed098ae
2fc89bd6
30a89eb0
3172a146
322aa39e
32d1a5bf
336aa7af
33f5a974
3474ab12
34e8ac8d
3552adea
35b5af29
004d010f
015c04d6
03240b2c
058413a4
08561dae
0b6d28b2
0ea43425
11da3f93
14f64aa9
17ea552b
1aaa5ef8
1d3367ff
1f84703e
219d77ba
23847e7d
253a8496
26c48a13
28278f04
29679375
2a869776
2b8a9b12
2c749e54
2d48a146
2e08a3f1
2eb6a65d
2f54a891
2fe4aa92
3068ac67
30e0ae14
314eaf9d
31b3b105
3210b251
0047010f
014004d6
02e30b2f
051413ad
07ae1dc2
0a8a28d8
0d853463
10803ff0
13654b28
162555d1
18b75fc7
1b1668f7
1d417160
1f3a7903
21037fed
229f862a
24128bca
256190da
268e956a
279d9987
28929d3c
2970a096
2a38a39e
2aeda65d
2b92a8dc
2c28ab21
2cb1ad32
2d2daf15
2d9fb0d0
2e08b265
2e68b3d9
2ec0b52f
00410110
012704d7
02ab0b31
04b113b5
07191dd4
09c028fa
0c85349a
0f4b4042
11fd4b9b
148f5666
16f66081
192f69d7
1b387264
1d127a2c
1ebf813a
20438798
21a18d57
22dd9285
23f99730
24f99b66
25e19f33
26b2a2a3
2770a5bf
281ba891
28b7ab21
2946ad75
29c7af95
2a3db186
2aa9b34d
2b0cb4ee
2b67b66c
2bbbb7cc
003d010f
011104d7
02780b33
045813bc
06951de4
090c2917
0b9f34cc
0e35408c
10ba4c01
132256ec
15626128
17786aa0
19607350
1b1f7b39
1cb38266
1e2088e4
1f6a8ec0
20949408
21a098cd
22939d1a
236ea0fd
2434a480
24e7a7af
258aaa92
261dad32
26a4af95
271fb1c3
278fb3c0
27f5b592
2853b73e
28aab8c6
28f9ba30
00380110
00fe04d7
024a0b36
040913c2
061e1df2
086a2932
0ad134f8
0d3b40cf
0f974c5e
11d85765
13f561bf
15e96b57
17b67425
19597c2d
1ad68378
1c2f8a11
1d679007
1e809569
1f7e9a44
20639ea7
2132a29e
21eea634
2297a974
2331ac67
23beaf15
243db186
24b1b3c0
251cb5c9
257db7a6
25d6b95b
2628baed
2674bc5e
00340110
00ec04d8
02220b37
03c213c8
05b31dff
07d7294b
0a173520
0c5a410b
0e904cb1
10ad57d3
12a96249
14816bfc
163274e7
17bd7d0b
19258470
1a6b8b23
1b919132
1c9b96aa
1d8b9b9b
1e64a012
1f28a41b
1fd9a7c3
207aab12
210cae14
2191b0d0
220ab34d
2279b592
22ddb7a6
233ab98c
238ebb4b
23dcbce5
2424be5f
00310110
00dc04d8
01fd0b39
038213cc
05521e0b
07532961
096e3545
0b8d4142
0da14cfd
0f9d5837
117c62c5
13386c93
14d17598
16467dd5
179a8553
18cd8c1e
19e39243
1adf97d0
1bc29cd5
1c90a15e
1d4aa578
1df2a92f
1e8bac8d
1f15af9d
1f93b265
2006b4ee
206fb73e
20cfb95b
2127bb4b
2177bd12
21c1beb4
2205c035
002e010f
00ce04d8
01dc0b3b
034813d1
04fb1e15
06dc2975
08d53566
0ad44173
0cc84d42
0ea75891
10696337
120d6d1c
138e7639
14ef7e8e
16308623
17538d03
185b933c
194998dd
1a219df4
1ae3a28e
1b94a6b8
1c33aa7e
1cc4adea
1d48b105
1dbfb3d9
1e2db66c
1e90b8c6
1eebbaed
1f3fbce5
1f8bbeb4
1fd2c05d
2012c1e5
002b0110
00c104d9
01be0b3c
031313d5
04ab1e1f
066f2987
084b3584
0a2b41a0
0c024d81
0dc558e4
0f6f639f
10fb6d9a
126776cd
13b57f37
14e586e0
15f98dd5
16f29422
17d499d5
18a19efc
1959a3a6
1a01a7de
1a99abb1
1b22af29
1b9fb251
1c11b52f
1c79b7cc
1cd7ba30
1d2ebc5e
1d7dbe5f
1dc6c035
1e09c1e5
1e47c373
7fc50076
d22900c0
ea2300d6
f34300df
f79100e3
f9e800e5
fb5000e6
fc3900e7
fcd700e7
fd4700e8
fd9a00e8
fdd900e8
fe0900e8
fe2f00e9
fe4e00e8
fe6700e9
fe7b00e9
fe8c00e9
fe9b00e9
fea700e9
feb200e9
febb00e9
fec300e9
feca00e9
fed000e9
fed600e9
feda00e9
fedf00e9
fee300e9
fee600e9
fee900e9
feec00e9
2d1700c0
7ef2021c
b26202f6
cdcc036b
dcf203ab
e5e803d1
eb8e03e9
ef5103f9
f1ee0404
f3d1040c
f5370412
f6490416
f71e041a
f7c6041d
f84f041f
f8be0421
f91a0422
f9660424
f9a70425
f9df0426
fa0e0427
fa380427
fa5b0428
fa7b0428
fa960429
faaf0429
fac4042a
fad8042a
fae9042a
faf9042a
fb07042b
fb14042b
150700d6
4aa802f6
7d8304fa
a1bc0669
b9a2075c
c96307fc
d4090868
db7408b3
e0c608e9
e4b30911
e7ab092f
e9f50946
ebc20958
ed320967
ee5d0973
ef52097d
f01e0985
f0c9098b
f15a0991
f1d60996
f240099a
f29c099e
f2ed09a1
f33309a4
f37209a6
f3a909a8
f3da09aa
f40609ac
f42d09ae
f45009af
f47109b0
f48d09b2
0bde00df
2ec9036b
57db0669
7b7f0903
96c80b00
aac20c76
b9470d85
c3ee0e4c
cbde0ee0
d1e20f50
d6860fa7
da2a0feb
dd101021
df67104d
e1511070
e2e5108e
e43710a7
e55410bb
e64710cd
e71610dc
e7ca10e9
e86510f5
e8ed10ff
e9651107
e9ce110f
ea2c1116
ea7f111c
eaca1121
eb0d1126
eb4a112a
eb80112f
ebb21132
078c00e3
1f6303ab
3f02075c
5e380b00
78f10e1f
8e50109e
9eed128e
abbe140d
b5a91536
bd67161d
c38316d3
c8631765
cc5317db
cf8a183b
d231188a
d46718cc
d6421904
d7d51933
d92e195b
da56197e
db56199c
dc3619b5
dcfa19cc
dda619e0
de3e19f2
dec61a02
df3f1a10
dfab1a1d
e00d1a28
e0641a33
e0b41a3c
e0fc1a44
053300e5
164703d1
2ea107fc
48c80c76
6112109e
75e9142e
870f171e
94e7197c
a0021b63
a8ec1cea
b01e1e25
b5f71f25
bac21ff7
beb820a4
c2042135
c4c921ae
c7212215
c921226d
cad822b8
cc5422f9
cd9e2331
cebe2362
cfbb238e
d09b23b4
d16123d6
d21123f4
d2af240f
d33d2427
d3bc243d
d42f2451
d4982463
d4f72473
03ca00e6
108903e9
238f0868
39340d85
4e85128e
61d3171e
727a1b0d
80731e5a
8c062116
95902357
9d6c2533
a3ed26bc
a9542803
add82914
b1a529fa
b4dd2abd
b79b2b63
b9f62bf1
bbfd2c6c
bdc12cd6
bf4a2d33
c0a32d85
c1d32dcc
c2e02e0c
c3cf2e44
c4a42e77
c5632ea4
c60f2ecc
c6aa2ef1
c7362f12
c7b52f30
c8282f4c
02e000e7
0cb603f9
1bd908b3
2dc60e4c
4035140d
519d197c
61331e5a
6eb72292
7a39262a
83ed2932
8c152bbe
92ef2de2
98b42faf
9d963135
a1ba3281
a545339b
a84e348e
aaed3560
ad323615
af2d36b4
b0e9373e
b27037b8
b3c93824
b4fb3883
b60b38d9
b6ff3925
b7da3969
b89f39a7
b95139de
b9f23a11
ba853a3e
bb0a3a68
024200e7
0a0e0404
165108e9
25420ee0
35211536
449b1b63
52e42116
5f9d262a
6ab42a98
743f2e67
7c6831a8
835c346f
894a36cd
8e5b38d3
92b23a8e
966e3c0c
99a83d56
9c753e73
9ee53f6d
a1074047
a2e84106
a49041b0
a6074246
a75642cb
a8804342
a98b43ad
aa7c440d
ab544463
ac1844b2
acca44f9
ad6c4539
adff4574
01d100e8
0823040c
123c0911
1ece0f50
2c7c161d
3a2a1cea
47192357
52e12932
5d5a2e67
668532f6
6e7a36ea
75593a54
7b453d46
80603fd0
84cb4201
889d43e8
8bf0458e
8ed646ff
915f4842
9399495e
95914a58
974f4b35
98db4bfa
9a3c4caa
9b784d47
9c934dd4
9d934e53
9e794ec6
9f4b4f2d
a0084f8c
a0b54fe2
a1535030
017e00e8
06b70412
0f26092f
19d30fa7
25aa16d3
31bd1e25
3d612533
482d2bbe
51f031a8
5a9c36ea
623c3b88
68e43f91
6eb04315
73ba4623
781e48cb
7bf14b1d
7f494d24
82374eea
84ca507a
871051da
89125312
8adb5427
8c72551e
8ddf55fa
8f2556c0
904a5772
91535812
924258a3
931b5927
93e1599f
94955a0c
953a5a6f
013f00e8
05a10416
0cc50946
15eb0feb
20381765
2ae41f25
355726bc
3f2f2de2
4835346f
50533a54
578b3f91
5de84430
637f483f
68644bce
6caf4eeb
707251a7
73c0540d
76a9562a
793a5807
7b8059ad
7d845b24
7f505c72
80ea5d9d
825a5ea7
83a45f97
84ce606f
85db6133
86ce61e4
87ac6284
88756316
892d639c
89d56416
010f00e8
04c8041a
0ae60958
12cf1021
1bd217db
25471ff7
2ea92803
379d2faf
3fe936cd
47753d46
4e3b4315
5442483f
59974cd2
5e4c50da
62715468
6618578a
69515a4e
6c2b5cbf
6eb15ee9
70ee60d5
72ed628a
74b46411
764c656f
77ba66a9
790367c3
7a2c68c2
7b3969a8
7c2d6a7a
7d0b6b38
7dd56be5
7e8e6c83
7f376d14
00e800e9
041d041d
09670967
104c104d
183b183b
20a420a4
29142914
31353135
38d238d3
3fd03fd0
46234623
4bce4bce
50da50da
55555556
594d594e
5cd15cd1
5fee5fee
62b162b1
65256525
67546754
69476947
6b056b06
6c966c96
6dfe6dfe
6f426f42
70677068
71717171
72627262
733e733e
74067406
74bd74be
75657565
00ca00e8
0392041f
08300973
0e3f1070
1545188a
1cc72135
246129fa
2bc53281
32c03a8e
39344201
3f1748cb
44664eeb
49275468
4d65594e
512c5da9
54876188
578364fa
5a2b680a
5c896ac5
5ea56d35
60896f63
623a7157
63c07318
651e74ad
665b761a
67797765
687d7891
696a79a1
6a417a9a
6b057b7d
6bb97c4c
6c5e7d0b
00b000e9
03210421
0731097d
0c8d108e
12cd18cc
198921ae
20662abd
2720339b
2d863c0c
337b43e8
38f24b1d
3de751a7
425e578a
465e5cd1
49f16188
4d2265bd
4ffa697e
52846cd7
54c86fd5
56d07282
58a174e8
5a437710
5bbc7900
5d0f7ac0
5e427c54
5f577dc3
60547f10
6139803f
620b8153
62ca824f
637a8336
641a840b
009c00e9
02c40422
065d0985
0b2210a7
10ba1904
16ca2215
1d022b63
2324348e
29023d56
2e82458e
33934d24
3833540d
3c615a4e
40245fee
438364fa
4688697e
493c6d88
4ba77125
4dd17462
4fc17749
517f79e4
53107c3c
547a7e58
55c08041
56e881fb
57f4838b
58e784f8
59c58644
5a908773
5b498888
5bf38986
5c8f8a6f
008b00e9
02760424
05ac098b
09f110bb
0ef81933
1472226d
1a192bf1
1fb33560
25183e73
2a2b46ff
2edf4eea
332d562a
37165cbf
3a9e62b1
3dcb680a
40a56cd7
43347125
457f7502
478e7879
49677b96
4b107e62
4c9080e7
4dea832e
4f22853d
503e871a
513f88cb
52298a56
52ff8bbd
53c28d05
54748e32
55188f45
55ae9042
007c00e9
02340425
05150991
08ec10cd
0d77195b
127022b8
17972c6c
1cb93615
21ae3f6d
265f4842
2abc507a
2ebf5807
32665ee9
35b66525
38b26ac5
3b636fd5
3dcd7462
3ff97879
41ed7c26
43ae7f75
4544826f
46b1851f
47fb878d
492689bf
4a358bbe
4b2b8d8e
4c0b8f34
4cd890b5
4d939215
4e3e9358
4edb9480
4f6b9590
007000e9
01fb0426
04940996
080e10dc
0c2c197e
10b322f9
15692cd6
1a1f36b4
1eb24047
2309495e
271651da
2ad359ad
2e3d60d5
31586754
34266d35
36ae7282
38f67749
3b037b96
3cdd7f75
3e8782f2
40088617
416388ef
429d8b81
43ba8dd5
44bd8ff2
45a891de
467e939f
47419539
47f496af
48989806
492f9941
49b99a63
006500e9
01cb0427
0426099a
074d10e9
0b0e199c
0f312331
13832d33
17d9373e
1c124106
20174a58
23dc5312
27585b24
2a89628a
2d726947
30146f63
327774e8
349d79e4
368e7e62
384d826f
39e18617
3b4e8964
3c988c60
3dc28f14
3ed19188
3fc793c2
40a795c9
417397a2
422e9952
42d99add
43759c48
44059d95
44899ec8
005c00e9
01a10427
03c6099e
06a610f5
0a1519b5
0de02362
11d82d85
15d837b8
19c041b0
1d7c4b35
20fe5427
243e5c72
273b6411
29f56b06
2c6f7157
2ead7710
30b47c3c
328980e7
3430851f
35ae88ef
37088c60
38418f7e
395c9252
3a5e94e2
3b489737
3c1d9956
3cdf9b47
3d919d0c
3e349eab
3ec9a028
3f52a186
3fd0a2c8
005400e9
017d0428
037209a1
061410ff
093a19cc
0cb7238e
10612dcc
14133824
17b34246
1b2b4bfa
1e70551e
21795d9d
2445656f
26d46c96
29287318
2b447900
2d2e7e58
2ee8832e
3078878d
31e28b81
332a8f14
34529252
355f9542
365497ed
37329a5b
37fc9c92
38b59e97
395ea070
39f9a221
3a87a3af
3b0aa51c
3b82a66d
004d00e9
015d0428
032909a4
05941107
087a19e0
0bb123b4
0f142e0c
12823883
15df42cb
191a4caa
1c2755fa
1eff5ea7
219d66a9
24046dfe
263574ad
28317ac0
29ff8041
2ba1853d
2d1b89bf
2e718dd5
2fa79188
30c094e2
31bf97ed
32a79ab2
337a9d37
343b9f82
34eba19b
358ba387
361fa549
36a6a6e6
3723a862
3795a9c0
004700e9
01410429
02e809a6
0523110f
07d019f2
0ac923d6
0ded2e44
111c38d9
143e4342
17414d47
1a1b56c0
1cc55f97
1f3a67c3
217c6f42
238b761a
256a7c54
271d81fb
28a8871a
2a0d8bbe
2b518ff2
2c7793c2
2d819737
2e739a5b
2f4f9d37
30189fd0
30cfa230
3176a45b
320fa657
329ba829
331ca9d5
3392ab5f
33ffacca
004100e9
01280429
02af09a8
04be1116
07381a02
09fb23f4
0ce52e77
0fdc3925
12c843ad
15994dd4
18445772
1ac3606f
1d1268c2
1f317068
21227765
22e67dc3
2481838b
25f688cb
27478d8e
287a91de
299095c9
2a8d9956
2b729c92
2c439f82
2d01a230
2dafa4a2
2e4ea6de
2edfa8ea
2f64aacb
2fdfac84
3050ae1a
30b8af91
003d00e9
0112042a
027c09aa
0465111c
06b11a10
0942240f
0bf92ea4
0ebd3969
1177440d
141a4e53
169b5812
18f26133
1b1f69a8
1d1e7171
1ef27891
209c7f10
222184f8
23818a56
24c18f34
25e3939f
26eb97a2
27da9b47
28b49e97
297aa19b
2a2fa45b
2ad4a6de
2b6ba92a
2bf5ab45
2c74ad33
2ce8aef9
2d54b09b
2db7b21c
003800e9
00fe042a
024e09ac
04151121
06381a1d
089c2427
0b252ecc
0dba39a7
10494463
12c14ec6
151b58a3
174e61e4
19596a7a
1b3c7262
1cf579a1
1e88803f
1ff78644
21448bbd
227390b5
23869539
24809952
25639d0c
2632a070
26eea387
279aa657
2837a8ea
28c6ab45
294aad6d
29c2af68
2a31b13a
2a97b2e6
2af5b472
003400e9
00ed042a
022509ae
03cd1126
05cb1a28
0807243d
0a652ef1
0cd139de
0f3644b2
11884f2d
13be5927
15d06284
17bd6b38
1984733e
1b257a9a
1ca28153
1dfd8773
1f398d05
20589215
215d96af
224a9add
23219eab
23e6a221
2498a549
253ca829
25d1aacb
2659ad33
26d6af68
2749b16e
27b2b34b
2813b502
286db697
003100e9
00dd042a
020109af
038c112a
05691a33
07802451
09b82f12
0bfd3a11
0e3d44f9
106c4f8c
1280599f
14756316
16466be5
17f47406
197e7b7d
1ae7824f
1c2f8888
1d5a8e32
1e6a9358
1f629806
20439c48
210fa028
21caa3af
2274a6e6
230fa9d5
239dac84
241faef9
2495b13a
2503b34b
2567b532
25c4b6f2
2619b890
002e00e9
00ce042b
01df09b0
0351112f
05101a3c
07052463
091b2f30
0b3d3a3e
0d5b4539
0f694fe2
115f5a0c
1337639c
14ef6c83
168574be
17fb7c4c
19508336
1a878986
1ba38f45
1ca59480
1d909941
1e669d95
1f28a186
1fdaa51c
207ba862
210fab5f
2196ae1a
2211b09b
2283b2e6
22ebb502
234ab6f2
23a3b8bb
23f4ba61
002b00e9
00c1042b
01c109b2
031c1132
04c01a44
06962473
088c2f4c
0a8e3a68
0c8d4574
0e7d5030
10575a6f
12156416
13b56d14
15367565
16977d0b
17db840b
19028a6f
1a109042
1b059590
1be49a63
1caf9ec8
1d68a2c8
1e11a66d
1eaba9c0
1f37acca
1fb7af91
202db21c
2099b472
20fcb697
2157b890
21abba61
21f9bc0e
7fcd0066
d23d00a7
ea3d00ba
f36000c1
f7ae00c5
fa0600c6
fb6f00c7
fc5700c8
fcf500c9
fd6600c9
fdb900c9
fdf700c9
fe2700ca
fe4e00ca
fe6c00ca
fe8500ca
fe9a00ca
feab00ca
feba00ca
fec600ca
fed100ca
feda00ca
fee200ca
fee900ca
feef00ca
fef400ca
fef900ca
fefe00ca
ff0100ca
ff0500ca
ff0800ca
ff0b00ca
2d1c00a7
7f1601d4
b2a90292
ce2a02f8
dd5e032f
e65d0350
ec090365
efd00373
f270037d
f4550384
f5bd0389
f6cf038d
f7a50390
f84f0392
f8d70395
f9470396
f9a30397
f9f00399
fa320399
fa69039a
fa99039b
fac2039c
fae6039c
fb06039c
fb21039d
fb3a039d
fb50039d
fb63039e
fb75039e
fb84039e
fb93039e
fb9f039f
150900ba
4ac50292
7dd70453
a2470593
ba590667
ca3b06f3
d4f80751
dc730793
e1d307c2
e5c907e5
e8c807ff
eb180813
ece90824
ee5d0830
ef8a083b
f0830843
f150084a
f1fd0850
f28f0855
f30c085a
f378085d
f3d50860
f4260863
f46d0866
f4ac0868
f4e4086a
f516086b
f542086d
f56a086e
f58d0870
f5ae0870
f5cb0872
0bdf00c1
2ede02f8
58260593
7c1407d9
97a60997
abdf0adf
ba980bcd
c5670c7b
cd750cfe
d3920d61
d84a0dad
dbfd0de9
deef0e19
e1510e3f
e3420e5f
e4de0e79
e6360e8f
e7580ea1
e84f0eb1
e9220ebe
e9d90ec9
ea770ed4
eb020edc
eb7b0ee4
ebe70eeb
ec460ef1
ec9b0ef6
ece70efb
ed2b0eff
ed690f03
eda10f06
edd30f0a
078d00c5
1f73032f
3f400667
5ec30997
79d60c54
8f8e0e87
a07a103d
ad8e1190
b7b11296
bf9c1363
c5dd1405
cadc1487
cee514ef
d2311545
d4ea158b
d72e15c6
d91715f7
dab41621
dc161645
dd461664
de4e167e
df331695
dffc16aa
e0ad16bc
e14a16cb
e1d516da
e25116e6
e2c016f2
e32416fc
e37f1705
e3d1170d
e41b1715
053400c6
16530350
2ed206f3
49420adf
61eb0e87
772a11ad
88b41447
96e81662
a2531814
ab811971
b2ed1a8b
b8f71b70
bdeb1c2c
c2041cc7
c56e1d49
c84c1db6
cabb1e12
cccd1e61
ce951ea4
d01e1edf
d1741f12
d2a01f3e
d3a71f65
d48f1f87
d55c1fa6
d6141fc1
d6b71fda
d74b1fef
d7cf2003
d8462015
d8b32025
d9162033
03ca00c7
10920365
23b70751
399b0bcd
4f49103d
63051447
741c17c8
82831abb
8e7b1d2e
985e1f34
a08920e0
a74c2243
acee236a
b1a52461
b59e2531
b8fb25e2
bbda2678
be5126f9
c0712769
c24a27ca
c3e7281e
c5502868
c68f28aa
c7aa28e3
c8a42917
c9842945
ca4d296e
cb012993
cba429b4
cc3729d2
ccbd29ed
cd372a06
02e100c8
0cbd0373
1bfa0793
2e1e0c7b
40e21190
52b61662
62c21abb
70bf1e83
7cb321c0
86d1247d
8f5926cb
968828bd
9c982a61
a1ba2bc5
a6192cf4
a9d52df6
ad0b2ed4
afd02f94
b238303b
b45130cc
b627314c
b7c531bc
b933321f
ba783277
bb9a32c5
bc9d330b
bd85334a
be563383
bf1433b6
bfbf33e4
c05b340e
c0e93435
024200c9
0a13037d
166b07c2
258d0cfe
35b91296
45991814
54571d2e
618d21c0
6d2025c0
77202936
7fb52c2e
870c2eb8
8d5230e4
92b232c0
97503458
9b4a35b8
9eba36e9
a1b737f2
a45338d8
a69b39a3
a89e3a55
aa643af2
abf73b7d
ad5e3bf9
ae9e3c68
afbd3ccb
b0bf3d25
b1a83d76
b27b3dbe
b33b3e00
b3e83e3d
b4873e74
01d100c9
08270384
125207e5
1f0d0d61
2d011363
3b0e1971
486e1f34
54b2247d
5faa2936
69512d5e
71bb30fe
79063422
7f5536da
84cb3934
89853b3e
8da03d02
91323e8d
94513fe5
970e4113
9977421c
9b974307
9d7a43d6
9f27448f
a0a64534
a1fd45c8
a331464d
a44646c4
a5414730
a6254792
a6f347eb
a7af483c
a85b4886
017e00c9
06ba0389
0f3907ff
1a090dad
261e1405
32881a8b
3e9720e0
49dc26cb
541d2c2e
5d4730fe
6561353f
6c7c38fa
72b23c3e
781e3f17
7cda4193
80fd43c0
849d45a7
87cc4753
8a9948cc
8d134a19
8f454b40
91394c46
92f74d30
94854e02
95eb4ebd
972d4f67
98504fff
99575089
9a455107
9b1f5179
9be551e1
9c9a5240
014000c9
05a4038d
0cd50813
161a0de9
209d1487
2b991b70
36712243
40bb28bd
4a3c2eb8
52d83422
5a8a38fa
615d3d46
67624110
6caf4466
71584754
757149e8
790d4c2e
7c3c4e2f
7f0d4ff5
818d5187
83c652ed
85c1542c
87865549
891d5649
8a8a5730
8bd457ff
8cfe58bb
8e0c5965
8f025a00
8fe25a8c
90af5b0d
916a5b83
010f00ca
04cb0390
0af30824
12f80e19
1c2c14ef
25e91c2c
2fa8236a
39072a61
41ca30e4
49d136da
51103c3e
578e4110
5d53455a
62714927
66f84c84
6af94f7e
6e845220
71a85476
74725689
76ee5860
79245a06
7b1f5b7e
7ce55cd0
7e7d5dff
7fed5f10
813a6007
826660e7
837861b2
8470626b
85536313
862363ad
86e0643b
00e800ca
041f0392
09730830
10700e3f
188a1545
21351cc7
29fa2461
32812bc5
3a8e32c0
42013934
48cb3f17
4eeb4466
54684927
594e4d65
5da9512c
61885487
64fa5783
680a5a2b
6ac55c89
6d355ea5
6f636089
7157623a
731863c0
74ad651e
761a665b
77656779
7891687d
79a1696a
7a9a6a41
7b7d6b05
7c4c6bb9
7d0b6c5e
00ca00ca
03940395
083b083b
0e5f0e5f
158b158b
1d491d49
25312531
2cf32cf4
34583458
3b3d3b3e
41934193
47544754
4c844c84
512b512c
55555556
590d590d
5c5e5c5f
5f555f55
61fb61fc
645a645b
667b667b
68646864
6a1c6a1c
6ba96ba9
6d106d11
6e566e56
6f7e6f7e
708b708b
71807181
72617261
732e732f
73eb73eb
00b100ca
03230396
073a0843
0ca90e79
130c15c6
19fe1db6
212325e2
28352df6
2efe35b8
355e3d02
3b4343c0
40a749e8
45894f7e
49f15487
4de6590d
51725d1c
54a060be
577963ff
5a0766ea
5c516989
5e606be4
603b6e02
61e76fec
636a71a6
64c87336
660674a2
672875ec
682f771a
691f782d
69fc7928
6ac67a0f
6b7f7ae3
009c00ca
02c60397
0666084a
0b3b0e8f
10f215f7
17331e12
1dae2678
24212ed4
2a5d36e9
30413e8d
35bc45a7
3ac54c2e
3f5c5220
43835783
47435c5f
4aa260be
4daa64ac
50646833
52d66b60
550a6e3a
570570cd
58cf731e
5a6d7536
5be4771c
5d3778d4
5e6c7a64
5f857bd0
60857d1d
61707e4c
62467f62
630b8062
63c0814c
008b00ca
02770399
05b30850
0a070ea1
0f2b1621
14d21e61
1ab626f9
209c2f94
265737f2
2bca3fe5
30e14753
35954e2f
39e25476
3dcb5a2b
41565f55
448863ff
47696833
4a026bfd
4c586f66
4e747279
505a7540
521277c2
53a07a07
55097c15
56517df3
577b7fa6
588b8132
5983829c
5a6583e8
5b368517
5bf4862e
5ca4872e
007c00ca
02350399
051c0855
09000eb1
0da51645
12c71ea4
18262769
1d8d303b
22d538d8
27df4113
2c9b48cc
30fe4ff5
35055689
38b25c89
3c0961fc
3f0f66ea
41ca6b60
44426f66
467c7308
487e7651
4a507948
4bf57bf8
4d737e66
4ecd809c
5008829e
51268472
522c861d
531b87a3
53f68908
54bf8a4f
55778b7d
56218c92
007000ca
01fd039a
049a085a
08200ebe
0c561664
11031edf
15ec27ca
1ae330cc
1fc239a3
246d421c
28d44a19
2cec5187
30b25860
34265ea5
374b645b
3a266989
3cbc6e3a
3f137279
41317651
431b79ca
44d67cf0
46687fca
47d58260
492184ba
4a4f86dd
4b6288d0
4c5d8a98
4d428c39
4e158db7
4ed68f15
4f879058
502b9181
006500ca
01cc039b
042b085d
075e0ec9
0b34167e
0f7a1f12
13fb281e
188d314c
1d0d3a55
21624307
257b4b40
294d52ed
2cd65a06
30146089
330a667b
35bc6be4
382e70cd
3a667540
3c687948
3e3a7cf0
3fe08040
415f8342
42bb85fd
43f88878
45198abb
46208ccc
47108eaf
47ec9069
48b691fe
496f9372
4a1a94c8
4ab79604
005c00ca
01a2039c
03cb0860
06b50ed4
0a381695
0e221f3e
12482868
167f31bc
1aaa3af2
1eb043d6
22814c46
2613542c
29635b7e
2c6f623a
2f386864
31c36e02
3413731e
362c77c2
38137bf8
39ce7fca
3b5f8342
3ccc8668
3e188945
3f468be1
40598e42
4155906d
423a926a
430d943b
43ce95e6
447f976f
452398d8
45ba9a25
005400ca
017e039c
03770863
06220edc
095a16aa
0cf41f65
10c728aa
14ae321f
188c3b7d
1c4a448f
1fd94d30
23315549
264b5cd0
292863c0
2bc86a1c
2e2d6fec
305d7536
32597a07
34277e66
35cb8260
374885fd
38a38945
39df8c42
3afe8efc
3c059178
3cf593bd
3dd095d2
3e9a97b9
3f529979
3ffc9b14
40989c8f
41289ded
004d00ca
015e039c
032d0866
05a10ee4
089716bc
0bea1f87
0f7328e3
13113277
16a93bf9
1a264534
1d794e02
209a5649
23845dff
2635651e
28ae6ba9
2af071a6
2d00771c
2ee27c15
3097809c
322584ba
33908878
34d98be1
36068efc
371891d1
38129467
38f696c4
39c898ee
3a889aea
3b389cbd
3bda9e6a
3c6f9ff6
3cf9a163
004700ca
0142039d
02ec0868
052e0eeb
07eb16cb
0afe1fa6
0e452917
11a132c5
14fa3c68
183b45c8
1b584ebd
1e465730
21035f10
238b665b
25df6d11
28027336
29f578d4
2bbc7df3
2d5a829e
2ed486dd
302c8abb
31658e42
32839178
33879467
34769715
35509988
36179bc7
36ce9dd7
37769fbb
3811a179
38a0a314
3924a48f
004200ca
0129039d
02b2086a
04c90ef1
075116da
0a2b1fc1
0d372945
1058330b
13783ccb
1682464d
196c4f67
1c2d57ff
1ebf6007
21226779
23546e56
255874a2
27307a64
28df7fa6
2a688472
2bce88d0
2d148ccc
2e3e906d
2f4e93bd
304696c4
31289988
31f89c10
32b69e62
3364a084
3405a279
3499a446
3521a5f0
359fa779
003d00ca
0113039d
027f086b
046f0ef6
06c916e6
096f1fda
0c45296e
0f31334a
121c3d25
14f646c4
17b14fff
1a4758bb
1cb360e7
1ef2687d
21046f7e
22ec75ec
24ab7bd0
26438132
27b7861d
290b8a98
2a418eaf
2b5c926a
2c5e95d2
2d4a98ee
2e229bc7
2ee89e62
2f9da0c6
3043a2f9
30dca4fd
3169a6d9
31eba890
3263aa26
003800ca
00ff039e
0251086d
041e0efb
064e16f2
08c61fef
0b6c2993
0e273383
10e23d76
138f4730
16205089
188f5965
1ad661b2
1cf5696a
1eea708b
20b7771a
225e7d1d
23e1829c
254287a3
26858c39
27ab9069
28b8943b
29ad97b9
2a8e9aea
2b5b9dd7
2c18a084
2cc4a2f9
2d63a53a
2df5a74d
2e7ba937
2ef7aafa
2f6aac9b
003500ca
00ed039e
0228086e
03d60eff
05e016fc
082e2003
0aa829b4
0d3633b6
0fc73dbe
12494792
14b45107
16fe5a00
1925626b
1b256a41
1cff7181
1eb4782d
20447e4c
21b383e8
23028908
24348db7
254c91fe
264c95e6
27359979
280b9cbd
28cf9fbb
2982a279
2a27a4fd
2abea74d
2b49a96e
2bc9ab64
2c3fad34
2cadaedf
003100ca
00de039e
02030870
03940f03
057c1705
07a52015
09f729d2
0c5d33e4
0ec53e00
112247eb
13685179
15925a8c
179a6313
197e6b05
1b3e7261
1cdc7928
1e587f62
1fb38517
20f28a4f
22158f15
231f9372
2412976f
24f09b14
25bc9e6a
2676a179
2721a446
27bea6d9
284ea937
28d3ab64
294dad66
29beaf40
2a26b0f7
002e00ca
00cf039e
01e20870
03590f06
0522170d
07282025
095629ed
0b97340e
0ddb3e3d
1015483c
123a51e1
14445b0d
163063ad
17fb6bb9
19a3732f
1b2b7a0f
1c938062
1dde862e
1f0c8b7d
20219058
211e94c8
220598d8
22d99c8f
239b9ff6
244ca314
24efa5f0
2585a890
260faafa
268dad34
2702af40
276eb125
27d1b2e5
002b00ca
00c2039f
01c30872
03230f0a
04d01715
06b72033
08c32a06
0ae23435
0d053e74
0f1f4886
11265240
13135b83
14e5643b
16976c5e
182a73eb
199e7ae3
1af4814c
1c2e872e
1d4d8c92
1e549181
1f459604
20219a25
20eb9ded
21a4a163
224da48f
22e8a779
2377aa26
23fbac9b
2474aedf
24e3b0f7
254ab2e5
25a9b4ae
7fd40059
d24f0092
ea5200a3
f37600a9
f7c600ac
fa1e00ae
fb8700af
fc7000af
fd0e00b0
fd7f00b0
fdd100b0
fe1000b0
fe4000b1
fe6700b0
fe8500b1
fe9e00b1
feb300b1
fec400b1
fed300b1
fedf00b1
feea00b1
fef300b1
fefb00b1
ff0200b1
ff0800b1
ff0e00b1
ff1200b1
ff1700b1
ff1b00b1
ff1e00b1
ff2100b1
ff2400b1
2d1f0092
7f33019a
b2e20241
ce770299
ddb602cb
e6bc02e8
ec6e02fa
f0370306
f2da030e
f4c00315
f62a0319
f73d031d
f814031f
f8be0321
f9470323
f9b70325
fa130326
fa610327
faa20328
fada0328
fb0a0329
fb340329
fb58032a
fb77032a
fb93032b
fbac032b
fbc2032b
fbd5032b
fbe7032b
fbf6032c
fc05032c
fc12032c
150b00a3
4add0241
7e1b03ca
a2b804e4
baee059f
caeb0619
d5bb066d
dd4506a6
e2af06d0
e6ad06ef
e9b20706
ec060718
eddb0726
ef520731
f083073a
f17c0742
f24c0748
f2fa074d
f38d0752
f40b0756
f4780759
f4d6075c
f528075e
f5700760
f5af0762
f5e70764
f6190765
f6460767
f66e0768
f6920769
f6b2076a
f6d0076b
0be100a9
2ef00299
586404e4
7c8e06e4
985d086e
accb098f
bbad0a62
c69d0afd
cec60b70
d4f70bc8
d9be0c0c
dd7f0c40
e07b0c6b
e2e50c8d
e4de0ca9
e6800cc0
e7dd0cd3
e9030ce4
e9fe0cf1
ead40cfd
eb8d0d08
ec2e0d10
ecba0d18
ed360d1f
eda30d25
ee040d2a
ee5a0d2f
eea70d33
eeec0d37
ef2a0d3b
ef630d3e
ef960d41
078e00ac
1f7f02cb
3f73059f
5f35086e
7a930ada
90950ccc
a1c30e51
af0f0f7f
b9601069
c172111f
c7d211b0
cceb1223
d1091281
d46712cd
d72e130c
d97f1341
db72136d
dd191392
de8213b2
dfb913ce
e0c713e5
e1b113fa
e27f140c
e334141c
e3d4142a
e4621437
e4e21442
e554144c
e5ba1455
e616145e
e66a1465
e6b6146c
053400ae
165c02e8
2efc0619
49a6098f
629f0ccc
78340f99
8a1311eb
989313cd
a4421550
adab1689
b5481786
bb7c1854
c09318fd
c4c91989
c84c19fe
cb411a60
cdc11ab3
cfe41afa
d1b91b37
d34f1b6b
d4b01b99
d5e51bc1
d6f41be4
d7e31c03
d8b71c1f
d9741c37
da1e1c4d
dab51c61
db3e1c73
dbb91c83
dc291c91
dc8f1c9f
03ca00af
109802fa
23d8066d
39f10a62
4fec0e51
640211eb
757a150c
843e17b1
908b19e5
9aba1bb8
a3281d3b
aa271e7b
affb1f86
b4dd2066
b8fb2123
bc7921c4
bf74224c
c20422c1
c43a2327
c625237f
c7d223cc
c94b240f
ca97244b
cbbd247f
ccc224ae
cdab24d8
ce7d24fd
cf38251f
cfe2253d
d07b2559
d1062572
d1852589
02e100af
0cc30306
1c1506a6
2e660afd
41720f7f
53a013cd
641117b1
72741b18
7ecb1e04
8945207f
921e2298
9997245c
9fe925db
a5452720
a9d52835
adbd2922
b11929ed
b4002a9d
b6862b36
b8b92bbb
baa72c30
bc5a2c97
bddb2cf2
bf302d43
c0612d8b
c1712dcc
c2662e05
c3422e3a
c4092e69
c4be2e93
c5622eba
c5f72ede
024200b0
0a18030e
168106d0
25ca0b70
36371069
466e1550
559019e5
63311e04
6f2e21a5
799424cb
82872780
8a3429d3
90c92bd0
966e2d86
9b4a2efe
9f7a3043
a31c315c
a6443251
a9063326
ab7133e1
ad923486
af733518
b11f3599
b29b360c
b3ef3673
b52036d0
b6323723
b72a376e
b80a37b2
b8d637ef
b98f3827
ba38385a
01d100b0
082b0315
126406ef
1f410bc8
2d6f111f
3bcc1689
498e1bb8
563c207f
61a124cb
6bb52896
74852be9
7c302ecd
82d8314e
889d337b
8da0355e
91fb3703
95c83871
991b39b2
9c063acb
9e983bc3
a0de3c9e
a2e23d61
a4ad3e0e
a6473ea9
a7b73f33
a9013faf
aa2a4020
ab384085
ac2c40e1
ad0a4135
add44181
ae8d41c6
017f00b0
06bd0319
0f480706
1a360c0c
267e11b0
33321786
3f9d1d3b
4b4a2298
55f92780
5f922be9
68172fd3
6f983345
762d364c
7bf138f2
80fd3b43
85693d4c
894b3f14
8cb540a5
8fb84208
92624341
94bf4458
96da454f
98bb462c
9a6a46f2
9bed47a3
9d494844
9e8448d4
9fa14957
a0a449ce
a18f4a3a
a2664a9d
a32b4af7
014000b0
05a6031d
0ce20718
16410c40
20f21223
2c301854
375e1e7b
420d245c
4bf929d3
55032ecd
5d233345
645f3742
6ac93ac9
70723de7
757140a7
79d84314
7dbc4538
812d471d
843a48ca
86ef4a48
89584b9c
8b7f4ccb
8d6c4ddb
8f284ece
90b64faa
921e5070
93645124
948c51c6
9599525a
968e52e1
976d535d
983a53cd
010f00b1
04cd031f
0aff0726
131a0c6b
1c761281
267018fd
307f1f86
3a3c25db
43672bd0
4bda314e
5387364c
5a6e3ac9
609a3ecc
6618425e
6af94589
6f4d485a
73244ad9
768e4d11
79984f0b
7c4e50cd
7eb95260
80e453c9
82d6550d
84965630
862a5737
87985825
88e458fc
8a1159c0
8b235a72
8c1e5b15
8d035baa
8dd55c32
00e900b0
04210321
097d0731
108e0c8d
18cc12cd
21ae1989
2abd2066
339b2720
3c0c2d86
43e8337b
4b1d38f2
51a73de7
578a425e
5cd1465e
618849f1
65bd4d22
697e4ffa
6cd75284
6fd554c8
728256d0
74e858a1
77105a43
79005bbc
7ac05d0f
7c545e42
7dc35f57
7f106054
803f6139
8153620b
824f62ca
8336637a
840b641a
00ca00b1
03960323
0843073a
0e790ca9
15c6130c
1db619fe
25e22123
2df62835
35b82efe
3d02355e
43c03b43
49e840a7
4f7e4589
548749f1
590d4de6
5d1c5172
60be54a0
63ff5779
66ea5a07
69895c51
6be45e60
6e02603b
6fec61e7
71a6636a
733664c8
74a26606
75ec6728
771a682f
782d691f
792869fc
7a0f6ac6
7ae36b7f
00b100b1
03240325
07420742
0cc00cc0
13401341
1a5f1a60
21c321c4
29212922
30433043
37023703
3d4b3d4c
43144314
4859485a
4d214d22
51725172
55555556
58d458d4
5bf95bf9
5ecc5ecd
61586158
63a363a3
65b465b4
67936793
69446944
6acd6ace
6c336c33
6d786d78
6ea16ea1
6fb16fb1
70a970aa
718d718e
725f7260
009c00b1
02c70326
066c0748
0b500cd3
1121136d
178c1ab3
1e40224c
24fa29ed
2b88315c
31c73871
37a13f14
3d0c4538
42034ad9
46884ffa
4aa254a0
4e5858d4
51b05ca0
54b5600c
576e6322
59e365eb
5c1b686f
5e1c6ab6
5fed6cc5
61936ea4
63137056
646f71e2
65ae734a
66d07494
67da75c2
68ce76d6
69ae77d4
6a7c78be
008b00b1
02780327
05b9074d
0a190ce4
0f551392
15221afa
1b3b22c1
21632a9d
276b3251
2d3339b2
32a640a5
37b6471d
3c614d11
40a55284
44885779
480e5bf9
4b3f600c
4e2263bc
50bf6710
531b6a14
553e6ccf
572e6f47
58f07185
5a88738f
5bfc7569
5d4f7719
5e8478a4
5f9f7a0d
60a27b58
61907c88
626a7d9f
63347ea0
007c00b1
02360328
05210752
09110cf1
0dcc13b2
13101b37
189f2327
1e442b36
23d43326
292f3acb
2e404208
32fc48ca
375d4f0b
3b6354c8
3f0f5a07
42675ecd
45706322
48316710
4ab06aa0
4cf36ddb
4f0070c9
50dd7371
528d75dc
5417780e
557e7a0f
56c67be2
57f17d8e
59037f15
59ff807b
5ae581c5
5bba82f4
5c7d840c
007000b1
01fe0328
049f0756
082f0cfd
0c7913ce
11461b6b
165c237f
1b8c2bbb
20ae33e1
25a53bc3
2a5d4341
2ec94a48
32e550cd
36ae56d0
3a265c51
3d506158
403265eb
42d16a14
45326ddb
475b714a
49527467
4b1b773d
4cba79d1
4e357c2a
4f8e7e4f
50ca8044
51eb820e
52f383b2
53e68533
54c58696
559287dc
56508909
006500b1
01cd0329
042f0759
076b0d08
0b5413e5
0fb71b99
146223cc
19292c30
1de83486
22843c9e
26e94458
2b0c4b9c
2ee75260
327758a1
35bc5e60
38ba63a3
3b76686f
3df36ccf
403770c9
42477467
442777b2
45dc7ab2
476a7d6d
48d57feb
4a208232
4b508446
4c65862e
4d6487ed
4e4e8988
4f258b02
4feb8c5e
50a28d9f
005c00b1
01a30329
03ce075c
06c20d10
0a5513fa
0e5a1bc1
12a6240f
170f2c97
1b753518
1fbd3d61
23d7454f
27b64ccb
2b5353c9
2ead5a43
31c3603b
349865b4
372e6ab6
398b6f47
3bb27371
3da8773d
3f727ab2
41147dd9
429080b9
43ec8359
452985c0
464c87f2
475789f5
484b8bce
492c8d81
49fb8f11
4ab99082
4b6a91d6
005400b1
017e032a
037a075e
062e0d18
0975140c
0d281be4
111e244b
15332cf2
19483599
1d453e0e
2119462c
24b94ddb
281d550d
2b445bbc
2e2d61e7
30da6793
334e6cc5
358b7185
379775dc
397579d1
3b297d6d
3cb780b9
3e2283bc
3f6e867c
409e8900
41b58b4e
42b48d6c
439e8f5d
44769126
453d92cb
45f4944f
469d95b6
004d00b1
015f032a
03300760
05ab0d1f
08b0141c
0c1a1c03
0fc4247f
138d2d43
1759360c
1b103ea9
1ea446f2
220a4ece
253a5630
28315d0f
2af0636a
2d786944
2fc96ea4
31e9738f
33db780e
35a17c2a
37407feb
38bb8359
3a16867c
3b53895a
3c758bfb
3d7f8e63
3e749098
3f5492a1
4023947f
40e19638
419197cf
42349946
004700b1
0142032b
02ef0762
05380d25
0802142a
0b2a1c1f
0e9024ae
12142d8b
159e3673
19163f33
1c7047a3
1fa04faa
229f5737
256a5e42
280264c8
2a656ace
2c977056
2e9b7569
30737a0f
32237e4f
33ae8232
351785c0
36628900
37908bfb
38a68eb5
39a49136
3a8d9383
3b6495a0
3c2a9792
3ce1995d
3d899b05
3e249c8e
004100b1
0129032b
02b50764
04d20d2a
07671437
0a551c37
0d7d24d8
10c32dcc
141036d0
17503faf
1a734844
1d725070
20435825
22e65f57
25586606
279a6c33
29af71e2
2b987719
2d587be2
2ef28044
306a8446
31c287f2
32fd8b4e
341e8e63
35269136
361993ce
36f89630
37c69861
38839a66
39329c42
39d39dfb
3a689f92
003d00b1
0113032b
02820765
04770d2f
06dc1442
09951c4d
0c8624fd
0f952e05
12ab3723
15b64020
18a848d4
1b785124
1e2058fc
209c6054
22ec6728
25106d78
2708734a
28d878a4
2a817d8e
2c07820e
2d6d862e
2eb489f5
2fe08d6c
30f49098
31f09383
32d89630
33ad98a6
34729ae9
35269d00
35cd9eed
3668a0b4
36f6a25a
003800b1
0100032b
02530767
04260d33
0660144c
08ea1c61
0ba9251f
0e842e3a
1168376e
14434085
17084957
19ae51c6
1c2f59c0
1e886139
20b7682f
22be6ea1
249c7494
26547a0d
27e87f15
295b83b2
2aaf87ed
2be78bce
2d058f5d
2e0b92a1
2efc95a0
2fd99861
30a59ae9
31619d3e
320e9f65
32ada162
3341a337
33c9a4eb
003400b1
00ee032b
022a0768
03dd0d37
05f11455
084f1c73
0ae1253d
0d8e2e69
104437b2
12f340e1
158e49ce
180d525a
1a6b5a72
1ca2620b
1eb4691f
209e6fb1
226475c2
24067b58
2586807b
26e78533
282a8988
29538d81
2a649126
2b5e947f
2c449792
2d179a66
2dda9d00
2e8d9f65
2f33a19b
2fcba3a6
3058a589
30dba749
003100b1
00de032c
02050769
039b0d3b
058c145e
07c41c83
0a2c2559
0caf2e93
0f3b37ef
11c14135
14374a3a
169152e1
18cd5b15
1ae762ca
1cdc69fc
1ead70aa
205c76d6
21e87c88
235681c5
24a58696
25d98b02
26f48f11
27f892cb
28e79638
29c2995d
2a8c9c42
2b469eed
2bf1a162
2c8fa3a6
2d21a5be
2da8a7ae
2e25a979
002e00b1
00cf032c
01e4076a
035f0d3e
05311465
07461c91
09882572
0be42eba
0e4a3827
10ab4181
12fd4a9d
1536535d
17535baa
1950637a
1b2b6ac6
1ce5718e
1e7e77d4
1ff77d9f
215282f4
229287dc
23b78c5e
24c59082
25bd944f
26a097cf
27729b05
28329dfb
28e4a0b4
2988a337
2a1fa589
2aaaa7ae
2b2ca9a9
2ba3ab7f
002b00b1
00c2032c
01c5076b
03290d41
04de146c
06d21c9f
08f22589
0b2b2ede
0d6e385a
0fad41c6
11de4af7
13f953cd
15f95c32
17db641a
199e6b7f
1b417260
1cc678be
1e2c7ea0
1f77840c
20a78909
21bf8d9f
22c091d6
23ad95b6
24869946
254e9c8e
26069f92
26b0a25a
274ca4eb
27dca749
2862a979
28deab7f
2950ad60
7fd9004f
d25d0081
ea640090
f3890095
f7d90098
fa320099
fb9b009a
fc84009b
fd22009b
fd93009b
fde6009c
fe24009c
fe55009c
fe7b009c
fe9a009c
feb3009c
fec8009c
fed9009c
fee8009c
fef4009c
feff009c
ff08009c
ff10009c
ff17009c
ff1d009c
ff22009c
ff27009c
ff2b009d
ff2f009c
ff33009c
ff36009c
ff39009c
2d220081
7f4b016a
b31201fd
ceb6024c
ddff0277
e70b0291
ecc102a1
f08d02ac
f33202b3
f51902b9
f68402bc
f79802c0
f86f02c2
f91a02c4
f9a302c6
fa1302c7
fa7002c8
fabe02c9
fb0002c9
fb3802ca
fb6802ca
fb9102cb
fbb602cb
fbd502cc
fbf102cc
fc0a02cc
fc2002cc
fc3302cd
fc4502cd
fc5502cd
fc6302cd
fc7002cd
150c0090
4af101fd
7e53035a
a3160453
bb6b04f8
cb7e0565
d65e05af
ddf305e2
e3650607
e76a0623
ea740637
eccc0647
eea50653
f01e065d
f1500666
f24c066c
f31d0672
f3cc0676
f461067a
f4df067e
f54d0680
f5ab0683
f5fe0685
f6460687
f6860689
f6be068a
f6f0068c
f71d068d
f746068e
f76a068f
f78b0690
f7a90690
0be20095
2efe024c
58970453
7cf40619
98f50777
ad8e0878
bc940933
c7a009bd
cfde0a24
d6210a72
daf60aae
dec10ade
e1c60b04
e4370b22
e6360b3b
e7dd0b50
e93e0b61
ea680b6f
eb650b7c
ec3e0b86
ecf90b90
ed9c0b98
ee2a0b9f
eea70ba5
ef160baa
ef770baf
efcf0bb3
f01d0bb7
f0630bba
f0a20bbd
f0db0bc0
f10f0bc3
078f0098
1f8a0277
3f9d04f8
5f940777
7b31099e
91700b5b
a2d60cb6
b0510dc4
baca0e95
c2fc0f39
c9770fba
cea51022
d2d61075
d64210ba
d91710f2
db721121
dd6e1149
df1c116b
e08d1187
e1c911a0
e2db11b6
e3ca11c8
e49c11d8
e55411e7
e5f711f4
e68911ff
e70a1209
e77e1212
e7e7121a
e8451221
e89a1228
e8e8122e
05350099
16640291
2f1d0565
49fa0878
63350b5b
79130ddb
8b390fef
99fb119f
a5e312fc
af7e1415
b74514f9
bd9c15b3
c2d1164c
c72116ca
cabb1733
cdc1178c
d05217d7
d2821817
d464184e
d604187e
d76e18a7
d8ab18cb
d9c118eb
dab61908
db901920
dc521937
dd00194a
dd9c195c
de28196c
dea7197b
df1a1988
df821994
03cb009a
109e02a1
23f305af
3a390933
50740cb6
64d80fef
76a112be
85b41520
924a171d
9cbb18c3
a5631a21
ac941b44
b2931c37
b79b1d02
bbda1dae
bf741e40
c2881ebc
c52d1f27
c7761f83
c9721fd3
cb2d201a
ccb22057
ce0a208d
cf3a20bd
d04820e8
d13a210e
d2122130
d2d4214f
d384216b
d4232184
d4b3219b
d53621af
02e1009b
0cc702ac
1c2b05e2
2ea309bd
41eb0dc4
5466119f
652c1520
73e71833
80931ad8
8b5b1d19
947d1f01
9c36209d
a2c021fb
a84e2324
ad0b2421
b11924fa
b49725b5
b79c2656
ba3c26e2
bc87275c
be8927c8
c04e2827
c1e0287a
c34428c5
c4812907
c59e2942
c69d2978
c78329a8
c85329d3
c90f29fb
c9bb2a1e
ca572a3f
0243009b
0a1b02b3
16940607
25fe0a24
36a10e95
472112fc
5699171d
64951ad8
70ee1e24
7bad2102
84f3237c
8ced259c
93c52770
99a82902
9eba2a5d
a31c2b88
a6e92c8c
aa372d6e
ad1c2e33
afa52ee0
b1e12f79
b3db3000
b59c3078
b72c30e3
b8923142
b9d33198
baf431e5
bbf8322b
bce4326a
bdbb32a3
be7e32d7
bf303306
01d2009b
082e02b9
12730623
1f6d0a72
2dcb0f39
3c6d1415
4a8218c3
578c1d19
63512102
6dc3247a
76ee2787
7eee2a2f
85e32c7f
8bf02e82
91323041
95c831c7
99c8331c
9d4a3446
a05f354c
a3173633
a57e3700
a7a037b6
a9873857
ab3a38e8
acc03969
ae1e39de
af5a3a47
b0783aa6
b17b3afc
b2673b4a
b33e3b92
b4033bd3
017e009c
06c002bc
0f550637
1a5c0aae
26cf0fba
33c214f9
407c1a21
4c821f01
5791237c
618b2787
6a702b21
724c2e50
7936311e
7f493393
849d35bc
894b37a1
8d68394c
91083ac4
943c3c10
97123d36
99973e3c
9bd53f25
9dd73ff5
9fa340af
a1404157
a2b541ee
a4064276
a53742f2
a64d4362
a74943c9
a8304426
a903447c
0140009c
05a802c0
0ced0647
16610ade
21391022
2cb115b3
38281b44
432d209d
4d77259c
56e32a2f
5f642e50
66ff3202
6dc2354a
73c03833
790d3ac5
7dbc3d0c
81e23f0f
858e40d8
88d1426d
8bb843d6
8e4e4517
909e4637
92b14738
948e4820
963c48f0
97bf49ad
991f4a57
9a5e4af2
9b814b7f
9c894c00
9d7b4c75
9e594ce1
010f009c
04cf02c2
0b080653
13360b04
1cb51075
26e3164c
31361c37
3b4521fb
44cb2770
4d9e2c7f
55ac311e
5cf4354a
637c3908
69513c61
6e843f5c
73244203
7742445f
7aed4679
7e324859
811d4a05
83ba4b85
86124cdd
882d4e12
8a134f29
8bca5024
8d575108
8ec051d6
90075292
9132533d
924353da
933c5469
942254ec
00e9009c
042202c4
0985065d
10a70b22
190410ba
221516ca
2b631d02
348e2324
3d562902
458e2e82
4d243393
540d3833
5a4e3c61
5fee4024
64fa4383
697e4688
6d88493c
71254ba7
74624dd1
77494fc1
79e4517f
7c3c5310
7e58547a
804155c0
81fb56e8
838b57f4
84f858e7
864459c5
87735a90
88885b49
89865bf3
8a6f5c8f
00ca009c
039702c6
084a0666
0e8f0b3b
15f710f2
1e121733
26781dae
2ed42421
36e92a5d
3e8d3041
45a735bc
4c2e3ac5
52203f5c
57834383
5c5f4743
60be4aa2
64ac4daa
68335064
6b6052d6
6e3a550a
70cd5705
731e58cf
75365a6d
771c5be4
78d45d37
7a645e6c
7bd05f85
7d1d6085
7e4c6170
7f626246
8062630b
814c63c0
00b1009c
032602c7
0748066c
0cd30b50
136d1121
1ab3178c
224c1e40
29ed24fa
315c2b88
387131c7
3f1437a1
45383d0c
4ad94203
4ffa4688
54a04aa2
58d44e58
5ca051b0
600c54b5
6322576e
65eb59e3
686f5c1b
6ab65e1c
6cc55fed
6ea46193
70566313
71e2646f
734a65ae
749466d0
75c267da
76d668ce
77d469ae
78be6a7c
009c009c
02c802c8
06710672
0b610b61
11491149
17d717d7
1ebc1ebc
25b425b5
2c8b2c8c
331c331c
394c394c
3f0f3f0f
445f445f
493c493c
4daa4daa
51b051b0
55555556
58a258a2
5b9e5b9e
5e515e52
60c460c4
62fb62fc
64fe64ff
66d266d3
687c687d
6a016a01
6b636b64
6ca86ca8
6dd16dd1
6ee26ee2
6fdd6fdd
70c470c4
008b009c
027902c9
05be0676
0a290b6f
0f79116b
15671817
1bac1f27
220e2656
285b2d6e
2e703446
34343ac4
399a40d8
3e9a4679
43344ba7
47695064
4b3f54b5
4ebc58a2
51e75c32
54c65f6f
5761625e
59bf6508
5be56773
5dda69a6
5fa16ba7
61406d7a
62bb6f25
641570ab
65537210
66767358
67827485
6878759a
695b769a
007c009c
023702c9
0525067a
091f0b7c
0dec1187
134e184e
19071f83
1ee226e2
24b12e33
2a55354c
2fb43c10
34c2426d
39754859
3dcd4dd1
41ca52d6
4570576e
48c45b9e
4bcb5f6f
4e8d62e7
510e660f
535668ed
55696b8a
574c6deb
59057016
5a987211
5c0873e1
5d597589
5e8e770e
5faa7873
60af79bc
619f7aea
627d7c02
0070009c
01fe02ca
04a3067e
083c0b86
0c9711a0
117e187e
16bb1fd3
1c1d275c
217b2ee0
26b63633
2bb83d36
307243d6
34de4a05
38f64fc1
3cbc550a
403259e3
435d5e52
4641625e
48e3660f
4b4a696c
4d7b6c7c
4f7a6f47
514c71d4
52f57428
547a7649
55de783c
57257a04
58507ba8
59647d2a
5a617e8d
5b4b7fd4
5c238102
0065009c
01ce02ca
04330680
07770b90
0b6f11b6
0feb18a7
14b9201a
19af27c8
1ea62f79
23823700
282d3e3c
2c9b4517
30c14b85
349d517f
382e5705
3b765c1b
3e7860c4
41396508
43bd68ed
46096c7c
48226fbc
4a0c72b3
4bcc7569
4d6677e3
4edd7a28
50347c3c
51707e24
52917fe5
539b8182
549182fe
5573845d
564485a1
005c009c
01a402cb
03d20683
06cc0b98
0a6e11c8
0e8a18cb
12f72057
178b2827
1c253000
20aa37b6
25063f25
292b4637
2d114cdd
30b45310
341358cf
372e5e1c
3a0962fc
3ca86773
3f0d6b8a
413f6f47
434172b3
451675d4
46c378b1
484d7b4f
49b57db6
4b007fea
4c2f81f0
4d4783cc
4e488582
4f358716
500f888c
50da89e4
0054009c
017f02cb
037d0685
06370b9f
098c11d8
0d5418eb
1169208d
15a6287a
19ec3078
1e223857
22343ff5
26174738
29c14e12
2d2e547a
305d5a6d
334e5fed
360364ff
388069a6
3ac96deb
3ce071d4
3ecb7569
408c78b1
42277bb2
43a07e73
44fa80f9
4638834b
475b856d
48688763
495f8932
4a448add
4b178c67
4bda8dd4
004d009c
015f02cc
03330687
05b40ba5
08c511e7
0c421908
100920bd
13f728c5
17f130e3
1bde38e8
1fae40af
23524820
26c44f29
29ff55c0
2d005be4
2fc96193
325b66d3
34b86ba7
36e57016
38e37428
3ab777e3
3c647b4f
3ded7e73
3f568154
40a183f9
41d28667
42ea88a3
43ec8ab2
44da8c97
45b68e58
46818ff6
473d9176
0047009c
014302cc
02f10689
05400baa
081511f4
0b501920
0ed020e8
12782907
162c3142
19d73969
1d694157
20d448f0
24125024
271d56e8
29f55d37
2c976313
2f07687d
31466d7a
33577211
353d7649
36fb7a28
38957db6
3a0d80f9
3b6683f9
3ca386ba
3dc78942
3ed48b97
3fcb8dbd
40b08fb8
4183918d
4246933f
42fb94d0
0042009c
012a02cc
02b8068a
04da0baf
077811ff
0a771937
0db8210e
11202942
14953198
180439de
1b5d41ee
1e9449ad
21a15108
248157f4
27305e6c
29af646f
2bfe6a01
2e206f25
301773e1
31e6783c
33907c3c
35167fea
367d834b
37c78667
38f78942
3a0e8be4
3b108e4f
3bfd908c
3cd8929c
3da39483
3e5e9647
3f0c97e9
003d009c
011402cc
0284068c
047e0bb3
06ed1209
09b6194a
0cbe2130
0feb2978
132731e5
165f3a47
19844276
1c8a4a57
1f6a51d6
222158e7
24ab5f85
270865ae
29396b64
2b4070ab
2d1e7589
2ed77a04
306c7e24
31e181f0
3338856d
347388a3
35958b97
36a18e4f
379790d2
387b9322
394d9545
3a0f973f
3ac39913
3b699ac6
0038009d
010002cd
0256068d
042c0bb7
06701212
0908195c
0bdd214f
0ed529a8
11dd322b
14e23aa6
17d742f2
1ab04af2
1d675292
1ff759c5
225e6085
249c66d0
26b06ca8
289d7210
2a64770e
2c087ba8
2d8a7fe5
2eed83cc
30358763
31628ab2
32788dbd
3377908c
34639322
353d9586
360697bb
36c099c6
376d9baa
380d9d6b
0035009c
00ee02cd
022c068e
03e30bba
05ff121a
086c196c
0b11216b
0dda29d3
10b2326a
13893afc
16514362
19004b7f
1b91533d
1dfd5a90
20446170
226467da
245e6dd1
26327358
27e37873
29727d2a
2ae38182
2c368582
2d6f8932
2e8f8c97
2f988fb8
308c929c
316e9545
323f97bb
33009a01
33b29c1c
34579e0f
34f09fde
0031009c
00de02cd
0207068f
03a10bbd
059a1221
07de197b
0a592184
0cf629fb
0fa232a3
124f3b4a
14ee43c9
17774c00
19e353da
1c2f5b49
1e586246
205c68ce
223c6ee2
23f97485
259579bc
27127e8d
287182fe
29b58716
2adf8add
2bf28e58
2cf0918d
2dda9483
2eb2973f
2f7a99c6
30329c1c
30dd9e46
317ba047
320fa223
002e009c
00d002cd
01e50690
03650bc0
053e1228
075e1988
09b2219b
0c272a1e
0eab32d7
11303b92
13aa4426
16104c75
185b5469
1a875bf3
1c93630b
1e7e69ae
20466fdd
21ee759a
23777aea
24e17fd4
2630845d
2765888c
28828c67
29898ff6
2a7b933f
2b5b9647
2c2a9913
2ce99baa
2d9a9e0f
2e3ea047
2ed6a255
2f63a43d
002b009c
00c302cd
01c70690
032e0bc3
04ea122e
06ea1994
091b21af
0b6a2a3f
0dca3306
102a3bd3
1281447c
14c64ce1
16f254ec
19025c8f
1af463c0
1cc66a7c
1e7870c4
200b769a
21817c02
22db8102
241b85a1
254289e4
26528dd4
274d9176
283594d0
290b97e9
29d19ac6
2a889d6b
2b329fde
2bcea223
2c60a43d
2ce7a632
7fdd0046
d2680073
ea720080
f3990085
f7ea0087
fa430088
fbac0089
fc950089
fd33008a
fda4008a
fdf7008a
fe36008a
fe66008b
fe8c008b
feab008b
fec4008b
fed9008b
feea008b
fef9008b
ff05008b
ff10008b
ff19008b
ff21008b
ff28008b
ff2e008b
ff33008b
ff38008b
ff3d008b
ff41008b
ff44008b
ff47008b
ff4a008b
2d250073
7f5f0142
b33901c5
ceeb020b
de3d0231
e74e0248
ed060257
f0d50260
f37b0267
f564026c
f6cf026f
f7e40272
f8bc0274
f9660276
f9f00277
fa610278
fabe0279
fb0c027a
fb4e027b
fb86027b
fbb6027c
fbe0027c
fc04027c
fc24027d
fc40027d
fc59027d
fc6f027d
fc82027e
fc94027e
fca4027e
fcb2027e
fcbf027e
150e0080
4b0201c5
7e8302fb
a36503d9
bbd3046c
cbf804ce
d6e60510
de85053e
e3ff055e
e8090577
eb170589
ed730597
ef4e05a2
f0c905ac
f1fd05b3
f2fa05b9
f3cc05be
f47c05c2
f51205c5
f59105c8
f5ff05cb
f65e05cd
f6b105cf
f6fa05d1
f73a05d2
f77305d4
f7a505d5
f7d305d6
f7fb05d7
f82005d8
f84105d8
f85f05d9
0be20085
2f0a020b
58c203d9
7d49056e
997506a7
ae33078d
bd570835
c87a08b0
d0cb090c
d71b0953
dbfc0989
dfd009b3
e2dd09d5
e55409f1
e7580a07
e9030a19
ea680a29
eb940a36
ec940a41
ed700a4a
ee2d0a52
eed10a5a
ef610a60
efdf0a65
f04f0a6a
f0b20a6e
f10a0a72
f1580a76
f19f0a79
f1df0a7c
f2190a7e
f24e0a80
078f0087
1f920231
3fc1046c
5fe406a7
7bb60894
922a0a23
a3be0b5b
b1620c4d
bbfc0d09
c4490d9d
cadb0e11
d01c0e6f
d45c0eba
d7d50ef8
dab40f2b
dd190f55
df1c0f79
e0d20f97
e2470fb1
e3890fc7
e49f0fdb
e5920fec
e6670ffa
e7221007
e7c81013
e85b101d
e8df1026
e955102e
e9bf1036
ea1f103c
ea751042
eac41048
05350088
166a0248
2f3a04ce
4a40078d
63b30a23
79cf0c62
8c330e41
9b2d0fc6
a7461101
b10b1200
b8f612ce
bf6c1376
c4bb1400
c9211472
cccd14d2
cfe41522
d2821567
d4bf15a1
d6aa15d3
d85415fe
d9c61623
db091644
dc251661
dd20167b
ddff1691
dec516a6
df7716b8
e01616c8
e0a616d6
e12716e4
e19d16ef
e20816fa
03cb0089
10a30257
240a0510
3a740835
50e70b5b
658c0e41
779b10ca
86f212f1
93c714be
9e71163d
a74b177b
aea81883
b4cd1960
b9f61a19
be511ab6
c2041b3b
c52d1bac
c7e41c0e
ca3d1c62
cc481cab
ce101ceb
cfa01d24
d1021d55
d23a1d81
d3511da8
d4491dcb
d5281dea
d5f01e07
d6a51e20
d7481e37
d7dd1e4c
d8641e5f
02e20089
0ccb0260
1c3d053e
2ed608b0
42510c4d
550d0fc6
661d12f1
752315ba
82191821
8d261a2e
96861beb
9e771d64
a5331ea4
aaed1fb3
afd0209c
b4002163
b79c220e
babc22a2
bd732323
bfd22394
c1e723f6
c3bc244e
c55c249a
c6cd24df
c816251c
c93d2553
ca462584
cb3425b0
cc0c25d8
ccd025fc
cd81261d
ce23263c
0243008a
0a1e0267
16a3055e
2629090c
36fb0d09
47b91101
577b14be
65c61821
726f1b22
7d7b1dc0
870a2004
8f4621f8
965b23a6
9c752518
a1b72657
a644276b
aa37285b
ada8292c
b0ab29e2
b34f2a83
b5a42b10
b7b42b8d
b9882bfc
bb2a2c5f
bc9f2cb8
bdef2d07
bf1c2d4f
c02d2d90
c1242dca
c2042dff
c2d02e30
c38a2e5c
01d2008a
0830026c
12800577
1f920953
2e1a0d9d
3cf51200
4b52163d
58ac1a2e
64c51dc0
6f8920ee
790423ba
814f262d
888a284f
8ed62a2b
94512bca
991b2d33
9d4a2e70
a0f62f85
a4303079
a70a3150
a990320f
abcd32b8
adcd334f
af9633d6
b130344f
b2a034bc
b3ed351e
b51a3577
b62b35c8
b7243611
b8063654
b8d63691
017f008a
06c2026f
0f600589
1a7b0989
27140e11
343c12ce
413a177b
4d8f1beb
58f22004
634223ba
6c7a270c
74a729fd
7bde2c96
82372edf
87cc30e1
8cb532a6
91083434
94d83594
983836cb
9b3737de
9de038d4
a03f39ae
a25e3a72
a4463b21
a5fc3bbf
a7873c4d
a8ec3cce
aa303d42
ab563dac
ac623e0d
ad573e65
ae373eb6
0140008a
05aa0272
0cf60597
167d09b3
21750e6f
2d1e1376
38d51883
44251d64
4ec221f8
5884262d
615c29fd
694b2d6a
705f3077
76a9332d
7c3c3595
812d37b6
858e399a
89723b47
8ce63cc5
8ffb3e19
92ba3f48
95304058
9765414b
99614227
9b2b42ec
9cc9439f
9e414441
9f9644d3
a0cc455a
a1e745d4
a2eb4643
a3d846aa
010f008b
04d00274
0b1005a2
134e09d5
1cea0eba
27451400
31d31960
3c291ea4
45ff23a6
4f27284f
578c2c96
5f2a3077
660633f5
6c2b3716
71a839e2
768e3c61
7aed3e9a
7ed34097
824e425d
856c43f3
8837455f
8ab946a6
8cfa47cc
8f0448d5
90da49c5
92854a9e
94084b64
95694c17
96aa4cbb
97d04d51
98dd4dda
99d54e57
00e9008b
04240276
098b05ac
10bb09f1
19330ef8
226d1472
2bf11a19
35601fb3
3e732518
46ff2a2b
4eea2edf
562a332d
5cbf3716
62b13a9e
680a3dcb
6cd740a5
71254334
7502457f
7879478e
7b964967
7e624b10
80e74c90
832e4dea
853d4f22
871a503e
88cb513f
8a565229
8bbd52ff
8d0553c2
8e325474
8f455518
904255ae
00ca008b
03990277
085005b3
0ea10a07
16210f2b
1e6114d2
26f91ab6
2f94209c
37f22657
3fe52bca
475330e1
4e2f3595
547639e2
5a2b3dcb
5f554156
63ff4488
68334769
6bfd4a02
6f664c58
72794e74
7540505a
77c25212
7a0753a0
7c155509
7df35651
7fa6577b
8132588b
829c5983
83e85a65
85175b36
862e5bf4
872e5ca4
00b1008b
03270278
074d05b9
0ce40a19
13920f55
1afa1522
22c11b3b
2a9d2163
3251276b
39b22d33
40a532a6
471d37b6
4d113c61
528440a5
57794488
5bf9480e
600c4b3f
63bc4e22
671050bf
6a14531b
6ccf553e
6f47572e
718558f0
738f5a88
75695bfc
77195d4f
78a45e84
7a0d5f9f
7b5860a2
7c886190
7d9f626a
7ea06334
009c008b
02c90279
067605be
0b6f0a29
116b0f79
18171567
1f271bac
2656220e
2d6e285b
34462e70
3ac43434
40d8399a
46793e9a
4ba74334
50644769
54b54b3f
58a24ebc
5c3251e7
5f6f54c6
625e5761
650859bf
67735be5
69a65dda
6ba75fa1
6d7a6140
6f2562bb
70ab6415
72106553
73586676
74856782
759a6878
769a695b
008b008b
027a027a
05c205c2
0a360a36
0f970f97
15a015a1
1c0e1c0e
22a222a2
292c292c
2f852f85
35943594
3b473b47
40964097
457f457f
4a014a02
4e224e22
51e751e7
55555556
58755875
5b4c5b4d
5de25de3
603d603d
62626263
64576457
66216621
67c367c3
69426942
6aa16aa1
6be46be4
6d0d6d0d
6e1e6e1e
6f1a6f1b
007c008b
0237027b
052905c5
092b0a41
0e080fb1
138315d3
19611c62
1f6a2323
257329e2
2b573079
30fd36cb
36553cc5
3b55425d
3ff9478e
44424c58
483150bf
4bcb54c6
4f165875
52175bd2
54d55ee2
575561ae
599d643b
5bb2668f
5d9968b0
5f576aa2
60ee6c6b
62656e0d
63bc6f8d
64f870ef
661b7234
67277360
681f7475
0070008b
01ff027b
04a705c8
08460a4a
0cb00fc7
11ae15fe
170d1cab
1c9a2394
222e2a83
27a63150
2ceb37de
31ec3e19
36a143f3
3b034967
3f134e74
42d1531b
46415761
49675b4d
4c495ee2
4eec6229
51546528
538867e5
558b6a66
57636cb1
59136ecb
5a9f70b8
5c0b727c
5d5a741c
5e8e759b
5fa976fc
60af7842
61a1796f
0065008b
01ce027c
043605cb
07810a52
0b860fdb
10171623
15051ceb
1a2323f6
1f4c2b10
2461320f
294c38d4
2dfe3f48
326a455f
368e4b10
3a66505a
3df3553e
413959bf
443b5de3
46fd61ae
49846528
4bd46858
4df36b42
4fe46dee
51ab7061
534d72a0
54cd74af
562d7695
57727853
589d79ef
59b17b6a
5ab07cc9
5b9c7e0d
005c008b
01a4027c
03d505cd
06d50a5a
0a820fec
0eb31644
133c1d24
17f6244e
1cbf2b8d
217b32b8
261339ae
2a784058
2ea146a6
32894c90
362c5212
398b572e
3ca85be5
3f86603d
4228643b
449367e5
46cb6b42
48d56e57
4ab2712c
4c6973c4
4dfc7627
4f6f7858
50c37a5d
51fe7c38
531f7def
542a7f84
552180fb
56078255
0054008b
0180027c
038005cf
063f0a60
099f0ffa
0d7a1661
11a91d55
160a249a
1a7c2bfc
1ee4334f
23303a72
2750414b
2b3a47cc
2ee84dea
325953a0
358b58f0
38805dda
3b3b6263
3dbf668f
400f6a66
422e6dee
4422712c
45ed7426
479376e2
49177967
4a7b7bb8
4bc47dda
4cf47fd1
4e0b81a2
4f0e834f
4ffd84dc
50da864d
004d008b
015f027d
033505d1
05bc0a65
08d71007
0c65167b
10451d81
145424df
18772c5f
1c9433d6
20993b21
24784227
282748d5
2ba14f22
2ee25509
31e95a88
34b85fa1
37526457
39b768b0
3bec6cb1
3df47061
3fd373c4
418b76e2
432079c1
44947c65
45eb7ed4
47288112
484c8324
495a850d
4a5386d2
4b3a8875
4c1089f9
0047008b
0143027d
02f405d2
05470a6a
08251013
0b701691
0f071da8
12ce251c
16a92cb8
1a81344f
1e453bbf
21e942ec
256149c5
28a8503e
2bbc5651
2e9b5bfc
31466140
33be6621
36076aa2
38226ecb
3a1372a0
3bdd7627
3d827967
3f077c65
406d7f27
41b681b2
42e6840b
44008635
45038836
45f48a10
46d28bc8
47a18d5f
0042008b
012a027d
02b905d4
04e00a6e
0788101d
0a9516a6
0dec1dcb
11702553
150a2d07
18a434bc
1c2c3c4d
1f98439f
22dd4a9e
25f6513f
28df577b
2b985d4f
2e2062bb
307a67c3
32a76c6b
34a970b8
368474af
38397858
39cd7bb8
3b417ed4
3c9881b2
3dd48458
3ef986c9
4007890b
41008b22
41e88d11
42be8edc
43859086
003d008b
0114027d
028605d5
04840a72
06fb1026
09d116b8
0cee1dea
10362584
13952d4f
16f5351e
1a463cce
1d7e4441
20944b64
23815229
2643588b
28d85e84
2b406415
2d7c6942
2f8e6e0d
3179727c
333e7695
34e07a5d
36627dda
37c68112
390f840b
3a3e86c9
3b578952
3c5a8bab
3d4a8dd6
3e298fd9
3ef791b6
3fb79371
0038008b
0100027e
025705d6
04320a76
067d102e
092216c8
0c091e07
0f1c25b0
12432d90
156f3577
188e3d42
1b9744d3
1e804c17
214452ff
23e15983
26545f9f
289d6553
2abe6aa1
2cb76f8d
2e8a741c
303b7853
31ca7c38
333b7fd1
34908324
35cb8635
36ee890b
37fb8bab
38f48e18
39db9057
3ab0926c
3b76945b
3c2f9626
0034008b
00ee027e
022e05d7
03e80a79
060b1036
088416d6
0b3b1e20
0e1c25d8
11122dca
140d35c8
16fe3dac
19da455a
1c9b4cbb
1f3953c2
21b35a65
240660a2
26326676
28386be4
2a1970ef
2bd7759b
2d7479ef
2ef27def
305381a2
3199850d
32c78836
33de8b22
34e08dd6
35ce9057
36ac92a8
377994cf
383796ce
38e898a9
0031008b
00de027e
020805d8
03a50a7c
05a5103c
07f516e4
0a811e37
0d3425fc
0ffd2dff
12cb3611
15913e0d
184545d4
1adf4d51
1d5a5474
1fb35b36
21e86190
23f96782
25e66d0d
27b17234
295b76fc
2ae57b6a
2c527f84
2da3834f
2edb86d2
2ffc8a10
31078d11
31fe8fd9
32e4926c
33b894cf
347d9706
35349914
35de9afe
002e008b
00d0027e
01e705d8
03690a7e
05491042
077416ef
09d71e4c
0c62261d
0f002e30
11a63654
14443e65
16d24643
19494dda
1ba35518
1dde5bf4
1ff7626a
21ee6878
23c46e1e
25797360
270f7842
28877cc9
29e480fb
2b2784dc
2c518875
2d668bc8
2e668edc
2f5391b6
302f945b
30fb96ce
31b89914
32679b32
330b9d28
002b008b
00c3027e
01c805d9
03320a80
04f41048
06fe16fa
093d1e5f
0ba1263c
0e1a2e5c
10993691
13133eb6
157e46aa
17d44e57
1a1055ae
1c2e5ca4
1e2c6334
200b695b
21cb6f1b
236c7475
24f0796f
26577e0d
27a48255
28d9864d
29f789f9
2b008d5f
2bf59086
2cd89371
2dab9626
2e6f98a9
2f249afe
2fcd9d28
306a9f2c
7fe1003f
d2720067
ea7f0072
f3a60077
f7f80079
fa51007a
fbba007b
fca3007b
fd42007b
fdb2007c
fe05007c
fe44007c
fe75007c
fe9b007c
feba007c
fed3007c
fee8007c
fef9007c
ff08007c
ff14007c
ff1e007d
ff28007c
ff30007c
ff37007c
ff3d007c
ff42007c
ff47007c
ff4b007d
ff4f007c
ff53007c
ff56007c
ff59007c
2d270067
7f700120
b35b0195
cf1801d4
de7001f6
e786020b
ed410218
f1120220
f3b90226
f5a2022b
f70f022e
f8240230
f8fc0232
f9a70234
fa320235
faa20236
fb000237
fb4e0237
fb900238
fbc80239
fbf80239
fc220239
fc46023a
fc66023a
fc82023a
fc9b023a
fcb1023b
fcc5023b
fcd6023b
fce6023b
fcf5023b
fd02023b
150f0072
4b100195
7eab02ab
a3a80372
bc2b03f6
cc60044e
d7590489
df0104b2
e48104d0
e89004e5
eba104f6
ee000503
efdd050d
f15a0515
f28f051c
f38d0521
f4610525
f5120529
f5a8052c
f628052f
f6960531
f6f60533
f7490535
f7920537
f7d30538
f80c0539
f83f053a
f86c053b
f895053c
f8ba053c
f8db053d
f8f9053e
0be30077
2f1401d4
58e60372
7d9104de
99e105f7
aebf06c6
bdfc075d
c93307cc
d194081f
d7f1085e
dcdb088f
e0b708b5
e3ca08d4
e64708ec
e84f0900
e9fe0911
eb65091f
ec94092b
ed960935
ee74093d
ef320945
efd8094b
f0690951
f0e80956
f159095a
f1bd095e
f2160961
f2650964
f2ad0967
f2ed096a
f327096c
f35c096e
078f0079
1f9a01f6
3fdf03f6
602805f7
7c2707b3
92c7091a
a4840a34
b24a0b0e
bd010bb8
c5660c3d
cc0b0ca7
d15c0cfb
d5a90d3f
d92e0d77
dc160da5
de820dcc
e08d0dec
e2470e08
e3c20e1f
e5080e33
e6220e45
e7180e54
e7f00e61
e8ad0e6d
e9550e78
e9eb0e81
ea700e89
eae70e91
eb530e97
ebb40e9d
ec0c0ea3
ec5c0ea7
0535007a
166f020b
2f52044e
4a7b06c6
641f091a
7a700b21
8d080cd2
9c320e32
a8750f50
b25f1036
ba6910f2
c0fa118a
c65f1208
cad81270
ce9512c7
d1b91310
d464134e
d6aa1383
d89f13b1
da5013d8
dbc913fa
dd121418
de341432
df341449
e017145e
e0e11470
e1961481
e2381490
e2ca149d
e34f14a9
e3c614b4
e43314be
03cb007b
10a70218
241e0489
3aa7075d
51480a34
66260cd2
78710f1e
88031111
950f12b4
9fea1411
a8ef1533
b0721624
b6b816ee
bbfd1797
c0711826
c43a189f
c7761907
ca3d1961
cca419ae
cebb19f1
d08f1a2b
d2291a5f
d3931a8c
d4d31ab5
d5f11ad8
d6f01af8
d7d41b15
d8a11b2f
d95a1b46
da021b5b
da9b1b6e
db251b80
02e2007b
0cce0220
1c4d04b2
2f0107cc
42a80b0e
559c0e32
66ec1111
7633139a
836815cb
8eb217aa
98481941
a06a1a9a
a7521bbf
ad321cb9
b2381d8d
b6861e44
ba3c1ee2
bd731f6a
c03e1fe1
c2b02048
c4d420a4
c6b820f4
c865213b
c9e1217a
cb3521b2
cc6521e5
cd762212
ce6c223b
cf4b2260
d0152281
d0cc22a0
d17422bb
0243007b
0a210226
16af04d0
264d081f
37470bb8
483b0f50
583d12b4
66cd15cb
73bc1888
7f0c1aee
88db1d02
91511ece
989c2059
9ee521ae
a45322d5
a90623d4
ad1c24b1
b0ab2573
b3c8261c
b68626b0
b8f02733
bb1327a7
bcf9280e
beaa286a
c02e28bc
c18a2906
c2c32949
c3de2985
c4df29bb
c5c829ec
c69c2a19
c75d2a42
01d2007c
0833022b
128b04e5
1fb1085e
2e5d0c3d
3d6b1036
4c051411
59a417aa
66061aee
71141dd9
7ad5206c
836222ae
8adb24a7
915f265f
970e27df
9c06292f
a05f2a55
a4302b57
a78d2c3a
aa852d02
ad262db4
af7c2e52
b1922ede
b36f2f5d
b51b2fce
b69d3033
b7f8308f
b93330e2
ba51312e
bb553172
bc4231b1
bd1b31ea
017f007c
06c3022e
0f6904f6
1a96088f
274e0ca7
34a510f2
41de1533
4e771941
5a231d02
64bf206c
6e42237c
76b72635
7e32289d
84ca2abc
8a992c9b
8fb82e40
943c2fb4
983830fd
9bc03220
9ee33322
a1ad3408
a42a34d5
a665358c
a8643631
aa3136c5
abd0374b
ad4837c4
ae9d3831
afd33895
b0ed38f0
b1ef3943
b2dc398f
0140007c
05ac0230
0cfd0503
169408b5
21a90cfb
2d7c118a
396a1624
44fc1a9a
4fe11ece
59f022ae
63142635
6b502961
72ac2c38
793a2ebf
7f0d30fe
843a32fc
88d134c2
8ce63655
908937bc
93c738fb
96ad3a19
99453b1a
9b993c00
9db23ccf
9f973d89
a14d3e32
a2da3ecc
a4433f57
a58c3fd6
a6b94049
a7cc40b3
a8c74115
010f007c
04d20232
0b16050d
136208d4
1d180d3f
27991208
325a16ee
3cef1bbf
470b2059
507e24a7
5931289d
611c2c38
68442f79
6eb13266
74723505
7998375d
7e323975
824e3b55
85fc3d02
89483e82
8c3d3fdb
8ee64111
914c4228
93754324
956a4408
973044d7
98cd4593
9a44463e
9b9b46da
9cd54769
9df447eb
9efc4863
00e9007c
04250234
09910515
10cd08ec
195b0d77
22b81270
2c6c1797
36151cb9
3f6d21ae
4842265f
507a2abc
58072ebf
5ee93266
652535b6
6ac538b2
6fd53b63
74623dcd
78793ff9
7c2641ed
7f7543ae
826f4544
851f46b1
878d47fb
89bf4926
8bbe4a35
8d8e4b2b
8f344c0b
90b54cd8
92154d93
93584e3e
94804edb
95904f6b
00ca007c
03990235
0855051c
0eb10900
16450da5
1ea412c7
27691826
303b1d8d
38d822d5
411327df
48cc2c9b
4ff530fe
56893505
5c8938b2
61fc3c09
66ea3f0f
6b6041ca
6f664442
7308467c
7651487e
79484a50
7bf84bf5
7e664d73
809c4ecd
829e5008
84725126
861d522c
87a3531b
890853f6
8a4f54bf
8b7d5577
8c925621
00b1007c
03280236
07520521
0cf10911
13b20dcc
1b371310
2327189f
2b361e44
332623d4
3acb292f
42082e40
48ca32fc
4f0b375d
54c83b63
5a073f0f
5ecd4267
63224570
67104831
6aa04ab0
6ddb4cf3
70c94f00
737150dd
75dc528d
780e5417
7a0f557e
7be256c6
7d8e57f1
7f155903
807b59ff
81c55ae5
82f45bba
840c5c7d
009c007c
02c90237
067a0525
0b7c091f
11870dec
184e134e
1f831907
26e21ee2
2e3324b1
354c2a55
3c102fb4
426d34c2
48593975
4dd13dcd
52d641ca
576e4570
5b9e48c4
5f6f4bcb
62e74e8d
660f510e
68ed5356
6b8a5569
6deb574c
70165905
72115a98
73e15c08
75895d59
770e5e8e
78735faa
79bc60af
7aea619f
7c02627d
008b007c
027b0237
05c50529
0a41092b
0fb10e08
15d31383
1c621961
23231f6a
29e22573
30792b57
36cb30fd
3cc53655
425d3b55
478e3ff9
4c584442
50bf4831
54c64bcb
58754f16
5bd25217
5ee254d5
61ae5755
643b599d
668f5bb2
68b05d99
6aa25f57
6c6b60ee
6e0d6265
6f8d63bc
70ef64f8
7234661b
73606727
7475681f
007c007c
02380238
052c052c
09350935
0e1f0e1f
13b013b1
19ae19ae
1fe11fe1
261c261c
2c392c3a
32203220
37bb37bc
3d023d02
41ed41ed
467c467c
4ab04ab0
4e8c4e8d
52175217
55555556
584c584d
5b035b03
5d7d5d7e
5fc25fc2
61d661d6
63bd63bd
657c657c
67166717
68906890
69eb69eb
6b2b6b2c
6c536c53
6d646d65
0070007c
01ff0239
04a9052f
084f093d
0cc50e33
11d813d8
175419f1
1d082048
22ca26b0
28792d02
2dfb3322
333e38fb
38363e82
3cdd43ae
4131487e
45324cf3
48e3510e
4c4954d5
4f67584d
52435b7a
54e25e64
57486110
597c6382
5b8065c1
5d5b67d0
5f0e69b5
609f6b72
62106d0d
63646e87
649d6fe4
65c07126
66cc7250
0065007d
01cf0239
04390531
07890945
0b990e45
103d13fa
15461a2b
1a8820a4
1fdd2733
25262db4
2a4b3408
2f3a3a19
33e83fdb
384d4544
3c684a50
40374f00
43bd5356
46fd5755
49fa5b03
4cba5e64
4f41617f
51926459
53b266f8
55a7695f
57736b95
591a6d9e
5aa06f7d
5c077137
5d5372cf
5e857447
5fa075a4
60a676e7
005c007c
01a50239
03d70533
06dd094b
0a940e54
0ed61418
13781a5f
185420f4
1d4627a7
22322e52
270134d5
2ba13b1a
30094111
343046b1
38134bf5
3bb250dd
3f0d5569
4228599d
45055d7e
47a86110
4a156459
4c51675f
4e5e6a27
50416cb6
51fe6f11
5398713c
5512733c
566f7514
57b176c8
58db785c
59ee79d1
5aee7b2b
0054007c
0180023a
03820535
06460951
09af0e61
0d9a1432
11e11a8c
1660213b
1af9280e
1f902ede
240f358c
28673c00
2c8c4228
307847fb
34274d73
3797528d
3ac9574c
3dbf5bb2
407c5fc2
43026382
455666f8
477b6a27
49756d16
4b476fca
4cf47248
4e817494
4fee76b3
514078a8
52787a78
53997c25
54a47db3
559d7f23
004d007c
0160023a
03370537
05c20956
08e60e6d
0c831449
10781ab5
14a5217a
18ec286a
1d342f5d
216b3631
257f3ccf
29674324
2d1b4926
30974ecd
33db5417
36e55905
39b75d99
3c5461d6
3ebf65c1
40fa695f
43096cb6
44ef6fca
46af72a2
484d7541
49cb77ac
4b2c79e8
4c727bfa
4da07de3
4eb87fa8
4fbb814d
50ab82d3
0047007c
0144023a
02f50538
054d095a
08330e78
0b8b145e
0f371ad8
131921b2
171628bc
1b172fce
1f0a36c5
22e03d89
268e4408
2a0d4a35
2d5a5008
3073557e
33575a98
36075f57
388663bd
3ad567d0
3cf86b95
3ef16f11
40c47248
42727541
440177ff
45707a88
46c47ce1
47ff7f0c
4923810e
4a3182eb
4b2c84a5
4c148640
0042007c
012b023a
02bb0539
04e5095e
07940e81
0aaf1470
0e181af8
11b621e5
15702906
19303033
1ce5374b
20813e32
23f944d7
27474b2b
2a685126
2d5856c6
30175c08
32a760ee
3508657c
373d69b5
39486d9e
3b2c713c
3ceb7494
3e8977ac
40087a88
41697d2e
42b17fa0
43e081e4
44f983fe
45fe85f1
46f087c0
47d0896f
003d007c
0114023b
0287053a
04890961
07070e89
09e91481
0d171b15
10782212
13f42949
1779308f
1af437c4
1e5a3ecc
21a04593
24c14c0b
27b7522c
2a8157f1
2d1e5d59
2f8e6265
31d36717
33ef6b72
35e36f7d
37b2733c
395f76b3
3aec79e8
3c5b7ce1
3daf7fa0
3eea822c
400e8488
411d86b8
421888c0
43018aa3
43da8c64
0038007d
0100023b
0259053b
04370964
06880e91
09381490
0c301b2f
0f59223b
129d2985
15eb30e2
19323831
1c663f57
1f7e463e
22734cd8
2542531b
27e85903
2a645e8e
2cb763bc
2ee06890
30e36d0d
32c27137
347d7514
361878a8
37947bfa
38f57f0c
3a3c81e4
3b6a8488
3c8386fa
3d88893f
3e798b5b
3f5a8d50
402b8f23
0035007c
00ef023b
022f053c
03ec0967
06160e97
0899149d
0b601b46
0e552260
116629bb
1481312e
17983895
1a9e3fd6
1d8b46da
20584d93
230253f6
258659ff
27e35faa
2a1964f8
2c2a69eb
2e156e87
2fde72cf
318776c8
33107a78
347d7de3
35cf810e
370983fe
382b86b8
3939893f
3a348b98
3b1d8dc6
3bf58fce
3cbf91b1
0031007c
00df023b
020a053c
03a9096a
05af0e9d
080814a9
0aa31b5b
0d6a2281
104c29ec
13393172
162338f0
18fe4049
1bc24769
1e6a4e3e
20f254bf
23565ae5
259560af
27b1661b
29a96b2c
2b7f6fe4
2d347447
2ec9785c
30427c25
31a07fa8
32e482eb
341185f1
352888c0
362c8b5b
371d8dc6
37fd9006
38cd921f
398f9412
002e007c
00d0023b
01e8053d
036d096c
05510ea3
078614b4
09f71b6e
0c9422a0
0f4b2a19
120d31b1
14ce3943
178140b3
1a2147eb
1ca54edb
1f0c5577
21525bba
2377619f
25796727
275a6c53
291a7126
2abc75a4
2c4179d1
2da97db3
2ef8814d
302f84a5
315087c0
325c8aa3
33568d50
343d8fce
3514921f
35dd9446
36989648
002b007c
00c3023b
01c9053e
0336096e
04fd0ea7
070f14be
095b1b80
0bd122bb
0e612a42
10fb31ea
1395398f
16244115
18a14863
1b054f6b
1d4d5621
1f775c7d
2181627d
236c681f
25376d65
26e47250
287376e7
29e77b2b
2b407f23
2c8282d3
2dac8640
2ec1896f
2fc28c64
30b28f23
319091b1
325f9412
33209648
33d49858
7fe40038
d27b005c
ea890067
f3b2006b
f803006d
fa5d006e
fbc6006f
fcaf006f
fd4e006f
fdbf006f
fe12006f
fe500070
fe810070
fea70070
fec60070
fedf0070
fef40070
ff050070
ff140070
ff200070
ff2b0070
ff340070
ff3c0070
ff430070
ff490070
ff4e0070
ff530070
ff580070
ff5b0070
ff5f0070
ff620070
ff650070
2d29005c
7f7e0104
b377016d
cf3e01a5
de9c01c4
e7b501d7
ed7301e2
f14501ea
f3ee01ef
f5d801f3
f74501f6
f85b01f8
f93301fa
f9df01fb
fa6901fd
fada01fe
fb3801fe
fb8601ff
fbc801ff
fc000200
fc310200
fc5b0200
fc7f0201
fc9f0201
fcbb0201
fcd40201
fcea0202
fcfd0202
fd0f0202
fd1f0202
fd2e0202
fd3b0202
15100067
4b1c016d
7ecd0267
a3e1031b
bc760392
ccb903e1
d7bc0416
df6b043b
e4f00456
e9030469
ec170479
ee780484
f057048d
f1d60494
f30c049a
f40b049f
f4df04a3
f59104a7
f62804a9
f6a904ac
f71704ae
f77704b0
f7cb04b1
f81504b2
f85504b4
f88f04b5
f8c204b6
f8ef04b7
f91804b8
f93d04b8
f95e04b9
f97d04b9
0be3006b
2f1d01a5
5904031b
7dcf0463
9a3e0560
af36061b
be8906a4
c9d10709
d23f0754
d8a7078d
dd9a07b9
e17d07db
e49607f7
e716080e
e9220820
ead4082f
ec3e083c
ed700846
ee74084f
ef520857
f012085e
f0ba0863
f14b0869
f1cc086d
f23d0871
f2a20874
f2fb0878
f34b087a
f393087d
f3d4087f
f40f0881
f4440883
0790006d
1fa001c4
3ff80392
60620560
7c8706f2
934e0837
a52e0936
b31209fc
bde10a96
c65b0b0f
cd100b6f
d26f0bbc
d6c80bfa
da560c2c
dd460c56
dfb90c79
e1c90c97
e3890cb0
e5080cc5
e6510cd8
e76f0ce7
e8670cf5
e9410d02
ea010d0c
eaab0d16
eb420d1e
ebc90d26
ec420d2c
ecaf0d32
ed110d38
ed6a0d3d
edbb0d41
0535006e
167401d7
2f6603e1
4aaf061b
647b0837
7af90a0e
8dbf0b96
9d120cd7
a97b0dda
b3840eac
bbaa0f57
c2510fe2
c7ca1055
cc5410b3
d01e1103
d34f1146
d604117e
d85411ae
da5011d8
dc0811fc
dd87121b
ded51237
dffc124e
e1001264
e1e61277
e2b41287
e36c1296
e41112a4
e4a512b0
e52c12bb
e5a512c5
e61412ce
03cb006f
10ab01e2
242e0416
3ad306a4
519c0936
66ab0b96
792a0dac
88ee0f74
962a10f2
a1301230
aa5b1339
b1ff1416
b86214ce
bdc11569
c24a15ec
c625165c
c97216bb
cc48170d
cebb1754
d0dd1792
d2ba17c7
d45d17f7
d5cf1820
d7161845
d83a1866
d93e1883
da27189e
daf918b5
dbb618cb
dc6218de
dcfd18f0
dd8b1900
02e2006f
0cd101ea
1c5a043b
2f260709
42f209fc
56170cd7
679e0f74
771e11c4
848b13c4
9009157b
99d016f0
a21d182c
a92b193a
af2d1a1f
b4511ae3
b8b91b8c
bc871c1d
bfd21c9a
c2b01d08
c5311d68
c7641dbc
c9551e05
cb0d1e47
cc941e81
cdf01eb5
cf281ee4
d0411f0e
d13e1f33
d2231f55
d2f21f75
d3af1f90
d45b1faa
0243006f
0a2301ef
16ba0456
266d0754
37890a96
48ab0dda
58e410f2
67b113c4
74dd1647
8068187a
8a6f1a63
931a1c0a
9a941d77
a1071eb2
a69b1fc2
ab7120ae
afa5217b
b34f222e
b68622ca
b9582354
bbd523ce
be0a2439
bfff2499
c1bf24ee
c350253a
c4b7257f
c5fb25bc
c71f25f4
c8282627
c9192655
c9f4267f
cabc26a5
01d2006f
083501f3
12940469
1fcc078d
2e960b0f
3dd00eac
4ca01230
5a7c157b
671e187a
726c1b29
7c6c1d88
85341f9e
8ce32171
93992309
9977246d
9e9825a5
a31726b6
a70a27a6
aa852879
ad982934
b05229da
b2be2a6d
b4e82af0
b6d72b66
b8942bd0
ba242c2f
bb8e2c84
bcd52cd2
bdfe2d19
bf0c2d59
c0032d93
c0e52dc9
017f006f
06c501f6
0f700479
1aad07b9
27810b6f
34ff0f57
426c1339
4f4016f0
5b2e1a63
660c1d88
6fd2205c
788722e1
803f251d
87102716
8d1328d4
92622a5d
97122bb8
9b372ceb
9ee32dfb
a2262eed
a50e2fc4
a7a73084
a9fa3130
ac1031cb
adf13256
afa332d4
b12c3345
b29033ad
b3d4340a
b4fc3460
b60a34ae
b70134f6
01400070
05ad01f8
0d040484
16a807db
21d50bbc
2dcd0fe2
39eb1416
45b7182c
50dc1c0a
5b2e1f9e
649822e1
6d1625d4
74b42877
7b802ad3
818d2cec
86ef2ec9
8bb83072
8ffb31ec
93c7333e
972b346b
9a333578
9ceb3669
9f5d3742
a1903806
a38d38b6
a5593956
a6fb39e6
a8773a6a
a9d13ae2
ab0d3b4f
ac2e3bb4
ad373c10
010f0070
04d301fa
0b1c048d
137307f7
1d3e0bfa
27e11055
32d014ce
3d9b193a
47f51d77
51ac2171
5aa4251d
62d52877
6a402b81
70ee2e3d
76ee30b2
7c4e32e5
811d34de
856c36a1
89483836
8cbf39a1
8fdb3ae7
92a83c0c
952e3d15
97763e04
99873edc
9b663fa1
9d1a4053
9ea740f6
a012418a
a15e4212
a28e428f
a3a64301
00e90070
042601fb
09960494
10dc080e
197e0c2c
22f910b3
2cd61569
36b41a1f
40471eb2
495e2309
51da2716
59ad2ad3
60d52e3d
67543158
6d353426
728236ae
774938f6
7b963b03
7f753cdd
82f23e87
86174008
88ef4163
8b81429d
8dd543ba
8ff244bd
91de45a8
939f467e
95394741
96af47f4
98064898
9941492f
9a6349b9
00ca0070
039a01fd
085a049a
0ebe0820
16640c56
1edf1103
27ca15ec
30cc1ae3
39a31fc2
421c246d
4a1928d4
51872cec
586030b2
5ea53426
645b374b
69893a26
6e3a3cbc
72793f13
76514131
79ca431b
7cf044d6
7fca4668
826047d5
84ba4921
86dd4a4f
88d04b62
8a984c5d
8c394d42
8db74e15
8f154ed6
90584f87
9181502b
00b10070
032801fe
0756049f
0cfd082f
13ce0c79
1b6b1146
237f165c
2bbb1b8c
33e120ae
3bc325a5
43412a5d
4a482ec9
50cd32e5
56d036ae
5c513a26
61583d50
65eb4032
6a1442d1
6ddb4532
714a475b
74674952
773d4b1b
79d14cba
7c2a4e35
7e4f4f8e
804450ca
820e51eb
83b252f3
853353e6
869654c5
87dc5592
89095650
009c0070
02ca01fe
067e04a3
0b86083c
11a00c97
187e117e
1fd316bb
275c1c1d
2ee0217b
363326b6
3d362bb8
43d63072
4a0534de
4fc138f6
550a3cbc
59e34032
5e52435d
625e4641
660f48e3
696c4b4a
6c7c4d7b
6f474f7a
71d4514c
742852f5
7649547a
783c55de
7a045725
7ba85850
7d2a5964
7e8d5a61
7fd45b4b
81025c23
008b0070
027b01ff
05c804a7
0a4a0846
0fc70cb0
15fe11ae
1cab170d
23941c9a
2a83222e
315027a6
37de2ceb
3e1931ec
43f336a1
49673b03
4e743f13
531b42d1
57614641
5b4d4967
5ee24c49
62294eec
65285154
67e55388
6a66558b
6cb15763
6ecb5913
70b85a9f
727c5c0b
741c5d5a
759b5e8e
76fc5fa9
784260af
796f61a1
007c0070
023901ff
052f04a9
093d084f
0e330cc5
13d811d8
19f11754
20481d08
26b022ca
2d022879
33222dfb
38fb333e
3e823836
43ae3cdd
487e4131
4cf34532
510e48e3
54d54c49
584d4f67
5b7a5243
5e6454e2
61105748
6382597c
65c15b80
67d05d5b
69b55f0e
6b72609f
6d0d6210
6e876364
6fe4649d
712665c0
725066cc
00700070
02000200
04ab04ac
08570857
0cd70cd8
11fc11fc
17911792
1d671d68
23542354
29342934
2eed2eed
346a346b
39a039a1
3e873e87
431b431b
475b475b
4b4a4b4a
4eeb4eec
52435243
55555556
58285828
5ac05ac0
5d215d22
5f515f52
61556155
632f632f
64e364e3
66756676
67e967e9
69406940
6a7d6a7e
6ba36ba4
00650070
01cf0200
043b04ae
0790085e
0baa0ce7
105e121b
157f17c7
1ae01dbc
205d23ce
25d429da
2b2e2fc4
30553578
353e3ae7
39e14008
3e3a44d6
42474952
46094d7b
49845154
4cba54e2
4fb05828
526a5b2c
54ec5df3
573b6081
595c62db
5b516505
5d1f6704
5ec968db
60526a8e
61bd6c20
630d6d94
64456eec
6565702c
005c0070
01a50200
03d904b0
06e30863
0aa40cf5
0ef41237
13ac17f7
18a61e05
1dbd2439
22d52a6d
27d53084
2cac3669
314c3c0c
35ae4163
39ce4668
3da84b1b
413f4f7a
44935388
47a85748
4a805ac0
4d215df3
4f8d60e6
51c9639e
53d86620
55be6871
577f6a93
591d6c8c
5a9c6e5e
5bfe700e
5d46719d
5e76730f
5f907467
00540070
01800201
038404b1
064c0869
09bd0d02
0db6124e
12111820
16ac1e47
1b682499
20282af0
24d63130
29613742
2dbd3d15
31e2429d
35cb47d5
39754cba
3ce0514c
400f558b
4302597c
45bd5d22
48446081
4a99639e
4cc1667f
4ebe6927
50946b9c
52476de0
53d96ff9
554d71e9
56a573b5
57e4755f
590c76ea
5a1f7859
004d0070
01600201
033904b2
05c7086d
08f30d0c
0c9c1264
10a51845
14eb1e81
195324ee
1dc32b66
222531cb
266a3806
2a863e04
2e7143ba
32254921
35a14e35
38e352f5
3bec5763
3ebf5b80
415d5f52
43c962db
46086620
481b6927
4a066bf4
4bcd6e8a
4d7170ef
4ef67326
505e7534
51ac771b
52e278de
54017a82
550c7c08
00470070
01440201
02f704b4
05520871
083f0d16
0ba31277
0f601866
135b1eb5
1776253a
1b9c2bd0
1fb93256
23bd38b6
279d3edc
2b5144bd
2ed44a4f
32234f8e
353d547a
38225913
3ad55d5b
3d566155
3faa6505
41d16871
43d06b9c
45a96e8a
47607141
48f573c5
4a6d7619
4bc97842
4d0d7a43
4e397c1f
4f4f7dda
50537f75
00420070
012b0201
02bc04b5
04ea0874
07a00d1e
0ac51287
0e3f1883
11f41ee4
15ca257f
19ad2c2f
1d8932d4
21513956
24f93fa1
287a45a8
2bce4b62
2ef250ca
31e655de
34a95a9f
373d5f0e
39a2632f
3bdd6704
3dee6a93
3fd96de0
41a070ef
434673c5
44cd7666
463878d6
47887b19
48c07d33
49e37f26
4af180f6
4bec82a7
003d0070
01140202
028804b6
048d0878
07110d26
09fe1296
0d3b189e
10b11f0e
144925bc
17ee2c84
1b8f3345
1f1f39e6
22934053
25e3467e
290b4c5d
2c0751eb
2ed75725
31795c0b
33ef609f
363a64e3
385c68db
3a576c8c
3c2e6ff9
3de47326
3f7a7619
40f278d6
42507b60
43957dbc
44c27fed
45da81f7
46df83dd
47d285a0
00380070
01010202
025a04b7
043b087a
06920d2c
094b12a4
0c5218b5
0f8f1f33
12ed25f4
16592cd2
19c333ad
1d1f3a6a
206340f6
23864741
26854d42
295b52f3
2c085850
2e8a5d5a
30e36210
33156676
35206a8e
37066e5e
38ca71e9
3a6e7534
3bf57842
3d5f7b19
3eaf7dbc
3fe88030
410b8277
42198496
4316868f
44008866
00350070
00ef0202
023004b8
03f0087d
061f0d32
08ab12b0
0b7f18cb
0e881f55
11b12627
14e92d19
1822340a
1b4d3ae2
1e64418a
215d47f4
24344e15
26e753e6
29725964
2bd75e8e
2e156364
302e67e9
32236c20
33f4700e
35a673b5
3739771b
38b07a43
3a0d7d33
3b517fed
3c7e8277
3d9684d4
3e9b8706
3f8e8913
40718afb
00310070
00df0202
020b04b8
03ad087f
05b70d38
081912bb
0ac018de
0d991f75
10922655
139b2d59
16a43460
19a43b4f
1c904212
1f624898
22154ed6
24a554c5
27125a61
295b5fa9
2b7f649d
2d806940
2f5f6d94
311d719d
32bd755f
344078de
35a87c1f
36f77f26
382f81f7
39518496
3a5f8706
3b5a894c
3c448b6a
3d1f8d64
002e0070
00d00202
01e904b9
03700881
05590d3d
079612c5
0a1318f0
0cc11f90
0f8d267f
126a2d93
154834ae
181e3bb4
1ae3428f
1d90492f
20214f87
22925592
24e15b4b
270f60af
291a65c0
2b056a7e
2ccf6eec
2e7b730f
300a76ea
317d7a82
32d77dda
341980f6
354483dd
365b868f
375f8913
38528b6a
39348d99
3a068fa3
002b0070
00c30202
01ca04b9
03390883
05040d41
071e12ce
09751900
0bfb1faa
0e9f26a5
11522dc9
140934f6
16b93c10
19594301
1be449b9
1e54502b
20a75650
22db5c23
24f061a1
26e466cc
28b96ba4
2a6f702c
2c097467
2d887859
2eec7c08
30387f75
316d82a7
328e85a0
339a8866
34948afb
357d8d64
36578fa3
372291bc
7fe70033
d2820054
ea92005d
f3bb0061
f80d0063
fa670063
fbd00064
fcba0064
fd580065
fdc90065
fe1c0065
fe5b0065
fe8c0065
feb20065
fed10065
feea0065
feff0065
ff100065
ff1e0065
ff2b0065
ff360065
ff3f0065
ff470065
ff4e0065
ff540065
ff590065
ff5e0065
ff620066
ff660065
ff6a0065
ff6d0065
ff700065
2d2a0054
7f8b00eb
b390014a
cf5f017d
dec20199
e7de01aa
ed9e01b4
f17201bb
f41b01c0
f60601c4
f77401c6
f88a01c8
f96201ca
fa0e01cb
fa9901cc
fb0a01cd
fb6801ce
fbb601ce
fbf801cf
fc3101cf
fc6101d0
fc8b01d0
fcb001d0
fcd001d0
fcec01d0
fd0401d1
fd1a01d1
fd2e01d1
fd4001d1
fd5001d1
fd5e01d1
fd6c01d1
1511005d
4b26014a
7eea022c
a41202cf
bcb7033b
cd050383
d81103b3
dfc503d5
e54f03ed
e96503ff
ec7d040c
eedf0417
f0c0041f
f2400426
f378042b
f478042f
f54d0433
f5ff0436
f6960439
f717043b
f787043d
f7e7043e
f83b0440
f8850441
f8c60442
f8ff0443
f9320444
f9600445
f9890446
f9ae0446
f9cf0447
f9ee0447
0be40061
2f24017d
591f02cf
7e0403f8
9a8d04df
af9d0588
bf030604
ca5a0660
d2d406a4
d94506d8
de3f0700
e2270720
e5450739
e7ca074d
e9d9075e
eb8d076b
ecf90777
ee2d0781
ef320789
f0120790
f0d40796
f17c079b
f20f07a0
f29007a4
f30207a8
f36707ab
f3c107ae
f41207b0
f45a07b3
f49c07b4
f4d707b6
f50c07b8
07900063
1fa50199
400e033b
609404df
7cda064c
93c30773
a5c1085b
b3be090f
bea3099c
c72e0a0a
cdf20a62
d35d0aa7
d7c00ae0
db560b0e
de4e0b34
e0c70b54
e2db0b6f
e49f0b86
e6220b99
e76f0baa
e88f0bb9
e98a0bc5
ea660bd0
eb280bda
ebd40be3
ec6c0beb
ecf50bf1
ed6f0bf7
eddc0bfd
ee3f0c02
ee990c07
eeeb0c0a
05360063
167801aa
2f780383
4adb0588
64ca0773
7b71091f
8e5d0a85
9dd50ba9
aa5d0c97
b4830d56
bcc00df2
c37b0e72
c9060eda
cd9e0f31
d1740f7a
d4b00fb7
d76e0feb
d9c61017
dbc9103d
dd87105e
df0b107b
e05e1094
e18810aa
e29010bd
e37a10ce
e44a10de
e50410ec
e5ac10f8
e6431103
e6cb110d
e7461117
e7b6111f
03cc0064
10ae01b4
243c03b3
3af90604
51e4085b
671e0a85
79ca0c6c
89bb0e0d
97200f6a
a24c108e
ab981181
b359124b
b9d512f5
bf4a1383
c3e713fb
c7d21462
cb2d14b9
ce101505
d08f1546
d2ba157f
d4a015b0
d64a15dc
d7c31602
d9101624
da391642
db42165d
dc301675
dd06168b
ddc6169f
de7516b1
df1316c1
dfa416d0
02e20064
0cd301bb
1c6603d5
2f460660
4333090f
56820ba9
68380e0d
77eb102a
85891200
91351393
9b2514ea
a399160d
aac91705
b0e917d9
b627188d
baa71929
be8919af
c1e71a23
c4d41a88
c7641ae0
c9a41b2e
cba01b72
cd621baf
cef21be5
d0571c15
d1961c40
d2b61c67
d3b81c8a
d4a31ca9
d5771cc6
d6381ce0
d6e81cf8
02430065
0a2501c0
16c403ed
268806a4
37c1099c
490c0c97
59760f6a
68771200
75d9144e
81991655
8bd21817
94aa199e
9c4e1aef
a2e81c12
a89e1d0d
ad921de8
b1e11ea6
b5a41f4c
b8f01fdd
bbd5205d
be6420ce
c0a82132
c2ac218b
c47821da
c6142221
c7852261
c8d3229a
ca0022ce
cb1022fd
cc082328
ccea234e
cdb82372
01d20065
083601c4
129c03ff
1fe306d8
2ec80a0a
3e270d56
4d26108e
5b381393
68121655
739918ce
7dd01aff
86cd1ced
8ead1e9d
95912017
9b972162
a0de2284
a57e2382
a9902461
ad262526
b05225d4
b322266f
b5a226f9
b7de2773
b9de27e1
bbaa2844
bd48289c
bebe28ed
c0102935
c1442977
c25b29b3
c35a29ea
c4442a1c
017f0065
06c601c6
0f77040c
1ac10700
27ac0a62
354e0df2
42e71181
4ff114ea
5c171817
67311aff
71321d9c
7a201ff3
820e2206
891223dc
8f45257b
94bf26e9
9997282d
9de0294c
a1ad2a4b
a50e2b2e
a8122bf7
aac32cab
ad2c2d4d
af572dde
b14a2e61
b30d2ed7
b4a52f42
b6182fa2
b7692ffb
b89c304b
b9b63094
bab730d8
01400065
05ae01c8
0d0a0417
16b90720
21fc0aa7
2e130e72
3a5c124b
465a160d
51b8199e
5c461ced
65ed1ff3
6ea922af
76802525
7d842758
83c6294d
89582b0c
8e4e2c9b
92ba2dfe
96ad2f3a
9a333055
9d5c3152
a0313235
a2bd3302
a50833ba
a71b3461
a8fc34f7
aab03580
ac3d35fc
ada7366e
aef236d5
b0203734
b136378b
010f0065
04d401ca
0b21041f
13820739
1d600ae0
28200eda
333612f5
3e321705
48c31aef
52b61e9d
5bec2206
645b2525
6c0327fa
72ed2a89
79242cd6
7eb92ee7
83ba30c1
8837326a
8c3d33e8
8fdb353e
931c3672
96093788
98ae3882
9b123964
9d3c3a32
9f333aec
a0fd3b95
a29e3c30
a41b3cbd
a5783d3e
a6b83db4
a7de3e21
00e90065
042701cb
099a0426
10e9074d
199c0b0e
23310f31
2d331383
373e17d9
41061c12
4a582017
531223dc
5b242758
628a2a89
69472d72
6f633014
74e83277
79e4349d
7e62368e
826f384d
861739e1
89643b4e
8c603c98
8f143dc2
91883ed1
93c23fc7
95c940a7
97a24173
9952422e
9add42d9
9c484375
9d954405
9ec84489
00ca0065
039b01cc
085d042b
0ec9075e
167e0b34
1f120f7a
281e13fb
314c188d
3a551d0d
43072162
4b40257b
52ed294d
5a062cd6
60893014
667b330a
6be435bc
70cd382e
75403a66
79483c68
7cf03e3a
80403fe0
8342415f
85fd42bb
887843f8
8abb4519
8ccc4620
8eaf4710
906947ec
91fe48b6
9372496f
94c84a1a
96044ab7
00b10065
032901cd
0759042f
0d08076b
13e50b54
1b990fb7
23cc1462
2c301929
34861de8
3c9e2284
445826e9
4b9c2b0c
52602ee7
58a13277
5e6035bc
63a338ba
686f3b76
6ccf3df3
70c94037
74674247
77b24427
7ab245dc
7d6d476a
7feb48d5
82324a20
84464b50
862e4c65
87ed4d64
89884e4e
8b024f25
8c5e4feb
8d9f50a2
009c0065
02ca01ce
06800433
0b900777
11b60b6f
18a70feb
201a14b9
27c819af
2f791ea6
37002382
3e3c282d
45172c9b
4b8530c1
517f349d
5705382e
5c1b3b76
60c43e78
65084139
68ed43bd
6c7c4609
6fbc4822
72b34a0c
75694bcc
77e34d66
7a284edd
7c3c5034
7e245170
7fe55291
8182539b
82fe5491
845d5573
85a15644
008b0065
027c01ce
05cb0436
0a520781
0fdb0b86
16231017
1ceb1505
23f61a23
2b101f4c
320f2461
38d4294c
3f482dfe
455f326a
4b10368e
505a3a66
553e3df3
59bf4139
5de3443b
61ae46fd
65284984
68584bd4
6b424df3
6dee4fe4
706151ab
72a0534d
74af54cd
7695562d
78535772
79ef589d
7b6a59b1
7cc95ab0
7e0d5b9c
007d0065
023901cf
05310439
09450789
0e450b99
13fa103d
1a2b1546
20a41a88
27331fdd
2db42526
34082a4b
3a192f3a
3fdb33e8
4544384d
4a503c68
4f004037
535643bd
575546fd
5b0349fa
5e644cba
617f4f41
64595192
66f853b2
695f55a7
6b955773
6d9e591a
6f7d5aa0
71375c07
72cf5d53
74475e85
75a45fa0
76e760a6
00700065
020001cf
04ae043b
085e0790
0ce70baa
121b105e
17c7157f
1dbc1ae0
23ce205d
29da25d4
2fc42b2e
35783055
3ae7353e
400839e1
44d63e3a
49524247
4d7b4609
51544984
54e24cba
58284fb0
5b2c526a
5df354ec
6081573b
62db595c
65055b51
67045d1f
68db5ec9
6a8e6052
6c2061bd
6d94630d
6eec6445
702c6565
00650065
01cf01d0
043c043d
07960796
0bb80bb9
107a107b
15b015b0
1b2e1b2e
20ce20ce
266f266f
2bf72bf7
31523152
36723672
3b4e3b4e
3fe03fe0
44274427
48224822
4bd44bd4
4f404f41
526a526a
55555556
58075807
5a825a83
5ccd5ccd
5eea5eea
60dd60de
62aa62ab
64556455
65df65e0
674d674d
689f689f
69d969da
005c0065
01a501d0
03db043e
06e9079b
0ab10bc5
0f0e1094
13da15dc
18ee1b72
1e262132
236526f9
28922cab
2d9a3235
326f3788
37083c98
3b5f415f
3f7245dc
43414a0c
46cb4df3
4a155192
4d2154ec
4ff25807
528e5ae5
54f65d8c
572f5fff
593d6242
5b246459
5ce66649
5e866813
600869bc
616d6b46
62b96cb3
63ed6e07
00540065
018001d0
03850440
065107a0
09ca0bd0
0dce10aa
123b1602
16ef1baf
1bc9218b
20af2773
25872d4d
2a413302
2ed03882
332a3dc2
374842bb
3b29476a
3ecb4bcc
422e4fe4
455653b2
4844573b
4afb5a83
4d7e5d8c
4fd3605b
51fa62f5
53f8655d
55d16797
578669a8
591c6b91
5a946d57
5bf16efc
5d357083
5e6271ef
004d0065
016001d0
033a0441
05cc07a4
08fe0bda
0cb310bd
10cc1624
15291be5
19ae21da
1e4127e1
22cb2dde
273e33ba
2b8a3964
2fa73ed1
339043f8
374048d5
3ab74d66
3df451ab
40fa55a7
43c9595c
46665ccd
48d25fff
4b1162f5
4d2665b4
4f14683f
50de6a9a
52876cca
54116ed1
557e70b3
56d27273
580e7413
59337597
00470065
014401d0
02f80442
055607a8
08490be3
0bb810ce
0f851642
13941c15
17cb2221
1c122844
20552e61
24843461
28923a32
2c773fc7
302c4519
33ae4a20
36fb4edd
3a13534d
3cf85773
3faa5b51
422c5eea
44816242
46ab655d
48ad683f
4a8b6aeb
4c456d67
4de16fb4
4f5e71d8
50c173d5
520b75ae
533e7766
545c7900
00420065
012b01d1
02be0443
04ee07ab
07a90beb
0ad810de
0e61165d
122a1c40
161a2261
1a1c289c
1e1c2ed7
220d34f7
25e13aec
299040a7
2d144620
306a4b50
33905034
368454cd
3948591a
3bdd5d1f
3e4560de
40836459
42986797
44886a9a
46546d67
48007000
498e726a
4aff74a9
4c5776c0
4d9778b1
4ec07a81
4fd67c30
003d0065
011501d1
028a0444
049107ae
071a0bf1
0a1010ec
0d5b1675
10e31c67
1493229a
185528ed
1c192f42
1fd03580
236e3b95
26eb4173
2a414710
2d6d4c65
306c5170
333e562d
35e35aa0
385c5ec9
3aab62ab
3cd16649
3ed269a8
40af6cca
426b6fb4
4408726a
458874f0
46ed7749
483a7978
496f7b81
4a907d66
4b9d7f2b
00380066
010101d1
025b0445
043e07b0
069a0bf7
095c10f8
0c6f168b
0fbe1c8a
133222ce
16bb2935
1a462fa2
1dc735fc
21323c30
2480422e
27ab47ec
2aaf4d64
2d8a5291
303b5772
32c25c07
35206052
37566455
39676813
3b536b91
3d1e6ed1
3eca71d8
405874a9
41ca7749
432379ba
44647c01
458f7e20
46a7801a
47ab81f2
00350065
00ef01d1
02310446
03f307b3
06270bfd
08ba1103
0b9b169f
0eb41ca9
11f322fd
15452977
189c2ffb
1beb366e
1f283cbd
224a42d9
254c48b6
282a4e4e
2ae3539b
2d74589d
2fde5d53
322361bd
344165e0
363c69bc
38156d57
39cf70b3
3b6a73d5
3ce976c0
3e4e7978
3f9b7c01
40d17e5e
41f38091
430082a0
43fc848b
00310065
00df01d1
020c0446
03b007b4
05bf0c02
0828110d
0ada16b1
0dc31cc6
10d02328
13f229b3
1719304b
1a3936d5
1d4a3d3e
20434375
231f496f
25d94f25
28715491
2ae559b1
2d345e85
2f5f630d
3166674d
334d6b46
35136efc
36bb7273
384775ae
39b878b1
3b107b81
3c517e20
3d7c8091
3e9382da
3f9884fb
408c86f8
002e0065
00d101d1
01ea0447
037307b6
05600c07
07a31117
0a2c16c1
0ce81ce0
0fc8234e
12bc29ea
15b63094
18ac3734
1b943db4
1e664405
211e4a1a
23b74feb
26305573
28875ab0
2abc5fa0
2ccf6445
2ec2689f
30946cb3
32487083
33df7413
355c7766
36bf7a81
380a7d66
393f801a
3a6082a0
3b6d84fb
3c69872e
3d54893c
002b0065
00c301d1
01cb0447
033c07b8
050b0c0a
072b111f
098c16d0
0c201cf8
0ed62372
11a02a1c
147130d8
173f378b
1a013e21
1caf4489
1f454ab7
21bf50a2
241b5644
26575b9c
287360a6
2a6f6565
2c4d69da
2e0c6e07
2faf71ef
31367597
32a47900
33fa7c30
35387f2b
366381f2
3779848b
387c86f8
3970893c
3a538b5b
7fe9002e
d288004c
ea9a0055
f3c40058
f816005a
fa70005a
fbd9005b
fcc3005b
fd61005c
fdd2005c
fe25005c
fe64005c
fe95005c
febb005c
feda005c
fef3005c
ff08005c
ff19005c
ff28005c
ff34005c
ff3f005c
ff48005c
ff50005c
ff57005c
ff5d005c
ff62005c
ff67005c
ff6c005c
ff6f005c
ff73005c
ff76005c
ff79005c
2d2c004c
7f9600d5
b3a5012c
cf7b015a
dee20174
e8010183
edc3018d
f1980193
f4420197
f62e019b
f79c019d
f8b2019f
f98c01a0
fa3801a1
fac201a2
fb3401a3
fb9101a4
fbe001a4
fc2201a5
fc5b01a5
fc8b01a5
fcb501a6
fcd901a6
fcf901a6
fd1601a6
fd2f01a6
fd4501a6
fd5801a7
fd6a01a7
fd7a01a7
fd8801a7
fd9601a7
15110055
4b2f012c
7f0301fa
a43c028e
bcef02f0
cd480331
d85a035d
e014037c
e5a20392
e9bb03a2
ecd403af
ef3903b8
f11b03c0
f29c03c6
f3d503cb
f4d603ce
f5ab03d2
f65e03d5
f6f603d7
f77703d9
f7e703db
f84803dc
f89c03dd
f8e603df
f92703e0
f96103e0
f99403e1
f9c203e2
f9eb03e3
fa1003e3
fa3203e4
fa5003e4
0be40058
2f2b015a
5936028e
7e32039d
9ad3046e
aff70509
bf6d057a
cad105cd
d355060c
d9cd063b
dece0660
e2bc067d
e5dd0694
e86506a6
ea7706b5
ec2e06c2
ed9c06cc
eed106d5
efd806dd
f0ba06e3
f17c06e9
f22506ee
f2b906f2
f33b06f5
f3ad06f9
f41306fc
f46e06fe
f4bf0700
f5070703
f5490705
f5850706
f5ba0708
0790005a
1faa0174
402102f0
60bf046e
7d2305bb
942806c9
a640079d
b4540841
bf4b08c2
c7e60927
ceb70977
d42d09b6
d89809ea
dc360a15
df330a38
e1b10a55
e3ca0a6e
e5920a82
e7180a94
e8670aa4
e98a0ab1
ea870abd
eb650ac7
ec290acf
ecd60ad7
ed700ade
edf90ae5
ee740aeb
eee30aef
ef470af4
efa20af8
eff40afc
0536005a
167c0183
2f870331
4b000509
650f06c9
7bd80850
8ee70997
9e7f0aa3
ab230b7c
b5600c2c
bdb30cbb
c4800d30
ca190d90
cebe0de0
d2a00e22
d5e50e5a
d8ab0e8a
db090eb3
dd120ed6
ded50ef4
e05e0f0e
e1b60f25
e2e30f3a
e3ee0f4b
e4db0f5b
e5ae0f69
e66a0f76
e7140f81
e7ac0f8c
e8360f95
e8b30f9e
e9250fa5
03cc005b
10b0018d
2449035d
3b19057a
5223079d
67820997
7a550b56
8a6e0cd3
97f70e14
a3440f20
acad0fff
b48810b9
bb1b1155
c0a311d8
c5501248
c94b12a6
ccb212f7
cfa0133c
d2291378
d45d13ac
d64a13da
d7fc1402
d97a1426
dacd1445
dbfa1461
dd08147a
ddf91490
ded314a4
df9714b6
e04814c7
e0e914d6
e17c14e3
02e2005b
0cd50193
1c70037c
2f6205cd
436b0841
56de0aa3
68bf0cd3
789e0ec4
86671074
923b11e7
9c521323
a4e61430
ac341515
b27015d8
b7c5167f
bc5a170f
c04e178b
c3bc17f6
c6b81854
c95518a6
cba018ee
cda6192d
cf711965
d1091997
d27519c4
d3bb19ec
d4e11a0f
d5e91a30
d6d81a4d
d7b11a67
d8761a80
d92a1a96
0243005c
0a270197
16cc0392
269f060c
37f308c2
49610b7c
59f50e14
69251074
76b61294
82a51472
8d091612
960b177b
9dd418b3
a49019c0
aa641aaa
af731b75
b3db1c25
b7b41cbf
bb131d46
be0a1dbd
c0a81e26
c2fa1e83
c50a1ed6
c6e21f1f
c8881f61
ca031f9d
cb591fd2
cc8d2002
cda5202e
cea32056
cf8b207a
d05e209b
01d2005c
0837019b
12a303a2
1ff8063b
2ef30927
3e740c2c
4d9c0f20
5bde11e7
68e91472
74a316bb
7f0b18c2
88371a8b
90431c1c
974f1d7c
9d7a1eb0
a2e21fbd
a7a020aa
abcd217b
af7c2232
b2be22d5
b5a22365
b83623e5
ba822458
bc9024bf
be6a251b
c014256e
c19525b9
c2f125fd
c42e263a
c54e2673
c65526a6
c74626d5
017f005c
06c7019d
0f7d03af
1ad20660
27d20977
35920cbb
43540fff
508b1323
5ce51612
683318c2
72691b2f
7b8b1d5a
83a91f48
8adb20fe
91392281
96da23d7
9bd52506
a03f2613
a42a2701
a7a727d5
aac32892
ad8a293b
b00829d2
b2452a5b
b44a2ad5
b61c2b44
b7c22ba9
b9422c03
ba9f2c56
bbdd2ca2
bd002ce7
be0b2d26
0140005c
05af019f
0d0f03b8
16c7067d
221d09b6
2e500d30
3abf10b9
46ea1430
527a177b
5d3e1a8b
671b1d5a
700d1fe6
781a2230
7f50243e
85c12613
8b7f27b6
909e292b
95302a78
99452ba1
9ceb2cac
a0312d9a
a3202e70
a5c52f30
a8272fde
aa4e307b
ac413109
ae07318a
afa33200
b11c326b
b27332cd
b3af3326
b4cf3379
010f005c
04d401a0
0b2503c0
138f0694
1d7e09ea
28570d90
33901155
3eb71515
497918b3
53a11c1c
5d0f1f48
65b62230
6d9524d6
74b4273b
7b1f2963
80e42b53
86122d11
8ab92ea1
8ee63009
92a8314c
9609326f
99163375
9bd63462
9e543538
a09635fa
a2a336ab
a480374c
a63437de
a7c33864
a92f38df
aa7e394f
abb139b6
00e9005c
042701a1
099e03c6
10f506a6
19b50a15
23620de0
2d8511d8
37b815d8
41b019c0
4b351d7c
542720fe
5c72243e
6411273b
6b0629f5
71572c6f
77102ead
7c3c30b4
80e73289
851f3430
88ef35ae
8c603708
8f7e3841
9252395c
94e23a5e
97373b48
99563c1d
9b473cdf
9d0c3d91
9eab3e34
a0283ec9
a1863f52
a2c83fd0
00ca005c
039c01a2
086003cb
0ed406b5
16950a38
1f3e0e22
28681248
31bc167f
3af21aaa
43d61eb0
4c462281
542c2613
5b7e2963
623a2c6f
68642f38
6e0231c3
731e3413
77c2362c
7bf83813
7fca39ce
83423b5f
86683ccc
89453e18
8be13f46
8e424059
906d4155
926a423a
943b430d
95e643ce
976f447f
98d84523
9a2545ba
00b1005c
032901a3
075c03ce
0d1006c2
13fa0a55
1bc10e5a
240f12a6
2c97170f
35181b75
3d611fbd
454f23d7
4ccb27b6
53c92b53
5a432ead
603b31c3
65b43498
6ab6372e
6f47398b
73713bb2
773d3da8
7ab23f72
7dd94114
80b94290
835943ec
85c04529
87f2464c
89f54757
8bce484b
8d81492c
8f1149fb
90824ab9
91d64b6a
009c005c
02cb01a4
068303d2
0b9806cc
11c80a6e
18cb0e8a
205712f7
2827178b
30001c25
37b620aa
3f252506
4637292b
4cdd2d11
531030b4
58cf3413
5e1c372e
62fc3a09
67733ca8
6b8a3f0d
6f47413f
72b34341
75d44516
78b146c3
7b4f484d
7db649b5
7fea4b00
81f04c2f
83cc4d47
85824e48
87164f35
888c500f
89e450da
008b005c
027c01a4
05cd03d5
0a5a06d5
0fec0a82
16440eb3
1d24133c
244e17f6
2b8d1cbf
32b8217b
39ae2613
40582a78
46a62ea1
4c903289
5212362c
572e398b
5be53ca8
603d3f86
643b4228
67e54493
6b4246cb
6e5748d5
712c4ab2
73c44c69
76274dfc
78584f6f
7a5d50c3
7c3851fe
7def531f
7f84542a
80fb5521
82555607
007c005c
023901a5
053303d7
094b06dd
0e540a94
14180ed6
1a5f1378
20f41854
27a71d46
2e522232
34d52701
3b1a2ba1
41113009
46b13430
4bf53813
50dd3bb2
55693f0d
599d4228
5d7e4505
611047a8
64594a15
675f4c51
6a274e5e
6cb65041
6f1151fe
713c5398
733c5512
7514566f
76c857b1
785c58db
79d159ee
7b2b5aee
0070005c
020001a5
04b003d9
086306e3
0cf50aa4
12370ef4
17f713ac
1e0518a6
24391dbd
2a6d22d5
308427d5
36692cac
3c0c314c
416335ae
466839ce
4b1b3da8
4f7a413f
53884493
574847a8
5ac04a80
5df34d21
60e64f8d
639e51c9
662053d8
687155be
6a93577f
6c8c591d
6e5e5a9c
700e5bfe
719d5d46
730f5e76
74675f90
0065005c
01d001a5
043e03db
079b06e9
0bc50ab1
10940f0e
15dc13da
1b7218ee
21321e26
26f92365
2cab2892
32352d9a
3788326f
3c983708
415f3b5f
45dc3f72
4a0c4341
4df346cb
51924a15
54ec4d21
58074ff2
5ae5528e
5d8c54f6
5fff572f
6242593d
64595b24
66495ce6
68135e86
69bc6008
6b46616d
6cb362b9
6e0763ed
005c005c
01a501a6
03dc03dc
06ed06ee
0abc0abd
0f250f25
14021402
192d192d
1e831e83
23e523e5
293b293b
2e702e70
33753375
38413841
3ccc3ccc
41134114
45164516
48d448d5
4c504c51
4f8d4f8d
528d528e
55555556
57e857e9
5a4b5a4b
5c7f5c80
5e8a5e8b
606f606f
62306230
63d063d0
65536553
66ba66ba
68086808
0054005c
018101a6
038703dd
065506f2
09d40ac7
0de30f3a
12601426
172a1965
1c201ed6
21262458
262629d2
2b0b2f30
2fc83462
3452395c
38a33e18
3cb74290
408c46c3
44224ab2
477b4e5e
4a9951c9
4d7e54f6
502f57e9
52ae5aa5
54fe5d2e
57235f88
592061b6
5af863bc
5caf659c
5e46675b
5fc068fa
61206a7b
62676be2
004d005c
016101a6
033b03df
05d006f5
09080acf
0cc70f4b
10ee1445
15601997
19ff1f1f
1eb124bf
23602a5b
27fb2fde
2c743538
30c03a5e
34d93f46
38bb43ec
3c64484d
3fd34c69
43095041
460853d8
48d2572f
4b6a5a4b
4dd45d2e
50125fdc
5226625a
541564aa
55e066d0
578b68cf
59186aaa
5a896c64
5be06e00
5d206f7f
0047005c
014401a6
02f903e0
055a06f9
08530ad7
0bca0f5b
0fa51461
13c719c4
18171f61
1c7b251b
20e12ad5
2537307b
297035fa
2d813b48
31654059
35174529
389549b5
3bdd4dfc
3ef151fe
41d155be
4481593d
47015c80
49555f88
4b80625a
4d8364fa
4f63676a
512069af
52bf6bcb
54416dc2
55a86f96
56f7714a
582f72e1
0042005c
012b01a6
02bf03e0
04f106fc
07b20ade
0ae90f69
0e7e147a
125919ec
16601f9d
1a7e256e
1ea02b44
22b63109
26b236ab
2a8d3c1d
2e3e4155
31c2464c
35164b00
38394f6f
3b2c5398
3dee577f
40835b24
42eb5e8b
452a61b6
474164aa
4933676a
4b0369fa
4cb36c5c
4e456e94
4fbc70a5
51197293
525e745f
538e760c
003d005c
011501a6
028b03e1
049406fe
07220ae5
0a200f76
0d771490
11101a0f
14d51fd2
18b225b9
1c952ba9
206f318a
2434374c
27da3cdf
2b5c423a
2eb44757
31e14c2f
34e050c3
37b25512
3a57591d
3cd15ce6
3f22606f
414c63bc
435066d0
453169af
46f16c5c
48936eda
4a18712d
4b837358
4cd6755d
4e127740
4f3a7903
0038005c
010101a7
025c03e2
04410700
06a10aeb
096b0f81
0c8914a4
0fe71a30
13712002
171225fd
1abb2c03
1e5d3200
21ee37de
25633d91
28b8430d
2be7484b
2eed4d47
31ca51fe
347d566f
37065a9c
39675e86
3ba06230
3db5659c
3fa668cf
41766bcb
43276e94
44bb712d
4633739a
479375dc
48db77f9
4a0d79f2
4b2c7bc9
0035005c
00ef01a7
023203e3
03f60703
062e0aef
08c80f8c
0bb314b6
0edb1a4d
122d202e
1598263a
190b2c56
1c79326b
1fd93864
23213e34
264c43ce
2953492c
2c364e48
2ef2531f
318757b1
33f45bfe
363c6008
386063d0
3a5f675b
3c3e6aaa
3dfd6dc2
3f9f70a5
41257358
429175dc
43e57836
45227a69
464b7c77
47617e62
0031005c
00df01a7
020d03e3
03b20705
05c50af4
08350f95
0af114c7
0de81a67
11072056
143f2673
17812ca2
1ac032cd
1df238df
210f3ec9
2412447f
26f449fb
29b54f35
2c52542a
2ec958db
311d5d46
334d616d
355a6553
374668fa
39136c64
3ac26f96
3c547293
3dcd755d
3f2c77f9
40757a69
41a87cb0
42c77ed2
43d480d0
002e005c
00d101a7
01ea03e4
03750706
05660af8
07af0f9e
0a4114d6
0d0a1a80
0ffb207a
130526a6
16192ce7
192b3326
1c33394f
1f283f52
22054523
24c54ab9
2765500f
29e45521
2c4159ee
2e7b5e76
309462b9
328c66ba
34656a7b
36206e00
37bf714a
3943745f
3aae7740
3c0179f2
3d3e7c77
3e677ed2
3f7d8106
40818317
002b005c
00c301a7
01cc03e4
033e0708
05100afc
07360fa5
09a114e3
0c401a96
0f07209b
11e526d5
14cf2d26
17b83379
1a9939b6
1d683fd0
202145ba
22c04b6a
254250da
27a45607
29e75aee
2c095f90
2e0c63ed
2ff06808
31b76be2
33616f7f
34f072e1
3666760c
37c37903
390b7bc9
3a3d7e62
3b5c80d0
3c688317
3d648538
7feb002a
d28e0045
eaa1004d
f3cb0050
f81d0052
fa780052
fbe10053
fccb0053
fd690054
fdda0054
fe2d0054
fe6c0054
fe9d0054
fec30054
fee20054
fefb0054
ff100054
ff210054
ff300054
ff3c0054
ff470054
ff500054
ff580054
ff5f0054
ff650054
ff6a0054
ff6f0054
ff740054
ff770054
ff7b0054
ff7e0054
ff810054
2d2d0045
7f9f00c3
b3b70112
cf93013c
deff0153
e8200161
ede3016a
f1b90170
f4640174
f6510177
f7bf0179
f8d6017b
f9af017c
fa5b017d
fae6017e
fb58017e
fbb6017f
fc040180
fc460180
fc7f0180
fcb00180
fcd90181
fcfe0181
fd1e0181
fd3a0181
fd530182
fd690182
fd7d0182
fd8f0182
fd9f0182
fdad0182
fdba0182
1512004d
4b370112
7f1901ce
a4610255
bd1f02af
cd8102ea
d89a0313
e059032f
e5ea0343
ea060352
ed21035d
ef870366
f16b036c
f2ed0372
f4260377
f528037a
f5fe037d
f6b10380
f7490382
f7cb0384
f83b0385
f89c0387
f8f00388
f93a0389
f97c038a
f9b5038b
f9e9038b
fa17038c
fa40038d
fa66038d
fa87038e
faa6038e
0be50050
2f31013c
594a0255
7e5a034c
9b0f040c
b044049a
bfc90501
cb38054e
d3c50587
da4505b2
df4b05d4
e33d05ee
e6630603
e8ed0614
eb020622
ecba062e
ee2a0637
ef61063f
f0690646
f14b064c
f20f0651
f2b90655
f34d065a
f3cf065d
f4430660
f4a90662
f5040665
f5550667
f59f0669
f5e0066b
f61c066c
f652066e
07910052
1fae0153
403202af
60e5040c
7d62053d
94810634
a6af06f6
b4d7078d
bfdf0803
c8870860
cf6408a9
d4e208e4
d9550913
dcfa093a
dffc095a
e27f0975
e49c098c
e667099f
e7f009af
e94109bd
ea6609ca
eb6509d4
ec4509de
ed0a09e6
edb809ed
ee5309f4
eede09f9
ef5a09fe
efca0a03
f02e0a07
f0890a0b
f0dc0a0f
05360052
167f0161
2f9502ea
4b22049a
654b0634
7c33079a
8f6008c7
9f1309bd
abd00a85
b6230b26
be880ba9
c5650c15
cb0b0c6e
cfbb0cb7
d3a70cf4
d6f40d28
d9c10d54
dc250d7a
de340d9a
dffc0db6
e1880dce
e2e30de3
e4140df6
e5220e06
e6110e15
e6e60e22
e7a50e2e
e8500e38
e8ea0e42
e9760e4a
e9f40e52
ea670e59
03cc0053
10b3016a
24530313
3b360501
525b06f6
67d908c7
7ad00a61
8b0a0bc0
98b40ce7
a41e0dde
ada10eac
b5920f58
bc390fe8
c1d31061
c68f10c7
ca97111e
ce0a1169
d10211a9
d39311e1
d5cf1211
d7c3123b
d97a1260
dafe1281
dc55129e
dd8712b8
de9812cf
df8d12e4
e06a12f6
e1301307
e1e41317
e2881324
e31d1331
02e20053
0cd70170
1c78032f
2f7a054e
439c078d
573009bd
69360bc0
793b0d8a
872b0f18
9323106e
9d5a1192
a60d128b
ad76135f
b3c91413
b93314ae
bddb1533
c1e015a6
c55c160a
c8651660
cb0d16ac
cd6216ef
cf71172a
d144175e
d2e3178d
d45617b6
d5a217db
d6cc17fc
d7da181a
d8cd1835
d9aa184e
da721865
db2a1879
02430054
0a280174
16d30343
26b40587
381e0803
49ab0a85
5a650ce7
69bd0f18
7779110e
839112c8
8e1d1449
97431597
9f2d16b9
a60717b3
abf7188c
b11f1948
b59c19ec
b9881a7c
bcf91af9
bfff1b68
c2ac1bc9
c50a1c20
c7261c6d
c9071cb2
cab71cef
cc3a1d27
cd981d58
ced31d85
cff11dae
d0f51dd3
d1e11df5
d2ba1e14
01d20054
08380177
12a80352
200905b2
2f190860
3eb70b26
4e040dde
5c6f106e
69a712c8
758e14e5
802216c6
8978186f
91ab19e4
98db1b2b
9f271c4a
a4ad1d45
a9871e22
adcd1ee4
b1921f90
b4e82028
b7de20af
ba822126
bcdd2192
bef921f2
c0de2248
c2942295
c41f22dc
c585231b
c6ca2355
c7f2238a
c90023ba
c9f723e6
017f0054
06c80179
0f82035d
1ae105d4
27f308a9
35cf0ba9
43b30eac
51141192
5d9a1449
691816c6
737d1907
7ccc1b0c
85171cd8
8c721e70
92f71fd9
98bb2119
9dd72234
a25e2330
a665240f
a9fa24d6
ad2c2587
b0082626
b29826b4
b4e62734
b6fa27a7
b8db280f
ba8e286d
bc1928c3
bd812911
beca2958
bff62999
c10929d5
01400054
05af017b
0d130366
16d505ee
223a08e4
2e860c15
3b160f58
4768128b
53261597
5e19186f
68281b0c
714b1d6b
79871f8e
80ea2179
87862331
8d6c24b9
92b12617
97652750
9b992867
9f5d2961
a2bd2a41
a5c52b0b
a8802bc0
aaf62c64
ad302cf8
af342d7e
b1092df8
b2b42e67
b43a2ecc
b59e2f28
b6e42f7d
b8102fcb
010f0054
04d5017c
0b29036c
139a0603
1d980913
28870c6e
33df0fe8
3f2b135f
4a1a16b9
547119e4
5e111cd8
66eb1f8e
6efc2208
764c2445
7ce5264b
82d6281d
882d29c1
8cfa2b3a
914c2c8c
952e2dbd
98ae2ed0
9bd62fc8
9eb030a8
a1463172
a39e322a
a5bf32d1
a7af336a
a97433f5
ab123474
ac8d34e8
adea3552
af2935b5
00e90054
0428017d
09a10372
10ff0614
19cc093a
238e0cb7
2dcc1061
38241413
424617b3
4bfa1b2b
551e1e70
5d9d2179
656f2445
6c9626d4
73182928
79002b44
7e582d2e
832e2ee8
878d3078
8b8131e2
8f14332a
92523452
9542355f
97ed3654
9a5b3732
9c9237fc
9e9738b5
a070395e
a22139f9
a3af3a87
a51c3b0a
a66d3b82
00ca0054
039c017e
08630377
0edc0622
16aa095a
1f650cf4
28aa10c7
321f14ae
3b7d188c
448f1c4a
4d301fd9
55492331
5cd0264b
63c02928
6a1c2bc8
6fec2e2d
7536305d
7a073259
7e663427
826035cb
85fd3748
894538a3
8c4239df
8efc3afe
91783c05
93bd3cf5
95d23dd0
97b93e9a
99793f52
9b143ffc
9c8f4098
9ded4128
00b10054
032a017e
075e037a
0d18062e
140c0975
1be40d28
244b111e
2cf21533
35991948
3e0e1d45
462c2119
4ddb24b9
550d281d
5bbc2b44
61e72e2d
679330da
6cc5334e
7185358b
75dc3797
79d13975
7d6d3b29
80b93cb7
83bc3e22
867c3f6e
8900409e
8b4e41b5
8d6c42b4
8f5d439e
91264476
92cb453d
944f45f4
95b6469d
009c0054
02cb017f
0685037d
0b9f0637
11d8098c
18eb0d54
208d1169
287a15a6
307819ec
38571e22
3ff52234
47382617
4e1229c1
547a2d2e
5a6d305d
5fed334e
64ff3603
69a63880
6deb3ac9
71d43ce0
75693ecb
78b1408c
7bb24227
7e7343a0
80f944fa
834b4638
856d475b
87634868
8932495f
8add4a44
8c674b17
8dd44bda
008b0054
027c0180
05cf0380
0a60063f
0ffa099f
16610d7a
1d5511a9
249a160a
2bfc1a7c
334f1ee4
3a722330
414b2750
47cc2b3a
4dea2ee8
53a03259
58f0358b
5dda3880
62633b3b
668f3dbf
6a66400f
6dee422e
712c4422
742645ed
76e24793
79674917
7bb84a7b
7dda4bc4
7fd14cf4
81a24e0b
834f4f0e
84dc4ffd
864d50da
007c0054
023a0180
05350382
09510646
0e6109af
14320d9a
1a8c11e1
213b1660
280e1af9
2ede1f90
358c240f
3c002867
42282c8c
47fb3078
4d733427
528d3797
574c3ac9
5bb23dbf
5fc2407c
63824302
66f84556
6a27477b
6d164975
6fca4b47
72484cf4
74944e81
76b34fee
78a85140
7a785278
7c255399
7db354a4
7f23559d
00700054
02010180
04b10384
0869064c
0d0209bd
124e0db6
18201211
1e4716ac
24991b68
2af02028
313024d6
37422961
3d152dbd
429d31e2
47d535cb
4cba3975
514c3ce0
558b400f
597c4302
5d2245bd
60814844
639e4a99
667f4cc1
69274ebe
6b9c5094
6de05247
6ff953d9
71e9554d
73b556a5
755f57e4
76ea590c
78595a1f
00650054
01d00180
04400385
07a00651
0bd009ca
10aa0dce
1602123b
1baf16ef
218b1bc9
277320af
2d4d2587
33022a41
38822ed0
3dc2332a
42bb3748
476a3b29
4bcc3ecb
4fe4422e
53b24556
573b4844
5a834afb
5d8c4d7e
605b4fd3
62f551fa
655d53f8
679755d1
69a85786
6b91591c
6d575a94
6efc5bf1
70835d35
71ef5e62
005c0054
01a60181
03dd0387
06f20655
0ac709d4
0f3a0de3
14261260
1965172a
1ed61c20
24582126
29d22626
2f302b0b
34622fc8
395c3452
3e1838a3
42903cb7
46c3408c
4ab24422
4e5e477b
51c94a99
54f64d7e
57e9502f
5aa552ae
5d2e54fe
5f885723
61b65920
63bc5af8
659c5caf
675b5e46
68fa5fc0
6a7b6120
6be26267
00540054
01810181
03880388
0659065a
09dd09de
0df60df6
12811281
175e175e
1c6d1c6d
21912192
26b426b4
2bc02bc0
30a830a8
355f355f
39df39df
3e223e22
42274227
45ed45ed
49754975
4cc04cc1
4fd24fd3
52ad52ae
55555556
57cd57cd
5a175a17
5c385c38
5e325e32
60086008
61bd61be
63546354
64cf64cf
66306630
004d0054
01610181
033d0389
05d4065d
091009e6
0cd80e06
110d129e
1590178d
1a471cb2
1f1521f2
23e62734
28a62c64
2d483172
31bf3654
36063afe
3a163f6e
3ded43a0
418b4793
44ef4b47
481b4ebe
4b1151fa
4dd454fe
506657cd
52cb5a6a
55055cd8
57175f1b
59046136
5acf632b
5c7b64fd
5e0866b0
5f7b6845
60d569bf
00470054
01450181
02fa038a
055d0660
085b09ed
0bda0e15
0fc112b8
13f417b6
185a1cef
1cda2248
215f27a7
25d82cf8
2a38322a
2e733732
32833c05
3662409e
3a0d44fa
3d824917
40c44cf4
43d05094
46ab53f8
49555723
4bd25a17
4e235cd8
504c5f69
524e61cd
542e6407
55ed6619
578d6808
591169d6
5a7c6b84
5bce6d16
00420054
012b0182
02c0038b
04f50662
07b909f4
0af80e22
0e9912cf
128317db
169f1d27
1ad72295
1f16280f
234e2d7e
277032d1
2b7237fc
2f4e3cf5
32fd41b5
367d4638
39cd4a7b
3ceb4e81
3fd95247
429855d1
452a5920
47905c38
49ce5f1b
4be561cd
4dd86450
4fa966a8
515c68d7
52f16ae1
546b6cc9
55cc6e8f
57167038
003d0054
01150182
028c038b
04970665
072909f9
0a2d0e2e
0d8f12e4
113817fc
15101d58
190522dc
1d05286d
20ff2df8
24e7336a
28b438b5
2c5e3dd0
2fe042b4
3338475b
36624bc4
395f4fee
3c2e53d9
3ed25786
414c5af8
439c5e32
45c66136
47cb6407
49af66a8
4b72691c
4d176b67
4ea06d8c
50106f8b
5167716a
52a97329
00380054
01010182
025d038c
04440667
06a809fe
09780e38
0ca012f6
100c181a
13a81d85
1760231b
1b2428c3
1ee52e67
229733f5
2632395e
29ad3e9a
2d05439e
30354868
333b4cf4
36185140
38ca554d
3b53591c
3db55caf
3ff06008
4206632b
43fa6619
45cd68d7
47826b67
491a6dcc
4a97700a
4bfc7221
4d4a7416
4e8275eb
00350054
00ef0182
0233038d
03f80669
06330a03
08d40e42
0bc91307
0efe1835
12611dae
15e12355
196e2911
1cfa2ecc
207a3474
23e639f9
27353f52
2a644476
2d6f495f
30534e0b
33105278
35a656a5
38155a94
3a5f5e46
3c8561be
3e8864fd
406b6808
422e6ae1
43d46d8c
455f700a
46d1725e
482b748d
496e7698
4a9e7881
00310054
00df0182
020d038d
03b5066b
05cb0a07
08400e4a
0b051317
0e08184e
11381dd3
1484238a
17de2958
1b3a2f28
1e8b34e8
21ca3a87
24f03ffc
27f8453d
2adf4a44
2da34f0e
30425399
32bd57e4
35135bf1
37465fc0
39586354
3b4866b0
3d1969d6
3ecc6cc9
40656f8b
41e37221
4348748d
449876d1
45d178f1
46f77aee
002e0054
00d10182
01eb038e
0378066c
056c0a0b
07ba0e52
0a541324
0d291865
102a1df5
134623ba
16712999
199f2f7d
1cc43552
1fda3b0a
22d94098
25bd45f4
28824b17
2b274ffd
2da954a4
300a590c
32485d35
34656120
366264cf
38406845
3a006b84
3ba56e8f
3d2f716a
3ea07416
3ffa7698
413e78f1
426e7b24
438b7d34
002b0054
00c40182
01cc038e
0340066e
05150a0f
07400e59
09b21331
0c5d1879
0f321e14
122323e6
152229d5
18252fcb
1b2235b5
1e113b82
20eb4128
23ad469d
26524bda
28d950da
2b40559d
2d885a1f
2faf5e62
31b76267
33a06630
356c69bf
371c6d16
38b27038
3a2e7329
3b9375eb
3ce17881
3e1b7aee
3f417d34
40557f56
7fed0027
d2920040
eaa70047
f3d1004a
f824004b
fa7e004c
fbe8004c
fcd1004d
fd70004d
fde1004d
fe34004d
fe73004d
fea4004d
feca004d
fee9004d
ff02004d
ff17004d
ff28004d
ff37004d
ff43004d
ff4e004d
ff57004d
ff5f004d
ff66004d
ff6c004d
ff71004d
ff76004d
ff7b004d
ff7e004d
ff82004d
ff85004d
ff88004d
2d2e0040
7fa700b2
b3c800fb
cfa90122
df180137
e83b0144
edff014c
f1d60151
f4820155
f66f0157
f7dd015a
f8f5015b
f9ce015c
fa7b015d
fb06015e
fb77015f
fbd5015f
fc24015f
fc660160
fc9f0160
fcd00160
fcf90161
fd1e0161
fd3e0161
fd5a0161
fd730161
fd8a0161
fd9d0162
fdaf0162
fdbf0162
fdcd0162
fdda0162
15120047
4b3d00fb
7f2c01a8
a4810223
bd4a0276
cdb402ac
d8d202d1
e09502eb
e62902fd
ea47030b
ed650315
efcc031d
f1b00324
f3330329
f46d032d
f5700330
f6460333
f6fa0335
f7920337
f8150339
f885033a
f8e6033b
f93a033d
f985033e
f9c6033f
fa00033f
fa340340
fa620340
fa8b0341
fab10341
fad20342
faf10342
0be5004a
2f350122
595c0223
7e7d0306
9b4403b6
b0890438
c01a0497
cb9304de
d4280512
daae053a
dfb90559
e3af0571
e6d80584
e9650594
eb7b05a1
ed3605ab
eea705b4
efdf05bc
f0e805c2
f1cc05c7
f29005cc
f33b05d0
f3cf05d4
f45205d7
f4c605da
f52d05dc
f58805de
f5da05e0
f62305e2
f66605e3
f6a205e5
f6d805e6
0791004b
1fb10137
40400276
610603b6
7d9904ce
94ce05b1
a7110664
b54a06ef
c061075b
c91507b1
cffb07f4
d582082a
d9fc0856
dda6087a
e0ad0897
e33408b0
e55408c5
e72208d7
e8ad08e6
ea0108f3
eb2808fe
ec290908
ed0a0910
edd00918
ee80091e
ef1c0924
efa7092a
f024092f
f0940933
f0fa0937
f156093a
f1a9093e
0536004c
16810144
2fa002ac
4b3f0438
658105b1
7c8306fb
8fca0810
9f9608f2
ac6909aa
b6cf0a3f
bf440ab8
c62e0b1c
cbe10b6d
d09b0bb1
d48f0bea
d7e30c1a
dab60c42
dd200c65
df340c83
e1000c9c
e2900cb3
e3ee0cc7
e5220cd8
e6320ce7
e7230cf5
e7fa0d01
e8bb0d0b
e9680d15
ea030d1e
ea900d26
eb100d2d
eb840d33
03cc004c
10b5014c
245d02d1
3b4f0497
528b0664
68260810
7b3b098a
8b940acd
995a0bde
a4de0cc2
ae790d80
b67f0e1f
bd370ea4
c2e00f14
c7aa0f73
cbbd0fc4
cf3a1009
d23a1045
d4d31078
d71610a5
d91010cc
dacd10ee
dc55110d
ddb11128
dee7113f
dffb1155
e0f31168
e1d21179
e29c1189
e3521197
e3f811a4
e48e11b0
02e2004d
0cd90151
1c8002eb
2f8f04de
43c706ef
577808f2
699f0acd
79c60c74
87d70de4
93ef0f21
9e45102f
a7121116
ae9311da
b4fb1282
ba781311
bf30138d
c34413f7
c6cd1454
c9e114a5
cc9414eb
cef21529
d1091560
d2e31590
d48915bc
d60115e2
d7531604
d8821624
d9931640
da8b1659
db6b1670
dc371685
dcf11698
0243004d
0a290155
16da02fd
26c60512
3844075b
49ed09aa
5ac80bde
6a450de4
78260fb4
8463114e
8f1112b4
985813ea
a06114f6
a75615df
ad5e16a9
b29b1759
b72c17f1
bb2a1877
beaa18ec
c1bf1953
c47819ae
c6e219ff
c9071a47
caf21a87
ccaa1ac0
ce351af4
cf991b22
d0db1b4c
d1fe1b73
d3071b95
d3f81bb5
d4d51bd2
01d2004d
083a0157
12ae030b
2018053a
2f3a07b1
3ef20a3f
4e600cc2
5cf00f21
6a4f114e
765e1344
811a1503
8a95168e
92eb17ea
9a3c191a
a0a61a26
a6471b10
ab3a1bde
af961c94
b36f1d34
b6d71dc3
b9de1e41
bc901eb1
bef91f15
c1221f6f
c3121fc0
c4d12009
c666204a
c7d42086
c92120bc
ca5020ee
cb64211b
cc612144
017f004d
06c9015a
0f860315
1aee0559
281107f4
36040ab8
44070d80
518c102f
5e3b12b4
69e31503
7472171c
7deb18fd
865e1aaa
8ddf1c27
94851d79
9a6a1ea4
9fa31fae
a4462099
a864216b
ac102225
af5722cb
b2452360
b4e623e6
b744245e
b96624ca
bb53252c
bd122585
bea825d6
c01a261f
c16b2662
c2a0269f
c3bb26d7
0140004d
05b0015b
0d17031d
16e00571
2254082a
2eb60b1c
3b620e1f
47d81116
53be13ea
5edd168e
691818fd
72661b34
7ace1d33
825a1eff
891d209a
8f28220a
948e2352
99612478
9db2257f
a190266a
a508273e
a82727fb
aaf628a6
ad7f2941
afca29cc
b1de2a4b
b3c22abe
b57a2b27
b70c2b86
b87c2bdd
b9cc2c2d
bb012c77
010f004d
04d6015c
0b2c0324
13a40584
1dae0856
28b20b6d
34250ea4
3f9311da
4aa914f6
552b17ea
5ef81aaa
67ff1d33
703e1f84
77ba219d
7e7d2384
8496253a
8a1326c4
8f042827
93752967
97762a86
9b122b8a
9e542c74
a1462d48
a3f12e08
a65d2eb6
a8912f54
aa922fe4
ac673068
ae1430e0
af9d314e
b10531b3
b2513210
00e9004d
0428015d
09a40329
11070594
19e0087a
23b40bb1
2e0c0f14
38831282
42cb15df
4caa191a
55fa1c27
5ea71eff
66a9219d
6dfe2404
74ad2635
7ac02831
804129ff
853d2ba1
89bf2d1b
8dd52e71
91882fa7
94e230c0
97ed31bf
9ab232a7
9d37337a
9f82343b
a19b34eb
a387358b
a549361f
a6e636a6
a8623723
a9c03795
00ca004d
039c015e
0866032d
0ee405a1
16bc0897
1f870bea
28e30f73
32771311
3bf916a9
45341a26
4e021d79
5649209a
5dff2384
651e2635
6ba928ae
71a62af0
771c2d00
7c152ee2
809c3097
84ba3225
88783390
8be134d9
8efc3606
91d13718
94673812
96c438f6
98ee39c8
9aea3a88
9cbd3b38
9e6a3bda
9ff63c6f
a1633cf9
00b1004d
032a015f
07600330
0d1f05ab
141c08b0
1c030c1a
247f0fc4
2d43138d
360c1759
3ea91b10
46f21ea4
4ece220a
5630253a
5d0f2831
636a2af0
69442d78
6ea42fc9
738f31e9
780e33db
7c2a35a1
7feb3740
835938bb
867c3a16
895a3b53
8bfb3c75
8e633d7f
90983e74
92a13f54
947f4023
963840e1
97cf4191
99464234
009c004d
02cc015f
06870333
0ba505b4
11e708c5
19080c42
20bd1009
28c513f7
30e317f1
38e81bde
40af1fae
48202352
4f2926c4
55c029ff
5be42d00
61932fc9
66d3325b
6ba734b8
701636e5
742838e3
77e33ab7
7b4f3c64
7e733ded
81543f56
83f940a1
866741d2
88a342ea
8ab243ec
8c9744da
8e5845b6
8ff64681
9176473d
008b004d
027d015f
05d10335
0a6505bc
100708d7
167b0c65
1d811045
24df1454
2c5f1877
33d61c94
3b212099
42272478
48d52827
4f222ba1
55092ee2
5a8831e9
5fa134b8
64573752
68b039b7
6cb13bec
70613df4
73c43fd3
76e2418b
79c14320
7c654494
7ed445eb
81124728
8324484c
850d495a
86d24a53
88754b3a
89f94c10
007c004d
023a0160
05370337
095605c2
0e6d08e6
14490c83
1ab51078
217a14a5
286a18ec
2f5d1d34
3631216b
3ccf257f
43242967
49262d1b
4ecd3097
541733db
590536e5
5d9939b7
61d63c54
65c13ebf
695f40fa
6cb64309
6fca44ef
72a246af
7541484d
77ac49cb
79e84b2c
7bfa4c72
7de34da0
7fa84eb8
814d4fbb
82d350ab
0070004d
02010160
04b20339
086d05c7
0d0c08f3
12640c9c
184510a5
1e8114eb
24ee1953
2b661dc3
31cb2225
3806266a
3e042a86
43ba2e71
49213225
4e3535a1
52f538e3
57633bec
5b803ebf
5f52415d
62db43c9
66204608
6927481b
6bf44a06
6e8a4bcd
70ef4d71
73264ef6
7534505e
771b51ac
78de52e2
7a825401
7c08550c
0065004d
01d00160
0441033a
07a405cc
0bda08fe
10bd0cb3
162410cc
1be51529
21da19ae
27e11e41
2dde22cb
33ba273e
39642b8a
3ed12fa7
43f83390
48d53740
4d663ab7
51ab3df4
55a740fa
595c43c9
5ccd4666
5fff48d2
62f54b11
65b44d26
683f4f14
6a9a50de
6cca5287
6ed15411
70b3557e
727356d2
7413580e
75975933
005c004d
01a60161
03df033b
06f505d0
0acf0908
0f4b0cc7
144510ee
19971560
1f1f19ff
24bf1eb1
2a5b2360
2fde27fb
35382c74
3a5e30c0
3f4634d9
43ec38bb
484d3c64
4c693fd3
50414309
53d84608
572f48d2
5a4b4b6a
5d2e4dd4
5fdc5012
625a5226
64aa5415
66d055e0
68cf578b
6aaa5918
6c645a89
6e005be0
6f7f5d20
0054004d
01810161
0389033d
065d05d4
09e60910
0e060cd8
129e110d
178d1590
1cb21a47
21f21f15
273423e6
2c6428a6
31722d48
365431bf
3afe3606
3f6e3a16
43a03ded
4793418b
4b4744ef
4ebe481b
51fa4b11
54fe4dd4
57cd5066
5a6a52cb
5cd85505
5f1b5717
61365904
632b5acf
64fd5c7b
66b05e08
68455f7b
69bf60d5
004d004d
01610161
033d033e
05d705d7
09180918
0ce70ce7
11271128
15bb15bc
1a871a87
1f6f1f6f
245e245e
29402941
2e072e08
32a732a7
37173718
3b533b53
3f563f56
431f4320
46af46af
4a064a06
4d264d26
50125012
52cb52cb
55555556
57b357b3
59e859e8
5bf65bf6
5de05de0
5fa95fa9
61536153
62e062e0
64536453
0047004d
01450161
02fb033f
056005da
0862091e
0be80cf5
0fda113f
141d15e2
18961ac0
1d2e1fc0
21d024ca
266a29cc
2aed2eb6
2f4f337a
33873812
37903c75
3b6640a1
3f074494
4272484d
45a94bcd
48ad4f14
4b805226
4e235505
509a57b3
52e65a34
550b5c8a
570c5eb7
58ea60bf
5aa862a5
5c49646a
5dce6611
5f39679d
0042004d
012c0161
02c1033f
04f705dc
07c00924
0b050d01
0eb01155
12a91604
16d71af4
1b262009
1f81252c
23d72a4b
281b2f54
2c43343b
304638f6
341e3d7f
37c741d2
3b4145eb
3e8949cb
41a04d71
448850de
47415415
49ce5717
4c3059e8
4e6b5c8a
50815eff
5273614b
54446370
55f76571
578d6751
590a6911
5a6d6ab4
003d004d
01150161
028c0340
049a05de
072f092a
0a3a0d0b
0da51168
115a1624
15451b22
1950204a
1d692585
21802abe
258a2fe4
297a34eb
2d4a39c8
30f43e74
347342ea
37c64728
3aec4b2c
3de44ef6
40af5287
435055e0
45c65904
48145bf6
4a3d5eb7
4c42614b
4e2663b4
4fea65f5
51916811
531d6a0a
54906be2
55ea6d9d
0038004d
01010162
025e0340
044605e0
06ad092f
09830d15
0cb51179
102d1640
13d91b4c
17a62086
1b8225d6
1f5f2b27
23313068
26ee358b
2a8e3a88
2e0b3f54
316243ec
3490484c
37944c72
3a6e505e
3d1e5411
3fa6578b
42065acf
44405de0
465760bf
484c6370
4a2165f5
4bd86851
4d736a86
4ef36c98
505c6e87
51ad7058
0035004d
00ef0162
02340341
03fb05e2
06390933
08df0d1e
0bdb1189
0f1c1659
128f1b73
162320bc
19c7261f
1d6e2b86
210c30e0
2498361f
280b3b38
2b5e4023
2e8f44da
3199495a
347d4da0
373951ac
39cf557e
3c3e5918
3e885c7b
40ae5fa9
42b362a5
44986571
465e6811
48076a86
49966cd4
4b0c6efc
4c6a7103
4db372e8
0031004d
00df0162
020e0341
03b705e3
05cf0937
084a0d26
0b171197
0e251670
11641b95
14c220ee
18332662
1ba72bdd
1f15314e
227436a6
25bc3bda
28e740e1
2bf245b6
2edb4a53
31a04eb8
344052e2
36bb56d2
39135a89
3b485e08
3d5a6153
3f4d646a
41226751
42d96a0a
44756c98
45f86efc
4762713c
48b67357
49f67551
002e004d
00d10162
01ec0342
037905e5
0570093a
07c30d2d
0a6411a4
0d441685
10531bb5
1381211b
16c1269f
1a072c2d
1d4831b3
207b3723
239b3c6f
26a04191
29894681
2c514b3a
2ef84fbb
317d5401
33df580e
36205be0
38405f7b
3a4062e0
3c216611
3de56911
3f8e6be2
411d6e87
42937103
43f37357
453d7587
46727795
002b004d
00c40162
01cd0342
034205e6
0519093e
07490d33
09c211b0
0c771698
0f591bd2
125b2144
156e26d7
18882c77
1b9f3210
1eab3795
21a43cf9
24864234
274d473d
29f74c10
2c8250ab
2eec550c
31365933
33615d20
356c60d5
375a6453
392a679d
3adf6ab4
3c796d9d
3dfb7058
3f6572e8
40b97551
41f97795
432679b5
7fee0024
d296003b
eaac0041
f3d70044
f82a0045
fa840046
fbee0046
fcd70046
fd760047
fde70047
fe3a0047
fe790047
feaa0047
fed00047
feef0047
ff080047
ff1d0047
ff2e0047
ff3d0047
ff490047
ff540047
ff5d0047
ff650047
ff6c0047
ff720047
ff770047
ff7c0047
ff810047
ff840047
ff880047
ff8b0047
ff8e0047
2d2f003b
7fae00a4
b3d600e7
cfbc010a
df2e011e
e853012a
ee180131
f1f00136
f49c013a
f68a013c
f7f8013e
f910013f
f9ea0140
fa960141
fb210142
fb930142
fbf10143
fc400143
fc820144
fcbb0144
fcec0144
fd160144
fd3a0145
fd5a0145
fd760145
fd8f0145
fda60145
fdba0145
fdcb0145
fddb0145
fdea0145
fdf70145
15130041
4b4300e7
7f3d0186
a49e01f7
bd700243
cde00275
d9040297
e0ca02af
e66102c0
ea8102cd
eda002d6
f00802de
f1ee02e3
f37202e8
f4ac02ec
f5af02ef
f68602f1
f73a02f4
f7d302f5
f85502f7
f8c602f8
f92702f9
f97c02fa
f9c602fb
fa0802fc
fa4202fd
fa7602fd
faa402fe
facd02ff
faf302ff
fb1502ff
fb330300
0be50044
2f3a010a
596b01f7
7e9c02c8
9b73036a
b0c503e2
c061043a
cbe3047b
d47f04ab
db0a04d0
e01a04ec
e4130503
e73f0514
e9ce0523
ebe7052e
eda30538
ef160540
f04f0547
f159054d
f23d0552
f3020556
f3ad055a
f443055d
f4c60560
f53a0563
f5a10565
f5fd0567
f64f0569
f699056b
f6dc056c
f718056d
f74e056f
07910045
1fb4011e
404d0243
6123036a
7dca046c
9513053e
a76805e2
b5b00663
c0d406c7
c9930715
d0820754
d6100786
da9007ae
de3e07d0
e14a07eb
e3d40802
e5f70815
e7c80825
e9550833
eaab083f
ebd40849
ecd60853
edb8085b
ee800862
ef300868
efcd086e
f05a0872
f0d70877
f148087b
f1ae087e
f20a0882
f25e0885
05360046
1683012a
2fab0275
4b5903e2
65af053e
7cc9066e
9028076d
a00a083f
acf008e9
b7670973
bfea09e3
c6e10a3f
cc9e0a8a
d1610ac9
d55c0afe
d8b70b2a
db900b50
ddff0b70
e0170b8b
e1e60ba3
e37a0bb8
e4db0bca
e6110bda
e7230be8
e8170bf5
e8f00c00
e9b20c0a
ea600c13
eafd0c1b
eb8b0c22
ec0b0c29
ec800c2f
03cc0046
10b70131
24650297
3b65043a
52b605e2
686b076d
7b9b08ca
8c0f09f6
99ee0af3
a5890bc6
af390c76
b7500d09
be180d85
c3cf0ded
c8a40e45
ccc20e90
d0480ed0
d3510f07
d5f10f37
d83a0f60
da390f85
dbfa0fa5
dd870fc1
dee70fda
e0200ff0
e1371004
e2321016
e3131026
e3df1035
e4971042
e53f104d
e5d81058
02e30046
0cda0136
1c8702af
2fa2047b
43ed0663
57b7083f
69fb09f6
7a410b7e
88710cd3
94a60df8
9f150ef3
a7fa0fca
af901080
b60b111c
bb9a11a1
c0611214
c4811278
c81612ce
cb351319
cdf0135b
d0571394
d27513c7
d45613f4
d601141d
d77f1441
d8d51461
da09147d
db1e1498
dc1914af
dcfd14c4
ddcb14d8
de8814ea
02430047
0a2a013a
16df02c0
26d604ab
386506c7
4a2708e9
5b1f0af3
6abc0cd3
78bf0e82
851d0ffe
8feb114a
994f126b
a1731365
a880143e
ae9e14fa
b3ef159e
b892162c
bc9f16a9
c02e1716
c3501776
c61417cb
c8881817
cab7185a
ccaa1896
ce6918cc
cffb18fc
d1651927
d2ac194f
d3d51972
d4e21993
d5d819b0
d6b919cb
01d20047
083a013c
12b202cd
202604d0
2f580715
3f260973
4eb10bc6
5d620df8
6ae50ffe
771811d1
81f71371
8b9414e1
940a1625
9b781741
a1fd183b
a7b71916
acc019d7
b1301a81
b51b1b17
b8941b9c
bbaa1c12
be6a1c7b
c0de1cda
c3121d2e
c50c1d7a
c6d51dbe
c8721dfc
c9e81e34
cb3b1e67
cc711e95
cd8b1ebf
ce8e1ee6
017f0047
06ca013e
0f8a02d6
1afa04ec
282a0754
363309e3
44510c76
51f80ef3
5ecb114a
6a981371
754e1565
7eec1726
878218b7
8f251a1b
95eb1b58
9bed1c70
a1401d69
a5fc1e45
aa311f0a
adf11fb9
b14a2055
b44a20e1
b6fa215f
b96621d0
bb942236
bd8e2292
bf5822e5
c0f82331
c2722376
c3cc23b5
c50823ef
c62a2424
01400047
05b1013f
0d1a02de
16ea0503
226a0786
2ee00a3f
3ba70d09
483c0fca
5446126b
5f8b14e1
69ee1726
73641938
7bf31b16
83a41cc5
8a8a1e46
90b61fa0
963c20d4
9b2b21e9
9f9722e0
a38d23bd
a71b2484
aa4e2537
ad3025d8
afca266a
b22526ee
b4482765
b63827d2
b7fd2834
b99a288f
bb1428e1
bc6e292d
bdac2972
010f0047
04d60140
0b2f02e3
13ad0514
1dc207ae
28d80a8a
34630d85
3ff01080
4b281365
55d11625
5fc718b7
68f71b16
71601d41
79031f3a
7fed2103
862a229f
8bca2412
90da2561
956a268e
9987279d
9d3c2892
a0962970
a39e2a38
a65d2aed
a8dc2b92
ab212c28
ad322cb1
af152d2d
b0d02d9f
b2652e08
b3d92e68
b52f2ec0
00e90047
04290141
09a602e8
110f0523
19f207d0
23d60ac9
2e440ded
38d9111c
4342143e
4d471741
56c01a1b
5f971cc5
67c31f3a
6f42217c
761a238b
7c54256a
81fb271d
871a28a8
8bbe2a0d
8ff22b51
93c22c77
97372d81
9a5b2e73
9d372f4f
9fd03018
a23030cf
a45b3176
a657320f
a829329b
a9d5331c
ab5f3392
acca33ff
00ca0047
039d0142
086802ec
0eeb052e
16cb07eb
1fa60afe
29170e45
32c511a1
3c6814fa
45c8183b
4ebd1b58
57301e46
5f102103
665b238b
6d1125df
73362802
78d429f5
7df32bbc
829e2d5a
86dd2ed4
8abb302c
8e423165
91783283
94673387
97153476
99883550
9bc73617
9dd736ce
9fbb3776
a1793811
a31438a0
a48f3924
00b10047
032b0142
076202ef
0d250538
142a0802
1c1f0b2a
24ae0e90
2d8b1214
3673159e
3f331916
47a31c70
4faa1fa0
5737229f
5e42256a
64c82802
6ace2a65
70562c97
75692e9b
7a0f3073
7e4f3223
823233ae
85c03517
89003662
8bfb3790
8eb538a6
913639a4
93833a8d
95a03b64
97923c2a
995d3ce1
9b053d89
9c8e3e24
009c0047
02cc0143
068902f1
0baa0540
11f40815
19200b50
20e80ed0
29071278
3142162c
396919d7
41571d69
48f020d4
50242412
56e8271d
5d3729f5
63132c97
687d2f07
6d7a3146
72113357
7649353d
7a2836fb
7db63895
80f93a0d
83f93b66
86ba3ca3
89423dc7
8b973ed4
8dbd3fcb
8fb840b0
918d4183
933f4246
94d042fb
008b0047
027d0143
05d202f4
0a6a0547
10130825
16910b70
1da80f07
251c12ce
2cb816a9
344f1a81
3bbf1e45
42ec21e9
49c52561
503e28a8
56512bbc
5bfc2e9b
61403146
662133be
6aa23607
6ecb3822
72a03a13
76273bdd
79673d82
7c653f07
7f27406d
81b241b6
840b42e6
86354400
88364503
8a1045f4
8bc846d2
8d5f47a1
007c0047
023a0144
053802f5
095a054d
0e780833
145e0b8b
1ad80f37
21b21319
28bc1716
2fce1b17
36c51f0a
3d8922e0
4408268e
4a352a0d
50082d5a
557e3073
5a983357
5f573607
63bd3886
67d03ad5
6b953cf8
6f113ef1
724840c4
75414272
77ff4401
7a884570
7ce146c4
7f0c47ff
810e4923
82eb4a31
84a54b2c
86404c14
00700047
02010144
04b402f7
08710552
0d16083f
12770ba3
18660f60
1eb5135b
253a1776
2bd01b9c
32561fb9
38b623bd
3edc279d
44bd2b51
4a4f2ed4
4f8e3223
547a353d
59133822
5d5b3ad5
61553d56
65053faa
687141d1
6b9c43d0
6e8a45a9
71414760
73c548f5
76194a6d
78424bc9
7a434d0d
7c1f4e39
7dda4f4f
7f755053
00650047
01d00144
044202f8
07a80556
0be30849
10ce0bb8
16420f85
1c151394
222117cb
28441c12
2e612055
34612484
3a322892
3fc72c77
4519302c
4a2033ae
4edd36fb
534d3a13
57733cf8
5b513faa
5eea422c
62424481
655d46ab
683f48ad
6aeb4a8b
6d674c45
6fb44de1
71d84f5e
73d550c1
75ae520b
7766533e
7900545c
005c0047
01a60144
03e002f9
06f9055a
0ad70853
0f5b0bca
14610fa5
19c413c7
1f611817
251b1c7b
2ad520e1
307b2537
35fa2970
3b482d81
40593165
45293517
49b53895
4dfc3bdd
51fe3ef1
55be41d1
593d4481
5c804701
5f884955
625a4b80
64fa4d83
676a4f63
69af5120
6bcb52bf
6dc25441
6f9655a8
714a56f7
72e1582f
00540047
01810145
038a02fa
0660055d
09ed085b
0e150bda
12b80fc1
17b613f4
1cef185a
22481cda
27a7215f
2cf825d8
322a2a38
37322e73
3c053283
409e3662
44fa3a0d
49173d82
4cf440c4
509443d0
53f846ab
57234955
5a174bd2
5cd84e23
5f69504c
61cd524e
6407542e
661955ed
6808578d
69d65911
6b845a7c
6d165bce
004d0047
01610145
033f02fb
05da0560
091e0862
0cf50be8
113f0fda
15e2141d
1ac01896
1fc01d2e
24ca21d0
29cc266a
2eb62aed
337a2f4f
38123387
3c753790
40a13b66
44943f07
484d4272
4bcd45a9
4f1448ad
52264b80
55054e23
57b3509a
5a3452e6
5c8a550b
5eb7570c
60bf58ea
62a55aa8
646a5c49
66115dce
679d5f39
00470047
01450145
02fc02fc
05630563
08680868
0bf40bf5
0ff00ff0
14401441
18cb18cc
1d7a1d7a
22362236
26ed26ee
2b922b92
30183018
34753476
38a538a6
3ca33ca3
406c406d
44004401
475f4760
4a8a4a8b
4d834d83
504b504c
52e652e6
55555556
579c579c
59bc59bc
5bb85bb9
5d935d94
5f4f5f50
60ef60ef
62736273
00420047
012c0145
02c102fd
04fa0565
07c5086e
0b100c00
0ec51004
12ca1461
170918fc
1b6d1dbe
1fe02292
24532765
28b72c28
2d0130cf
31283550
352639a4
38f73dc7
3c9841b6
40084570
434648f5
46544c45
49334f63
4be5524e
4e6b550b
50c8579c
52ff5a02
55115c41
57015e5a
58d06052
5a836228
5c1963e1
5d95657e
003d0047
01150145
028d02fd
049c0567
07340872
0a440c0a
0db81016
117a147d
15741927
19921dfc
1dc322e5
21f627d2
261d2cb1
2a2f3176
2e223617
31f03a8d
35953ed4
390f42e6
3c5b46c4
3f7a4a6d
426b4de1
45315120
47cb542e
4a3d570c
4c8859bc
4eae5c41
50b25e9d
529460d3
545862e5
560064d5
578c66a7
5900685b
00380047
01010145
025e02fe
04480569
06b20877
098d0c13
0cc71026
104a1498
1405194f
17e41e34
1bd72331
1fcf2834
23be2d2d
279a320f
2b5b36ce
2efc3b64
32783fcb
35cb4400
38f547ff
3bf54bc9
3eca4f5e
417652bf
43fa55ed
465758ea
488f5bb9
4aa55e5a
4c9960d3
4e6e6324
50266550
51c26759
53456942
54b06b0d
00350047
00f00145
023402ff
03fc056b
063d087b
08e80c1b
0bec1035
0f3814af
12b91972
165e1e67
1a182376
1dd7288f
21912d9f
253c329b
28cf3776
2c443c2a
2f9840b0
32c74503
35cf4923
38b04d0d
3b6a50c1
3dfd5441
406b578d
42b35aa8
44d95d94
46de6052
48c362e5
4a8a6550
4c366795
4dc769b6
4f3f6bb6
50a16d96
00310047
00e00145
020e02ff
03b8056c
05d4087e
08530c22
0b271042
0e3f14c4
118b1993
14fa1e95
187f23b5
1c0b28e1
1f932e08
230f331c
26763811
29c23ce1
2cf04183
2ffc45f4
32e44a31
35a84e39
3847520b
3ac255a8
3d195911
3f4d5c49
41615f50
43556228
452b64d5
46e56759
488369b6
4a096bee
4b776e04
4ccf6ff9
002e0047
00d10145
01ec02ff
037b056d
05740882
07cc0c29
0a74104d
0d5d14d8
107819b0
13b61ebf
170923ef
1a65292d
1dbf2e68
210f3392
244c38a0
27723d89
2a7b4246
2d6646d2
302f4b2c
32d74f4f
355c533e
37bf56f7
3a005a7c
3c215dce
3e2260ef
400663e1
41cd66a7
43796942
450b6bb6
46856e04
47e9702e
49377238
002b0047
00c40145
01cd0300
0343056f
051d0885
07510c2f
09d01058
0c8e14ea
0f7c19cb
128c1ee6
15b22424
18e22972
1c112ec0
1f3733ff
224d3924
254e3e24
283542fb
2b0047a1
2dac4c14
30385053
32a4545c
34f0582f
371c5bce
392a5f39
3b1a6273
3ced657e
3ea5685b
40436b0d
41c96d96
43386ff9
44917238
45d67455
7ff00021
d29a0036
eab1003c
f3dc003f
f82f0040
fa8a0040
fbf30041
fcdd0041
fd7c0041
fded0041
fe400041
fe7f0041
feaf0041
fed60041
fef40042
ff0e0041
ff220042
ff330042
ff420042
ff4e0042
ff590042
ff620042
ff6a0042
ff710042
ff770042
ff7d0042
ff820041
ff860042
ff8a0042
ff8d0042
ff900042
ff930042
2d300036
7fb40098
b3e200d5
cfcd00f6
df410108
e8680113
ee2e011a
f207011e
f4b40121
f6a10124
f8100125
f9280126
fa020127
faaf0128
fb3a0129
fbac0129
fc0a012a
fc59012a
fc9b012b
fcd4012b
fd04012b
fd2f012b
fd53012b
fd73012c
fd8f012c
fda8012c
fdbf012c
fdd3012c
fde4012c
fdf4012c
fe03012c
fe10012c
1513003c
4b4900d5
7f4d0167
a4b701d0
bd910217
ce070245
d9300264
e0f9027a
e692028a
eab40296
edd4029e
f03e02a5
f22402ab
f3a902af
f4e402b2
f5e702b5
f6be02b8
f77302b9
f80c02bb
f88f02bc
f8ff02be
f96102bf
f9b502c0
fa0002c1
fa4202c1
fa7c02c2
fab002c2
fade02c3
fb0802c3
fb2d02c4
fb4f02c4
fb6e02c4
0be5003f
2f3d00f6
597901d0
7eb70292
9b9c0327
b0fb0396
c0a103e7
cc2b0423
d4cc0450
db5c0472
e070048c
e46c04a1
e79a04b1
ea2c04be
ec4604c9
ee0404d2
ef7704da
f0b204e0
f1bd04e5
f2a204ea
f36704ee
f41304f1
f4a904f5
f52d04f7
f5a104fa
f60804fc
f66504fd
f6b704ff
f7010501
f7440502
f7800503
f7b70504
07910040
1fb70108
40580217
613d0327
7df50416
955004d7
a7b5056f
b60b05e6
c13a0643
ca02068c
d0f906c6
d68d06f4
db130719
dec60738
e1d50751
e4620767
e6890778
e85b0788
e9eb0794
eb4207a0
ec6c07a9
ed7007b2
ee5307b9
ef1c07c0
efcd07c5
f06b07cb
f0f807cf
f17607d3
f1e807d7
f24e07da
f2ab07dd
f2ff07e0
05360040
16850113
2fb40245
4b6f0396
65d904d7
7d0805f1
907c06dd
a071079f
ad69083d
b7ee08bd
c07e0925
c780097a
cd4609c0
d21109fb
d6140a2b
d9740a55
dc520a77
dec50a95
e0e10aaf
e2b40ac5
e44a0ad8
e5ae0ae9
e6e60af8
e7fa0b05
e8f00b10
e9ca0b1b
ea8e0b24
eb3d0b2d
ebdb0b34
ec6a0b3b
ecec0b41
ed620b47
03cc0041
10b8011a
246c0264
3b7803e7
52dc056f
68a706dd
7bf00821
8c7c0937
9a720a21
a6220ae5
afe30b89
b80b0c12
bee10c85
c4a40ce5
c9840d37
cdab0d7d
d13a0db8
d4490dec
d6f00e18
d93e0e3f
db420e61
dd080e7e
de980e99
dffb0eb0
e1370ec5
e2520ed7
e34f0ee8
e4320ef7
e5000f04
e5ba0f11
e6630f1c
e6fd0f26
02e20041
0cdb011e
1c8d027a
2fb20423
440f05e6
57f0079f
6a4d0937
7aaf0aa2
88f90bdf
95480cf0
9fcf0dd9
a8ca0ea1
b0730f4b
b6ff0fdc
bc9d1058
c17110c3
c59e1120
c93d1170
cc6511b6
cf2811f4
d196122a
d3bb1259
d5a21283
d75312a9
d8d512ca
da3012e8
db671303
dc80131b
dd7e1331
de641346
df361358
dff51368
02430041
0a2b0121
16e4028a
26e40450
38830643
4a5a083d
5b6d0a21
6b280bdf
79480d70
85c40ed1
90ae1007
9a2c1114
a26811fd
a98b12c8
afbd1378
b5201410
b9d31495
bdef150a
c18a1570
c4b715ca
c785161a
ca031660
cc3a169f
ce3516d7
cffb1709
d1921737
d3021760
d44f1784
d57c17a6
d68e17c4
d78717e0
d86c17f9
01d20041
083b0124
12b60296
20320472
2f72068c
3f5508bd
4ef90ae5
5dc80cf0
6b6b0ed1
77be1084
82bd1209
8c781360
950b148f
9c931599
a3311682
a9011750
ae1e1804
b2a018a4
b69d1930
ba2419ad
bd481a1c
c0141a7e
c2941ad7
c4d11b26
c6d51b6d
c8a61bad
ca4a1be7
cbc71c1c
cd211c4b
ce5c1c77
cf7c1c9f
d0841cc3
017f0041
06cb0125
0f8e029e
1b04048c
284106c6
365d0925
44940b89
52580dd9
5f4b1007
6b3a1209
761213dc
7fd3157f
888916f6
904a1844
972d196c
9d491a73
a2b51b5d
a7871c2c
abd01ce5
afa31d89
b30d1e1c
b61c1ea0
b8db1f16
bb531f81
bd8e1fe0
bf922037
c1652086
c30e20cd
c491210f
c5f2214a
c7362180
c85e21b2
01400041
05b20126
0d1d02a5
16f304a1
227f06f4
2f06097a
3be30c12
48950ea1
54c01114
60281360
6aae157f
7449176e
7cfa192f
84ce1ac3
8bd41c2d
921e1d72
97bf1e94
9cc91f98
a14d2081
a5592151
a8fc220d
ac4122b6
af34234e
b1de23d7
b4482453
b67824c4
b875252b
ba452588
bbec25dd
bd6f262c
bed22673
c01826b5
01100041
04d70127
0b3102ab
13b504b1
1dd40719
28fa09c0
349a0c85
40420f4b
4b9b11fd
5666148f
608116f6
69d7192f
72641b38
7a2c1d12
813a1ebf
87982043
8d5721a1
928522dd
973023f9
9b6624f9
9f3325e1
a2a326b2
a5bf2770
a891281b
ab2128b7
ad752946
af9529c7
b1862a3d
b34d2aa9
b4ee2b0c
b66c2b67
b7cc2bbb
00e90041
04290128
09a802af
111604be
1a020738
23f409fb
2e770ce5
39250fdc
43ad12c8
4dd41599
57721844
606f1ac3
68c21d12
70681f31
77652122
7dc322e6
838b2481
88cb25f6
8d8e2747
91de287a
95c92990
99562a8d
9c922b72
9f822c43
a2302d01
a4a22daf
a6de2e4e
a8ea2edf
aacb2f64
ac842fdf
ae1a3050
af9130b8
00ca0042
039d0129
086a02b2
0ef104c9
16da0751
1fc10a2b
29450d37
330b1058
3ccb1378
464d1682
4f67196c
57ff1c2d
60071ebf
67792122
6e562354
74a22558
7a642730
7fa628df
84722a68
88d02bce
8ccc2d14
906d2e3e
93bd2f4e
96c43046
99883128
9c1031f8
9e6232b6
a0843364
a2793405
a4463499
a5f03521
a779359f
00b10041
032b0129
076402b5
0d2a04d2
14370767
1c370a55
24d80d7d
2dcc10c3
36d01410
3faf1750
48441a73
50701d72
58252043
5f5722e6
66062558
6c33279a
71e229af
77192b98
7be22d58
80442ef2
8446306a
87f231c2
8b4e32fd
8e63341e
91363526
93ce3619
963036f8
986137c6
9a663883
9c423932
9dfb39d3
9f923a68
009c0042
02cc012a
068a02b8
0baf04da
11ff0778
19370a77
210e0db8
29421120
31981495
39de1804
41ee1b5d
49ad1e94
510821a1
57f42481
5e6c2730
646f29af
6a012bfe
6f252e20
73e13017
783c31e6
7c3c3390
7fea3516
834b367d
866737c7
894238f7
8be43a0e
8e4f3b10
908c3bfd
929c3cd8
94833da3
96473e5e
97e93f0c
008b0042
027d012a
05d402b9
0a6e04e0
101d0788
16a60a95
1dcb0dec
25531170
2d07150a
34bc18a4
3c4d1c2c
439f1f98
4a9e22dd
513f25f6
577b28df
5d4f2b98
62bb2e20
67c3307a
6c6b32a7
70b834a9
74af3684
78583839
7bb839cd
7ed43b41
81b23c98
84583dd4
86c93ef9
890b4007
8b224100
8d1141e8
8edc42be
90864385
007c0042
023a012b
053902bb
095e04e5
0e810794
14700aaf
1af80e18
21e511b6
29061570
30331930
374b1ce5
3e322081
44d723f9
4b2b2747
51262a68
56c62d58
5c083017
60ee32a7
657c3508
69b5373d
6d9e3948
713c3b2c
74943ceb
77ac3e89
7a884008
7d2e4169
7fa042b1
81e443e0
83fe44f9
85f145fe
87c046f0
896f47d0
00700042
0201012b
04b502bc
087404ea
0d1e07a0
12870ac5
18830e3f
1ee411f4
257f15ca
2c2f19ad
32d41d89
39562151
3fa124f9
45a8287a
4b622bce
50ca2ef2
55de31e6
5a9f34a9
5f0e373d
632f39a2
67043bdd
6a933dee
6de03fd9
70ef41a0
73c54346
766644cd
78d64638
7b194788
7d3348c0
7f2649e3
80f64af1
82a74bec
00650042
01d1012b
044302be
07ab04ee
0beb07a9
10de0ad8
165d0e61
1c40122a
2261161a
289c1a1c
2ed71e1c
34f7220d
3aec25e1
40a72990
46202d14
4b50306a
50343390
54cd3684
591a3948
5d1f3bdd
60de3e45
64594083
67974298
6a9a4488
6d674654
70004800
726a498e
74a94aff
76c04c57
78b14d97
7a814ec0
7c304fd6
005c0042
01a6012b
03e002bf
06fc04f1
0ade07b2
0f690ae9
147a0e7e
19ec1259
1f9d1660
256e1a7e
2b441ea0
310922b6
36ab26b2
3c1d2a8d
41552e3e
464c31c2
4b003516
4f6f3839
53983b2c
577f3dee
5b244083
5e8b42eb
61b6452a
64aa4741
676a4933
69fa4b03
6c5c4cb3
6e944e45
70a54fbc
72935119
745f525e
760c538e
00540042
0182012b
038b02c0
066204f5
09f407b9
0e220af8
12cf0e99
17db1283
1d27169f
22951ad7
280f1f16
2d7e234e
32d12770
37fc2b72
3cf52f4e
41b532fd
4638367d
4a7b39cd
4e813ceb
52473fd9
55d14298
5920452a
5c384790
5f1b49ce
61cd4be5
64504dd8
66a84fa9
68d7515c
6ae152f1
6cc9546b
6e8f55cc
70385716
004d0042
0161012c
033f02c1
05dc04f7
092407c0
0d010b05
11550eb0
160412a9
1af416d7
20091b26
252c1f81
2a4b23d7
2f54281b
343b2c43
38f63046
3d7f341e
41d237c7
45eb3b41
49cb3e89
4d7141a0
50de4488
54154741
571749ce
59e84c30
5c8a4e6b
5eff5081
614b5273
63705444
657155f7
6751578d
6911590a
6ab45a6d
00470042
0145012c
02fd02c1
056504fa
086e07c5
0c000b10
10040ec5
146112ca
18fc1709
1dbe1b6d
22921fe0
27652453
2c2828b7
30cf2d01
35503128
39a43526
3dc738f7
41b63c98
45704008
48f54346
4c454654
4f634933
524e4be5
550b4e6b
579c50c8
5a0252ff
5c415511
5e5a5701
605258d0
62285a83
63e15c19
657e5d95
00410042
012c012c
02c202c2
04fc04fc
07ca07cb
0b1b0b1b
0ed70ed7
12e812e8
17371737
1bad1bad
20372037
24c424c4
29452946
2daf2daf
31f831f8
36193619
3a0e3a0e
3dd43dd4
41694169
44cd44cd
48004800
4b034b03
4dd84dd8
50805081
52ff52ff
55555556
57865786
59935993
5b7f5b7f
5d4c5d4c
5efc5efc
60916091
003d0041
0115012c
028e02c2
049e04fd
073907cf
0a4e0b24
0dc90ee8
11961303
159e1760
19cf1be7
1e152086
2260252b
26a429c7
2ad42e4e
2ee832b6
32d836f8
36a13b10
3a3e3ef9
3daf42b1
40f24638
4408498e
46f14cb3
49af4fa9
4c425273
4eae5511
50f45786
531659d4
55165bfe
56f65e05
58b95fec
5a5f61b5
5bec6361
00380042
0101012c
025f02c3
044a04ff
06b707d3
09960b2d
0cd70ef7
1065131b
142d1784
181d1c1c
1c2520cd
20332588
243d2a3d
28372edf
2c183364
2fd937c6
33773bfd
36ee4007
3a3c43e0
3d5f4788
40584aff
43274e45
45cd515c
484c5444
4aa55701
4cda5993
4eec5bfe
50df5e43
52b36064
546a6264
56076445
578a6609
00340042
00f0012c
023502c3
03fe0501
064107d7
08f10b34
0bfc0f04
0f511331
12de17a6
16941c4b
1a60210f
1e3725dd
220a2aa9
25d12f64
29823405
2d173883
308c3cd8
33de4100
370944f9
3a0d48c0
3ce94c57
3f9f4fbc
422e52f1
449855f7
46de58d0
49025b7f
4b055e05
4ce96064
4eb1629f
505d64b7
51ef66af
53696889
00310042
00e0012c
020f02c4
03ba0502
05d807da
085b0b3b
0b350f11
0e561346
11ae17c4
152d1c77
18c4214a
1c65262c
20062b0c
239d2fdf
27213499
2a8c3932
2dda3da3
310741e8
341145fe
36f749e3
39b84d97
3c545119
3ecc546b
4122578d
43555a83
45685d4c
475b5fec
49326264
4aec64b7
4c8d66e7
4e1468f5
4f856ae4
002e0042
00d1012c
01ed02c4
037d0503
057807dd
07d30b41
0a810f1c
0d721358
109917e0
13e51c9f
174a2180
1abb2673
1e2d2b67
21963050
24ef3521
283239d3
2b5b3e5e
2e6642be
315046f0
34194af1
36bf4ec0
3943525e
3ba555cc
3de5590a
40065c19
42085efc
43ec61b5
45b46445
476266af
48f768f5
4a746b19
4bda6d1d
002b0042
00c4012c
01ce02c4
03450504
052107e0
07570b47
09dd0f26
0ca31368
0f9b17f9
12b91cc3
15f021b2
193326b5
1c792bbb
1fb730b8
22e8359f
26063a68
290b3f0c
2bf54385
2ec147d0
316d4bec
33fa4fd6
3666538e
38b25716
3adf5a6d
3ced5d95
3ede6091
40b36361
426d6609
440e6889
45976ae4
47096d1d
48666f34
7ff1001f
d29e0032
eab50038
f3e0003a
f834003b
fa8e003c
fbf8003c
fce1003c
fd81003c
fdf2003c
fe45003c
fe83003d
feb4003d
feda003d
fef9003d
ff12003d
ff27003d
ff38003d
ff47003d
ff53003d
ff5e003d
ff67003d
ff6f003d
ff76003d
ff7c003d
ff82003d
ff86003d
ff8b003d
ff8f003d
ff92003d
ff95003d
ff98003d
2d300032
7fba008c
b3ee00c5
cfdc00e3
df5200f4
e87b00fe
ee420105
f21b0109
f4c8010c
f6b6010e
f826010f
f93d0111
fa180111
fac40112
fb500113
fbc20113
fc200114
fc6f0114
fcb10114
fcea0114
fd1a0115
fd450115
fd690115
fd8a0115
fda60115
fdbf0115
fdd50116
fde90116
fdfa0116
fe0b0116
fe190116
fe260116
15130038
4b4d00c5
7f5a014c
a4cd01ae
bdaf01ef
ce2a021a
d9560237
e123024b
e6be025a
eae20264
ee03026c
f06e0273
f2550278
f3da027c
f516027f
f6190282
f6f00284
f7a50286
f83f0287
f8c20288
f932028a
f994028b
f9e9028c
fa34028c
fa76028d
fab0028e
fae4028e
fb12028f
fb3c028f
fb62028f
fb830290
fba20290
0be6003a
2f4100e3
598501ae
7ed00261
9bc102eb
b12a0352
c0d9039d
cc6a03d5
d51103fe
dba6041d
e0bc0436
e4bc0449
e7ec0458
ea7f0465
ec9b046f
ee5a0477
efcf047e
f10a0484
f2160489
f2fb048d
f3c10491
f46e0494
f5040497
f588049a
f5fd049c
f665049e
f6c104a0
f71404a1
f75e04a2
f7a104a4
f7dd04a5
f81404a6
0791003b
1fba00f4
406201ef
615402eb
7e1c03c8
9586047c
a7f90509
b65b0578
c19405ce
ca660611
d1630647
d6fd0672
db870695
df3f06b1
e25106c9
e4e206dc
e70a06ed
e8df06fb
ea700707
ebc90711
ecf5071a
edf90722
eede0729
efa7072f
f05a0734
f0f80739
f186073d
f2040741
f2760745
f2dd0748
f33b074a
f38f074d
0536003c
168700fe
2fbc021a
4b840352
65fe047c
7d400581
90c6065d
a0cd0711
add407a4
b867081a
c103087b
c80f08ca
cddd090c
d2af0942
d6b7096f
da1e0995
dd0009b6
df7709d1
e19609e9
e36c09fe
e5040a10
e66a0a20
e7a50a2d
e8bb0a3a
e9b20a44
ea8e0a4e
eb520a57
ec030a5f
eca20a66
ed320a6c
edb50a71
ee2b0a77
03cc003c
10b90105
24730237
3b8a039d
52fe0509
68dd065d
7c3b078a
8cdd088c
9ae80965
a6aa0a1c
b07c0ab5
b8b20b34
bf950b9f
c5630bf9
ca4d0c45
ce7d0c86
d2120cbe
d5280cee
d7d40d17
da270d3b
dc300d5b
ddf90d77
df8d0d8f
e0f30da5
e2320db8
e34f0dc9
e44e0dd9
e5340de7
e6030df4
e6bf0dff
e76a0e09
e8050e13
02e3003c
0cdc0109
1c92024b
2fc103d5
442d0578
58220711
6a97088c
7b1109de
89740b05
95da0c03
a0760cdd
a9840d96
b13f0e35
b7da0ebd
bd850f31
c2660f95
c69d0feb
ca461036
cd761078
d04110b1
d2b610e3
d4e11110
d6cc1138
d882115a
da09117a
db671196
dca211af
ddbe11c6
debf11da
dfa811ed
e07c11fe
e13d120e
0243003c
0a2c010c
16e8025a
26f103fe
389e05ce
4a8807a4
5bb30965
6b870b05
79c30c7a
86590dc4
915d0ee5
9af30fe0
a34510ba
aa7c1177
b0bf121c
b63212ab
baf41327
bf1c1395
c2c313f4
c5fb1449
c8d31493
cb5914d5
cd981510
cf991545
d1651574
d302159e
d47715c5
d5c815e7
d6fa1606
d80f1623
d90c163d
d9f41654
01d2003c
083c010e
12ba0264
203d041d
2f890611
3f7f081a
4f3a0a1c
5e230c03
6be30dc4
78530f5a
836f10c5
8d461206
95f21322
9d93141a
a44614f6
aa2a15b6
af5a165f
b3ed16f5
b7f81779
bb8e17ee
bebe1855
c19518b2
c41f1905
c6661950
c8721992
ca4a19cf
cbf61a05
cd781a37
ced81a64
d0191a8d
d13e1ab2
d24a1ad4
017f003c
06cb010f
0f91026c
1b0e0436
28560647
3682087b
44cf0ab5
52ad0cdd
5fbe0ee5
6bcc10c5
76c3127a
80a21403
89761562
9153169b
985017b1
9e8418a8
a4061984
a8ec1a46
ad481af4
b12c1b8f
b4a51c19
b7c21c95
ba8e1d05
bd121d69
bf581dc3
c1651e15
c3421e5f
c4f31ea2
c67e1ee0
c7e61f18
c9301f4b
ca5e1f7a
0140003d
05b20111
0d1f0273
16fb0449
22910672
2f2708ca
3c1a0b34
48e60d96
552d0fe0
60b41206
6b5b1403
751715d3
7de81778
85db18f2
8cfe1a47
93641b78
991f1c8a
9e411d7e
a2da1e5a
a6fb1f1f
aab01fd0
ae07206f
b10920ff
b3c22180
b63821f6
b8752260
ba7d22c2
bc57231a
be08236b
bf9423b4
c0ff23f8
c24d2436
010f003d
04d70111
0b330278
13bc0458
1de40695
2917090c
34cc0b9f
408c0e35
4c0110ba
56ec1322
61281562
6aa01778
73501960
7b391b1f
82661cb3
88e41e20
8ec01f6a
94082094
98cd21a0
9d1a2293
a0fd236e
a4802434
a7af24e7
aa92258a
ad32261d
af9526a4
b1c3271f
b3c0278f
b59227f5
b73e2853
b8c628aa
ba3028f9
00e9003d
042a0112
09aa027c
111c0465
1a1006b1
240f0942
2ea40bf9
39690ebd
440d1177
4e53141a
5812169b
613318f2
69a81b1f
71711d1e
78911ef2
7f10209c
84f82221
8a562381
8f3424c1
939f25e3
97a226eb
9b4727da
9e9728b4
a19b297a
a45b2a2f
a6de2ad4
a92a2b6b
ab452bf5
ad332c74
aef92ce8
b09b2d54
b21c2db7
00ca003d
039d0113
086b027f
0ef6046f
16e606c9
1fda096f
296e0c45
334a0f31
3d25121c
46c414f6
4fff17b1
58bb1a47
60e71cb3
687d1ef2
6f7e2104
75ec22ec
7bd024ab
81322643
861d27b7
8a98290b
8eaf2a41
926a2b5c
95d22c5e
98ee2d4a
9bc72e22
9e622ee8
a0c62f9d
a2f93043
a4fd30dc
a6d93169
a89031eb
aa263263
00b1003d
032b0113
07650282
0d2f0477
144206dc
1c4d0995
24fd0c86
2e050f95
372312ab
402015b6
48d418a8
51241b78
58fc1e20
6054209c
672822ec
6d782510
734a2708
78a428d8
7d8e2a81
820e2c07
862e2d6d
89f52eb4
8d6c2fe0
909830f4
938331f0
963032d8
98a633ad
9ae93472
9d003526
9eed35cd
a0b43668
a25a36f6
009c003d
02cc0114
068c0284
0bb3047e
120906ed
194a09b6
21300cbe
29780feb
31e51327
3a47165f
42761984
4a571c8a
51d61f6a
58e72221
5f8524ab
65ae2708
6b642939
70ab2b40
75892d1e
7a042ed7
7e24306c
81f031e1
856d3338
88a33473
8b973595
8e4f36a1
90d23797
9322387b
9545394d
973f3a0f
99133ac3
9ac63b69
008b003d
027d0114
05d50286
0a720484
102606fb
16b809d1
1dea0cee
25841036
2d4f1395
351e16f5
3cce1a46
44411d7e
4b642094
52292381
588b2643
5e8428d8
64152b40
69422d7c
6e0d2f8e
727c3179
7695333e
7a5d34e0
7dda3662
811237c6
840b390f
86c93a3e
89523b57
8bab3c5a
8dd63d4a
8fd93e29
91b63ef7
93713fb7
007c003d
023b0114
053a0287
09610489
0e890707
148109e9
1b150d17
22121078
294913f4
308f1779
37c41af4
3ecc1e5a
459321a0
4c0b24c1
522c27b7
57f12a81
5d592d1e
62652f8e
671731d3
6b7233ef
6f7d35e3
733c37b2
76b3395f
79e83aec
7ce13c5b
7fa03daf
822c3eea
8488400e
86b8411d
88c04218
8aa34301
8c6443da
0070003d
02020114
04b60288
0878048d
0d260711
129609fe
189e0d3b
1f0e10b1
25bc1449
2c8417ee
33451b8f
39e61f1f
40532293
467e25e3
4c5d290b
51eb2c07
57252ed7
5c0b3179
609f33ef
64e3363a
68db385c
6c8c3a57
6ff93c2e
73263de4
76193f7a
78d640f2
7b604250
7dbc4395
7fed44c2
81f745da
83dd46df
85a047d2
0065003d
01d10115
0444028a
07ae0491
0bf1071a
10ec0a10
16750d5b
1c6710e3
229a1493
28ed1855
2f421c19
35801fd0
3b95236e
417326eb
47102a41
4c652d6d
5170306c
562d333e
5aa035e3
5ec9385c
62ab3aab
66493cd1
69a83ed2
6cca40af
6fb4426b
726a4408
74f04588
774946ed
7978483a
7b81496f
7d664a90
7f2b4b9d
005c003d
01a60115
03e1028b
06fe0494
0ae50722
0f760a20
14900d77
1a0f1110
1fd214d5
25b918b2
2ba91c95
318a206f
374c2434
3cdf27da
423a2b5c
47572eb4
4c2f31e1
50c334e0
551237b2
591d3a57
5ce63cd1
606f3f22
63bc414c
66d04350
69af4531
6c5c46f1
6eda4893
712d4a18
73584b83
755d4cd6
77404e12
79034f3a
0054003d
01820115
038b028c
06650497
09f90729
0e2e0a2d
12e40d8f
17fc1138
1d581510
22dc1905
286d1d05
2df820ff
336a24e7
38b528b4
3dd02c5e
42b42fe0
475b3338
4bc43662
4fee395f
53d93c2e
57863ed2
5af8414c
5e32439c
613645c6
640747cb
66a849af
691c4b72
6b674d17
6d8c4ea0
6f8b5010
716a5167
732952a9
004d003d
01610115
0340028c
05de049a
092a072f
0d0b0a3a
11680da5
1624115a
1b221545
204a1950
25851d69
2abe2180
2fe4258a
34eb297a
39c82d4a
3e7430f4
42ea3473
472837c6
4b2c3aec
4ef63de4
528740af
55e04350
590445c6
5bf64814
5eb74a3d
614b4c42
63b44e26
65f54fea
68115191
6a0a531d
6be25490
6d9d55ea
0047003d
01450115
02fd028d
0567049c
08720734
0c0a0a44
10160db8
147d117a
19271574
1dfc1992
22e51dc3
27d221f6
2cb1261d
31762a2f
36172e22
3a8d31f0
3ed43595
42e6390f
46c43c5b
4a6d3f7a
4de1426b
51204531
542e47cb
570c4a3d
59bc4c88
5c414eae
5e9d50b2
60d35294
62e55458
64d55600
66a7578c
685b5900
0041003d
012c0115
02c2028e
04fd049e
07cf0739
0b240a4e
0ee80dc9
13031196
1760159e
1be719cf
20861e15
252b2260
29c726a4
2e4e2ad4
32b62ee8
36f832d8
3b1036a1
3ef93a3e
42b13daf
463840f2
498e4408
4cb346f1
4fa949af
52734c42
55114eae
578650f4
59d45316
5bfe5516
5e0556f6
5fec58b9
61b55a5f
63615bec
003d003d
01150116
028e028e
049f04a0
073d073d
0a570a57
0dd90dd9
11af11af
15c415c5
1a051a05
1e5f1e5f
22c122c2
271e271f
2b6b2b6b
2f9d2f9d
33ad33ad
37973797
3b573b57
3eea3eea
42504250
45884588
48934893
4b724b72
4e264e26
50b150b2
53165316
55555556
57725772
596d596e
5b4a5b4a
5d095d0a
5eae5eae
0038003d
01010116
025f028f
044b04a1
06bb0741
099e0a5f
0ce50de7
107c11c6
145115e7
18511a37
1c6b1ea2
208f231a
24b1278f
28c62bf5
2cc43043
30a53472
3463387b
37fb3c5a
3b6a400e
3eaf4395
41ca46ed
44bb4a18
47824d17
4a214fea
4c995294
4eec5516
511c5772
532b59aa
551a5bc0
56ec5db6
58a25f8d
5a3d6149
0034003d
00f00116
0235028f
040004a2
06450745
08f80a66
0c090df4
0f6711da
13001606
16c41a64
1aa21ee0
1e8d236b
227927f5
26592c74
2a2730dc
2dda3526
316e394d
34e03d4a
382b411d
3b5144c2
3e4e483a
41254b83
43d44ea0
465e5191
48c35458
4b0556f6
4d25596e
4f265bc0
51095def
52cf5ffd
547a61ed
560c63bf
0031003d
00df0116
020f028f
03bb04a4
05db0748
08620a6c
0b420dff
0e6b11ed
11ce1623
155a1a8d
19021f18
1cb823b4
206f2853
241f2ce8
27be3169
2b4635cd
2eb23a0f
31fe3e29
35284218
382f45da
3b10496f
3dcd4cd6
40655010
42d9531d
452b5600
475b58b9
496c5b4a
4b5e5db6
4d345ffd
4eef6223
508f6429
52186611
002e003d
00d10116
01ed0290
037e04a5
057b074a
07da0a71
0a8d0e09
0d8611fe
10b7163d
14101ab2
17851f4b
1b0923f8
1e9028aa
22112d54
258531eb
28e43668
2c2a3ac3
2f533ef7
325c4301
354446df
380a4a90
3aae4e12
3d2f5167
3f8e5490
41cd578c
43ec5a5f
45ed5d0a
47d15f8d
499961ed
4b486429
4cde6645
4e5c6842
002b003d
00c40116
01ce0290
034604a6
0524074d
075e0a77
09e80e13
0cb5120e
0fb81654
12e21ad4
16281f7a
197d2436
1cd728f9
202d2db7
23773263
26b036f6
29d13b69
2cd83fb7
2fc243da
328e47d2
35384b9d
37c34f3a
3a2e52a9
3c7955ea
3ea55900
40b35bec
42a45eae
447a6149
463563bf
47d76611
49626842
4ad76a53
7ff2001d
d2a0002f
eab80034
f3e40036
f8380037
fa920037
fbfc0038
fce60038
fd850038
fdf60038
fe490038
fe880038
feb80038
fedf0038
fefe0038
ff170038
ff2b0038
ff3d0038
ff4b0038
ff580038
ff620038
ff6c0038
ff740038
ff7b0038
ff810038
ff860038
ff8b0038
ff8f0039
ff930038
ff970038
ff9a0038
ff9d0038
2d31002f
7fbf0082
b3f800b7
cfe900d3
df6100e3
e88b00ec
ee5300f2
f22d00f6
f4db00f8
f6c900fa
f83800fc
f95100fd
fa2b00fe
fad800fe
fb6300ff
fbd50100
fc330100
fc820100
fcc50100
fcfd0101
fd2e0101
fd580101
fd7d0101
fd9d0101
fdba0101
fdd30101
fde90101
fdfd0102
fe0e0102
fe1e0102
fe2d0102
fe3a0102
15140034
4b5100b7
7f660134
a4e1018f
bdc901cb
ce4a01f3
d979020e
e1480221
e6e5022f
eb0a0239
ee2d0240
f0980246
f280024a
f406024e
f5420251
f6460253
f71d0256
f7d30257
f86c0259
f8ef025a
f960025b
f9c2025c
fa17025d
fa62025e
faa4025e
fade025f
fb12025f
fb410260
fb6a0260
fb900260
fbb20261
fbd10261
0be60036
2f4400d3
5990018f
7ee60235
9be202b6
b1550315
c10c035b
cca3038f
d54f03b5
dbe703d3
e10103e9
e50303fb
e8350409
eaca0415
ece7041e
eea70426
f01d042c
f1580432
f2650437
f34b043b
f412043e
f4bf0441
f5550444
f5da0446
f64f0448
f6b7044a
f714044b
f766044d
f7b1044e
f7f4044f
f8310450
f8680451
07910037
1fbc00e3
406c01cb
616802b6
7e3f0383
95b7042a
a83704ad
b6a40514
c1e60564
cabf05a3
d1c305d5
d76205fd
dbf0061e
dfab0638
e2c0064e
e5540660
e77e0670
e955067d
eae70688
ec420692
ed6f069a
ee7406a1
ef5a06a8
f02406ad
f0d706b2
f17606b7
f20406bb
f28406be
f2f606c1
f35e06c4
f3bb06c7
f41006c9
05370037
168900ec
2fc301f3
4b960315
661f042a
7d72051d
910905ea
a1200691
ae34071a
b8d40788
c17a07e3
c88e082d
ce64086a
d33d089c
d74b08c6
dab508ea
dd9c0908
e0160922
e2380938
e411094b
e5ac095c
e714096b
e8500978
e9680983
ea60098d
eb3d0996
ec03099e
ecb509a6
ed5509ac
ede609b2
ee6909b7
eee009bc
03cc0038
10bb00f2
2479020e
3b99035b
531c04ad
690d05ea
7c7f0702
8d3507f2
9b5208bd
a7240968
b10509f6
b9480a6d
c0370ad1
c60f0b25
cb010b6c
cf380ba9
d2d40bdd
d5f00c09
d8a10c30
daf90c52
dd060c6f
ded30c89
e06a0ca0
e1d20cb5
e3130cc7
e4320cd7
e5340ce5
e61c0cf2
e6ed0cfe
e7aa0d09
e8560d12
e8f30d1b
02e20038
0cdd00f6
1c970221
2fce038f
44480514
584f0691
6ad907f2
7b6a092d
89e20a41
965c0b2e
a10c0bf9
aa2b0ca7
b1f60d3b
b89f0dba
be560e27
c3420e84
c7830ed5
cb340f1c
ce6c0f59
d13e0f8f
d3b80fbe
d5e90fe7
d7da100c
d993102d
db1e104a
dc801065
ddbe107c
dedc1092
dfe010a5
e0cc10b6
e1a210c6
e26510d5
02430038
0a2d00f8
16ec022f
26fc03b5
38b60564
4ab2071a
5bf108bd
6bdd0a41
7a320b9d
86df0cd2
91fa0de0
9ba60ecb
a40b0f97
ab541049
b1a810e2
b72a1168
bbf811dd
c02d1243
c3de129d
c71f12ed
ca001332
cc8d1371
ced313a8
d0db13d9
d2ac1405
d44f142d
d5c81451
d71d1472
d853148f
d96c14a9
da6c14c2
db5714d8
01d20038
083d00fa
12bd0239
204603d3
2f9e05a3
3fa40788
4f740968
5e760b2e
6c4f0cd2
78d90e4e
840f0fa1
8dff10ce
96c311d8
9e7912c1
a541138f
ab381443
b07814e2
b51a156f
b93315eb
bcd51659
c01016bb
c2f11712
c5851760
c7d417a6
c9e817e4
cbc7181d
cd781851
cf02187f
d06718a9
d1ac18d0
d2d518f3
d3e61913
017f0038
06cc00fc
0f930240
1b1603e9
286805d5
36a307e3
450509f6
52fb0bf9
60260de0
6c500fa1
7763113a
815e12aa
8a4c13f5
9242151b
99571620
9fa11708
a53717d7
aa30188e
ae9d1932
b29019c3
b6181a46
b9421abb
bc191b24
bea81b82
c0f81bd7
c30e1c25
c4f31c6b
c6ac1caa
c83d1ce4
c9ac1d19
cafc1d49
cc2f1d76
01400038
05b200fd
0d220246
170203fb
22a105fd
2f45082d
3c4b0a6d
492e0ca7
558f0ecb
613310ce
6bf812aa
75d1145e
7ec015e9
86ce174e
8e0c188f
948c19ae
9a5e1ab0
9f961b97
a4431c66
a8771d1f
ac3d1dc7
afa31e5d
b2b41ee5
b57a1f5f
b7fd1fcf
ba452033
bc57208f
be3b20e3
bff4212f
c1882175
c2fb21b5
c44f21f0
01100038
04d700fe
0b36024a
13c20409
1df2061e
2932086a
34f80ad1
40cf0d3b
4c5e0f97
576511d8
61bf13f5
6b5715e9
742517b6
7c2d1959
83781ad6
8a111c2f
90071d67
95691e80
9a441f7e
9ea72063
a29e2132
a63421ee
a9742297
ac672331
af1523be
b186243d
b3c024b1
b5c9251c
b7a6257d
b95b25d6
baed2628
bc5e2674
00e90038
042a00fe
09ac024e
11210415
1a1d0638
2427089c
2ecc0b25
39a70dba
44631049
4ec612c1
58a3151b
61e4174e
6a7a1959
72621b3c
79a11cf5
803f1e88
86441ff7
8bbd2144
90b52273
95392386
99522480
9d0c2563
a0702632
a38726ee
a657279a
a8ea2837
ab4528c6
ad6d294a
af6829c2
b13a2a31
b2e62a97
b4722af5
00ca0038
039e00ff
086d0251
0efb041e
16f2064e
1fef08c6
29930b6c
33830e27
3d7610e2
4730138f
50891620
5965188f
61b21ad6
696a1cf5
708b1eea
771a20b7
7d1d225e
829c23e1
87a32542
8c392685
906927ab
943b28b8
97b929ad
9aea2a8e
9dd72b5b
a0842c18
a2f92cc4
a53a2d63
a74d2df5
a9372e7b
aafa2ef7
ac9b2f6a
00b10038
032b0100
07670253
0d330426
144c0660
1c6108ea
251f0ba9
2e3a0e84
376e1168
40851443
49571708
51c619ae
59c01c2f
61391e88
682f20b7
6ea122be
7494249c
7a0d2654
7f1527e8
83b2295b
87ed2aaf
8bce2be7
8f5d2d05
92a12e0b
95a02efc
98612fd9
9ae930a5
9d3e3161
9f65320e
a16232ad
a3373341
a4eb33c9
009d0038
02cd0100
068d0256
0bb7042c
12120670
195c0908
214f0bdd
29a80ed5
322b11dd
3aa614e2
42f217d7
4af21ab0
52921d67
59c51ff7
6085225e
66d0249c
6ca826b0
7210289d
770e2a64
7ba82c08
7fe52d8a
83cc2eed
87633035
8ab23162
8dbd3278
908c3377
93223463
9586353d
97bb3606
99c636c0
9baa376d
9d6b380d
008b0038
027e0100
05d60257
0a760432
102e067d
16c80922
1e070c09
25b00f1c
2d901243
3577156f
3d42188e
44d31b97
4c171e80
52ff2144
598323e1
5f9f2654
6553289d
6aa12abe
6f8d2cb7
741c2e8a
7853303b
7c3831ca
7fd1333b
83243490
863535cb
890b36ee
8bab37fb
8e1838f4
905739db
926c3ab0
945b3b76
96263c2f
007d0038
023b0100
053b0259
09640437
0e910688
14900938
1b2f0c30
223b0f59
2985129d
30e215eb
38311932
3f571c66
463e1f7e
4cd82273
531b2542
590327e8
5e8e2a64
63bc2cb7
68902ee0
6d0d30e3
713732c2
7514347d
78a83618
7bfa3794
7f0c38f5
81e43a3c
84883b6a
86fa3c83
893f3d88
8b5b3e79
8d503f5a
8f23402b
00700038
02020101
04b7025a
087a043b
0d2c0692
12a4094b
18b50c52
1f330f8f
25f412ed
2cd21659
33ad19c3
3a6a1d1f
40f62063
47412386
4d422685
52f3295b
58502c08
5d5a2e8a
621030e3
66763315
6a8e3520
6e5e3706
71e938ca
75343a6e
78423bf5
7b193d5f
7dbc3eaf
80303fe8
8277410b
84964219
868f4316
88664400
00660038
01d10101
0445025b
07b0043e
0bf7069a
10f8095c
168b0c6f
1c8a0fbe
22ce1332
293516bb
2fa21a46
35fc1dc7
3c302132
422e2480
47ec27ab
4d642aaf
52912d8a
5772303b
5c0732c2
60523520
64553756
68133967
6b913b53
6ed13d1e
71d83eca
74a94058
774941ca
79ba4323
7c014464
7e20458f
801a46a7
81f247ab
005c0038
01a70101
03e2025c
07000441
0aeb06a1
0f81096b
14a40c89
1a300fe7
20021371
25fd1712
2c031abb
32001e5d
37de21ee
3d912563
430d28b8
484b2be7
4d472eed
51fe31ca
566f347d
5a9c3706
5e863967
62303ba0
659c3db5
68cf3fa6
6bcb4176
6e944327
712d44bb
739a4633
75dc4793
77f948db
79f24a0d
7bc94b2c
00540038
01820101
038c025d
06670444
09fe06a8
0e380978
12f60ca0
181a100c
1d8513a8
231b1760
28c31b24
2e671ee5
33f52297
395e2632
3e9a29ad
439e2d05
48683035
4cf4333b
51403618
554d38ca
591c3b53
5caf3db5
60083ff0
632b4206
661943fa
68d745cd
6b674782
6dcc491a
700a4a97
72214bfc
74164d4a
75eb4e82
004d0038
01620101
0340025e
05e00446
092f06ad
0d150983
11790cb5
1640102d
1b4c13d9
208617a6
25d61b82
2b271f5f
30682331
358b26ee
3a882a8e
3f542e0b
43ec3162
484c3490
4c723794
505e3a6e
54113d1e
578b3fa6
5acf4206
5de04440
60bf4657
6370484c
65f54a21
68514bd8
6a864d73
6c984ef3
6e87505c
705851ad
00470038
01450101
02fe025e
05690448
087706b2
0c13098d
10260cc7
1498104a
194f1405
1e3417e4
23311bd7
28341fcf
2d2d23be
320f279a
36ce2b5b
3b642efc
3fcb3278
440035cb
47ff38f5
4bc93bf5
4f5e3eca
52bf4176
55ed43fa
58ea4657
5bb9488f
5e5a4aa5
60d34c99
63244e6e
65505026
675951c2
69425345
6b0d54b0
00420038
012c0101
02c3025f
04ff044a
07d306b7
0b2d0996
0ef70cd7
131b1065
1784142d
1c1c181d
20cd1c25
25882033
2a3d243d
2edf2837
33642c18
37c62fd9
3bfd3377
400736ee
43e03a3c
47883d5f
4aff4058
4e454327
515c45cd
5444484c
57014aa5
59934cda
5bfe4eec
5e4350df
606452b3
6264546a
64455607
6609578a
003d0038
01160101
028f025f
04a1044b
074106bb
0a5f099e
0de70ce5
11c6107c
15e71451
1a371851
1ea21c6b
231a208f
278f24b1
2bf528c6
30432cc4
347230a5
387b3463
3c5a37fb
400e3b6a
43953eaf
46ed41ca
4a1844bb
4d174782
4fea4a21
52944c99
55164eec
5772511c
59aa532b
5bc0551a
5db656ec
5f8d58a2
61495a3d
00380039
01010102
025f0260
044d044d
06be06be
09a509a6
0cf20cf2
10921092
14711472
187f187f
1caa1caa
20e220e3
251b251c
2949294a
2d632d63
31613161
353d353d
38f438f4
3c833c83
3fe83fe8
43234323
46334633
491a491a
4bd74bd8
4e6e4e6e
50de50df
532b532b
55555556
575f575f
594a594a
5b185b18
5ccb5ccb
00350038
00f00102
02360260
0401044e
064906c1
08ff09ac
0c150cfe
0f7b10a5
131e148f
16f018a9
1adf1ce4
1edd212f
22dd257d
26d629c2
2abe2df5
2e8d320e
323f3606
35ce39db
39393d88
3c7e410b
3f9b4464
42914793
455f4a97
48074d73
4a8a5026
4ce952b3
4f26551a
5142575f
533f5982
551e5b86
56e25d6c
588c5f35
00310038
00e00102
02100260
03bd044f
05de06c4
086809b2
0b4d0d09
0e7e10b6
11eb14a9
158418d0
193b1d19
1d032175
20cf25d6
24952a31
284e2e7b
2bf132ad
2f7a36c0
32e43ab0
362c3e79
39514219
3c51458f
3f2c48db
41e34bfc
44754ef3
46e551c2
4932546a
4b5e56ec
4d6c594a
4f5c5b86
51305da1
52e85f9e
5488617e
002e0038
00d10102
01ed0261
037f0450
057e06c7
07e009b7
0a980d12
0d9810c6
10d214c2
143818f3
17bb1d49
1b5021b5
1eeb2628
22832a97
260f2ef7
29883341
2ce9376d
302f3b76
33563f5a
365b4316
393f46a7
3c014a0d
3ea04d4a
411d505c
43795345
45b45607
47d158a2
49d05b18
4bb25d6c
4d7a5f9e
4f2861b0
50be63a5
002b0038
00c40102
01ce0261
03470451
052706c9
076409bc
09f20d1b
0cc610d5
0fd114d8
13071913
165b1d76
19c121f0
1d2e2674
20992af5
23fb2f6a
274c33c9
2a88380d
2dab3c2f
30b2402b
339a4400
366347ab
390b4b2c
3b934e82
3dfb51ad
404354b0
426d578a
447a5a3d
466a5ccb
483f5f35
49fa617e
4b9d63a5
4d2965ae
7ff3001b
d2a3002c
eabc0030
f3e80032
f83b0033
fa960034
fc000034
fce90034
fd880034
fdfa0034
fe4d0034
fe8c0034
febc0034
fee30034
ff010035
ff1b0034
ff2f0035
ff410034
ff4f0035
ff5b0035
ff660035
ff6f0035
ff770035
ff7e0035
ff840035
ff8a0034
ff8f0034
ff930035
ff970035
ff9a0035
ff9e0034
ffa00035
2d31002c
7fc40079
b40100aa
cff500c4
df6f00d3
e89a00dc
ee6300e1
f23d00e5
f4eb00e7
f6da00e9
f84a00ea
f96200eb
fa3c00ec
fae900ed
fb7500ed
fbe700ee
fc4500ee
fc9400ee
fcd600ef
fd0f00ef
fd4000ef
fd6a00ef
fd8f00ef
fdaf00ef
fdcb00f0
fde400f0
fdfa00f0
fe0e00f0
fe2000f0
fe3000f0
fe3f00f0
fe4c00f0
15140030
4b5500aa
7f71011f
a4f30173
bde101ab
ce6601d0
d99801ea
e16a01fb
e7080208
eb2f0211
ee520218
f0be021e
f2a70222
f42d0225
f56a0228
f66e022a
f746022c
f7fb022e
f895022f
f9180230
f9890231
f9eb0232
fa400233
fa8b0234
facd0234
fb080235
fb3c0235
fb6a0236
fb940236
fbba0236
fbdc0236
fbfa0237
0be60032
2f4700c4
599a0173
7ef9020e
9bff0286
b17b02df
c1390320
ccd60350
d5860374
dc22038f
e13f03a4
e54303b5
e87603c2
eb0d03cd
ed2b03d6
eeec03dd
f06303e3
f19f03e8
f2ad03ec
f39303f0
f45a03f3
f50703f6
f59f03f8
f62303fb
f69903fc
f70103fe
f75e0400
f7b10401
f7fc0402
f83f0403
f87c0404
f8b30405
07920033
1fbe00d3
407401ab
617b0286
7e5e0345
95e203e1
a86e045b
b6e504bb
c22f0506
cb0f0540
d218056f
d7bd0594
dc4e05b3
e00d05cb
e32405e0
e5ba05f1
e7e705ff
e9bf060b
eb530616
ecaf061f
eddc0627
eee3062e
efca0633
f0940639
f148063d
f1e80641
f2760645
f2f60649
f369064c
f3d1064e
f42f0651
f4840653
05360034
168a00dc
2fca01d0
4ba602df
663d03e1
7d9e04c4
91450582
a169061f
ae8b069e
b9350705
c1e4075a
c901079f
cede07d7
d3bc0807
d7cf082e
db3e084f
de28086c
e0a60884
e2ca0899
e4a508ab
e64308ba
e7ac08c8
e8ea08d4
ea0308df
eafd08e8
ebdb08f1
eca208f8
ed5508ff
edf60905
ee87090b
ef0b0910
ef840914
03cc0034
10bc00e1
247e01ea
3ba70320
5337045b
69390582
7cbd0687
8d830768
9bb10826
a79208c5
b181094a
b9d009b9
c0c90a17
c6aa0a65
cba40aa8
cfe20ae1
d3840b11
d6a50b3b
d95a0b60
dbb60b7f
ddc60b9b
df970bb3
e1300bc9
e29c0bdb
e3df0bec
e5000bfc
e6030c09
e6ed0c15
e7c00c20
e87e0c2a
e92b0c34
e9c90c3c
02e30034
0cde00e5
1c9b01fb
2fda0350
446004bb
5878061f
6b150768
7bb9088e
8a450990
96d20a6e
a1930b2c
aac30bcf
b29b0c5a
b9510cd1
bf140d36
c4090d8e
c8530dda
cc0c0e1c
cf4b0e55
d2230e88
d4a30eb4
d6d80edb
d8cd0efe
da8b0f1c
dc190f38
dd7e0f51
debf0f67
dfe00f7b
e0e60f8d
e1d40f9d
e2ac0fac
e3710fba
02440034
0a2e00e7
16f00208
27060374
38cb0506
4ad7069e
5c290826
6c2b0990
7a950ad6
87590bf7
92890cf4
9c480dd0
a4bf0e90
ac180f36
b27b0fc7
b80a1044
bce410b2
c1241112
c4df1166
c82811b1
cb1011f3
cda5122d
cff11261
d1fe128f
d3d512b9
d57c12de
d6fa1300
d853131e
d98c133a
daa81353
dbab136a
dc98137f
01d20034
083d00e9
12c00211
204f038f
2fb10540
3fc60705
4fa908c5
5ec00a6e
6cb00bf7
79530d5a
84a00e99
8ea70fb3
978010ad
9f4b1188
a6251249
ac2c12f3
b17b1389
b62b140d
ba511481
bdfe14e9
c1441545
c42e1598
c6ca15e1
c9211623
cb3b165e
cd211694
ced816c4
d06716f0
d1d11718
d31b173c
d448175d
d55c177b
017f0034
06cc00ea
0f960218
1b1d03a4
2879056f
36c2075a
4535094a
53410b2c
60830cf4
6cc70e99
77f41019
82081173
8b0e12a9
931b13be
9a4514b4
a0a4158e
a64d1651
ab5616fe
afd31798
b3d41822
b769189c
ba9f190b
bd81196e
c01a19c7
c2721a18
c4911a60
c67e1aa2
c83d1adf
c9d61b15
cb4a1b47
cc9f1b75
cdd81b9f
01400034
05b300eb
0d24021e
170803b5
22af0594
2f60079f
3c7709b9
496e0bcf
55e80dd0
61a60fb3
6c851173
767a130c
7f831481
87ac15d0
8f0216fe
9599180d
9b811900
a0cc19da
a58c1a9e
a9d11b4d
ada71beb
b11c1c79
b43a1cfa
b70c1d6e
b99a1dd7
bbec1e37
be081e8d
bff41edd
c1b61f25
c3521f67
c4cb1fa4
c6261fdc
01100034
04d800ec
0b370222
13c803c2
1dff05b3
294b07d7
35200a17
410b0c5a
4cb10e90
57d310ad
624912a9
6bfc1481
74e71632
7d0b17bd
84701925
8b231a6b
91321b91
96aa1c9b
9b9b1d8b
a0121e64
a41b1f28
a7c31fd9
ab12207a
ae14210c
b0d02191
b34d220a
b5922279
b7a622dd
b98c233a
bb4b238e
bce523dc
be5f2424
00e90034
042a00ed
09ae0225
112603cd
1a2805cb
243d0807
2ef10a65
39de0cd1
44b20f36
4f2d1188
592713be
628415d0
6b3817bd
733e1984
7a9a1b25
81531ca2
87731dfd
8d051f39
92152058
96af215d
9add224a
9eab2321
a22123e6
a5492498
a829253c
aacb25d1
ad332659
af6826d6
b16e2749
b34b27b2
b5022813
b697286d
00ca0035
039e00ed
086e0228
0eff03d6
16fc05e0
2003082e
29b40aa8
33b60d36
3dbe0fc7
47921249
510714b4
5a0016fe
626b1925
6a411b25
71811cff
782d1eb4
7e4c2044
83e821b3
89082302
8db72434
91fe254c
95e6264c
99792735
9cbd280b
9fbb28cf
a2792982
a4fd2a27
a74d2abe
a96e2b49
ab642bc9
ad342c3f
aedf2cad
00b10034
032b00ee
0768022a
0d3703dd
145505f1
1c73084f
253d0ae1
2e690d8e
37b21044
40e112f3
49ce158e
525a180d
5a721a6b
620b1ca2
691f1eb4
6fb1209e
75c22264
7b582406
807b2586
853326e7
8988282a
8d812953
91262a64
947f2b5e
97922c44
9a662d17
9d002dda
9f652e8d
a19b2f33
a3a62fcb
a5893058
a74930db
009c0035
02cd00ee
068e022c
0bba03e3
121a05ff
196c086c
216b0b11
29d30dda
326a10b2
3afc1389
43621651
4b7f1900
533d1b91
5a901dfd
61702044
67da2264
6dd1245e
73582632
787327e3
7d2a2972
81822ae3
85822c36
89322d6f
8c972e8f
8fb82f98
929c308c
9545316e
97bb323f
9a013300
9c1c33b2
9e0f3457
9fde34f0
008b0034
027e00ee
05d7022e
0a7903e8
1036060b
16d60884
1e200b3b
25d80e1c
2dca1112
35c8140d
3dac16fe
455a19da
4cbb1c9b
53c21f39
5a6521b3
60a22406
66762632
6be42838
70ef2a19
759b2bd7
79ef2d74
7def2ef2
81a23053
850d3199
883632c7
8b2233de
8dd634e0
905735ce
92a836ac
94cf3779
96ce3837
98a938e8
007c0035
023b00ef
053c022f
096703ec
0e970616
149d0899
1b460b60
22600e55
29bb1166
312e1481
38951798
3fd61a9e
46da1d8b
4d932058
53f62302
59ff2586
5faa27e3
64f82a19
69eb2c2a
6e872e15
72cf2fde
76c83187
7a783310
7de3347d
810e35cf
83fe3709
86b8382b
893f3939
8b983a34
8dc63b1d
8fce3bf5
91b13cbf
00700035
020200ef
04b80230
087d03f0
0d32061f
12b008ab
18cb0b7f
1f550e88
262711b1
2d1914e9
340a1822
3ae21b4d
418a1e64
47f4215d
4e152434
53e626e7
59642972
5e8e2bd7
63642e15
67e9302e
6c203223
700e33f4
73b535a6
771b3739
7a4338b0
7d333a0d
7fed3b51
82773c7e
84d43d96
87063e9b
89133f8e
8afb4071
00650035
01d100ef
04460231
07b303f3
0bfd0627
110308ba
169f0b9b
1ca90eb4
22fd11f3
29771545
2ffb189c
366e1beb
3cbd1f28
42d9224a
48b6254c
4e4e282a
539b2ae3
589d2d74
5d532fde
61bd3223
65e03441
69bc363c
6d573815
70b339cf
73d53b6a
76c03ce9
79783e4e
7c013f9b
7e5e40d1
809141f3
82a04300
848b43fc
005c0035
01a700ef
03e30232
070303f6
0aef062e
0f8c08c8
14b60bb3
1a4d0edb
202e122d
263a1598
2c56190b
326b1c79
38641fd9
3e342321
43ce264c
492c2953
4e482c36
531f2ef2
57b13187
5bfe33f4
6008363c
63d03860
675b3a5f
6aaa3c3e
6dc23dfd
70a53f9f
73584125
75dc4291
783643e5
7a694522
7c77464b
7e624761
00540035
018200ef
038d0233
066903f8
0a030633
0e4208d4
13070bc9
18350efe
1dae1261
235515e1
2911196e
2ecc1cfa
3474207a
39f923e6
3f522735
44762a64
495f2d6f
4e0b3053
52783310
56a535a6
5a943815
5e463a5f
61be3c85
64fd3e88
6808406b
6ae1422e
6d8c43d4
700a455f
725e46d1
748d482b
7698496e
78814a9e
004d0035
016200ef
03410234
05e203fb
09330639
0d1e08df
11890bdb
16590f1c
1b73128f
20bc1623
261f19c7
2b861d6e
30e0210c
361f2498
3b38280b
40232b5e
44da2e8f
495a3199
4da0347d
51ac3739
557e39cf
59183c3e
5c7b3e88
5fa940ae
62a542b3
65714498
6811465e
6a864807
6cd44996
6efc4b0c
71034c6a
72e84db3
00470035
014500f0
02ff0234
056b03fc
087b063d
0c1b08e8
10350bec
14af0f38
197212b9
1e67165e
23761a18
288f1dd7
2d9f2191
329b253c
377628cf
3c2a2c44
40b02f98
450332c7
492335cf
4d0d38b0
50c13b6a
54413dfd
578d406b
5aa842b3
5d9444d9
605246de
62e548c3
65504a8a
67954c36
69b64dc7
6bb64f3f
6d9650a1
00420034
012c00f0
02c30235
050103fe
07d70641
0b3408f1
0f040bfc
13310f51
17a612de
1c4b1694
210f1a60
25dd1e37
2aa9220a
2f6425d1
34052982
38832d17
3cd8308c
410033de
44f93709
48c03a0d
4c573ce9
4fbc3f9f
52f1422e
55f74498
58d046de
5b7f4902
5e054b05
60644ce9
629f4eb1
64b7505d
66af51ef
68895369
003d0034
011600f0
028f0235
04a20400
07450645
0a6608f8
0df40c09
11da0f67
16061300
1a6416c4
1ee01aa2
236b1e8d
27f52279
2c742659
30dc2a27
35262dda
394d316e
3d4a34e0
411d382b
44c23b51
483a3e4e
4b834125
4ea043d4
5191465e
545848c3
56f64b05
596e4d25
5bc04f26
5def5109
5ffd52cf
61ed547a
63bf560c
00380035
010200f0
02600236
044e0401
06c10649
09ac08ff
0cfe0c15
10a50f7b
148f131e
18a916f0
1ce41adf
212f1edd
257d22dd
29c226d6
2df52abe
320e2e8d
3606323f
39db35ce
3d883939
410b3c7e
44643f9b
47934291
4a97455f
4d734807
50264a8a
52b34ce9
551a4f26
575f5142
5982533f
5b86551e
5d6c56e2
5f35588c
00340035
00f000f0
02360236
04020402
064b064c
09050905
0c200c20
0f8d0f8d
133a133a
17171718
1b151b15
1f251f25
233a233a
27492749
2b492b49
2f322f33
32ff3300
36ac36ac
3a343a34
3d963d96
40d140d1
43e543e5
46d146d1
49964996
4c354c36
4eb04eb1
51085109
533f533f
55555556
574d574e
59295929
5ae95aea
00310035
00e000f0
02100236
03be0403
05e1064e
086e090b
0b580c2a
0e8f0f9d
12051353
15a9173c
196f1b47
1d471f67
2127238e
250327b2
28d32bc9
2c8f2fcb
303233b2
33b83779
371d3b1d
3a5f3e9b
3d7c41f3
40754522
4348482b
45f84b0c
48834dc7
4aec505d
4d3452cf
4f5c551e
5165574e
5351595e
55225b50
56d95d26
002e0034
00d100f0
01ee0236
03800404
05800651
07e50910
0aa10c34
0da80fac
10eb136a
145b175d
17ec1b75
1b911fa4
1f3f23dc
22eb2813
268d2c3f
2a1f3058
2d9a3457
30fb3837
343d3bf5
375f3f8e
3a604300
3d3e464b
3ffa496e
42934c6a
450b4f3f
476251ef
4999547a
4bb256e2
4dae5929
4f8e5b50
51545d58
53005f45
002b0035
00c400f0
01cf0237
03480405
05290653
07680914
09fb0c3c
0cd50fba
0fe9137f
1329177b
16891b9f
19fe1fdc
1d7d2424
20fc286d
24742cad
27dc30db
2b3234f0
2e6f38e8
31903cbf
34944071
377943fc
3a3d4761
3ce14a9e
3f654db3
41c950a1
440e5369
4635560c
483f588c
4a2d5aea
4c015d26
4dbb5f45
4f5e6145
7ff40019
d2a50029
eabe002d
f3eb002f
f83f0030
fa990030
fc030031
fced0030
fd8c0031
fdfd0031
fe500031
fe8f0031
febf0031
fee60031
ff050031
ff1e0031
ff330031
ff440031
ff530031
ff5f0031
ff6a0031
ff730031
ff7b0031
ff820031
ff880031
ff8d0031
ff920031
ff970031
ff9a0031
ff9e0031
ffa10031
ffa40031
2d320029
7fc80071
b409009f
d00000b7
df7c00c5
e8a700cd
ee7100d2
f24c00d5
f4fa00d8
f6e900d9
f85900db
f97100dc
fa4c00dc
faf900dd
fb8400de
fbf600de
fc5500de
fca400de
fce600df
fd1f00df
fd5000df
fd7a00df
fd9f00df
fdbf00df
fddb00e0
fdf400e0
fe0b00df
fe1e00e0
fe3000e0
fe4000e0
fe4f00e0
fe5c00e0
1515002d
4b58009f
7f7a010c
a503015b
bdf6018f
ce7f01b1
d9b401c9
e18801d9
e72801e5
eb4f01ee
ee7401f4
f0e101f9
f2ca01fd
f4500201
f58d0203
f6920205
f76a0207
f8200208
f8ba020a
f93d020b
f9ae020c
fa10020d
fa66020d
fab1020e
faf3020e
fb2d020f
fb62020f
fb900210
fbba0210
fbe00210
fc010211
fc200211
0be6002f
2f4900b7
59a2015b
7f0b01ea
9c1a025b
b19e02ad
c16202ea
cd040317
d5b80339
dc570352
e1760366
e57c0376
e8b20382
eb4a038c
ed690394
ef2a039b
f0a203a1
f1df03a5
f2ed03a9
f3d403ad
f49c03b0
f54903b2
f5e003b5
f66603b7
f6dc03b8
f74403ba
f7a103bb
f7f403bd
f83f03be
f88203bf
f8bf03c0
f8f703c0
07910030
1fbf00c5
407b018f
618b025b
7e7a030d
960a039e
a89f0411
b71f046b
c27104b0
cb5704e7
d2650513
d80e0536
dca30552
e0640569
e37f057c
e616058c
e845059a
ea1f05a5
ebb405af
ed1105b7
ee3f05bf
ef4705c5
f02e05cb
f0fa05cf
f1ae05d4
f24e05d8
f2dd05db
f35e05de
f3d105e1
f43905e4
f49705e6
f4ed05e8
05370030
168c00cd
2fd001b1
4bb502ad
6658039e
7dc70472
917b0525
a1ac05b7
aeda062e
b98d068f
c24506de
c969071e
cf4c0753
d42f0780
d84607a5
dbb907c4
dea707de
e12707f5
e34f0808
e52c0819
e6cb0828
e8360835
e9760840
ea90084a
eb8b0853
ec6a085b
ed320862
ede60868
ee87086e
ef1a0873
ef9e0878
f017087c
03cc0031
10bd00d2
248301c9
3bb402ea
53500411
69600525
7cf40619
8dca06eb
9c07079d
a7f60832
b1f108ae
ba4a0917
c14d096e
c73609b8
cc3709f7
d07b0a2c
d4230a59
d7480a81
da020aa3
dc620ac0
de750ada
e0480af1
e1e40b05
e3520b17
e4970b27
e5ba0b35
e6bf0b42
e7aa0b4d
e87e0b58
e93e0b61
e9ec0b6a
ea8b0b71
02e30030
0cdf00d5
1c9f01d9
2fe50317
4476046b
589d05b7
6b4b06eb
7c0107ff
8a9f08f0
973d09c0
a20d0a73
ab4c0b0b
b3310b8d
b9f20bfd
bfbf0c5d
c4be0caf
c90f0cf6
ccd00d34
d0150d6a
d2f20d99
d5770dc3
d7b10de8
d9aa0e08
db6b0e25
dcfd0e3f
de640e56
dfa80e6b
e0cc0e7e
e1d40e8f
e2c30e9f
e39d0ead
e4640eb9
02430031
0a2e00d8
16f301e5
270f0339
38df04b0
4af8062e
5c5c079d
6c7108f0
7aef0a22
87c70b30
930a0c1e
9cda0ced
a5620da1
acca0e3d
b33b0ec5
b8d60f3b
bdbb0fa2
c2040ffd
c5c8104c
c9191092
cc0810d0
cea31107
d0f51138
d3071164
d4e2118b
d68e11ae
d80f11ce
d96c11eb
daa81205
dbc8121c
dccd1232
ddbd1245
01d20031
083e00d9
12c301ee
20570352
2fc204e7
3fe4068f
4fd80832
5f0309c0
6d090b30
79c10c7e
85230daa
8f3f0eb3
982c0f9d
a008106c
a6f31122
ad0a11c1
b267124f
b72412cb
bb551339
bf0c139b
c25b13f2
c54e143f
c7f21484
ca5014c2
cc7114fa
ce5c152d
d019155a
d1ac1584
d31b15a9
d46815cc
d59a15eb
d6b11608
017f0031
06cc00db
0f9801f4
1b240366
28880513
36dd06de
456108ae
53800a73
60d80c1e
6d330daa
78770f12
82a21058
8bbf117c
93e11280
9b1f1368
a18f1437
a74914ee
ac621591
b0ed1623
b4fc16a4
b89c1719
bbdd1781
beca17de
c16b1833
c3cc187f
c5f218c4
c7e61902
c9ac193b
cb4a196f
ccc4199e
ce1e19c9
cf5b19f1
01400031
05b300dc
0d2601f9
170e0376
22bc0536
2f79071e
3c9f0917
49a90b0b
56390ced
620e0eb3
6d061058
771311da
80351338
88751475
8fe21592
968e1691
9c891777
a1e71845
a6b918fe
ab0d19a4
aef21a39
b2731ac0
b59e1b3a
b87c1ba7
bb141c0b
bd6f1c65
bf941cb8
c1881d03
c3521d47
c4f41d86
c6741dbf
c7d51df4
01100031
04d800dc
0b3901fd
13cc0382
1e0b0552
29610753
3545096e
41420b8d
4cfd0da1
58370f9d
62c5117c
6c931338
759814d1
7dd51646
8553179a
8c1e18cd
924319e3
97d01adf
9cd51bc2
a15e1c90
a5781d4a
a92f1df2
ac8d1e8b
af9d1f15
b2651f93
b4ee2006
b73e206f
b95b20cf
bb4b2127
bd122177
beb421c1
c0352205
00e90031
042a00dd
09af0201
112a038c
1a330569
24510780
2f1209b8
3a110bfd
44f90e3d
4f8c106c
599f1280
63161475
6be51646
740617f4
7b7d197e
824f1ae7
88881c2f
8e321d5a
93581e6a
98061f62
9c482043
a028210f
a3af21ca
a6e62274
a9d5230f
ac84239d
aef9241f
b13a2495
b34b2503
b5322567
b6f225c4
b8902619
00ca0031
039e00de
08700203
0f030394
1705057c
201507a5
29d209f7
33e40c5d
3e000ec5
47eb1122
51791368
5a8c1592
6313179a
6b05197e
72611b3e
79281cdc
7f621e58
85171fb3
8a4f20f2
8f152215
9372231f
976f2412
9b1424f0
9e6a25bc
a1792676
a4462721
a6d927be
a937284e
ab6428d3
ad66294d
af4029be
b0f72a26
00b10031
032c00de
07690205
0d3b039b
145e058c
1c8307c4
25590a2c
2e930caf
37ef0f3b
413511c1
4a3a1437
52e11691
5b1518cd
62ca1ae7
69fc1cdc
70aa1ead
76d6205c
7c8821e8
81c52356
869624a5
8b0225d9
8f1126f4
92cb27f8
963828e7
995d29c2
9c422a8c
9eed2b46
a1622bf1
a3a62c8f
a5be2d21
a7ae2da8
a9792e25
009c0031
02cd00de
068f0207
0bbd03a1
1221059a
197b07de
21840a59
29fb0cf6
32a30fa2
3b4a124f
43c914ee
4c001777
53da19e3
5b491c2f
62461e58
68ce205c
6ee2223c
748523f9
79bc2595
7e8d2712
82fe2871
871629b5
8add2adf
8e582bf2
918d2cf0
94832dda
973f2eb2
99c62f7a
9c1c3032
9e4630dd
a047317b
a223320f
008b0031
027e00de
05d80208
0a7c03a5
103c05a5
16e407f5
1e370a81
25fc0d34
2dff0ffd
361112cb
3e0d1591
45d41845
4d511adf
54741d5a
5b361fb3
619021e8
678223f9
6d0d25e6
723427b1
76fc295b
7b6a2ae5
7f842c52
834f2da3
86d22edb
8a102ffc
8d113107
8fd931fe
926c32e4
94cf33b8
9706347d
99143534
9afe35de
007c0031
023b00df
053c020a
096a03a9
0e9d05af
14a90808
1b5b0aa3
22810d6a
29ec104c
31721339
38f01623
404918fe
47691bc2
4e3e1e6a
54bf20f2
5ae52356
60af2595
661b27b1
6b2c29a9
6fe42b7f
74472d34
785c2ec9
7c253042
7fa831a0
82eb32e4
85f13411
88c03528
8b5b362c
8dc6371d
900637fd
921f38cd
9412398f
00700031
020200df
04b8020b
087f03ad
0d3805b7
12bb0819
18de0ac0
1f750d99
26551092
2d59139b
346016a4
3b4f19a4
42121c90
48981f62
4ed62215
54c524a5
5a612712
5fa9295b
649d2b7f
69402d80
6d942f5f
719d311d
755f32bd
78de3440
7c1f35a8
7f2636f7
81f7382f
84963951
87063a5f
894c3b5a
8b6a3c44
8d643d1f
00650031
01d100df
0446020c
07b403b0
0c0205bf
110d0828
16b10ada
1cc60dc3
232810d0
29b313f2
304b1719
36d51a39
3d3e1d4a
43752043
496f231f
4f2525d9
54912871
59b12ae5
5e852d34
630d2f5f
674d3166
6b46334d
6efc3513
727336bb
75ae3847
78b139b8
7b813b10
7e203c51
80913d7c
82da3e93
84fb3f98
86f8408c
005c0031
01a700df
03e3020d
070503b2
0af405c5
0f950835
14c70af1
1a670de8
20561107
2673143f
2ca21781
32cd1ac0
38df1df2
3ec9210f
447f2412
49fb26f4
4f3529b5
542a2c52
58db2ec9
5d46311d
616d334d
6553355a
68fa3746
6c643913
6f963ac2
72933c54
755d3dcd
77f93f2c
7a694075
7cb041a8
7ed242c7
80d043d4
00540031
018200df
038d020d
066b03b5
0a0705cb
0e4a0840
13170b05
184e0e08
1dd31138
238a1484
295817de
2f281b3a
34e81e8b
3a8721ca
3ffc24f0
453d27f8
4a442adf
4f0e2da3
53993042
57e432bd
5bf13513
5fc03746
63543958
66b03b48
69d63d19
6cc93ecc
6f8b4065
722141e3
748d4348
76d14498
78f145d1
7aee46f7
004d0031
016200df
0341020e
05e303b7
093705cf
0d26084a
11970b17
16700e25
1b951164
20ee14c2
26621833
2bdd1ba7
314e1f15
36a62274
3bda25bc
40e128e7
45b62bf2
4a532edb
4eb831a0
52e23440
56d236bb
5a893913
5e083b48
61533d5a
646a3f4d
67514122
6a0a42d9
6c984475
6efc45f8
713c4762
735748b6
755149f6
00470031
014500e0
02ff020e
056c03b8
087e05d4
0c220853
10420b27
14c40e3f
1993118b
1e9514fa
23b5187f
28e11c0b
2e081f93
331c230f
38112676
3ce129c2
41832cf0
45f42ffc
4a3132e4
4e3935a8
520b3847
55a83ac2
59113d19
5c493f4d
5f504161
62284355
64d5452b
675946e5
69b64883
6bee4a09
6e044b77
6ff94ccf
00420031
012c00e0
02c4020f
050203ba
07da05d8
0b3b085b
0f110b35
13460e56
17c411ae
1c77152d
214a18c4
262c1c65
2b0c2006
2fdf239d
34992721
39322a8c
3da32dda
41e83107
45fe3411
49e336f7
4d9739b8
51193c54
546b3ecc
578d4122
5a834355
5d4c4568
5fec475b
62644932
64b74aec
66e74c8d
68f54e14
6ae44f85
003d0031
011600df
028f020f
04a403bb
074805db
0a6c0862
0dff0b42
11ed0e6b
162311ce
1a8d155a
1f181902
23b41cb8
2853206f
2ce8241f
316927be
35cd2b46
3a0f2eb2
3e2931fe
42183528
45da382f
496f3b10
4cd63dcd
50104065
531d42d9
5600452b
58b9475b
5b4a496c
5db64b5e
5ffd4d34
62234eef
6429508f
66115218
00380031
010200e0
02600210
044f03bd
06c405de
09b20868
0d090b4d
10b60e7e
14a911eb
18d01584
1d19193b
21751d03
25d620cf
2a312495
2e7b284e
32ad2bf1
36c02f7a
3ab032e4
3e79362c
42193951
458f3c51
48db3f2c
4bfc41e3
4ef34475
51c246e5
546a4932
56ec4b5e
594a4d6c
5b864f5c
5da15130
5f9e52e8
617e5488
00350031
00f000e0
02360210
040303be
064e05e1
090b086e
0c2a0b58
0f9d0e8f
13531205
173c15a9
1b47196f
1f671d47
238e2127
27b22503
2bc928d3
2fcb2c8f
33b23032
377933b8
3b1d371d
3e9b3a5f
41f33d7c
45224075
482b4348
4b0c45f8
4dc74883
505d4aec
52cf4d34
551e4f5c
574e5165
595e5351
5b505522
5d2656d9
00310031
00e000e0
02100210
03bf03bf
05e305e4
08730873
0b610b61
0e9e0e9f
121c121c
15cc15cc
199e199e
1d861d86
21772177
25672567
294d294d
2d212d21
30dd30dd
347d347d
37fd37fd
3b5a3b5a
3e933e93
41a841a8
44974498
47624762
4a094a09
4c8c4c8d
4eee4eef
512f5130
53515351
55555556
573d573d
590a590a
002e0031
00d100e0
01ee0211
038103c0
058305e6
07ea0878
0aaa0b6a
0db60ead
11011232
147b15eb
181919c9
1bcd1dbf
1f8b21c1
234a25c4
270229be
2aaa2da8
2e3e317b
31b83534
351438cd
38523c44
3b6d3f98
3e6742c7
413e45d1
43f348b6
46854b77
48f74e14
4b48508f
4d7a52e8
4f8e5522
5186573d
5363593b
55255b1e
002b0031
00c400e0
01cf0211
034903c0
052b05e8
076d087c
0a040b71
0ce30eb9
0ffe1245
13471608
16b419f1
1a371df4
1dc62205
21572619
24e32a26
28622e25
2bce320f
2f2435de
325f398f
357d3d1f
387c408c
3b5c43d4
3e1b46f7
40b949f6
43384ccf
45974f85
47d75218
49fa5488
4c0156d9
4dec590a
4fbd5b1e
51765d15
7ff40018
d2a80026
eac1002a
f3ee002c
f842002c
fa9c002d
fc06002d
fcf0002d
fd8f002e
fe00002e
fe53002e
fe92002e
fec3002e
fee9002e
ff08002e
ff21002e
ff36002e
ff47002e
ff56002e
ff62002e
ff6d002e
ff76002e
ff7e002e
ff85002e
ff8b002e
ff90002e
ff95002e
ff9a002e
ff9e002e
ffa1002e
ffa4002e
ffa7002e
2d320026
7fcb006a
b4100094
d00a00ab
df8700b8
e8b400bf
ee7e00c4
f25900c7
f50700ca
f6f700cb
f86700cc
f97f00cd
fa5a00ce
fb0700ce
fb9300cf
fc0500cf
fc6300d0
fcb200d0
fcf500d0
fd2e00d0
fd5e00d1
fd8800d1
fdad00d1
fdcd00d1
fdea00d1
fe0300d1
fe1900d1
fe2d00d1
fe3f00d1
fe4f00d1
fe5e00d1
fe6b00d1
1515002a
4b5c0094
7f8300fa
a5120144
be0a0175
ce960195
d9ce01ab
e1a301ba
e74501c5
eb6d01ce
ee9201d4
f10001d9
f2e901dc
f47101df
f5ae01e2
f6b201e4
f78b01e5
f84101e7
f8db01e8
f95e01e9
f9cf01ea
fa3201ea
fa8701eb
fad201ec
fb1501ec
fb4f01ed
fb8301ed
fbb201ed
fbdc01ee
fc0101ee
fc2401ee
fc4201ef
0be6002c
2f4b00ab
59aa0144
7f1b01cb
9c320234
b1bd0281
c18702ba
cd2d02e4
d5e50303
dc87031b
e1a8032e
e5b0033c
e8e70348
eb800351
eda10359
ef63035f
f0db0365
f2190369
f327036d
f40f0370
f4d70373
f5850375
f61c0378
f6a20379
f718037b
f780037d
f7dd037e
f831037f
f87c0380
f8bf0381
f8fc0382
f9340382
0792002c
1fc100b8
40810175
619a0234
7e9302da
962d0363
a8cc03ce
b7540422
c2ad0463
cb980497
d2ac04bf
d85804e0
dcf004fb
e0b40510
e3d10522
e66a0531
e89a053e
ea750549
ec0c0551
ed6a0559
ee990560
efa20566
f089056c
f1560570
f20a0574
f2ab0578
f33b057b
f3bb057e
f42f0580
f4970583
f4f60585
f54c0587
0537002d
168d00bf
2fd50195
4bc20281
66700363
7dec0429
91ac04d0
a1e90559
af2005c9
b9dd0624
c29d066d
c9c706aa
cfaf06dc
d4980705
d8b30728
dc290746
df1a075e
e19d0774
e3c60786
e5a50796
e74607a3
e8b307af
e9f407ba
eb1007c3
ec0b07cc
ecec07d3
edb507da
ee6907e0
ef0b07e5
ef9e07ea
f02407ee
f09d07f2
03cd002d
10be00c4
248701ab
3bbf02ba
536603ce
698404d0
7d2605b5
8e0b067a
9c540721
a85007ad
b2560822
baba0883
c1c508d5
c7b5091b
ccbd0956
d1060988
d4b309b2
d7dd09d7
da9b09f7
dcfd0a13
df130a2c
e0e90a41
e2880a54
e3f80a64
e53f0a74
e6630a81
e76a0a8d
e8560a98
e92b0aa1
e9ec0aaa
ea9c0ab2
eb3c0ab9
02e3002d
0ce000c7
1ca301ba
2fef02e4
448a0422
58be0559
6b7b067a
7c42077d
8af0085f
979e0923
a27d09ca
abc80a59
b3b90ad4
ba850b3d
c05b0b97
c5620be4
c9bb0c27
cd810c62
d0cc0c94
d3af0cc1
d6380ce8
d8760d0a
da720d29
dc370d44
ddcb0d5d
df360d72
e07c0d86
e1a20d98
e2ac0da8
e39d0db6
e4790dc4
e5410dd0
0243002e
0a2f00ca
16f601c5
27180303
38f00463
4b1705c9
5c8b0721
6cb1085f
7b41097e
882a0a7d
937f0b5c
9d5f0c1f
a5f60cc8
ad6c0d5b
b3e80ddb
b98f0e4a
be7e0eab
c2d00f00
c69c0f4b
c9f40f8d
ccea0fc8
cf8b0ffb
d1e1102a
d3f81053
d5d81078
d7871099
d90c10b7
da6c10d2
dbab10eb
dccd1101
ddd61115
dec71128
01d2002e
083e00cb
12c501ce
205e031b
2fd10497
3fff0624
500307ad
5f3f0923
6d590a7d
7a250bb7
859b0cd0
8fc90dca
98c80ea7
a0b50f69
a7af1015
add410ab
b33e1130
b80611a6
bc42120d
c003126a
c35a12bc
c6551305
c9001346
cb641381
cd8b13b6
cf7c13e5
d13e1410
d2d51438
d448145b
d59a147b
d6ce1499
d7e814b4
017f002e
06cd00cc
0f9a01d4
1b2a032e
289504bf
36f6066d
45880822
53b909ca
61250b5c
6d950cd0
78ee0e24
832e0f56
8c601069
9495115f
9be5123a
a26612fd
a83013aa
ad571444
b1ef14ce
b60a1548
b9b615b6
bd001619
bff61671
c2a016c1
c5081709
c736174a
c9301785
cafc17bb
cc9f17ec
ce1e1819
cf7c1842
d0be1867
0140002e
05b400cd
0d2701d9
1714033c
22c804e0
2f8f06aa
3cc30883
49df0a59
56820c1f
626d0dca
6d7c0f56
779f10c2
80d7120d
892d1337
90af1444
976d1536
9d7b1610
a2eb16d2
a7cc1781
ac2e181e
b02018ac
b3af192b
b6e4199f
b9cc1a07
bc6e1a65
bed21abb
c0ff1b09
c2fb1b50
c4cb1b91
c6741bcd
c7fa1c03
c9601c35
010f002e
04d800ce
0b3b01dc
13d10348
1e1504fb
297506dc
356608d5
41730ad4
4d420cc8
58910ea7
63371069
6d1c120d
7639138e
7e8e14ef
86231630
8d031753
933c185b
98dd1949
9df41a21
a28e1ae3
a6b81b94
aa7e1c33
adea1cc4
b1051d48
b3d91dbf
b66c1e2d
b8c61e90
baed1eeb
bce51f3f
beb41f8b
c05d1fd2
c1e52012
00e9002e
042b00ce
09b001df
112f0351
1a3c0510
24630705
2f30091b
3a3e0b3d
45390d5b
4fe20f69
5a0c115f
639c1337
6c8314ef
74be1685
7c4c17fb
83361950
89861a87
8f451ba3
94801ca5
99411d90
9d951e66
a1861f28
a51c1fda
a862207b
ab5f210f
ae1a2196
b09b2211
b2e62283
b50222eb
b6f2234a
b8bb23a3
ba6123f4
00ca002e
039e00cf
087001e2
0f060359
170d0522
20250728
29ed0956
340e0b97
3e3d0ddb
483c1015
51e1123a
5b0d1444
63ad1630
6bb917fb
732f19a3
7a0f1b2b
80621c93
862e1dde
8b7d1f0c
90582021
94c8211e
98d82205
9c8f22d9
9ff6239b
a314244c
a5f024ef
a8902585
aafa260f
ad34268d
af402702
b125276e
b2e527d1
00b1002e
032c00cf
076a01e4
0d3e035f
14650531
1c910746
25720988
2eba0be4
38270e4a
418110ab
4a9d12fd
535d1536
5baa1753
637a1950
6ac61b2b
718e1ce5
77d41e7e
7d9f1ff7
82f42152
87dc2292
8c5e23b7
908224c5
944f25bd
97cf26a0
9b052772
9dfb2832
a0b428e4
a3372988
a5892a1f
a7ae2aaa
a9a92b2c
ab7f2ba3
009c002e
02cd00d0
069001e5
0bc00365
1228053e
1988075e
219b09b2
2a1e0c27
32d70eab
3b921130
442613aa
4c751610
5469185b
5bf31a87
630b1c93
69ae1e7e
6fdd2046
759a21ee
7aea2377
7fd424e1
845d2630
888c2765
8c672882
8ff62989
933f2a7b
96472b5b
99132c2a
9baa2ce9
9e0f2d9a
a0472e3e
a2552ed6
a43d2f63
008b002e
027e00d0
05d801e7
0a7e0369
10420549
16ef0774
1e4c09d7
261d0c62
2e300f00
365411a6
3e651444
464316d2
4dda1949
55181ba3
5bf41dde
626a1ff7
687821ee
6e1e23c4
73602579
7842270f
7cc92887
80fb29e4
84dc2b27
88752c51
8bc82d66
8edc2e66
91b62f53
945b302f
96ce30fb
991431b8
9b323267
9d28330b
007c002e
023b00d0
053d01e8
096c036d
0ea30551
14b40786
1b6e09f7
22a00c94
2a190f4b
31b1120d
394314ce
40b31781
47eb1a21
4edb1ca5
55771f0c
5bba2152
619f2377
67272579
6c53275a
7126291a
75a42abc
79d12c41
7db32da9
814d2ef8
84a5302f
87c03150
8aa3325c
8d503356
8fce343d
921f3514
944635dd
96483698
0070002e
020200d0
04b901e9
08810370
0d3d0559
12c50796
18f00a13
1f900cc1
267f0f8d
2d93126a
34ae1548
3bb4181e
428f1ae3
492f1d90
4f872021
55922292
5b4b24e1
60af270f
65c0291a
6a7e2b05
6eec2ccf
730f2e7b
76ea300a
7a82317d
7dda32d7
80f63419
83dd3544
868f365b
8913375f
8b6a3852
8d993934
8fa33a06
0065002e
01d100d1
044701ea
07b60373
0c070560
111707a3
16c10a2c
1ce00ce8
234e0fc8
29ea12bc
309415b6
373418ac
3db41b94
44051e66
4a1a211e
4feb23b7
55732630
5ab02887
5fa02abc
64452ccf
689f2ec2
6cb33094
70833248
741333df
7766355c
7a8136bf
7d66380a
801a393f
82a03a60
84fb3b6d
872e3c69
893c3d54
005c002e
01a700d1
03e401ea
07060375
0af80566
0f9e07af
14d60a41
1a800d0a
207a0ffb
26a61305
2ce71619
3326192b
394f1c33
3f521f28
45232205
4ab924c5
500f2765
552129e4
59ee2c41
5e762e7b
62b93094
66ba328c
6a7b3465
6e003620
714a37bf
745f3943
77403aae
79f23c01
7c773d3e
7ed23e67
81063f7d
83174081
0054002e
018200d1
038e01eb
066c0378
0a0b056c
0e5207ba
13240a54
18650d29
1df5102a
23ba1346
29991671
2f7d199f
35521cc4
3b0a1fda
409822d9
45f425bd
4b172882
4ffd2b27
54a42da9
590c300a
5d353248
61203465
64cf3662
68453840
6b843a00
6e8f3ba5
716a3d2f
74163ea0
76983ffa
78f1413e
7b24426e
7d34438b
004d002e
016200d1
034201ec
05e50379
093a0570
0d2d07c3
11a40a64
16850d44
1bb51053
211b1381
269f16c1
2c2d1a07
31b31d48
3723207b
3c6f239b
419126a0
46812989
4b3a2c51
4fbb2ef8
5401317d
580e33df
5be03620
5f7b3840
62e03a40
66113c21
69113de5
6be23f8e
6e87411d
71034293
735743f3
7587453d
77954672
0047002e
014500d1
02ff01ec
056d037b
08820574
0c2907cc
104d0a74
14d80d5d
19b01078
1ebf13b6
23ef1709
292d1a65
2e681dbf
3392210f
38a0244c
3d892772
42462a7b
46d22d66
4b2c302f
4f4f32d7
533e355c
56f737bf
5a7c3a00
5dce3c21
60ef3e22
63e14006
66a741cd
69424379
6bb6450b
6e044685
702e47e9
72384937
0042002e
012c00d1
02c401ed
0503037d
07dd0578
0b4107d3
0f1c0a81
13580d72
17e01099
1c9f13e5
2180174a
26731abb
2b671e2d
30502196
352124ef
39d32832
3e5e2b5b
42be2e66
46f03150
4af13419
4ec036bf
525e3943
55cc3ba5
590a3de5
5c194006
5efc4208
61b543ec
644545b4
66af4762
68f548f7
6b194a74
6d1d4bda
003d002e
011600d1
029001ed
04a5037e
074a057b
0a7107da
0e090a8d
11fe0d86
163d10b7
1ab21410
1f4b1785
23f81b09
28aa1e90
2d542211
31eb2585
366828e4
3ac32c2a
3ef72f53
4301325c
46df3544
4a90380a
4e123aae
51673d2f
54903f8e
578c41cd
5a5f43ec
5d0a45ed
5f8d47d1
61ed4999
64294b48
66454cde
68424e5c
0038002e
010200d1
026101ed
0450037f
06c7057e
09b707e0
0d120a98
10c60d98
14c210d2
18f31438
1d4917bb
21b51b50
26281eeb
2a972283
2ef7260f
33412988
376d2ce9
3b76302f
3f5a3356
4316365b
46a7393f
4a0d3c01
4d4a3ea0
505c411d
53454379
560745b4
58a247d1
5b1849d0
5d6c4bb2
5f9e4d7a
61b04f28
63a550be
0034002e
00f000d1
023601ee
04040380
06510580
091007e5
0c340aa1
0fac0da8
136a10eb
175d145b
1b7517ec
1fa41b91
23dc1f3f
281322eb
2c3f268d
30582a1f
34572d9a
383730fb
3bf5343d
3f8e375f
43003a60
464b3d3e
496e3ffa
4c6a4293
4f3f450b
51ef4762
547a4999
56e24bb2
59294dae
5b504f8e
5d585154
5f455300
0031002e
00e000d1
021101ee
03c00381
05e60583
087807ea
0b6a0aaa
0ead0db6
12321101
15eb147b
19c91819
1dbf1bcd
21c11f8b
25c4234a
29be2702
2da82aaa
317b2e3e
353431b8
38cd3514
3c443852
3f983b6d
42c73e67
45d1413e
48b643f3
4b774685
4e1448f7
508f4b48
52e84d7a
55224f8e
573d5186
593b5363
5b1e5525
002e002e
00d100d1
01ee01ee
03820382
05850585
07ee07ee
0ab20ab2
0dc30dc4
11151115
14991499
18421842
1c031c03
1fd11fd2
23a223a3
276d276e
2b2b2b2c
2ed52ed6
32673267
35dd35dd
39333934
3c693c69
3f7d3f7d
426e426e
453c453d
47e947e9
4a734a74
4cdd4cde
4f284f28
51545154
53625363
55555556
572e572e
002b002e
00c400d1
01cf01ef
034a0382
052d0587
077107f2
0a0b0ab9
0cef0dd0
10111128
136414b4
16db1867
1a6b1c35
1e092012
21ab23f4
254a27d1
28de2ba3
2c602f63
2fcd330b
33203698
36573a06
39703d54
3c684081
3f41438b
41f94672
44914937
47094bda
49624e5c
4b9d50be
4dbb5300
4fbd5525
51a4572e
5373591b
7ff50016
d2a90024
eac30028
f3f00029
f844002a
fa9f002a
fc09002b
fcf3002a
fd92002b
fe03002b
fe56002b
fe95002b
fec5002b
feec002b
ff0b002b
ff24002b
ff39002b
ff4a002b
ff59002b
ff65002b
ff70002b
ff79002b
ff81002b
ff88002b
ff8e002b
ff93002b
ff98002b
ff9d002b
ffa0002b
ffa4002b
ffa7002b
ffaa002b
2d330024
7fcf0063
b417008b
d01200a1
df9100ac
e8bf00b3
ee8a00b8
f26500bb
f51400bd
f70300be
f87300c0
f98c00c0
fa6600c1
fb1400c1
fb9f00c2
fc1200c2
fc7000c3
fcbf00c3
fd0200c3
fd3b00c3
fd6c00c3
fd9600c3
fdba00c4
fdda00c4
fdf700c4
fe1000c4
fe2600c4
fe3a00c4
fe4c00c4
fe5c00c4
fe6b00c4
fe7800c4
15150028
4b5e008b
7f8b00eb
a51f0130
be1c015d
ceab017c
d9e50190
e1bc019e
e75f01a9
eb8801b1
eeae01b6
f11c01bb
f30601be
f48d01c1
f5cb01c3
f6d001c5
f7a901c7
f85f01c8
f8f901c9
f97d01ca
f9ee01cb
fa5001cc
faa601cc
faf101cd
fb3301cd
fb6e01ce
fba201ce
fbd101ce
fbfa01cf
fc2001cf
fc4201cf
fc6101d0
0be70029
2f4d00a1
59b10130
7f2901ae
9c480210
b1d90259
c1a8028e
cd5302b5
d60e02d3
dcb302e9
e1d602fb
e5df0309
e9180313
ebb2031c
edd30323
ef960329
f10f032e
f24e0332
f35c0336
f4440339
f50c033c
f5ba033e
f6520340
f6d80342
f74e0343
f7b70345
f8140346
f8680347
f8b30348
f8f70349
f934034a
f96c034a
0792002a
1fc300ac
4087015d
61a80210
7eaa02ad
964e032c
a8f50391
b78403e0
c2e3041d
cbd4044d
d2eb0474
d89b0492
dd3604ab
e0fc04c0
e41b04d0
e6b604de
e8e804ea
eac404f4
ec5c04fd
edbb0504
eeeb050b
eff40510
f0dc0515
f1a90519
f25e051d
f2ff0521
f38f0524
f4100527
f4840529
f4ed052b
f54c052d
f5a2052f
0537002a
168e00b3
2fd9017c
4bce0259
6686032c
7e0d03e6
91d90483
a2200504
af61056d
ba2605c2
c2ec0608
ca1d0640
d00a066f
d4f70696
d91606b7
dc8f06d2
df8206ea
e20806fe
e433070f
e614071e
e7b6072b
e9250736
ea670740
eb840749
ec800751
ed620757
ee2b075e
eee00764
ef840768
f017076d
f09d0771
f1160775
03cc002b
10be00b8
248b0190
3bca028e
537a0391
69a40483
7d53055a
8e450613
9c9b06b0
a8a30733
b2b307a1
bb1f07fd
c231084b
c828088c
cd3708c3
d18508f2
d536091b
d864093d
db25095b
dd8b0975
dfa4098c
e17c09a1
e31d09b2
e48e09c2
e5d809d0
e6fd09dd
e80509e8
e8f309f2
e9c909fb
ea8b0a04
eb3c0a0b
ebdc0a12
02e3002a
0ce000bb
1ca6019e
2ff802b5
449c03e0
58dc0504
6ba80613
7c7d0706
8b3a07db
97f60893
a2e20931
ac3909b8
b4350a2b
bb0a0a8e
c0e90ae2
c5f70b2b
ca570b6a
ce230ba1
d1740bd1
d45b0bfb
d6e80c20
d92a0c40
db2a0c5d
dcf10c77
de880c8e
dff50ca3
e13d0cb5
e2650cc6
e3710cd5
e4640ce3
e5410cef
e60b0cfb
0243002b
0a2f00bd
16f801a9
271f02d3
3900041d
4b32056d
5cb506b0
6ceb07db
7b8c08e9
888509d9
93e90aab
9dd90b62
a67d0c02
adff0c8d
b4870d05
ba380d6e
bf300dca
c38a0e1a
c75d0e61
cabc0e9f
cdb80ed6
d05e0f07
d2ba0f32
d4d50f59
d6b90f7c
d86c0f9b
d9f40fb8
db570fd1
dc980fe9
ddbd0ffe
dec71011
dfbb1023
01d2002b
083f00be
12c701b1
206402e9
2fdf044d
401805c2
502a0733
5f770893
6da209d9
7a800b00
86080c0a
90480cf5
99570dc5
a1530e7d
a85b0f1f
ae8d0fad
b403102a
b8d61099
bd1b10fb
c0e51152
c44411a0
c74611e5
c9f71223
cc61125b
ce8e128c
d08412b9
d24a12e2
d3e61307
d55c1329
d6b11347
d7e81364
d906137d
017f002b
06cd00c0
0f9c01b6
1b2f02fb
28a10474
370c0608
45ac07a1
53ed0931
616c0aab
6dee0c0a
795b0d4a
83ae0e6b
8cf20f6f
953a1057
9c9a1126
a32b11de
a9031281
ae371313
b2dc1395
b7011409
bab71471
be0b14cf
c1091522
c3bb156e
c62a15b2
c85e15f0
ca5e1628
cc2f165b
cdd81689
cf5b16b4
d0be16db
d20416fe
0140002b
05b400c0
0d2901bb
17180309
22d30492
2fa30640
3ce407fd
4a0f09b8
56c50b62
62c30cf5
6de70e6b
781f0fc2
816b10fb
89d51215
916a1313
983a13f9
9e5914c6
a3d8157e
a8c71624
ad3716b9
b136173f
b4cf17b8
b8101825
bb011888
bdac18e2
c0181933
c24d197d
c44f19c1
c62619fe
c7d51a37
c9601a6b
cacb1a9b
0110002b
04d900c1
0b3c01be
13d50313
1e1f04ab
2987066f
3584084b
41a00a2b
4d810c02
58e40dc5
639f0f6f
6d9a10fb
76cd1267
7f3713b5
86e014e5
8dd515f9
942216f2
99d517d4
9efc18a1
a3a61959
a7de1a01
abb11a99
af291b22
b2511b9f
b52f1c11
b7cc1c79
ba301cd7
bc5e1d2e
be5f1d7d
c0351dc6
c1e51e09
c3731e47
00e9002b
042b00c1
09b201c1
1132031c
1a4404c0
24730696
2f4c088c
3a680a8e
45740c8d
50300e7d
5a6f1057
64161215
6d1413b5
75651536
7d0b1697
840b17db
8a6f1902
90421a10
95901b05
9a631be4
9ec81caf
a2c81d68
a66d1e11
a9c01eab
acca1f37
af911fb7
b21c202d
b4722099
b69720fc
b8902157
ba6121ab
bc0e21f9
00ca002b
039f00c2
087201c3
0f0a0323
171504d0
203306b7
2a0608c3
34350ae2
3e740d05
48860f1f
52401126
5b831313
643b14e5
6c5e1697
73eb182a
7ae3199e
814c1af4
872e1c2e
8c921d4d
91811e54
96041f45
9a252021
9ded20eb
a16321a4
a48f224d
a77922e8
aa262377
ac9b23fb
aedf2474
b0f724e3
b2e5254a
b4ae25a9
00b1002b
032c00c2
076b01c5
0d410329
146c04de
1c9f06d2
258908f2
2ede0b2b
385a0d6e
41c60fad
4af711de
53cd13f9
5c3215f9
641a17db
6b7f199e
72601b41
78be1cc6
7ea01e2c
840c1f77
890920a7
8d9f21bf
91d622c0
95b623ad
99462486
9c8e254e
9f922606
a25a26b0
a4eb274c
a74927dc
a9792862
ab7f28de
ad602950
009c002b
02cd00c3
069001c7
0bc3032e
122e04ea
199406ea
21af091b
2a3f0b6a
33060dca
3bd3102a
447c1281
4ce114c6
54ec16f2
5c8f1902
63c01af4
6a7c1cc6
70c41e78
769a200b
7c022181
810222db
85a1241b
89e42542
8dd42652
9176274d
94d02835
97e9290b
9ac629d1
9d6b2a88
9fde2b32
a2232bce
a43d2c60
a6322ce7
008b002b
027e00c3
05d901c8
0a800332
104804f4
16fa06fe
1e5f093d
263c0ba1
2e5c0e1a
36911099
3eb61313
46aa157e
4e5717d4
55ae1a10
5ca41c2e
63341e2c
695b200b
6f1b21cb
7475236c
796f24f0
7e0d2657
825527a4
864d28d9
89f929f7
8d5f2b00
90862bf5
93712cd8
96262dab
98a92e6f
9afe2f24
9d282fcd
9f2c306a
007c002b
023b00c3
053e01c9
096e0336
0ea704fd
14be070f
1b80095b
22bb0bd1
2a420e61
31ea10fb
398f1395
41151624
486318a1
4f6b1b05
56211d4d
5c7d1f77
627d2181
681f236c
6d652537
725026e4
76e72873
7b2b29e7
7f232b40
82d32c82
86402dac
896f2ec1
8c642fc2
8f2330b2
91b13190
9412325f
96483320
985833d4
0070002b
020200c3
04b901ca
08830339
0d410504
12ce071e
19000975
1faa0bfb
26a50e9f
2dc91152
34f61409
3c1016b9
43011959
49b91be4
502b1e54
565020a7
5c2322db
61a124f0
66cc26e4
6ba428b9
702c2a6f
74672c09
78592d88
7c082eec
7f753038
82a7316d
85a0328e
8866339a
8afb3494
8d64357d
8fa33657
91bc3722
0065002b
01d100c3
044701cb
07b8033c
0c0a050b
111f072b
16d0098c
1cf80c20
23720ed6
2a1c11a0
30d81471
378b173f
3e211a01
44891caf
4ab71f45
50a221bf
5644241b
5b9c2657
60a62873
65652a6f
69da2c4d
6e072e0c
71ef2faf
75973136
790032a4
7c3033fa
7f2b3538
81f23663
848b3779
86f8387c
893c3970
8b5b3a53
005c002b
01a700c3
03e401cc
0708033e
0afc0510
0fa50736
14e309a1
1a960c40
209b0f07
26d511e5
2d2614cf
337917b8
39b61a99
3fd01d68
45ba2021
4b6a22c0
50da2542
560727a4
5aee29e7
5f902c09
63ed2e0c
68082ff0
6be231b7
6f7f3361
72e134f0
760c3666
790337c3
7bc9390b
7e623a3d
80d03b5c
83173c68
85383d64
0054002b
018200c4
038e01cc
066e0340
0a0f0515
0e590740
133109b2
18790c5d
1e140f32
23e61223
29d51522
2fcb1825
35b51b22
3b821e11
412820eb
469d23ad
4bda2652
50da28d9
559d2b40
5a1f2d88
5e622faf
626731b7
663033a0
69bf356c
6d16371c
703838b2
73293a2e
75eb3b93
78813ce1
7aee3e1b
7d343f41
7f564055
004d002b
016200c4
034201cd
05e60342
093e0519
0d330749
11b009c2
16980c77
1bd20f59
2144125b
26d7156e
2c771888
32101b9f
37951eab
3cf921a4
42342486
473d274d
4c1029f7
50ab2c82
550c2eec
59333136
5d203361
60d5356c
6453375a
679d392a
6ab43adf
6d9d3c79
70583dfb
72e83f65
755140b9
779541f9
79b54326
0047002b
014500c4
030001cd
056f0343
0885051d
0c2f0751
105809d0
14ea0c8e
19cb0f7c
1ee6128c
242415b2
297218e2
2ec01c11
33ff1f37
3924224d
3e24254e
42fb2835
47a12b00
4c142dac
50533038
545c32a4
582f34f0
5bce371c
5f39392a
62733b1a
657e3ced
685b3ea5
6b0d4043
6d9641c9
6ff94338
72384491
745545d6
0042002b
012c00c4
02c401ce
05040345
07e00521
0b470757
0f2609dd
13680ca3
17f90f9b
1cc312b9
21b215f0
26b51933
2bbb1c79
30b81fb7
359f22e8
3a682606
3f0c290b
43852bf5
47d02ec1
4bec316d
4fd633fa
538e3666
571638b2
5a6d3adf
5d953ced
60913ede
636140b3
6609426d
6889440e
6ae44597
6d1d4709
6f344866
003d002b
011600c4
029001ce
04a60346
074d0524
0a77075e
0e1309e8
120e0cb5
16540fb8
1ad412e2
1f7a1628
2436197d
28f91cd7
2db7202d
32632377
36f626b0
3b6929d1
3fb72cd8
43da2fc2
47d2328e
4b9d3538
4f3a37c3
52a93a2e
55ea3c79
59003ea5
5bec40b3
5eae42a4
6149447a
63bf4635
661147d7
68424962
6a534ad7
0038002b
010200c4
026101ce
04510347
06c90527
09bc0764
0d1b09f2
10d50cc6
14d80fd1
19131307
1d76165b
21f019c1
26741d2e
2af52099
2f6a23fb
33c9274c
380d2a88
3c2f2dab
402b30b2
4400339a
47ab3663
4b2c390b
4e823b93
51ad3dfb
54b04043
578a426d
5a3d447a
5ccb466a
5f35483f
617e49fa
63a54b9d
65ae4d29
0035002b
00f000c4
023701cf
04050348
06530529
09140768
0c3c09fb
0fba0cd5
137f0fe9
177b1329
1b9f1689
1fdc19fe
24241d7d
286d20fc
2cad2474
30db27dc
34f02b32
38e82e6f
3cbf3190
40713494
43fc3779
47613a3d
4a9e3ce1
4db33f65
50a141c9
5369440e
560c4635
588c483f
5aea4a2d
5d264c01
5f454dbb
61454f5e
0031002b
00e000c4
021101cf
03c00349
05e8052b
087c076d
0b710a04
0eb90ce3
12450ffe
16081347
19f116b4
1df41a37
22051dc6
26192157
2a2624e3
2e252862
320f2bce
35de2f24
398f325f
3d1f357d
408c387c
43d43b5c
46f73e1b
49f640b9
4ccf4338
4f854597
521847d7
548849fa
56d94c01
590a4dec
5b1e4fbd
5d155176
002e002b
00d100c4
01ef01cf
0382034a
0587052d
07f20771
0ab90a0b
0dd00cef
11281011
14b41364
186716db
1c351a6b
20121e09
23f421ab
27d1254a
2ba328de
2f632c60
330b2fcd
36983320
3a063657
3d543970
40813c68
438b3f41
467241f9
49374491
4bda4709
4e5c4962
50be4b9d
53004dbb
55254fbd
572e51a4
591b5373
002b002b
00c400c4
01cf01d0
034a034a
052f052f
07750775
0a120a12
0cfa0cfb
10221023
137d137d
16fe16fe
1a9a1a9b
1e461e47
21f921f9
25a925a9
29502950
2ce72ce7
306a306a
33d433d4
37223722
3a523a53
3d643d64
40554055
43254326
45d545d6
48664866
4ad64ad7
4d294d29
4f5d4f5e
51755176
53725373
55555556
