Copyright 1986-2022 Xilinx, Inc. All Rights Reserved.
---------------------------------------------------------------------------------------------------------------------------------------------------------------------------
| Tool Version : Vivado v.2022.2 (lin64) Build 3671981 Fri Oct 14 04:59:54 MDT 2022
| Date         : Wed Sep 16 18:08:03 2026
| Host         : <BUILD_HOST> running 64-bit Ubuntu 22.04.5 LTS
| Command      : report_timing -delay_type max -max_paths 20 -path_type full_clock_expanded -file <EXPERIMENT_ROOT>/build_text288_v1/reports/critical_paths.rpt
| Design       : design_1_wrapper
| Device       : 7z020-clg400
| Speed File   : -1  PRODUCTION 1.12 2019-11-22
---------------------------------------------------------------------------------------------------------------------------------------------------------------------------

Timing Report

Slack (MET) :             0.273ns  (required time - arrival time)
  Source:                 design_1_i/maxcut26_0/inst/solver/energy_row_reg[2]/C
                            (rising edge-triggered cell FDRE clocked by clk_fpga_0  {rise@0.000ns fall@5.000ns period=10.000ns})
  Destination:            design_1_i/maxcut26_0/inst/solver/accumulator_reg[15]/D
                            (rising edge-triggered cell FDRE clocked by clk_fpga_0  {rise@0.000ns fall@5.000ns period=10.000ns})
  Path Group:             clk_fpga_0
  Path Type:              Setup (Max at Slow Process Corner)
  Requirement:            10.000ns  (clk_fpga_0 rise@10.000ns - clk_fpga_0 rise@0.000ns)
  Data Path Delay:        9.463ns  (logic 3.642ns (38.488%)  route 5.821ns (61.512%))
  Logic Levels:           11  (CARRY4=3 LUT2=1 LUT5=1 LUT6=3 MUXF7=3)
  Clock Path Skew:        -0.142ns (DCD - SCD + CPR)
    Destination Clock Delay (DCD):    2.648ns = ( 12.648 - 10.000 ) 
    Source Clock Delay      (SCD):    2.919ns
    Clock Pessimism Removal (CPR):    0.129ns
  Clock Uncertainty:      0.154ns  ((TSJ^2 + TIJ^2)^1/2 + DJ) / 2 + PE
    Total System Jitter     (TSJ):    0.071ns
    Total Input Jitter      (TIJ):    0.300ns
    Discrete Jitter          (DJ):    0.000ns
    Phase Error              (PE):    0.000ns

    Location             Delay type                Incr(ns)  Path(ns)    Netlist Resource(s)
  -------------------------------------------------------------------    -------------------
                         (clock clk_fpga_0 rise edge)
                                                      0.000     0.000 r  
    PS7_X0Y0             PS7                          0.000     0.000 r  design_1_i/ps7_0/inst/PS7_i/FCLKCLK[0]
                         net (fo=1, routed)           1.193     1.193    design_1_i/ps7_0/inst/FCLK_CLK_unbuffered[0]
    BUFGCTRL_X0Y16       BUFG (Prop_bufg_I_O)         0.101     1.294 r  design_1_i/ps7_0/inst/buffer_fclk_clk_0.FCLK_CLK_0_BUFG/O
                         net (fo=15344, routed)       1.625     2.919    design_1_i/maxcut26_0/inst/solver/s_axi_aclk
    SLICE_X50Y78         FDRE                                         r  design_1_i/maxcut26_0/inst/solver/energy_row_reg[2]/C
  -------------------------------------------------------------------    -------------------
    SLICE_X50Y78         FDRE (Prop_fdre_C_Q)         0.478     3.397 r  design_1_i/maxcut26_0/inst/solver/energy_row_reg[2]/Q
                         net (fo=40, routed)          1.312     4.709    design_1_i/maxcut26_0/inst/solver/energy_row_reg_n_0_[2]
    SLICE_X55Y71         MUXF7 (Prop_muxf7_S_O)       0.447     5.156 r  design_1_i/maxcut26_0/inst/solver/accumulator_reg[3]_i_44/O
                         net (fo=1, routed)           0.927     6.083    design_1_i/maxcut26_0/inst/solver/accumulator_reg[3]_i_44_n_0
    SLICE_X57Y74         LUT6 (Prop_lut6_I3_O)        0.299     6.382 f  design_1_i/maxcut26_0/inst/solver/accumulator[3]_i_23/O
                         net (fo=1, routed)           0.000     6.382    design_1_i/maxcut26_0/inst/solver/accumulator[3]_i_23_n_0
    SLICE_X57Y74         MUXF7 (Prop_muxf7_I1_O)      0.217     6.599 f  design_1_i/maxcut26_0/inst/solver/accumulator_reg[3]_i_16/O
                         net (fo=1, routed)           1.302     7.901    design_1_i/maxcut26_0/inst/solver/accumulator_reg[3]_i_16_n_0
    SLICE_X42Y71         LUT6 (Prop_lut6_I0_O)        0.299     8.200 r  design_1_i/maxcut26_0/inst/solver/accumulator[3]_i_14/O
                         net (fo=1, routed)           0.000     8.200    design_1_i/maxcut26_0/inst/solver/accumulator[3]_i_14_n_0
    SLICE_X42Y71         MUXF7 (Prop_muxf7_I0_O)      0.209     8.409 r  design_1_i/maxcut26_0/inst/solver/accumulator_reg[3]_i_13/O
                         net (fo=4, routed)           1.050     9.459    design_1_i/maxcut26_0/inst/solver/energy_term2
    SLICE_X36Y67         LUT6 (Prop_lut6_I5_O)        0.297     9.756 r  design_1_i/maxcut26_0/inst/solver/accumulator[15]_i_19/O
                         net (fo=12, routed)          0.647    10.403    design_1_i/maxcut26_0/inst/solver/energy_term[4]
    SLICE_X34Y67         LUT2 (Prop_lut2_I1_O)        0.124    10.527 r  design_1_i/maxcut26_0/inst/solver/accumulator[7]_i_6/O
                         net (fo=1, routed)           0.000    10.527    design_1_i/maxcut26_0/inst/solver/accumulator[7]_i_6_n_0
    SLICE_X34Y67         CARRY4 (Prop_carry4_S[1]_CO[3])
                                                      0.533    11.060 r  design_1_i/maxcut26_0/inst/solver/accumulator_reg[7]_i_2/CO[3]
                         net (fo=1, routed)           0.000    11.060    design_1_i/maxcut26_0/inst/solver/accumulator_reg[7]_i_2_n_0
    SLICE_X34Y68         CARRY4 (Prop_carry4_CI_CO[3])
                                                      0.117    11.177 r  design_1_i/maxcut26_0/inst/solver/accumulator_reg[11]_i_2/CO[3]
                         net (fo=1, routed)           0.000    11.177    design_1_i/maxcut26_0/inst/solver/accumulator_reg[11]_i_2_n_0
    SLICE_X34Y69         CARRY4 (Prop_carry4_CI_O[3])
                                                      0.315    11.492 r  design_1_i/maxcut26_0/inst/solver/accumulator_reg[15]_i_5/O[3]
                         net (fo=1, routed)           0.583    12.075    design_1_i/maxcut26_0/inst/solver/accumulator0[15]
    SLICE_X35Y69         LUT5 (Prop_lut5_I0_O)        0.307    12.382 r  design_1_i/maxcut26_0/inst/solver/accumulator[15]_i_2/O
                         net (fo=1, routed)           0.000    12.382    design_1_i/maxcut26_0/inst/solver/accumulator[15]_i_2_n_0
    SLICE_X35Y69         FDRE                                         r  design_1_i/maxcut26_0/inst/solver/accumulator_reg[15]/D
  -------------------------------------------------------------------    -------------------

                         (clock clk_fpga_0 rise edge)
                                                     10.000    10.000 r  
    PS7_X0Y0             PS7                          0.000    10.000 r  design_1_i/ps7_0/inst/PS7_i/FCLKCLK[0]
                         net (fo=1, routed)           1.088    11.088    design_1_i/ps7_0/inst/FCLK_CLK_unbuffered[0]
    BUFGCTRL_X0Y16       BUFG (Prop_bufg_I_O)         0.091    11.179 r  design_1_i/ps7_0/inst/buffer_fclk_clk_0.FCLK_CLK_0_BUFG/O
                         net (fo=15344, routed)       1.469    12.648    design_1_i/maxcut26_0/inst/solver/s_axi_aclk
    SLICE_X35Y69         FDRE                                         r  design_1_i/maxcut26_0/inst/solver/accumulator_reg[15]/C
                         clock pessimism              0.129    12.777    
                         clock uncertainty           -0.154    12.623    
    SLICE_X35Y69         FDRE (Setup_fdre_C_D)        0.032    12.655    design_1_i/maxcut26_0/inst/solver/accumulator_reg[15]
  -------------------------------------------------------------------
                         required time                         12.655    
                         arrival time                         -12.382    
  -------------------------------------------------------------------
                         slack                                  0.273    

Slack (MET) :             0.474ns  (required time - arrival time)
  Source:                 design_1_i/maxcut26_0/inst/solver/energy_row_reg[2]/C
                            (rising edge-triggered cell FDRE clocked by clk_fpga_0  {rise@0.000ns fall@5.000ns period=10.000ns})
  Destination:            design_1_i/maxcut26_0/inst/solver/accumulator_reg[12]/D
                            (rising edge-triggered cell FDRE clocked by clk_fpga_0  {rise@0.000ns fall@5.000ns period=10.000ns})
  Path Group:             clk_fpga_0
  Path Type:              Setup (Max at Slow Process Corner)
  Requirement:            10.000ns  (clk_fpga_0 rise@10.000ns - clk_fpga_0 rise@0.000ns)
  Data Path Delay:        9.259ns  (logic 3.534ns (38.169%)  route 5.725ns (61.831%))
  Logic Levels:           11  (CARRY4=3 LUT2=1 LUT5=1 LUT6=3 MUXF7=3)
  Clock Path Skew:        -0.142ns (DCD - SCD + CPR)
    Destination Clock Delay (DCD):    2.648ns = ( 12.648 - 10.000 ) 
    Source Clock Delay      (SCD):    2.919ns
    Clock Pessimism Removal (CPR):    0.129ns
  Clock Uncertainty:      0.154ns  ((TSJ^2 + TIJ^2)^1/2 + DJ) / 2 + PE
    Total System Jitter     (TSJ):    0.071ns
    Total Input Jitter      (TIJ):    0.300ns
    Discrete Jitter          (DJ):    0.000ns
    Phase Error              (PE):    0.000ns

    Location             Delay type                Incr(ns)  Path(ns)    Netlist Resource(s)
  -------------------------------------------------------------------    -------------------
                         (clock clk_fpga_0 rise edge)
                                                      0.000     0.000 r  
    PS7_X0Y0             PS7                          0.000     0.000 r  design_1_i/ps7_0/inst/PS7_i/FCLKCLK[0]
                         net (fo=1, routed)           1.193     1.193    design_1_i/ps7_0/inst/FCLK_CLK_unbuffered[0]
    BUFGCTRL_X0Y16       BUFG (Prop_bufg_I_O)         0.101     1.294 r  design_1_i/ps7_0/inst/buffer_fclk_clk_0.FCLK_CLK_0_BUFG/O
                         net (fo=15344, routed)       1.625     2.919    design_1_i/maxcut26_0/inst/solver/s_axi_aclk
    SLICE_X50Y78         FDRE                                         r  design_1_i/maxcut26_0/inst/solver/energy_row_reg[2]/C
  -------------------------------------------------------------------    -------------------
    SLICE_X50Y78         FDRE (Prop_fdre_C_Q)         0.478     3.397 r  design_1_i/maxcut26_0/inst/solver/energy_row_reg[2]/Q
                         net (fo=40, routed)          1.312     4.709    design_1_i/maxcut26_0/inst/solver/energy_row_reg_n_0_[2]
    SLICE_X55Y71         MUXF7 (Prop_muxf7_S_O)       0.447     5.156 r  design_1_i/maxcut26_0/inst/solver/accumulator_reg[3]_i_44/O
                         net (fo=1, routed)           0.927     6.083    design_1_i/maxcut26_0/inst/solver/accumulator_reg[3]_i_44_n_0
    SLICE_X57Y74         LUT6 (Prop_lut6_I3_O)        0.299     6.382 f  design_1_i/maxcut26_0/inst/solver/accumulator[3]_i_23/O
                         net (fo=1, routed)           0.000     6.382    design_1_i/maxcut26_0/inst/solver/accumulator[3]_i_23_n_0
    SLICE_X57Y74         MUXF7 (Prop_muxf7_I1_O)      0.217     6.599 f  design_1_i/maxcut26_0/inst/solver/accumulator_reg[3]_i_16/O
                         net (fo=1, routed)           1.302     7.901    design_1_i/maxcut26_0/inst/solver/accumulator_reg[3]_i_16_n_0
    SLICE_X42Y71         LUT6 (Prop_lut6_I0_O)        0.299     8.200 r  design_1_i/maxcut26_0/inst/solver/accumulator[3]_i_14/O
                         net (fo=1, routed)           0.000     8.200    design_1_i/maxcut26_0/inst/solver/accumulator[3]_i_14_n_0
    SLICE_X42Y71         MUXF7 (Prop_muxf7_I0_O)      0.209     8.409 r  design_1_i/maxcut26_0/inst/solver/accumulator_reg[3]_i_13/O
                         net (fo=4, routed)           1.050     9.459    design_1_i/maxcut26_0/inst/solver/energy_term2
    SLICE_X36Y67         LUT6 (Prop_lut6_I5_O)        0.297     9.756 r  design_1_i/maxcut26_0/inst/solver/accumulator[15]_i_19/O
                         net (fo=12, routed)          0.647    10.403    design_1_i/maxcut26_0/inst/solver/energy_term[4]
    SLICE_X34Y67         LUT2 (Prop_lut2_I1_O)        0.124    10.527 r  design_1_i/maxcut26_0/inst/solver/accumulator[7]_i_6/O
                         net (fo=1, routed)           0.000    10.527    design_1_i/maxcut26_0/inst/solver/accumulator[7]_i_6_n_0
    SLICE_X34Y67         CARRY4 (Prop_carry4_S[1]_CO[3])
                                                      0.533    11.060 r  design_1_i/maxcut26_0/inst/solver/accumulator_reg[7]_i_2/CO[3]
                         net (fo=1, routed)           0.000    11.060    design_1_i/maxcut26_0/inst/solver/accumulator_reg[7]_i_2_n_0
    SLICE_X34Y68         CARRY4 (Prop_carry4_CI_CO[3])
                                                      0.117    11.177 r  design_1_i/maxcut26_0/inst/solver/accumulator_reg[11]_i_2/CO[3]
                         net (fo=1, routed)           0.000    11.177    design_1_i/maxcut26_0/inst/solver/accumulator_reg[11]_i_2_n_0
    SLICE_X34Y69         CARRY4 (Prop_carry4_CI_O[0])
                                                      0.219    11.396 r  design_1_i/maxcut26_0/inst/solver/accumulator_reg[15]_i_5/O[0]
                         net (fo=1, routed)           0.487    11.883    design_1_i/maxcut26_0/inst/solver/accumulator0[12]
    SLICE_X35Y69         LUT5 (Prop_lut5_I0_O)        0.295    12.178 r  design_1_i/maxcut26_0/inst/solver/accumulator[12]_i_1/O
                         net (fo=1, routed)           0.000    12.178    design_1_i/maxcut26_0/inst/solver/accumulator[12]_i_1_n_0
    SLICE_X35Y69         FDRE                                         r  design_1_i/maxcut26_0/inst/solver/accumulator_reg[12]/D
  -------------------------------------------------------------------    -------------------

                         (clock clk_fpga_0 rise edge)
                                                     10.000    10.000 r  
    PS7_X0Y0             PS7                          0.000    10.000 r  design_1_i/ps7_0/inst/PS7_i/FCLKCLK[0]
                         net (fo=1, routed)           1.088    11.088    design_1_i/ps7_0/inst/FCLK_CLK_unbuffered[0]
    BUFGCTRL_X0Y16       BUFG (Prop_bufg_I_O)         0.091    11.179 r  design_1_i/ps7_0/inst/buffer_fclk_clk_0.FCLK_CLK_0_BUFG/O
                         net (fo=15344, routed)       1.469    12.648    design_1_i/maxcut26_0/inst/solver/s_axi_aclk
    SLICE_X35Y69         FDRE                                         r  design_1_i/maxcut26_0/inst/solver/accumulator_reg[12]/C
                         clock pessimism              0.129    12.777    
                         clock uncertainty           -0.154    12.623    
    SLICE_X35Y69         FDRE (Setup_fdre_C_D)        0.029    12.652    design_1_i/maxcut26_0/inst/solver/accumulator_reg[12]
  -------------------------------------------------------------------
                         required time                         12.652    
                         arrival time                         -12.178    
  -------------------------------------------------------------------
                         slack                                  0.474    

Slack (MET) :             0.504ns  (required time - arrival time)
  Source:                 design_1_i/maxcut26_0/inst/solver/energy_row_reg[2]/C
                            (rising edge-triggered cell FDRE clocked by clk_fpga_0  {rise@0.000ns fall@5.000ns period=10.000ns})
  Destination:            design_1_i/maxcut26_0/inst/solver/accumulator_reg[13]/D
                            (rising edge-triggered cell FDRE clocked by clk_fpga_0  {rise@0.000ns fall@5.000ns period=10.000ns})
  Path Group:             clk_fpga_0
  Path Type:              Setup (Max at Slow Process Corner)
  Requirement:            10.000ns  (clk_fpga_0 rise@10.000ns - clk_fpga_0 rise@0.000ns)
  Data Path Delay:        9.231ns  (logic 3.649ns (39.530%)  route 5.582ns (60.470%))
  Logic Levels:           11  (CARRY4=3 LUT2=1 LUT5=1 LUT6=3 MUXF7=3)
  Clock Path Skew:        -0.142ns (DCD - SCD + CPR)
    Destination Clock Delay (DCD):    2.648ns = ( 12.648 - 10.000 ) 
    Source Clock Delay      (SCD):    2.919ns
    Clock Pessimism Removal (CPR):    0.129ns
  Clock Uncertainty:      0.154ns  ((TSJ^2 + TIJ^2)^1/2 + DJ) / 2 + PE
    Total System Jitter     (TSJ):    0.071ns
    Total Input Jitter      (TIJ):    0.300ns
    Discrete Jitter          (DJ):    0.000ns
    Phase Error              (PE):    0.000ns

    Location             Delay type                Incr(ns)  Path(ns)    Netlist Resource(s)
  -------------------------------------------------------------------    -------------------
                         (clock clk_fpga_0 rise edge)
                                                      0.000     0.000 r  
    PS7_X0Y0             PS7                          0.000     0.000 r  design_1_i/ps7_0/inst/PS7_i/FCLKCLK[0]
                         net (fo=1, routed)           1.193     1.193    design_1_i/ps7_0/inst/FCLK_CLK_unbuffered[0]
    BUFGCTRL_X0Y16       BUFG (Prop_bufg_I_O)         0.101     1.294 r  design_1_i/ps7_0/inst/buffer_fclk_clk_0.FCLK_CLK_0_BUFG/O
                         net (fo=15344, routed)       1.625     2.919    design_1_i/maxcut26_0/inst/solver/s_axi_aclk
    SLICE_X50Y78         FDRE                                         r  design_1_i/maxcut26_0/inst/solver/energy_row_reg[2]/C
  -------------------------------------------------------------------    -------------------
    SLICE_X50Y78         FDRE (Prop_fdre_C_Q)         0.478     3.397 r  design_1_i/maxcut26_0/inst/solver/energy_row_reg[2]/Q
                         net (fo=40, routed)          1.312     4.709    design_1_i/maxcut26_0/inst/solver/energy_row_reg_n_0_[2]
    SLICE_X55Y71         MUXF7 (Prop_muxf7_S_O)       0.447     5.156 r  design_1_i/maxcut26_0/inst/solver/accumulator_reg[3]_i_44/O
                         net (fo=1, routed)           0.927     6.083    design_1_i/maxcut26_0/inst/solver/accumulator_reg[3]_i_44_n_0
    SLICE_X57Y74         LUT6 (Prop_lut6_I3_O)        0.299     6.382 f  design_1_i/maxcut26_0/inst/solver/accumulator[3]_i_23/O
                         net (fo=1, routed)           0.000     6.382    design_1_i/maxcut26_0/inst/solver/accumulator[3]_i_23_n_0
    SLICE_X57Y74         MUXF7 (Prop_muxf7_I1_O)      0.217     6.599 f  design_1_i/maxcut26_0/inst/solver/accumulator_reg[3]_i_16/O
                         net (fo=1, routed)           1.302     7.901    design_1_i/maxcut26_0/inst/solver/accumulator_reg[3]_i_16_n_0
    SLICE_X42Y71         LUT6 (Prop_lut6_I0_O)        0.299     8.200 r  design_1_i/maxcut26_0/inst/solver/accumulator[3]_i_14/O
                         net (fo=1, routed)           0.000     8.200    design_1_i/maxcut26_0/inst/solver/accumulator[3]_i_14_n_0
    SLICE_X42Y71         MUXF7 (Prop_muxf7_I0_O)      0.209     8.409 r  design_1_i/maxcut26_0/inst/solver/accumulator_reg[3]_i_13/O
                         net (fo=4, routed)           1.050     9.459    design_1_i/maxcut26_0/inst/solver/energy_term2
    SLICE_X36Y67         LUT6 (Prop_lut6_I5_O)        0.297     9.756 r  design_1_i/maxcut26_0/inst/solver/accumulator[15]_i_19/O
                         net (fo=12, routed)          0.647    10.403    design_1_i/maxcut26_0/inst/solver/energy_term[4]
    SLICE_X34Y67         LUT2 (Prop_lut2_I1_O)        0.124    10.527 r  design_1_i/maxcut26_0/inst/solver/accumulator[7]_i_6/O
                         net (fo=1, routed)           0.000    10.527    design_1_i/maxcut26_0/inst/solver/accumulator[7]_i_6_n_0
    SLICE_X34Y67         CARRY4 (Prop_carry4_S[1]_CO[3])
                                                      0.533    11.060 r  design_1_i/maxcut26_0/inst/solver/accumulator_reg[7]_i_2/CO[3]
                         net (fo=1, routed)           0.000    11.060    design_1_i/maxcut26_0/inst/solver/accumulator_reg[7]_i_2_n_0
    SLICE_X34Y68         CARRY4 (Prop_carry4_CI_CO[3])
                                                      0.117    11.177 r  design_1_i/maxcut26_0/inst/solver/accumulator_reg[11]_i_2/CO[3]
                         net (fo=1, routed)           0.000    11.177    design_1_i/maxcut26_0/inst/solver/accumulator_reg[11]_i_2_n_0
    SLICE_X34Y69         CARRY4 (Prop_carry4_CI_O[1])
                                                      0.323    11.500 r  design_1_i/maxcut26_0/inst/solver/accumulator_reg[15]_i_5/O[1]
                         net (fo=1, routed)           0.344    11.844    design_1_i/maxcut26_0/inst/solver/accumulator0[13]
    SLICE_X35Y69         LUT5 (Prop_lut5_I0_O)        0.306    12.150 r  design_1_i/maxcut26_0/inst/solver/accumulator[13]_i_1/O
                         net (fo=1, routed)           0.000    12.150    design_1_i/maxcut26_0/inst/solver/accumulator[13]_i_1_n_0
    SLICE_X35Y69         FDRE                                         r  design_1_i/maxcut26_0/inst/solver/accumulator_reg[13]/D
  -------------------------------------------------------------------    -------------------

                         (clock clk_fpga_0 rise edge)
                                                     10.000    10.000 r  
    PS7_X0Y0             PS7                          0.000    10.000 r  design_1_i/ps7_0/inst/PS7_i/FCLKCLK[0]
                         net (fo=1, routed)           1.088    11.088    design_1_i/ps7_0/inst/FCLK_CLK_unbuffered[0]
    BUFGCTRL_X0Y16       BUFG (Prop_bufg_I_O)         0.091    11.179 r  design_1_i/ps7_0/inst/buffer_fclk_clk_0.FCLK_CLK_0_BUFG/O
                         net (fo=15344, routed)       1.469    12.648    design_1_i/maxcut26_0/inst/solver/s_axi_aclk
    SLICE_X35Y69         FDRE                                         r  design_1_i/maxcut26_0/inst/solver/accumulator_reg[13]/C
                         clock pessimism              0.129    12.777    
                         clock uncertainty           -0.154    12.623    
    SLICE_X35Y69         FDRE (Setup_fdre_C_D)        0.031    12.654    design_1_i/maxcut26_0/inst/solver/accumulator_reg[13]
  -------------------------------------------------------------------
                         required time                         12.654    
                         arrival time                         -12.150    
  -------------------------------------------------------------------
                         slack                                  0.504    

Slack (MET) :             0.529ns  (required time - arrival time)
  Source:                 design_1_i/maxcut26_0/inst/solver/energy_row_reg[2]/C
                            (rising edge-triggered cell FDRE clocked by clk_fpga_0  {rise@0.000ns fall@5.000ns period=10.000ns})
  Destination:            design_1_i/maxcut26_0/inst/solver/accumulator_reg[14]/D
                            (rising edge-triggered cell FDRE clocked by clk_fpga_0  {rise@0.000ns fall@5.000ns period=10.000ns})
  Path Group:             clk_fpga_0
  Path Type:              Setup (Max at Slow Process Corner)
  Requirement:            10.000ns  (clk_fpga_0 rise@10.000ns - clk_fpga_0 rise@0.000ns)
  Data Path Delay:        9.206ns  (logic 3.560ns (38.672%)  route 5.646ns (61.328%))
  Logic Levels:           11  (CARRY4=3 LUT2=1 LUT5=1 LUT6=3 MUXF7=3)
  Clock Path Skew:        -0.142ns (DCD - SCD + CPR)
    Destination Clock Delay (DCD):    2.648ns = ( 12.648 - 10.000 ) 
    Source Clock Delay      (SCD):    2.919ns
    Clock Pessimism Removal (CPR):    0.129ns
  Clock Uncertainty:      0.154ns  ((TSJ^2 + TIJ^2)^1/2 + DJ) / 2 + PE
    Total System Jitter     (TSJ):    0.071ns
    Total Input Jitter      (TIJ):    0.300ns
    Discrete Jitter          (DJ):    0.000ns
    Phase Error              (PE):    0.000ns

    Location             Delay type                Incr(ns)  Path(ns)    Netlist Resource(s)
  -------------------------------------------------------------------    -------------------
                         (clock clk_fpga_0 rise edge)
                                                      0.000     0.000 r  
    PS7_X0Y0             PS7                          0.000     0.000 r  design_1_i/ps7_0/inst/PS7_i/FCLKCLK[0]
                         net (fo=1, routed)           1.193     1.193    design_1_i/ps7_0/inst/FCLK_CLK_unbuffered[0]
    BUFGCTRL_X0Y16       BUFG (Prop_bufg_I_O)         0.101     1.294 r  design_1_i/ps7_0/inst/buffer_fclk_clk_0.FCLK_CLK_0_BUFG/O
                         net (fo=15344, routed)       1.625     2.919    design_1_i/maxcut26_0/inst/solver/s_axi_aclk
    SLICE_X50Y78         FDRE                                         r  design_1_i/maxcut26_0/inst/solver/energy_row_reg[2]/C
  -------------------------------------------------------------------    -------------------
    SLICE_X50Y78         FDRE (Prop_fdre_C_Q)         0.478     3.397 r  design_1_i/maxcut26_0/inst/solver/energy_row_reg[2]/Q
                         net (fo=40, routed)          1.312     4.709    design_1_i/maxcut26_0/inst/solver/energy_row_reg_n_0_[2]
    SLICE_X55Y71         MUXF7 (Prop_muxf7_S_O)       0.447     5.156 r  design_1_i/maxcut26_0/inst/solver/accumulator_reg[3]_i_44/O
                         net (fo=1, routed)           0.927     6.083    design_1_i/maxcut26_0/inst/solver/accumulator_reg[3]_i_44_n_0
    SLICE_X57Y74         LUT6 (Prop_lut6_I3_O)        0.299     6.382 f  design_1_i/maxcut26_0/inst/solver/accumulator[3]_i_23/O
                         net (fo=1, routed)           0.000     6.382    design_1_i/maxcut26_0/inst/solver/accumulator[3]_i_23_n_0
    SLICE_X57Y74         MUXF7 (Prop_muxf7_I1_O)      0.217     6.599 f  design_1_i/maxcut26_0/inst/solver/accumulator_reg[3]_i_16/O
                         net (fo=1, routed)           1.302     7.901    design_1_i/maxcut26_0/inst/solver/accumulator_reg[3]_i_16_n_0
    SLICE_X42Y71         LUT6 (Prop_lut6_I0_O)        0.299     8.200 r  design_1_i/maxcut26_0/inst/solver/accumulator[3]_i_14/O
                         net (fo=1, routed)           0.000     8.200    design_1_i/maxcut26_0/inst/solver/accumulator[3]_i_14_n_0
    SLICE_X42Y71         MUXF7 (Prop_muxf7_I0_O)      0.209     8.409 r  design_1_i/maxcut26_0/inst/solver/accumulator_reg[3]_i_13/O
                         net (fo=4, routed)           1.050     9.459    design_1_i/maxcut26_0/inst/solver/energy_term2
    SLICE_X36Y67         LUT6 (Prop_lut6_I5_O)        0.297     9.756 r  design_1_i/maxcut26_0/inst/solver/accumulator[15]_i_19/O
                         net (fo=12, routed)          0.647    10.403    design_1_i/maxcut26_0/inst/solver/energy_term[4]
    SLICE_X34Y67         LUT2 (Prop_lut2_I1_O)        0.124    10.527 r  design_1_i/maxcut26_0/inst/solver/accumulator[7]_i_6/O
                         net (fo=1, routed)           0.000    10.527    design_1_i/maxcut26_0/inst/solver/accumulator[7]_i_6_n_0
    SLICE_X34Y67         CARRY4 (Prop_carry4_S[1]_CO[3])
                                                      0.533    11.060 r  design_1_i/maxcut26_0/inst/solver/accumulator_reg[7]_i_2/CO[3]
                         net (fo=1, routed)           0.000    11.060    design_1_i/maxcut26_0/inst/solver/accumulator_reg[7]_i_2_n_0
    SLICE_X34Y68         CARRY4 (Prop_carry4_CI_CO[3])
                                                      0.117    11.177 r  design_1_i/maxcut26_0/inst/solver/accumulator_reg[11]_i_2/CO[3]
                         net (fo=1, routed)           0.000    11.177    design_1_i/maxcut26_0/inst/solver/accumulator_reg[11]_i_2_n_0
    SLICE_X34Y69         CARRY4 (Prop_carry4_CI_O[2])
                                                      0.239    11.416 r  design_1_i/maxcut26_0/inst/solver/accumulator_reg[15]_i_5/O[2]
                         net (fo=1, routed)           0.408    11.824    design_1_i/maxcut26_0/inst/solver/accumulator0[14]
    SLICE_X35Y69         LUT5 (Prop_lut5_I0_O)        0.301    12.125 r  design_1_i/maxcut26_0/inst/solver/accumulator[14]_i_1/O
                         net (fo=1, routed)           0.000    12.125    design_1_i/maxcut26_0/inst/solver/accumulator[14]_i_1_n_0
    SLICE_X35Y69         FDRE                                         r  design_1_i/maxcut26_0/inst/solver/accumulator_reg[14]/D
  -------------------------------------------------------------------    -------------------

                         (clock clk_fpga_0 rise edge)
                                                     10.000    10.000 r  
    PS7_X0Y0             PS7                          0.000    10.000 r  design_1_i/ps7_0/inst/PS7_i/FCLKCLK[0]
                         net (fo=1, routed)           1.088    11.088    design_1_i/ps7_0/inst/FCLK_CLK_unbuffered[0]
    BUFGCTRL_X0Y16       BUFG (Prop_bufg_I_O)         0.091    11.179 r  design_1_i/ps7_0/inst/buffer_fclk_clk_0.FCLK_CLK_0_BUFG/O
                         net (fo=15344, routed)       1.469    12.648    design_1_i/maxcut26_0/inst/solver/s_axi_aclk
    SLICE_X35Y69         FDRE                                         r  design_1_i/maxcut26_0/inst/solver/accumulator_reg[14]/C
                         clock pessimism              0.129    12.777    
                         clock uncertainty           -0.154    12.623    
    SLICE_X35Y69         FDRE (Setup_fdre_C_D)        0.031    12.654    design_1_i/maxcut26_0/inst/solver/accumulator_reg[14]
  -------------------------------------------------------------------
                         required time                         12.654    
                         arrival time                         -12.125    
  -------------------------------------------------------------------
                         slack                                  0.529    

Slack (MET) :             0.597ns  (required time - arrival time)
  Source:                 design_1_i/maxcut26_0/inst/solver/energy_row_reg[2]/C
                            (rising edge-triggered cell FDRE clocked by clk_fpga_0  {rise@0.000ns fall@5.000ns period=10.000ns})
  Destination:            design_1_i/maxcut26_0/inst/solver/accumulator_reg[8]/D
                            (rising edge-triggered cell FDRE clocked by clk_fpga_0  {rise@0.000ns fall@5.000ns period=10.000ns})
  Path Group:             clk_fpga_0
  Path Type:              Setup (Max at Slow Process Corner)
  Requirement:            10.000ns  (clk_fpga_0 rise@10.000ns - clk_fpga_0 rise@0.000ns)
  Data Path Delay:        9.139ns  (logic 3.417ns (37.390%)  route 5.722ns (62.610%))
  Logic Levels:           10  (CARRY4=2 LUT2=1 LUT5=1 LUT6=3 MUXF7=3)
  Clock Path Skew:        -0.141ns (DCD - SCD + CPR)
    Destination Clock Delay (DCD):    2.649ns = ( 12.649 - 10.000 ) 
    Source Clock Delay      (SCD):    2.919ns
    Clock Pessimism Removal (CPR):    0.129ns
  Clock Uncertainty:      0.154ns  ((TSJ^2 + TIJ^2)^1/2 + DJ) / 2 + PE
    Total System Jitter     (TSJ):    0.071ns
    Total Input Jitter      (TIJ):    0.300ns
    Discrete Jitter          (DJ):    0.000ns
    Phase Error              (PE):    0.000ns

    Location             Delay type                Incr(ns)  Path(ns)    Netlist Resource(s)
  -------------------------------------------------------------------    -------------------
                         (clock clk_fpga_0 rise edge)
                                                      0.000     0.000 r  
    PS7_X0Y0             PS7                          0.000     0.000 r  design_1_i/ps7_0/inst/PS7_i/FCLKCLK[0]
                         net (fo=1, routed)           1.193     1.193    design_1_i/ps7_0/inst/FCLK_CLK_unbuffered[0]
    BUFGCTRL_X0Y16       BUFG (Prop_bufg_I_O)         0.101     1.294 r  design_1_i/ps7_0/inst/buffer_fclk_clk_0.FCLK_CLK_0_BUFG/O
                         net (fo=15344, routed)       1.625     2.919    design_1_i/maxcut26_0/inst/solver/s_axi_aclk
    SLICE_X50Y78         FDRE                                         r  design_1_i/maxcut26_0/inst/solver/energy_row_reg[2]/C
  -------------------------------------------------------------------    -------------------
    SLICE_X50Y78         FDRE (Prop_fdre_C_Q)         0.478     3.397 r  design_1_i/maxcut26_0/inst/solver/energy_row_reg[2]/Q
                         net (fo=40, routed)          1.312     4.709    design_1_i/maxcut26_0/inst/solver/energy_row_reg_n_0_[2]
    SLICE_X55Y71         MUXF7 (Prop_muxf7_S_O)       0.447     5.156 r  design_1_i/maxcut26_0/inst/solver/accumulator_reg[3]_i_44/O
                         net (fo=1, routed)           0.927     6.083    design_1_i/maxcut26_0/inst/solver/accumulator_reg[3]_i_44_n_0
    SLICE_X57Y74         LUT6 (Prop_lut6_I3_O)        0.299     6.382 f  design_1_i/maxcut26_0/inst/solver/accumulator[3]_i_23/O
                         net (fo=1, routed)           0.000     6.382    design_1_i/maxcut26_0/inst/solver/accumulator[3]_i_23_n_0
    SLICE_X57Y74         MUXF7 (Prop_muxf7_I1_O)      0.217     6.599 f  design_1_i/maxcut26_0/inst/solver/accumulator_reg[3]_i_16/O
                         net (fo=1, routed)           1.302     7.901    design_1_i/maxcut26_0/inst/solver/accumulator_reg[3]_i_16_n_0
    SLICE_X42Y71         LUT6 (Prop_lut6_I0_O)        0.299     8.200 r  design_1_i/maxcut26_0/inst/solver/accumulator[3]_i_14/O
                         net (fo=1, routed)           0.000     8.200    design_1_i/maxcut26_0/inst/solver/accumulator[3]_i_14_n_0
    SLICE_X42Y71         MUXF7 (Prop_muxf7_I0_O)      0.209     8.409 r  design_1_i/maxcut26_0/inst/solver/accumulator_reg[3]_i_13/O
                         net (fo=4, routed)           1.050     9.459    design_1_i/maxcut26_0/inst/solver/energy_term2
    SLICE_X36Y67         LUT6 (Prop_lut6_I5_O)        0.297     9.756 r  design_1_i/maxcut26_0/inst/solver/accumulator[15]_i_19/O
                         net (fo=12, routed)          0.647    10.403    design_1_i/maxcut26_0/inst/solver/energy_term[4]
    SLICE_X34Y67         LUT2 (Prop_lut2_I1_O)        0.124    10.527 r  design_1_i/maxcut26_0/inst/solver/accumulator[7]_i_6/O
                         net (fo=1, routed)           0.000    10.527    design_1_i/maxcut26_0/inst/solver/accumulator[7]_i_6_n_0
    SLICE_X34Y67         CARRY4 (Prop_carry4_S[1]_CO[3])
                                                      0.533    11.060 r  design_1_i/maxcut26_0/inst/solver/accumulator_reg[7]_i_2/CO[3]
                         net (fo=1, routed)           0.000    11.060    design_1_i/maxcut26_0/inst/solver/accumulator_reg[7]_i_2_n_0
    SLICE_X34Y68         CARRY4 (Prop_carry4_CI_O[0])
                                                      0.219    11.279 r  design_1_i/maxcut26_0/inst/solver/accumulator_reg[11]_i_2/O[0]
                         net (fo=1, routed)           0.484    11.763    design_1_i/maxcut26_0/inst/solver/accumulator0[8]
    SLICE_X35Y68         LUT5 (Prop_lut5_I0_O)        0.295    12.058 r  design_1_i/maxcut26_0/inst/solver/accumulator[8]_i_1/O
                         net (fo=1, routed)           0.000    12.058    design_1_i/maxcut26_0/inst/solver/accumulator[8]_i_1_n_0
    SLICE_X35Y68         FDRE                                         r  design_1_i/maxcut26_0/inst/solver/accumulator_reg[8]/D
  -------------------------------------------------------------------    -------------------

                         (clock clk_fpga_0 rise edge)
                                                     10.000    10.000 r  
    PS7_X0Y0             PS7                          0.000    10.000 r  design_1_i/ps7_0/inst/PS7_i/FCLKCLK[0]
                         net (fo=1, routed)           1.088    11.088    design_1_i/ps7_0/inst/FCLK_CLK_unbuffered[0]
    BUFGCTRL_X0Y16       BUFG (Prop_bufg_I_O)         0.091    11.179 r  design_1_i/ps7_0/inst/buffer_fclk_clk_0.FCLK_CLK_0_BUFG/O
                         net (fo=15344, routed)       1.470    12.649    design_1_i/maxcut26_0/inst/solver/s_axi_aclk
    SLICE_X35Y68         FDRE                                         r  design_1_i/maxcut26_0/inst/solver/accumulator_reg[8]/C
                         clock pessimism              0.129    12.778    
                         clock uncertainty           -0.154    12.624    
    SLICE_X35Y68         FDRE (Setup_fdre_C_D)        0.031    12.655    design_1_i/maxcut26_0/inst/solver/accumulator_reg[8]
  -------------------------------------------------------------------
                         required time                         12.655    
                         arrival time                         -12.058    
  -------------------------------------------------------------------
                         slack                                  0.597    

Slack (MET) :             0.598ns  (required time - arrival time)
  Source:                 design_1_i/maxcut26_0/inst/solver/energy_row_reg[2]/C
                            (rising edge-triggered cell FDRE clocked by clk_fpga_0  {rise@0.000ns fall@5.000ns period=10.000ns})
  Destination:            design_1_i/maxcut26_0/inst/solver/accumulator_reg[7]/D
                            (rising edge-triggered cell FDRE clocked by clk_fpga_0  {rise@0.000ns fall@5.000ns period=10.000ns})
  Path Group:             clk_fpga_0
  Path Type:              Setup (Max at Slow Process Corner)
  Requirement:            10.000ns  (clk_fpga_0 rise@10.000ns - clk_fpga_0 rise@0.000ns)
  Data Path Delay:        9.141ns  (logic 3.320ns (36.321%)  route 5.821ns (63.679%))
  Logic Levels:           9  (CARRY4=1 LUT2=1 LUT5=1 LUT6=3 MUXF7=3)
  Clock Path Skew:        -0.139ns (DCD - SCD + CPR)
    Destination Clock Delay (DCD):    2.651ns = ( 12.651 - 10.000 ) 
    Source Clock Delay      (SCD):    2.919ns
    Clock Pessimism Removal (CPR):    0.129ns
  Clock Uncertainty:      0.154ns  ((TSJ^2 + TIJ^2)^1/2 + DJ) / 2 + PE
    Total System Jitter     (TSJ):    0.071ns
    Total Input Jitter      (TIJ):    0.300ns
    Discrete Jitter          (DJ):    0.000ns
    Phase Error              (PE):    0.000ns

    Location             Delay type                Incr(ns)  Path(ns)    Netlist Resource(s)
  -------------------------------------------------------------------    -------------------
                         (clock clk_fpga_0 rise edge)
                                                      0.000     0.000 r  
    PS7_X0Y0             PS7                          0.000     0.000 r  design_1_i/ps7_0/inst/PS7_i/FCLKCLK[0]
                         net (fo=1, routed)           1.193     1.193    design_1_i/ps7_0/inst/FCLK_CLK_unbuffered[0]
    BUFGCTRL_X0Y16       BUFG (Prop_bufg_I_O)         0.101     1.294 r  design_1_i/ps7_0/inst/buffer_fclk_clk_0.FCLK_CLK_0_BUFG/O
                         net (fo=15344, routed)       1.625     2.919    design_1_i/maxcut26_0/inst/solver/s_axi_aclk
    SLICE_X50Y78         FDRE                                         r  design_1_i/maxcut26_0/inst/solver/energy_row_reg[2]/C
  -------------------------------------------------------------------    -------------------
    SLICE_X50Y78         FDRE (Prop_fdre_C_Q)         0.478     3.397 r  design_1_i/maxcut26_0/inst/solver/energy_row_reg[2]/Q
                         net (fo=40, routed)          1.312     4.709    design_1_i/maxcut26_0/inst/solver/energy_row_reg_n_0_[2]
    SLICE_X55Y71         MUXF7 (Prop_muxf7_S_O)       0.447     5.156 r  design_1_i/maxcut26_0/inst/solver/accumulator_reg[3]_i_44/O
                         net (fo=1, routed)           0.927     6.083    design_1_i/maxcut26_0/inst/solver/accumulator_reg[3]_i_44_n_0
    SLICE_X57Y74         LUT6 (Prop_lut6_I3_O)        0.299     6.382 f  design_1_i/maxcut26_0/inst/solver/accumulator[3]_i_23/O
                         net (fo=1, routed)           0.000     6.382    design_1_i/maxcut26_0/inst/solver/accumulator[3]_i_23_n_0
    SLICE_X57Y74         MUXF7 (Prop_muxf7_I1_O)      0.217     6.599 f  design_1_i/maxcut26_0/inst/solver/accumulator_reg[3]_i_16/O
                         net (fo=1, routed)           1.302     7.901    design_1_i/maxcut26_0/inst/solver/accumulator_reg[3]_i_16_n_0
    SLICE_X42Y71         LUT6 (Prop_lut6_I0_O)        0.299     8.200 r  design_1_i/maxcut26_0/inst/solver/accumulator[3]_i_14/O
                         net (fo=1, routed)           0.000     8.200    design_1_i/maxcut26_0/inst/solver/accumulator[3]_i_14_n_0
    SLICE_X42Y71         MUXF7 (Prop_muxf7_I0_O)      0.209     8.409 r  design_1_i/maxcut26_0/inst/solver/accumulator_reg[3]_i_13/O
                         net (fo=4, routed)           1.050     9.459    design_1_i/maxcut26_0/inst/solver/energy_term2
    SLICE_X36Y67         LUT6 (Prop_lut6_I5_O)        0.297     9.756 r  design_1_i/maxcut26_0/inst/solver/accumulator[15]_i_19/O
                         net (fo=12, routed)          0.647    10.403    design_1_i/maxcut26_0/inst/solver/energy_term[4]
    SLICE_X34Y67         LUT2 (Prop_lut2_I1_O)        0.124    10.527 r  design_1_i/maxcut26_0/inst/solver/accumulator[7]_i_6/O
                         net (fo=1, routed)           0.000    10.527    design_1_i/maxcut26_0/inst/solver/accumulator[7]_i_6_n_0
    SLICE_X34Y67         CARRY4 (Prop_carry4_S[1]_O[3])
                                                      0.643    11.170 r  design_1_i/maxcut26_0/inst/solver/accumulator_reg[7]_i_2/O[3]
                         net (fo=1, routed)           0.583    11.753    design_1_i/maxcut26_0/inst/solver/accumulator0[7]
    SLICE_X35Y67         LUT5 (Prop_lut5_I0_O)        0.307    12.060 r  design_1_i/maxcut26_0/inst/solver/accumulator[7]_i_1/O
                         net (fo=1, routed)           0.000    12.060    design_1_i/maxcut26_0/inst/solver/accumulator[7]_i_1_n_0
    SLICE_X35Y67         FDRE                                         r  design_1_i/maxcut26_0/inst/solver/accumulator_reg[7]/D
  -------------------------------------------------------------------    -------------------

                         (clock clk_fpga_0 rise edge)
                                                     10.000    10.000 r  
    PS7_X0Y0             PS7                          0.000    10.000 r  design_1_i/ps7_0/inst/PS7_i/FCLKCLK[0]
                         net (fo=1, routed)           1.088    11.088    design_1_i/ps7_0/inst/FCLK_CLK_unbuffered[0]
    BUFGCTRL_X0Y16       BUFG (Prop_bufg_I_O)         0.091    11.179 r  design_1_i/ps7_0/inst/buffer_fclk_clk_0.FCLK_CLK_0_BUFG/O
                         net (fo=15344, routed)       1.472    12.651    design_1_i/maxcut26_0/inst/solver/s_axi_aclk
    SLICE_X35Y67         FDRE                                         r  design_1_i/maxcut26_0/inst/solver/accumulator_reg[7]/C
                         clock pessimism              0.129    12.780    
                         clock uncertainty           -0.154    12.626    
    SLICE_X35Y67         FDRE (Setup_fdre_C_D)        0.032    12.658    design_1_i/maxcut26_0/inst/solver/accumulator_reg[7]
  -------------------------------------------------------------------
                         required time                         12.658    
                         arrival time                         -12.060    
  -------------------------------------------------------------------
                         slack                                  0.598    

Slack (MET) :             0.624ns  (required time - arrival time)
  Source:                 design_1_i/maxcut26_0/inst/solver/energy_row_reg[2]/C
                            (rising edge-triggered cell FDRE clocked by clk_fpga_0  {rise@0.000ns fall@5.000ns period=10.000ns})
  Destination:            design_1_i/maxcut26_0/inst/solver/accumulator_reg[11]/D
                            (rising edge-triggered cell FDRE clocked by clk_fpga_0  {rise@0.000ns fall@5.000ns period=10.000ns})
  Path Group:             clk_fpga_0
  Path Type:              Setup (Max at Slow Process Corner)
  Requirement:            10.000ns  (clk_fpga_0 rise@10.000ns - clk_fpga_0 rise@0.000ns)
  Data Path Delay:        9.110ns  (logic 3.525ns (38.695%)  route 5.585ns (61.305%))
  Logic Levels:           10  (CARRY4=2 LUT2=1 LUT5=1 LUT6=3 MUXF7=3)
  Clock Path Skew:        -0.141ns (DCD - SCD + CPR)
    Destination Clock Delay (DCD):    2.649ns = ( 12.649 - 10.000 ) 
    Source Clock Delay      (SCD):    2.919ns
    Clock Pessimism Removal (CPR):    0.129ns
  Clock Uncertainty:      0.154ns  ((TSJ^2 + TIJ^2)^1/2 + DJ) / 2 + PE
    Total System Jitter     (TSJ):    0.071ns
    Total Input Jitter      (TIJ):    0.300ns
    Discrete Jitter          (DJ):    0.000ns
    Phase Error              (PE):    0.000ns

    Location             Delay type                Incr(ns)  Path(ns)    Netlist Resource(s)
  -------------------------------------------------------------------    -------------------
                         (clock clk_fpga_0 rise edge)
                                                      0.000     0.000 r  
    PS7_X0Y0             PS7                          0.000     0.000 r  design_1_i/ps7_0/inst/PS7_i/FCLKCLK[0]
                         net (fo=1, routed)           1.193     1.193    design_1_i/ps7_0/inst/FCLK_CLK_unbuffered[0]
    BUFGCTRL_X0Y16       BUFG (Prop_bufg_I_O)         0.101     1.294 r  design_1_i/ps7_0/inst/buffer_fclk_clk_0.FCLK_CLK_0_BUFG/O
                         net (fo=15344, routed)       1.625     2.919    design_1_i/maxcut26_0/inst/solver/s_axi_aclk
    SLICE_X50Y78         FDRE                                         r  design_1_i/maxcut26_0/inst/solver/energy_row_reg[2]/C
  -------------------------------------------------------------------    -------------------
    SLICE_X50Y78         FDRE (Prop_fdre_C_Q)         0.478     3.397 r  design_1_i/maxcut26_0/inst/solver/energy_row_reg[2]/Q
                         net (fo=40, routed)          1.312     4.709    design_1_i/maxcut26_0/inst/solver/energy_row_reg_n_0_[2]
    SLICE_X55Y71         MUXF7 (Prop_muxf7_S_O)       0.447     5.156 r  design_1_i/maxcut26_0/inst/solver/accumulator_reg[3]_i_44/O
                         net (fo=1, routed)           0.927     6.083    design_1_i/maxcut26_0/inst/solver/accumulator_reg[3]_i_44_n_0
    SLICE_X57Y74         LUT6 (Prop_lut6_I3_O)        0.299     6.382 f  design_1_i/maxcut26_0/inst/solver/accumulator[3]_i_23/O
                         net (fo=1, routed)           0.000     6.382    design_1_i/maxcut26_0/inst/solver/accumulator[3]_i_23_n_0
    SLICE_X57Y74         MUXF7 (Prop_muxf7_I1_O)      0.217     6.599 f  design_1_i/maxcut26_0/inst/solver/accumulator_reg[3]_i_16/O
                         net (fo=1, routed)           1.302     7.901    design_1_i/maxcut26_0/inst/solver/accumulator_reg[3]_i_16_n_0
    SLICE_X42Y71         LUT6 (Prop_lut6_I0_O)        0.299     8.200 r  design_1_i/maxcut26_0/inst/solver/accumulator[3]_i_14/O
                         net (fo=1, routed)           0.000     8.200    design_1_i/maxcut26_0/inst/solver/accumulator[3]_i_14_n_0
    SLICE_X42Y71         MUXF7 (Prop_muxf7_I0_O)      0.209     8.409 r  design_1_i/maxcut26_0/inst/solver/accumulator_reg[3]_i_13/O
                         net (fo=4, routed)           1.050     9.459    design_1_i/maxcut26_0/inst/solver/energy_term2
    SLICE_X36Y67         LUT6 (Prop_lut6_I5_O)        0.297     9.756 r  design_1_i/maxcut26_0/inst/solver/accumulator[15]_i_19/O
                         net (fo=12, routed)          0.647    10.403    design_1_i/maxcut26_0/inst/solver/energy_term[4]
    SLICE_X34Y67         LUT2 (Prop_lut2_I1_O)        0.124    10.527 r  design_1_i/maxcut26_0/inst/solver/accumulator[7]_i_6/O
                         net (fo=1, routed)           0.000    10.527    design_1_i/maxcut26_0/inst/solver/accumulator[7]_i_6_n_0
    SLICE_X34Y67         CARRY4 (Prop_carry4_S[1]_CO[3])
                                                      0.533    11.060 r  design_1_i/maxcut26_0/inst/solver/accumulator_reg[7]_i_2/CO[3]
                         net (fo=1, routed)           0.000    11.060    design_1_i/maxcut26_0/inst/solver/accumulator_reg[7]_i_2_n_0
    SLICE_X34Y68         CARRY4 (Prop_carry4_CI_O[3])
                                                      0.315    11.375 r  design_1_i/maxcut26_0/inst/solver/accumulator_reg[11]_i_2/O[3]
                         net (fo=1, routed)           0.347    11.722    design_1_i/maxcut26_0/inst/solver/accumulator0[11]
    SLICE_X35Y68         LUT5 (Prop_lut5_I0_O)        0.307    12.029 r  design_1_i/maxcut26_0/inst/solver/accumulator[11]_i_1/O
                         net (fo=1, routed)           0.000    12.029    design_1_i/maxcut26_0/inst/solver/accumulator[11]_i_1_n_0
    SLICE_X35Y68         FDRE                                         r  design_1_i/maxcut26_0/inst/solver/accumulator_reg[11]/D
  -------------------------------------------------------------------    -------------------

                         (clock clk_fpga_0 rise edge)
                                                     10.000    10.000 r  
    PS7_X0Y0             PS7                          0.000    10.000 r  design_1_i/ps7_0/inst/PS7_i/FCLKCLK[0]
                         net (fo=1, routed)           1.088    11.088    design_1_i/ps7_0/inst/FCLK_CLK_unbuffered[0]
    BUFGCTRL_X0Y16       BUFG (Prop_bufg_I_O)         0.091    11.179 r  design_1_i/ps7_0/inst/buffer_fclk_clk_0.FCLK_CLK_0_BUFG/O
                         net (fo=15344, routed)       1.470    12.649    design_1_i/maxcut26_0/inst/solver/s_axi_aclk
    SLICE_X35Y68         FDRE                                         r  design_1_i/maxcut26_0/inst/solver/accumulator_reg[11]/C
                         clock pessimism              0.129    12.778    
                         clock uncertainty           -0.154    12.624    
    SLICE_X35Y68         FDRE (Setup_fdre_C_D)        0.029    12.653    design_1_i/maxcut26_0/inst/solver/accumulator_reg[11]
  -------------------------------------------------------------------
                         required time                         12.653    
                         arrival time                         -12.029    
  -------------------------------------------------------------------
                         slack                                  0.624    

Slack (MET) :             0.649ns  (required time - arrival time)
  Source:                 design_1_i/maxcut26_0/inst/solver/energy_row_reg[2]/C
                            (rising edge-triggered cell FDRE clocked by clk_fpga_0  {rise@0.000ns fall@5.000ns period=10.000ns})
  Destination:            design_1_i/maxcut26_0/inst/solver/accumulator_reg[10]/D
                            (rising edge-triggered cell FDRE clocked by clk_fpga_0  {rise@0.000ns fall@5.000ns period=10.000ns})
  Path Group:             clk_fpga_0
  Path Type:              Setup (Max at Slow Process Corner)
  Requirement:            10.000ns  (clk_fpga_0 rise@10.000ns - clk_fpga_0 rise@0.000ns)
  Data Path Delay:        9.088ns  (logic 3.443ns (37.887%)  route 5.645ns (62.113%))
  Logic Levels:           10  (CARRY4=2 LUT2=1 LUT5=1 LUT6=3 MUXF7=3)
  Clock Path Skew:        -0.141ns (DCD - SCD + CPR)
    Destination Clock Delay (DCD):    2.649ns = ( 12.649 - 10.000 ) 
    Source Clock Delay      (SCD):    2.919ns
    Clock Pessimism Removal (CPR):    0.129ns
  Clock Uncertainty:      0.154ns  ((TSJ^2 + TIJ^2)^1/2 + DJ) / 2 + PE
    Total System Jitter     (TSJ):    0.071ns
    Total Input Jitter      (TIJ):    0.300ns
    Discrete Jitter          (DJ):    0.000ns
    Phase Error              (PE):    0.000ns

    Location             Delay type                Incr(ns)  Path(ns)    Netlist Resource(s)
  -------------------------------------------------------------------    -------------------
                         (clock clk_fpga_0 rise edge)
                                                      0.000     0.000 r  
    PS7_X0Y0             PS7                          0.000     0.000 r  design_1_i/ps7_0/inst/PS7_i/FCLKCLK[0]
                         net (fo=1, routed)           1.193     1.193    design_1_i/ps7_0/inst/FCLK_CLK_unbuffered[0]
    BUFGCTRL_X0Y16       BUFG (Prop_bufg_I_O)         0.101     1.294 r  design_1_i/ps7_0/inst/buffer_fclk_clk_0.FCLK_CLK_0_BUFG/O
                         net (fo=15344, routed)       1.625     2.919    design_1_i/maxcut26_0/inst/solver/s_axi_aclk
    SLICE_X50Y78         FDRE                                         r  design_1_i/maxcut26_0/inst/solver/energy_row_reg[2]/C
  -------------------------------------------------------------------    -------------------
    SLICE_X50Y78         FDRE (Prop_fdre_C_Q)         0.478     3.397 r  design_1_i/maxcut26_0/inst/solver/energy_row_reg[2]/Q
                         net (fo=40, routed)          1.312     4.709    design_1_i/maxcut26_0/inst/solver/energy_row_reg_n_0_[2]
    SLICE_X55Y71         MUXF7 (Prop_muxf7_S_O)       0.447     5.156 r  design_1_i/maxcut26_0/inst/solver/accumulator_reg[3]_i_44/O
                         net (fo=1, routed)           0.927     6.083    design_1_i/maxcut26_0/inst/solver/accumulator_reg[3]_i_44_n_0
    SLICE_X57Y74         LUT6 (Prop_lut6_I3_O)        0.299     6.382 f  design_1_i/maxcut26_0/inst/solver/accumulator[3]_i_23/O
                         net (fo=1, routed)           0.000     6.382    design_1_i/maxcut26_0/inst/solver/accumulator[3]_i_23_n_0
    SLICE_X57Y74         MUXF7 (Prop_muxf7_I1_O)      0.217     6.599 f  design_1_i/maxcut26_0/inst/solver/accumulator_reg[3]_i_16/O
                         net (fo=1, routed)           1.302     7.901    design_1_i/maxcut26_0/inst/solver/accumulator_reg[3]_i_16_n_0
    SLICE_X42Y71         LUT6 (Prop_lut6_I0_O)        0.299     8.200 r  design_1_i/maxcut26_0/inst/solver/accumulator[3]_i_14/O
                         net (fo=1, routed)           0.000     8.200    design_1_i/maxcut26_0/inst/solver/accumulator[3]_i_14_n_0
    SLICE_X42Y71         MUXF7 (Prop_muxf7_I0_O)      0.209     8.409 r  design_1_i/maxcut26_0/inst/solver/accumulator_reg[3]_i_13/O
                         net (fo=4, routed)           1.050     9.459    design_1_i/maxcut26_0/inst/solver/energy_term2
    SLICE_X36Y67         LUT6 (Prop_lut6_I5_O)        0.297     9.756 r  design_1_i/maxcut26_0/inst/solver/accumulator[15]_i_19/O
                         net (fo=12, routed)          0.647    10.403    design_1_i/maxcut26_0/inst/solver/energy_term[4]
    SLICE_X34Y67         LUT2 (Prop_lut2_I1_O)        0.124    10.527 r  design_1_i/maxcut26_0/inst/solver/accumulator[7]_i_6/O
                         net (fo=1, routed)           0.000    10.527    design_1_i/maxcut26_0/inst/solver/accumulator[7]_i_6_n_0
    SLICE_X34Y67         CARRY4 (Prop_carry4_S[1]_CO[3])
                                                      0.533    11.060 r  design_1_i/maxcut26_0/inst/solver/accumulator_reg[7]_i_2/CO[3]
                         net (fo=1, routed)           0.000    11.060    design_1_i/maxcut26_0/inst/solver/accumulator_reg[7]_i_2_n_0
    SLICE_X34Y68         CARRY4 (Prop_carry4_CI_O[2])
                                                      0.239    11.299 r  design_1_i/maxcut26_0/inst/solver/accumulator_reg[11]_i_2/O[2]
                         net (fo=1, routed)           0.407    11.706    design_1_i/maxcut26_0/inst/solver/accumulator0[10]
    SLICE_X35Y68         LUT5 (Prop_lut5_I0_O)        0.301    12.007 r  design_1_i/maxcut26_0/inst/solver/accumulator[10]_i_1/O
                         net (fo=1, routed)           0.000    12.007    design_1_i/maxcut26_0/inst/solver/accumulator[10]_i_1_n_0
    SLICE_X35Y68         FDRE                                         r  design_1_i/maxcut26_0/inst/solver/accumulator_reg[10]/D
  -------------------------------------------------------------------    -------------------

                         (clock clk_fpga_0 rise edge)
                                                     10.000    10.000 r  
    PS7_X0Y0             PS7                          0.000    10.000 r  design_1_i/ps7_0/inst/PS7_i/FCLKCLK[0]
                         net (fo=1, routed)           1.088    11.088    design_1_i/ps7_0/inst/FCLK_CLK_unbuffered[0]
    BUFGCTRL_X0Y16       BUFG (Prop_bufg_I_O)         0.091    11.179 r  design_1_i/ps7_0/inst/buffer_fclk_clk_0.FCLK_CLK_0_BUFG/O
                         net (fo=15344, routed)       1.470    12.649    design_1_i/maxcut26_0/inst/solver/s_axi_aclk
    SLICE_X35Y68         FDRE                                         r  design_1_i/maxcut26_0/inst/solver/accumulator_reg[10]/C
                         clock pessimism              0.129    12.778    
                         clock uncertainty           -0.154    12.624    
    SLICE_X35Y68         FDRE (Setup_fdre_C_D)        0.032    12.656    design_1_i/maxcut26_0/inst/solver/accumulator_reg[10]
  -------------------------------------------------------------------
                         required time                         12.656    
                         arrival time                         -12.007    
  -------------------------------------------------------------------
                         slack                                  0.649    

Slack (MET) :             0.670ns  (required time - arrival time)
  Source:                 design_1_i/maxcut26_0/inst/solver/energy_row_reg[2]/C
                            (rising edge-triggered cell FDRE clocked by clk_fpga_0  {rise@0.000ns fall@5.000ns period=10.000ns})
  Destination:            design_1_i/maxcut26_0/inst/solver/accumulator_reg[9]/D
                            (rising edge-triggered cell FDRE clocked by clk_fpga_0  {rise@0.000ns fall@5.000ns period=10.000ns})
  Path Group:             clk_fpga_0
  Path Type:              Setup (Max at Slow Process Corner)
  Requirement:            10.000ns  (clk_fpga_0 rise@10.000ns - clk_fpga_0 rise@0.000ns)
  Data Path Delay:        9.065ns  (logic 3.532ns (38.963%)  route 5.533ns (61.037%))
  Logic Levels:           10  (CARRY4=2 LUT2=1 LUT5=1 LUT6=3 MUXF7=3)
  Clock Path Skew:        -0.141ns (DCD - SCD + CPR)
    Destination Clock Delay (DCD):    2.649ns = ( 12.649 - 10.000 ) 
    Source Clock Delay      (SCD):    2.919ns
    Clock Pessimism Removal (CPR):    0.129ns
  Clock Uncertainty:      0.154ns  ((TSJ^2 + TIJ^2)^1/2 + DJ) / 2 + PE
    Total System Jitter     (TSJ):    0.071ns
    Total Input Jitter      (TIJ):    0.300ns
    Discrete Jitter          (DJ):    0.000ns
    Phase Error              (PE):    0.000ns

    Location             Delay type                Incr(ns)  Path(ns)    Netlist Resource(s)
  -------------------------------------------------------------------    -------------------
                         (clock clk_fpga_0 rise edge)
                                                      0.000     0.000 r  
    PS7_X0Y0             PS7                          0.000     0.000 r  design_1_i/ps7_0/inst/PS7_i/FCLKCLK[0]
                         net (fo=1, routed)           1.193     1.193    design_1_i/ps7_0/inst/FCLK_CLK_unbuffered[0]
    BUFGCTRL_X0Y16       BUFG (Prop_bufg_I_O)         0.101     1.294 r  design_1_i/ps7_0/inst/buffer_fclk_clk_0.FCLK_CLK_0_BUFG/O
                         net (fo=15344, routed)       1.625     2.919    design_1_i/maxcut26_0/inst/solver/s_axi_aclk
    SLICE_X50Y78         FDRE                                         r  design_1_i/maxcut26_0/inst/solver/energy_row_reg[2]/C
  -------------------------------------------------------------------    -------------------
    SLICE_X50Y78         FDRE (Prop_fdre_C_Q)         0.478     3.397 r  design_1_i/maxcut26_0/inst/solver/energy_row_reg[2]/Q
                         net (fo=40, routed)          1.312     4.709    design_1_i/maxcut26_0/inst/solver/energy_row_reg_n_0_[2]
    SLICE_X55Y71         MUXF7 (Prop_muxf7_S_O)       0.447     5.156 r  design_1_i/maxcut26_0/inst/solver/accumulator_reg[3]_i_44/O
                         net (fo=1, routed)           0.927     6.083    design_1_i/maxcut26_0/inst/solver/accumulator_reg[3]_i_44_n_0
    SLICE_X57Y74         LUT6 (Prop_lut6_I3_O)        0.299     6.382 f  design_1_i/maxcut26_0/inst/solver/accumulator[3]_i_23/O
                         net (fo=1, routed)           0.000     6.382    design_1_i/maxcut26_0/inst/solver/accumulator[3]_i_23_n_0
    SLICE_X57Y74         MUXF7 (Prop_muxf7_I1_O)      0.217     6.599 f  design_1_i/maxcut26_0/inst/solver/accumulator_reg[3]_i_16/O
                         net (fo=1, routed)           1.302     7.901    design_1_i/maxcut26_0/inst/solver/accumulator_reg[3]_i_16_n_0
    SLICE_X42Y71         LUT6 (Prop_lut6_I0_O)        0.299     8.200 r  design_1_i/maxcut26_0/inst/solver/accumulator[3]_i_14/O
                         net (fo=1, routed)           0.000     8.200    design_1_i/maxcut26_0/inst/solver/accumulator[3]_i_14_n_0
    SLICE_X42Y71         MUXF7 (Prop_muxf7_I0_O)      0.209     8.409 r  design_1_i/maxcut26_0/inst/solver/accumulator_reg[3]_i_13/O
                         net (fo=4, routed)           1.050     9.459    design_1_i/maxcut26_0/inst/solver/energy_term2
    SLICE_X36Y67         LUT6 (Prop_lut6_I5_O)        0.297     9.756 r  design_1_i/maxcut26_0/inst/solver/accumulator[15]_i_19/O
                         net (fo=12, routed)          0.647    10.403    design_1_i/maxcut26_0/inst/solver/energy_term[4]
    SLICE_X34Y67         LUT2 (Prop_lut2_I1_O)        0.124    10.527 r  design_1_i/maxcut26_0/inst/solver/accumulator[7]_i_6/O
                         net (fo=1, routed)           0.000    10.527    design_1_i/maxcut26_0/inst/solver/accumulator[7]_i_6_n_0
    SLICE_X34Y67         CARRY4 (Prop_carry4_S[1]_CO[3])
                                                      0.533    11.060 r  design_1_i/maxcut26_0/inst/solver/accumulator_reg[7]_i_2/CO[3]
                         net (fo=1, routed)           0.000    11.060    design_1_i/maxcut26_0/inst/solver/accumulator_reg[7]_i_2_n_0
    SLICE_X34Y68         CARRY4 (Prop_carry4_CI_O[1])
                                                      0.323    11.383 r  design_1_i/maxcut26_0/inst/solver/accumulator_reg[11]_i_2/O[1]
                         net (fo=1, routed)           0.295    11.678    design_1_i/maxcut26_0/inst/solver/accumulator0[9]
    SLICE_X35Y68         LUT5 (Prop_lut5_I0_O)        0.306    11.984 r  design_1_i/maxcut26_0/inst/solver/accumulator[9]_i_1/O
                         net (fo=1, routed)           0.000    11.984    design_1_i/maxcut26_0/inst/solver/accumulator[9]_i_1_n_0
    SLICE_X35Y68         FDRE                                         r  design_1_i/maxcut26_0/inst/solver/accumulator_reg[9]/D
  -------------------------------------------------------------------    -------------------

                         (clock clk_fpga_0 rise edge)
                                                     10.000    10.000 r  
    PS7_X0Y0             PS7                          0.000    10.000 r  design_1_i/ps7_0/inst/PS7_i/FCLKCLK[0]
                         net (fo=1, routed)           1.088    11.088    design_1_i/ps7_0/inst/FCLK_CLK_unbuffered[0]
    BUFGCTRL_X0Y16       BUFG (Prop_bufg_I_O)         0.091    11.179 r  design_1_i/ps7_0/inst/buffer_fclk_clk_0.FCLK_CLK_0_BUFG/O
                         net (fo=15344, routed)       1.470    12.649    design_1_i/maxcut26_0/inst/solver/s_axi_aclk
    SLICE_X35Y68         FDRE                                         r  design_1_i/maxcut26_0/inst/solver/accumulator_reg[9]/C
                         clock pessimism              0.129    12.778    
                         clock uncertainty           -0.154    12.624    
    SLICE_X35Y68         FDRE (Setup_fdre_C_D)        0.031    12.655    design_1_i/maxcut26_0/inst/solver/accumulator_reg[9]
  -------------------------------------------------------------------
                         required time                         12.655    
                         arrival time                         -11.984    
  -------------------------------------------------------------------
                         slack                                  0.670    

Slack (MET) :             0.728ns  (required time - arrival time)
  Source:                 design_1_i/maxcut26_0/inst/solver/node_index_reg[1]_replica_6/C
                            (rising edge-triggered cell FDRE clocked by clk_fpga_0  {rise@0.000ns fall@5.000ns period=10.000ns})
  Destination:            design_1_i/maxcut26_0/inst/solver/energy_if_zero_reg[13]/D
                            (rising edge-triggered cell FDRE clocked by clk_fpga_0  {rise@0.000ns fall@5.000ns period=10.000ns})
  Path Group:             clk_fpga_0
  Path Type:              Setup (Max at Slow Process Corner)
  Requirement:            10.000ns  (clk_fpga_0 rise@10.000ns - clk_fpga_0 rise@0.000ns)
  Data Path Delay:        9.064ns  (logic 3.377ns (37.259%)  route 5.687ns (62.741%))
  Logic Levels:           12  (CARRY4=4 LUT2=1 LUT3=1 LUT6=3 MUXF7=2 MUXF8=1)
  Clock Path Skew:        -0.172ns (DCD - SCD + CPR)
    Destination Clock Delay (DCD):    2.690ns = ( 12.690 - 10.000 ) 
    Source Clock Delay      (SCD):    2.991ns
    Clock Pessimism Removal (CPR):    0.129ns
  Clock Uncertainty:      0.154ns  ((TSJ^2 + TIJ^2)^1/2 + DJ) / 2 + PE
    Total System Jitter     (TSJ):    0.071ns
    Total Input Jitter      (TIJ):    0.300ns
    Discrete Jitter          (DJ):    0.000ns
    Phase Error              (PE):    0.000ns

    Location             Delay type                Incr(ns)  Path(ns)    Netlist Resource(s)
  -------------------------------------------------------------------    -------------------
                         (clock clk_fpga_0 rise edge)
                                                      0.000     0.000 r  
    PS7_X0Y0             PS7                          0.000     0.000 r  design_1_i/ps7_0/inst/PS7_i/FCLKCLK[0]
                         net (fo=1, routed)           1.193     1.193    design_1_i/ps7_0/inst/FCLK_CLK_unbuffered[0]
    BUFGCTRL_X0Y16       BUFG (Prop_bufg_I_O)         0.101     1.294 r  design_1_i/ps7_0/inst/buffer_fclk_clk_0.FCLK_CLK_0_BUFG/O
                         net (fo=15344, routed)       1.697     2.991    design_1_i/maxcut26_0/inst/solver/s_axi_aclk
    SLICE_X54Y78         FDRE                                         r  design_1_i/maxcut26_0/inst/solver/node_index_reg[1]_replica_6/C
  -------------------------------------------------------------------    -------------------
    SLICE_X54Y78         FDRE (Prop_fdre_C_Q)         0.518     3.509 r  design_1_i/maxcut26_0/inst/solver/node_index_reg[1]_replica_6/Q
                         net (fo=203, routed)         1.720     5.229    design_1_i/maxcut26_0/inst/solver/node_index[1]_repN_6
    SLICE_X50Y90         LUT6 (Prop_lut6_I2_O)        0.124     5.353 f  design_1_i/maxcut26_0/inst/solver/cause_unsupported[31]_i_83/O
                         net (fo=1, routed)           0.000     5.353    design_1_i/maxcut26_0/inst/solver/cause_unsupported[31]_i_83_n_0
    SLICE_X50Y90         MUXF7 (Prop_muxf7_I1_O)      0.247     5.600 f  design_1_i/maxcut26_0/inst/solver/cause_unsupported_reg[31]_i_46/O
                         net (fo=1, routed)           0.000     5.600    design_1_i/maxcut26_0/inst/solver/cause_unsupported_reg[31]_i_46_n_0
    SLICE_X50Y90         MUXF8 (Prop_muxf8_I0_O)      0.098     5.698 f  design_1_i/maxcut26_0/inst/solver/cause_unsupported_reg[31]_i_20/O
                         net (fo=1, routed)           1.226     6.924    design_1_i/maxcut26_0/inst/solver/cause_unsupported_reg[31]_i_20_n_0
    SLICE_X50Y77         LUT6 (Prop_lut6_I3_O)        0.319     7.243 f  design_1_i/maxcut26_0/inst/solver/cause_unsupported[31]_i_10/O
                         net (fo=1, routed)           0.000     7.243    design_1_i/maxcut26_0/inst/solver/cause_unsupported[31]_i_10_n_0
    SLICE_X50Y77         MUXF7 (Prop_muxf7_I0_O)      0.209     7.452 f  design_1_i/maxcut26_0/inst/solver/cause_unsupported_reg[31]_i_7/O
                         net (fo=1, routed)           0.528     7.980    design_1_i/maxcut26_0/inst/solver/cause_unsupported_reg[31]_i_7_n_0
    SLICE_X54Y77         LUT6 (Prop_lut6_I0_O)        0.297     8.277 r  design_1_i/maxcut26_0/inst/solver/cause_unsupported[31]_i_5/O
                         net (fo=34, routed)          1.467     9.745    design_1_i/maxcut26_0/inst/solver/p_1_out[0]
    SLICE_X31Y73         LUT3 (Prop_lut3_I2_O)        0.124     9.869 r  design_1_i/maxcut26_0/inst/solver/energy_if_zero[3]_i_5/O
                         net (fo=1, routed)           0.000     9.869    design_1_i/maxcut26_0/inst/solver/energy_if_zero[3]_i_5_n_0
    SLICE_X31Y73         CARRY4 (Prop_carry4_S[1]_CO[3])
                                                      0.550    10.419 r  design_1_i/maxcut26_0/inst/solver/energy_if_zero_reg[3]_i_2/CO[3]
                         net (fo=1, routed)           0.000    10.419    design_1_i/maxcut26_0/inst/solver/energy_if_zero_reg[3]_i_2_n_0
    SLICE_X31Y74         CARRY4 (Prop_carry4_CI_CO[3])
                                                      0.114    10.533 r  design_1_i/maxcut26_0/inst/solver/energy_if_zero_reg[7]_i_2/CO[3]
                         net (fo=1, routed)           0.009    10.542    design_1_i/maxcut26_0/inst/solver/energy_if_zero_reg[7]_i_2_n_0
    SLICE_X31Y75         CARRY4 (Prop_carry4_CI_CO[3])
                                                      0.114    10.656 r  design_1_i/maxcut26_0/inst/solver/energy_if_zero_reg[11]_i_2/CO[3]
                         net (fo=1, routed)           0.000    10.656    design_1_i/maxcut26_0/inst/solver/energy_if_zero_reg[11]_i_2_n_0
    SLICE_X31Y76         CARRY4 (Prop_carry4_CI_O[1])
                                                      0.334    10.990 r  design_1_i/maxcut26_0/inst/solver/energy_if_zero_reg[15]_i_2/O[1]
                         net (fo=1, routed)           0.736    11.726    design_1_i/maxcut26_0/inst/solver/energy_if_zero0[13]
    SLICE_X30Y77         LUT2 (Prop_lut2_I1_O)        0.329    12.055 r  design_1_i/maxcut26_0/inst/solver/energy_if_zero[13]_i_1/O
                         net (fo=1, routed)           0.000    12.055    design_1_i/maxcut26_0/inst/solver/energy_if_zero[13]_i_1_n_0
    SLICE_X30Y77         FDRE                                         r  design_1_i/maxcut26_0/inst/solver/energy_if_zero_reg[13]/D
  -------------------------------------------------------------------    -------------------

                         (clock clk_fpga_0 rise edge)
                                                     10.000    10.000 r  
    PS7_X0Y0             PS7                          0.000    10.000 r  design_1_i/ps7_0/inst/PS7_i/FCLKCLK[0]
                         net (fo=1, routed)           1.088    11.088    design_1_i/ps7_0/inst/FCLK_CLK_unbuffered[0]
    BUFGCTRL_X0Y16       BUFG (Prop_bufg_I_O)         0.091    11.179 r  design_1_i/ps7_0/inst/buffer_fclk_clk_0.FCLK_CLK_0_BUFG/O
                         net (fo=15344, routed)       1.511    12.690    design_1_i/maxcut26_0/inst/solver/s_axi_aclk
    SLICE_X30Y77         FDRE                                         r  design_1_i/maxcut26_0/inst/solver/energy_if_zero_reg[13]/C
                         clock pessimism              0.129    12.819    
                         clock uncertainty           -0.154    12.665    
    SLICE_X30Y77         FDRE (Setup_fdre_C_D)        0.118    12.783    design_1_i/maxcut26_0/inst/solver/energy_if_zero_reg[13]
  -------------------------------------------------------------------
                         required time                         12.783    
                         arrival time                         -12.055    
  -------------------------------------------------------------------
                         slack                                  0.728    

Slack (MET) :             0.737ns  (required time - arrival time)
  Source:                 design_1_i/maxcut26_0/inst/solver/node_index_reg[1]_replica_6/C
                            (rising edge-triggered cell FDRE clocked by clk_fpga_0  {rise@0.000ns fall@5.000ns period=10.000ns})
  Destination:            design_1_i/maxcut26_0/inst/solver/energy_if_zero_reg[11]/D
                            (rising edge-triggered cell FDRE clocked by clk_fpga_0  {rise@0.000ns fall@5.000ns period=10.000ns})
  Path Group:             clk_fpga_0
  Path Type:              Setup (Max at Slow Process Corner)
  Requirement:            10.000ns  (clk_fpga_0 rise@10.000ns - clk_fpga_0 rise@0.000ns)
  Data Path Delay:        9.011ns  (logic 3.249ns (36.055%)  route 5.762ns (63.945%))
  Logic Levels:           11  (CARRY4=3 LUT2=1 LUT3=1 LUT6=3 MUXF7=2 MUXF8=1)
  Clock Path Skew:        -0.172ns (DCD - SCD + CPR)
    Destination Clock Delay (DCD):    2.690ns = ( 12.690 - 10.000 ) 
    Source Clock Delay      (SCD):    2.991ns
    Clock Pessimism Removal (CPR):    0.129ns
  Clock Uncertainty:      0.154ns  ((TSJ^2 + TIJ^2)^1/2 + DJ) / 2 + PE
    Total System Jitter     (TSJ):    0.071ns
    Total Input Jitter      (TIJ):    0.300ns
    Discrete Jitter          (DJ):    0.000ns
    Phase Error              (PE):    0.000ns

    Location             Delay type                Incr(ns)  Path(ns)    Netlist Resource(s)
  -------------------------------------------------------------------    -------------------
                         (clock clk_fpga_0 rise edge)
                                                      0.000     0.000 r  
    PS7_X0Y0             PS7                          0.000     0.000 r  design_1_i/ps7_0/inst/PS7_i/FCLKCLK[0]
                         net (fo=1, routed)           1.193     1.193    design_1_i/ps7_0/inst/FCLK_CLK_unbuffered[0]
    BUFGCTRL_X0Y16       BUFG (Prop_bufg_I_O)         0.101     1.294 r  design_1_i/ps7_0/inst/buffer_fclk_clk_0.FCLK_CLK_0_BUFG/O
                         net (fo=15344, routed)       1.697     2.991    design_1_i/maxcut26_0/inst/solver/s_axi_aclk
    SLICE_X54Y78         FDRE                                         r  design_1_i/maxcut26_0/inst/solver/node_index_reg[1]_replica_6/C
  -------------------------------------------------------------------    -------------------
    SLICE_X54Y78         FDRE (Prop_fdre_C_Q)         0.518     3.509 r  design_1_i/maxcut26_0/inst/solver/node_index_reg[1]_replica_6/Q
                         net (fo=203, routed)         1.720     5.229    design_1_i/maxcut26_0/inst/solver/node_index[1]_repN_6
    SLICE_X50Y90         LUT6 (Prop_lut6_I2_O)        0.124     5.353 f  design_1_i/maxcut26_0/inst/solver/cause_unsupported[31]_i_83/O
                         net (fo=1, routed)           0.000     5.353    design_1_i/maxcut26_0/inst/solver/cause_unsupported[31]_i_83_n_0
    SLICE_X50Y90         MUXF7 (Prop_muxf7_I1_O)      0.247     5.600 f  design_1_i/maxcut26_0/inst/solver/cause_unsupported_reg[31]_i_46/O
                         net (fo=1, routed)           0.000     5.600    design_1_i/maxcut26_0/inst/solver/cause_unsupported_reg[31]_i_46_n_0
    SLICE_X50Y90         MUXF8 (Prop_muxf8_I0_O)      0.098     5.698 f  design_1_i/maxcut26_0/inst/solver/cause_unsupported_reg[31]_i_20/O
                         net (fo=1, routed)           1.226     6.924    design_1_i/maxcut26_0/inst/solver/cause_unsupported_reg[31]_i_20_n_0
    SLICE_X50Y77         LUT6 (Prop_lut6_I3_O)        0.319     7.243 f  design_1_i/maxcut26_0/inst/solver/cause_unsupported[31]_i_10/O
                         net (fo=1, routed)           0.000     7.243    design_1_i/maxcut26_0/inst/solver/cause_unsupported[31]_i_10_n_0
    SLICE_X50Y77         MUXF7 (Prop_muxf7_I0_O)      0.209     7.452 f  design_1_i/maxcut26_0/inst/solver/cause_unsupported_reg[31]_i_7/O
                         net (fo=1, routed)           0.528     7.980    design_1_i/maxcut26_0/inst/solver/cause_unsupported_reg[31]_i_7_n_0
    SLICE_X54Y77         LUT6 (Prop_lut6_I0_O)        0.297     8.277 r  design_1_i/maxcut26_0/inst/solver/cause_unsupported[31]_i_5/O
                         net (fo=34, routed)          1.467     9.745    design_1_i/maxcut26_0/inst/solver/p_1_out[0]
    SLICE_X31Y73         LUT3 (Prop_lut3_I2_O)        0.124     9.869 r  design_1_i/maxcut26_0/inst/solver/energy_if_zero[3]_i_5/O
                         net (fo=1, routed)           0.000     9.869    design_1_i/maxcut26_0/inst/solver/energy_if_zero[3]_i_5_n_0
    SLICE_X31Y73         CARRY4 (Prop_carry4_S[1]_CO[3])
                                                      0.550    10.419 r  design_1_i/maxcut26_0/inst/solver/energy_if_zero_reg[3]_i_2/CO[3]
                         net (fo=1, routed)           0.000    10.419    design_1_i/maxcut26_0/inst/solver/energy_if_zero_reg[3]_i_2_n_0
    SLICE_X31Y74         CARRY4 (Prop_carry4_CI_CO[3])
                                                      0.114    10.533 r  design_1_i/maxcut26_0/inst/solver/energy_if_zero_reg[7]_i_2/CO[3]
                         net (fo=1, routed)           0.009    10.542    design_1_i/maxcut26_0/inst/solver/energy_if_zero_reg[7]_i_2_n_0
    SLICE_X31Y75         CARRY4 (Prop_carry4_CI_O[3])
                                                      0.313    10.855 r  design_1_i/maxcut26_0/inst/solver/energy_if_zero_reg[11]_i_2/O[3]
                         net (fo=1, routed)           0.812    11.666    design_1_i/maxcut26_0/inst/solver/energy_if_zero0[11]
    SLICE_X31Y77         LUT2 (Prop_lut2_I1_O)        0.336    12.002 r  design_1_i/maxcut26_0/inst/solver/energy_if_zero[11]_i_1/O
                         net (fo=1, routed)           0.000    12.002    design_1_i/maxcut26_0/inst/solver/energy_if_zero[11]_i_1_n_0
    SLICE_X31Y77         FDRE                                         r  design_1_i/maxcut26_0/inst/solver/energy_if_zero_reg[11]/D
  -------------------------------------------------------------------    -------------------

                         (clock clk_fpga_0 rise edge)
                                                     10.000    10.000 r  
    PS7_X0Y0             PS7                          0.000    10.000 r  design_1_i/ps7_0/inst/PS7_i/FCLKCLK[0]
                         net (fo=1, routed)           1.088    11.088    design_1_i/ps7_0/inst/FCLK_CLK_unbuffered[0]
    BUFGCTRL_X0Y16       BUFG (Prop_bufg_I_O)         0.091    11.179 r  design_1_i/ps7_0/inst/buffer_fclk_clk_0.FCLK_CLK_0_BUFG/O
                         net (fo=15344, routed)       1.511    12.690    design_1_i/maxcut26_0/inst/solver/s_axi_aclk
    SLICE_X31Y77         FDRE                                         r  design_1_i/maxcut26_0/inst/solver/energy_if_zero_reg[11]/C
                         clock pessimism              0.129    12.819    
                         clock uncertainty           -0.154    12.665    
    SLICE_X31Y77         FDRE (Setup_fdre_C_D)        0.075    12.740    design_1_i/maxcut26_0/inst/solver/energy_if_zero_reg[11]
  -------------------------------------------------------------------
                         required time                         12.740    
                         arrival time                         -12.002    
  -------------------------------------------------------------------
                         slack                                  0.737    

Slack (MET) :             0.814ns  (required time - arrival time)
  Source:                 design_1_i/maxcut26_0/inst/solver/node_index_reg[1]_replica_6/C
                            (rising edge-triggered cell FDRE clocked by clk_fpga_0  {rise@0.000ns fall@5.000ns period=10.000ns})
  Destination:            design_1_i/maxcut26_0/inst/solver/energy_if_one_reg[9]/D
                            (rising edge-triggered cell FDRE clocked by clk_fpga_0  {rise@0.000ns fall@5.000ns period=10.000ns})
  Path Group:             clk_fpga_0
  Path Type:              Setup (Max at Slow Process Corner)
  Requirement:            10.000ns  (clk_fpga_0 rise@10.000ns - clk_fpga_0 rise@0.000ns)
  Data Path Delay:        8.934ns  (logic 3.223ns (36.075%)  route 5.711ns (63.925%))
  Logic Levels:           11  (CARRY4=3 LUT2=2 LUT6=3 MUXF7=2 MUXF8=1)
  Clock Path Skew:        -0.172ns (DCD - SCD + CPR)
    Destination Clock Delay (DCD):    2.690ns = ( 12.690 - 10.000 ) 
    Source Clock Delay      (SCD):    2.991ns
    Clock Pessimism Removal (CPR):    0.129ns
  Clock Uncertainty:      0.154ns  ((TSJ^2 + TIJ^2)^1/2 + DJ) / 2 + PE
    Total System Jitter     (TSJ):    0.071ns
    Total Input Jitter      (TIJ):    0.300ns
    Discrete Jitter          (DJ):    0.000ns
    Phase Error              (PE):    0.000ns

    Location             Delay type                Incr(ns)  Path(ns)    Netlist Resource(s)
  -------------------------------------------------------------------    -------------------
                         (clock clk_fpga_0 rise edge)
                                                      0.000     0.000 r  
    PS7_X0Y0             PS7                          0.000     0.000 r  design_1_i/ps7_0/inst/PS7_i/FCLKCLK[0]
                         net (fo=1, routed)           1.193     1.193    design_1_i/ps7_0/inst/FCLK_CLK_unbuffered[0]
    BUFGCTRL_X0Y16       BUFG (Prop_bufg_I_O)         0.101     1.294 r  design_1_i/ps7_0/inst/buffer_fclk_clk_0.FCLK_CLK_0_BUFG/O
                         net (fo=15344, routed)       1.697     2.991    design_1_i/maxcut26_0/inst/solver/s_axi_aclk
    SLICE_X54Y78         FDRE                                         r  design_1_i/maxcut26_0/inst/solver/node_index_reg[1]_replica_6/C
  -------------------------------------------------------------------    -------------------
    SLICE_X54Y78         FDRE (Prop_fdre_C_Q)         0.518     3.509 r  design_1_i/maxcut26_0/inst/solver/node_index_reg[1]_replica_6/Q
                         net (fo=203, routed)         1.720     5.229    design_1_i/maxcut26_0/inst/solver/node_index[1]_repN_6
    SLICE_X50Y90         LUT6 (Prop_lut6_I2_O)        0.124     5.353 f  design_1_i/maxcut26_0/inst/solver/cause_unsupported[31]_i_83/O
                         net (fo=1, routed)           0.000     5.353    design_1_i/maxcut26_0/inst/solver/cause_unsupported[31]_i_83_n_0
    SLICE_X50Y90         MUXF7 (Prop_muxf7_I1_O)      0.247     5.600 f  design_1_i/maxcut26_0/inst/solver/cause_unsupported_reg[31]_i_46/O
                         net (fo=1, routed)           0.000     5.600    design_1_i/maxcut26_0/inst/solver/cause_unsupported_reg[31]_i_46_n_0
    SLICE_X50Y90         MUXF8 (Prop_muxf8_I0_O)      0.098     5.698 f  design_1_i/maxcut26_0/inst/solver/cause_unsupported_reg[31]_i_20/O
                         net (fo=1, routed)           1.226     6.924    design_1_i/maxcut26_0/inst/solver/cause_unsupported_reg[31]_i_20_n_0
    SLICE_X50Y77         LUT6 (Prop_lut6_I3_O)        0.319     7.243 f  design_1_i/maxcut26_0/inst/solver/cause_unsupported[31]_i_10/O
                         net (fo=1, routed)           0.000     7.243    design_1_i/maxcut26_0/inst/solver/cause_unsupported[31]_i_10_n_0
    SLICE_X50Y77         MUXF7 (Prop_muxf7_I0_O)      0.209     7.452 f  design_1_i/maxcut26_0/inst/solver/cause_unsupported_reg[31]_i_7/O
                         net (fo=1, routed)           0.528     7.980    design_1_i/maxcut26_0/inst/solver/cause_unsupported_reg[31]_i_7_n_0
    SLICE_X54Y77         LUT6 (Prop_lut6_I0_O)        0.297     8.277 r  design_1_i/maxcut26_0/inst/solver/cause_unsupported[31]_i_5/O
                         net (fo=34, routed)          1.414     9.691    design_1_i/maxcut26_0/inst/solver/p_1_out[0]
    SLICE_X30Y73         LUT2 (Prop_lut2_I1_O)        0.124     9.815 r  design_1_i/maxcut26_0/inst/solver/energy_if_one[3]_i_7/O
                         net (fo=1, routed)           0.000     9.815    design_1_i/maxcut26_0/inst/solver/energy_if_one[3]_i_7_n_0
    SLICE_X30Y73         CARRY4 (Prop_carry4_S[0]_CO[3])
                                                      0.513    10.328 r  design_1_i/maxcut26_0/inst/solver/energy_if_one_reg[3]_i_2/CO[3]
                         net (fo=1, routed)           0.000    10.328    design_1_i/maxcut26_0/inst/solver/energy_if_one_reg[3]_i_2_n_0
    SLICE_X30Y74         CARRY4 (Prop_carry4_CI_CO[3])
                                                      0.117    10.445 r  design_1_i/maxcut26_0/inst/solver/energy_if_one_reg[7]_i_2/CO[3]
                         net (fo=1, routed)           0.009    10.454    design_1_i/maxcut26_0/inst/solver/energy_if_one_reg[7]_i_2_n_0
    SLICE_X30Y75         CARRY4 (Prop_carry4_CI_O[1])
                                                      0.323    10.777 r  design_1_i/maxcut26_0/inst/solver/energy_if_one_reg[11]_i_2/O[1]
                         net (fo=1, routed)           0.814    11.591    design_1_i/maxcut26_0/inst/solver/energy_if_one0[9]
    SLICE_X31Y77         LUT2 (Prop_lut2_I1_O)        0.334    11.925 r  design_1_i/maxcut26_0/inst/solver/energy_if_one[9]_i_1/O
                         net (fo=1, routed)           0.000    11.925    design_1_i/maxcut26_0/inst/solver/energy_if_one[9]_i_1_n_0
    SLICE_X31Y77         FDRE                                         r  design_1_i/maxcut26_0/inst/solver/energy_if_one_reg[9]/D
  -------------------------------------------------------------------    -------------------

                         (clock clk_fpga_0 rise edge)
                                                     10.000    10.000 r  
    PS7_X0Y0             PS7                          0.000    10.000 r  design_1_i/ps7_0/inst/PS7_i/FCLKCLK[0]
                         net (fo=1, routed)           1.088    11.088    design_1_i/ps7_0/inst/FCLK_CLK_unbuffered[0]
    BUFGCTRL_X0Y16       BUFG (Prop_bufg_I_O)         0.091    11.179 r  design_1_i/ps7_0/inst/buffer_fclk_clk_0.FCLK_CLK_0_BUFG/O
                         net (fo=15344, routed)       1.511    12.690    design_1_i/maxcut26_0/inst/solver/s_axi_aclk
    SLICE_X31Y77         FDRE                                         r  design_1_i/maxcut26_0/inst/solver/energy_if_one_reg[9]/C
                         clock pessimism              0.129    12.819    
                         clock uncertainty           -0.154    12.665    
    SLICE_X31Y77         FDRE (Setup_fdre_C_D)        0.075    12.740    design_1_i/maxcut26_0/inst/solver/energy_if_one_reg[9]
  -------------------------------------------------------------------
                         required time                         12.740    
                         arrival time                         -11.925    
  -------------------------------------------------------------------
                         slack                                  0.814    

Slack (MET) :             0.828ns  (required time - arrival time)
  Source:                 design_1_i/maxcut26_0/inst/solver/weight_data_reg_0_3/CLKARDCLK
                            (rising edge-triggered cell RAMB36E1 clocked by clk_fpga_0  {rise@0.000ns fall@5.000ns period=10.000ns})
  Destination:            design_1_i/maxcut26_0/inst/solver/field_reg[13]/D
                            (rising edge-triggered cell FDRE clocked by clk_fpga_0  {rise@0.000ns fall@5.000ns period=10.000ns})
  Path Group:             clk_fpga_0
  Path Type:              Setup (Max at Slow Process Corner)
  Requirement:            10.000ns  (clk_fpga_0 rise@10.000ns - clk_fpga_0 rise@0.000ns)
  Data Path Delay:        8.835ns  (logic 4.872ns (55.142%)  route 3.963ns (44.858%))
  Logic Levels:           7  (CARRY4=3 LUT2=1 LUT4=1 LUT6=1 RAMB36E1=1)
  Clock Path Skew:        -0.258ns (DCD - SCD + CPR)
    Destination Clock Delay (DCD):    2.693ns = ( 12.693 - 10.000 ) 
    Source Clock Delay      (SCD):    3.065ns
    Clock Pessimism Removal (CPR):    0.115ns
  Clock Uncertainty:      0.154ns  ((TSJ^2 + TIJ^2)^1/2 + DJ) / 2 + PE
    Total System Jitter     (TSJ):    0.071ns
    Total Input Jitter      (TIJ):    0.300ns
    Discrete Jitter          (DJ):    0.000ns
    Phase Error              (PE):    0.000ns

    Location             Delay type                Incr(ns)  Path(ns)    Netlist Resource(s)
  -------------------------------------------------------------------    -------------------
                         (clock clk_fpga_0 rise edge)
                                                      0.000     0.000 r  
    PS7_X0Y0             PS7                          0.000     0.000 r  design_1_i/ps7_0/inst/PS7_i/FCLKCLK[0]
                         net (fo=1, routed)           1.193     1.193    design_1_i/ps7_0/inst/FCLK_CLK_unbuffered[0]
    BUFGCTRL_X0Y16       BUFG (Prop_bufg_I_O)         0.101     1.294 r  design_1_i/ps7_0/inst/buffer_fclk_clk_0.FCLK_CLK_0_BUFG/O
                         net (fo=15344, routed)       1.771     3.065    design_1_i/maxcut26_0/inst/solver/s_axi_aclk
    RAMB36_X3Y9          RAMB36E1                                     r  design_1_i/maxcut26_0/inst/solver/weight_data_reg_0_3/CLKARDCLK
  -------------------------------------------------------------------    -------------------
    RAMB36_X3Y9          RAMB36E1 (Prop_ramb36e1_CLKARDCLK_CASCADEOUTA)
                                                      2.872     5.937 r  design_1_i/maxcut26_0/inst/solver/weight_data_reg_0_3/CASCADEOUTA
                         net (fo=1, routed)           0.065     6.003    design_1_i/maxcut26_0/inst/solver/weight_data_reg_0_3_n_0
    RAMB36_X3Y10         RAMB36E1 (Prop_ramb36e1_CASCADEINA_DOADO[0])
                                                      0.425     6.428 r  design_1_i/maxcut26_0/inst/solver/weight_data_reg_1_3/DOADO[0]
                         net (fo=1, routed)           1.959     8.387    design_1_i/maxcut26_0/inst/solver/weight_data_reg_1_3_n_35
    SLICE_X26Y66         LUT4 (Prop_lut4_I3_O)        0.124     8.511 r  design_1_i/maxcut26_0/inst/solver/accumulator[15]_i_21/O
                         net (fo=15, routed)          1.125     9.636    design_1_i/maxcut26_0/inst/solver/weight_data_reg[3]
    SLICE_X33Y67         LUT6 (Prop_lut6_I2_O)        0.124     9.760 r  design_1_i/maxcut26_0/inst/solver/accumulator[7]_i_10/O
                         net (fo=1, routed)           0.000     9.760    design_1_i/maxcut26_0/inst/solver/accumulator[7]_i_10_n_0
    SLICE_X33Y67         CARRY4 (Prop_carry4_S[1]_CO[3])
                                                      0.550    10.310 r  design_1_i/maxcut26_0/inst/solver/accumulator_reg[7]_i_3/CO[3]
                         net (fo=1, routed)           0.000    10.310    design_1_i/maxcut26_0/inst/solver/accumulator_reg[7]_i_3_n_0
    SLICE_X33Y68         CARRY4 (Prop_carry4_CI_CO[3])
                                                      0.114    10.424 r  design_1_i/maxcut26_0/inst/solver/accumulator_reg[11]_i_3/CO[3]
                         net (fo=1, routed)           0.000    10.424    design_1_i/maxcut26_0/inst/solver/accumulator_reg[11]_i_3_n_0
    SLICE_X33Y69         CARRY4 (Prop_carry4_CI_O[1])
                                                      0.334    10.758 r  design_1_i/maxcut26_0/inst/solver/accumulator_reg[15]_i_6/O[1]
                         net (fo=2, routed)           0.813    11.572    design_1_i/maxcut26_0/inst/solver/field_sum[13]
    SLICE_X31Y69         LUT2 (Prop_lut2_I1_O)        0.329    11.901 r  design_1_i/maxcut26_0/inst/solver/field[13]_i_1/O
                         net (fo=1, routed)           0.000    11.901    design_1_i/maxcut26_0/inst/solver/field[13]_i_1_n_0
    SLICE_X31Y69         FDRE                                         r  design_1_i/maxcut26_0/inst/solver/field_reg[13]/D
  -------------------------------------------------------------------    -------------------

                         (clock clk_fpga_0 rise edge)
                                                     10.000    10.000 r  
    PS7_X0Y0             PS7                          0.000    10.000 r  design_1_i/ps7_0/inst/PS7_i/FCLKCLK[0]
                         net (fo=1, routed)           1.088    11.088    design_1_i/ps7_0/inst/FCLK_CLK_unbuffered[0]
    BUFGCTRL_X0Y16       BUFG (Prop_bufg_I_O)         0.091    11.179 r  design_1_i/ps7_0/inst/buffer_fclk_clk_0.FCLK_CLK_0_BUFG/O
                         net (fo=15344, routed)       1.514    12.693    design_1_i/maxcut26_0/inst/solver/s_axi_aclk
    SLICE_X31Y69         FDRE                                         r  design_1_i/maxcut26_0/inst/solver/field_reg[13]/C
                         clock pessimism              0.115    12.808    
                         clock uncertainty           -0.154    12.654    
    SLICE_X31Y69         FDRE (Setup_fdre_C_D)        0.075    12.729    design_1_i/maxcut26_0/inst/solver/field_reg[13]
  -------------------------------------------------------------------
                         required time                         12.729    
                         arrival time                         -11.901    
  -------------------------------------------------------------------
                         slack                                  0.828    

Slack (MET) :             0.843ns  (required time - arrival time)
  Source:                 design_1_i/maxcut26_0/inst/solver/energy_row_reg[2]/C
                            (rising edge-triggered cell FDRE clocked by clk_fpga_0  {rise@0.000ns fall@5.000ns period=10.000ns})
  Destination:            design_1_i/maxcut26_0/inst/solver/accumulator_reg[6]/D
                            (rising edge-triggered cell FDRE clocked by clk_fpga_0  {rise@0.000ns fall@5.000ns period=10.000ns})
  Path Group:             clk_fpga_0
  Path Type:              Setup (Max at Slow Process Corner)
  Requirement:            10.000ns  (clk_fpga_0 rise@10.000ns - clk_fpga_0 rise@0.000ns)
  Data Path Delay:        8.895ns  (logic 3.249ns (36.528%)  route 5.646ns (63.472%))
  Logic Levels:           9  (CARRY4=1 LUT2=1 LUT5=1 LUT6=3 MUXF7=3)
  Clock Path Skew:        -0.139ns (DCD - SCD + CPR)
    Destination Clock Delay (DCD):    2.651ns = ( 12.651 - 10.000 ) 
    Source Clock Delay      (SCD):    2.919ns
    Clock Pessimism Removal (CPR):    0.129ns
  Clock Uncertainty:      0.154ns  ((TSJ^2 + TIJ^2)^1/2 + DJ) / 2 + PE
    Total System Jitter     (TSJ):    0.071ns
    Total Input Jitter      (TIJ):    0.300ns
    Discrete Jitter          (DJ):    0.000ns
    Phase Error              (PE):    0.000ns

    Location             Delay type                Incr(ns)  Path(ns)    Netlist Resource(s)
  -------------------------------------------------------------------    -------------------
                         (clock clk_fpga_0 rise edge)
                                                      0.000     0.000 r  
    PS7_X0Y0             PS7                          0.000     0.000 r  design_1_i/ps7_0/inst/PS7_i/FCLKCLK[0]
                         net (fo=1, routed)           1.193     1.193    design_1_i/ps7_0/inst/FCLK_CLK_unbuffered[0]
    BUFGCTRL_X0Y16       BUFG (Prop_bufg_I_O)         0.101     1.294 r  design_1_i/ps7_0/inst/buffer_fclk_clk_0.FCLK_CLK_0_BUFG/O
                         net (fo=15344, routed)       1.625     2.919    design_1_i/maxcut26_0/inst/solver/s_axi_aclk
    SLICE_X50Y78         FDRE                                         r  design_1_i/maxcut26_0/inst/solver/energy_row_reg[2]/C
  -------------------------------------------------------------------    -------------------
    SLICE_X50Y78         FDRE (Prop_fdre_C_Q)         0.478     3.397 r  design_1_i/maxcut26_0/inst/solver/energy_row_reg[2]/Q
                         net (fo=40, routed)          1.312     4.709    design_1_i/maxcut26_0/inst/solver/energy_row_reg_n_0_[2]
    SLICE_X55Y71         MUXF7 (Prop_muxf7_S_O)       0.447     5.156 r  design_1_i/maxcut26_0/inst/solver/accumulator_reg[3]_i_44/O
                         net (fo=1, routed)           0.927     6.083    design_1_i/maxcut26_0/inst/solver/accumulator_reg[3]_i_44_n_0
    SLICE_X57Y74         LUT6 (Prop_lut6_I3_O)        0.299     6.382 f  design_1_i/maxcut26_0/inst/solver/accumulator[3]_i_23/O
                         net (fo=1, routed)           0.000     6.382    design_1_i/maxcut26_0/inst/solver/accumulator[3]_i_23_n_0
    SLICE_X57Y74         MUXF7 (Prop_muxf7_I1_O)      0.217     6.599 f  design_1_i/maxcut26_0/inst/solver/accumulator_reg[3]_i_16/O
                         net (fo=1, routed)           1.302     7.901    design_1_i/maxcut26_0/inst/solver/accumulator_reg[3]_i_16_n_0
    SLICE_X42Y71         LUT6 (Prop_lut6_I0_O)        0.299     8.200 r  design_1_i/maxcut26_0/inst/solver/accumulator[3]_i_14/O
                         net (fo=1, routed)           0.000     8.200    design_1_i/maxcut26_0/inst/solver/accumulator[3]_i_14_n_0
    SLICE_X42Y71         MUXF7 (Prop_muxf7_I0_O)      0.209     8.409 r  design_1_i/maxcut26_0/inst/solver/accumulator_reg[3]_i_13/O
                         net (fo=4, routed)           1.050     9.459    design_1_i/maxcut26_0/inst/solver/energy_term2
    SLICE_X36Y67         LUT6 (Prop_lut6_I5_O)        0.297     9.756 r  design_1_i/maxcut26_0/inst/solver/accumulator[15]_i_19/O
                         net (fo=12, routed)          0.647    10.403    design_1_i/maxcut26_0/inst/solver/energy_term[4]
    SLICE_X34Y67         LUT2 (Prop_lut2_I1_O)        0.124    10.527 r  design_1_i/maxcut26_0/inst/solver/accumulator[7]_i_6/O
                         net (fo=1, routed)           0.000    10.527    design_1_i/maxcut26_0/inst/solver/accumulator[7]_i_6_n_0
    SLICE_X34Y67         CARRY4 (Prop_carry4_S[1]_O[2])
                                                      0.578    11.105 r  design_1_i/maxcut26_0/inst/solver/accumulator_reg[7]_i_2/O[2]
                         net (fo=1, routed)           0.408    11.513    design_1_i/maxcut26_0/inst/solver/accumulator0[6]
    SLICE_X35Y67         LUT5 (Prop_lut5_I0_O)        0.301    11.814 r  design_1_i/maxcut26_0/inst/solver/accumulator[6]_i_1/O
                         net (fo=1, routed)           0.000    11.814    design_1_i/maxcut26_0/inst/solver/accumulator[6]_i_1_n_0
    SLICE_X35Y67         FDRE                                         r  design_1_i/maxcut26_0/inst/solver/accumulator_reg[6]/D
  -------------------------------------------------------------------    -------------------

                         (clock clk_fpga_0 rise edge)
                                                     10.000    10.000 r  
    PS7_X0Y0             PS7                          0.000    10.000 r  design_1_i/ps7_0/inst/PS7_i/FCLKCLK[0]
                         net (fo=1, routed)           1.088    11.088    design_1_i/ps7_0/inst/FCLK_CLK_unbuffered[0]
    BUFGCTRL_X0Y16       BUFG (Prop_bufg_I_O)         0.091    11.179 r  design_1_i/ps7_0/inst/buffer_fclk_clk_0.FCLK_CLK_0_BUFG/O
                         net (fo=15344, routed)       1.472    12.651    design_1_i/maxcut26_0/inst/solver/s_axi_aclk
    SLICE_X35Y67         FDRE                                         r  design_1_i/maxcut26_0/inst/solver/accumulator_reg[6]/C
                         clock pessimism              0.129    12.780    
                         clock uncertainty           -0.154    12.626    
    SLICE_X35Y67         FDRE (Setup_fdre_C_D)        0.031    12.657    design_1_i/maxcut26_0/inst/solver/accumulator_reg[6]
  -------------------------------------------------------------------
                         required time                         12.657    
                         arrival time                         -11.814    
  -------------------------------------------------------------------
                         slack                                  0.843    

Slack (MET) :             0.859ns  (required time - arrival time)
  Source:                 design_1_i/maxcut26_0/inst/solver/node_index_reg[1]_replica_6/C
                            (rising edge-triggered cell FDRE clocked by clk_fpga_0  {rise@0.000ns fall@5.000ns period=10.000ns})
  Destination:            design_1_i/maxcut26_0/inst/solver/energy_if_zero_reg[14]/D
                            (rising edge-triggered cell FDRE clocked by clk_fpga_0  {rise@0.000ns fall@5.000ns period=10.000ns})
  Path Group:             clk_fpga_0
  Path Type:              Setup (Max at Slow Process Corner)
  Requirement:            10.000ns  (clk_fpga_0 rise@10.000ns - clk_fpga_0 rise@0.000ns)
  Data Path Delay:        8.846ns  (logic 3.255ns (36.795%)  route 5.591ns (63.205%))
  Logic Levels:           12  (CARRY4=4 LUT2=1 LUT3=1 LUT6=3 MUXF7=2 MUXF8=1)
  Clock Path Skew:        -0.172ns (DCD - SCD + CPR)
    Destination Clock Delay (DCD):    2.690ns = ( 12.690 - 10.000 ) 
    Source Clock Delay      (SCD):    2.991ns
    Clock Pessimism Removal (CPR):    0.129ns
  Clock Uncertainty:      0.154ns  ((TSJ^2 + TIJ^2)^1/2 + DJ) / 2 + PE
    Total System Jitter     (TSJ):    0.071ns
    Total Input Jitter      (TIJ):    0.300ns
    Discrete Jitter          (DJ):    0.000ns
    Phase Error              (PE):    0.000ns

    Location             Delay type                Incr(ns)  Path(ns)    Netlist Resource(s)
  -------------------------------------------------------------------    -------------------
                         (clock clk_fpga_0 rise edge)
                                                      0.000     0.000 r  
    PS7_X0Y0             PS7                          0.000     0.000 r  design_1_i/ps7_0/inst/PS7_i/FCLKCLK[0]
                         net (fo=1, routed)           1.193     1.193    design_1_i/ps7_0/inst/FCLK_CLK_unbuffered[0]
    BUFGCTRL_X0Y16       BUFG (Prop_bufg_I_O)         0.101     1.294 r  design_1_i/ps7_0/inst/buffer_fclk_clk_0.FCLK_CLK_0_BUFG/O
                         net (fo=15344, routed)       1.697     2.991    design_1_i/maxcut26_0/inst/solver/s_axi_aclk
    SLICE_X54Y78         FDRE                                         r  design_1_i/maxcut26_0/inst/solver/node_index_reg[1]_replica_6/C
  -------------------------------------------------------------------    -------------------
    SLICE_X54Y78         FDRE (Prop_fdre_C_Q)         0.518     3.509 r  design_1_i/maxcut26_0/inst/solver/node_index_reg[1]_replica_6/Q
                         net (fo=203, routed)         1.720     5.229    design_1_i/maxcut26_0/inst/solver/node_index[1]_repN_6
    SLICE_X50Y90         LUT6 (Prop_lut6_I2_O)        0.124     5.353 f  design_1_i/maxcut26_0/inst/solver/cause_unsupported[31]_i_83/O
                         net (fo=1, routed)           0.000     5.353    design_1_i/maxcut26_0/inst/solver/cause_unsupported[31]_i_83_n_0
    SLICE_X50Y90         MUXF7 (Prop_muxf7_I1_O)      0.247     5.600 f  design_1_i/maxcut26_0/inst/solver/cause_unsupported_reg[31]_i_46/O
                         net (fo=1, routed)           0.000     5.600    design_1_i/maxcut26_0/inst/solver/cause_unsupported_reg[31]_i_46_n_0
    SLICE_X50Y90         MUXF8 (Prop_muxf8_I0_O)      0.098     5.698 f  design_1_i/maxcut26_0/inst/solver/cause_unsupported_reg[31]_i_20/O
                         net (fo=1, routed)           1.226     6.924    design_1_i/maxcut26_0/inst/solver/cause_unsupported_reg[31]_i_20_n_0
    SLICE_X50Y77         LUT6 (Prop_lut6_I3_O)        0.319     7.243 f  design_1_i/maxcut26_0/inst/solver/cause_unsupported[31]_i_10/O
                         net (fo=1, routed)           0.000     7.243    design_1_i/maxcut26_0/inst/solver/cause_unsupported[31]_i_10_n_0
    SLICE_X50Y77         MUXF7 (Prop_muxf7_I0_O)      0.209     7.452 f  design_1_i/maxcut26_0/inst/solver/cause_unsupported_reg[31]_i_7/O
                         net (fo=1, routed)           0.528     7.980    design_1_i/maxcut26_0/inst/solver/cause_unsupported_reg[31]_i_7_n_0
    SLICE_X54Y77         LUT6 (Prop_lut6_I0_O)        0.297     8.277 r  design_1_i/maxcut26_0/inst/solver/cause_unsupported[31]_i_5/O
                         net (fo=34, routed)          1.467     9.745    design_1_i/maxcut26_0/inst/solver/p_1_out[0]
    SLICE_X31Y73         LUT3 (Prop_lut3_I2_O)        0.124     9.869 r  design_1_i/maxcut26_0/inst/solver/energy_if_zero[3]_i_5/O
                         net (fo=1, routed)           0.000     9.869    design_1_i/maxcut26_0/inst/solver/energy_if_zero[3]_i_5_n_0
    SLICE_X31Y73         CARRY4 (Prop_carry4_S[1]_CO[3])
                                                      0.550    10.419 r  design_1_i/maxcut26_0/inst/solver/energy_if_zero_reg[3]_i_2/CO[3]
                         net (fo=1, routed)           0.000    10.419    design_1_i/maxcut26_0/inst/solver/energy_if_zero_reg[3]_i_2_n_0
    SLICE_X31Y74         CARRY4 (Prop_carry4_CI_CO[3])
                                                      0.114    10.533 r  design_1_i/maxcut26_0/inst/solver/energy_if_zero_reg[7]_i_2/CO[3]
                         net (fo=1, routed)           0.009    10.542    design_1_i/maxcut26_0/inst/solver/energy_if_zero_reg[7]_i_2_n_0
    SLICE_X31Y75         CARRY4 (Prop_carry4_CI_CO[3])
                                                      0.114    10.656 r  design_1_i/maxcut26_0/inst/solver/energy_if_zero_reg[11]_i_2/CO[3]
                         net (fo=1, routed)           0.000    10.656    design_1_i/maxcut26_0/inst/solver/energy_if_zero_reg[11]_i_2_n_0
    SLICE_X31Y76         CARRY4 (Prop_carry4_CI_O[2])
                                                      0.239    10.895 r  design_1_i/maxcut26_0/inst/solver/energy_if_zero_reg[15]_i_2/O[2]
                         net (fo=1, routed)           0.641    11.535    design_1_i/maxcut26_0/inst/solver/energy_if_zero0[14]
    SLICE_X31Y77         LUT2 (Prop_lut2_I1_O)        0.302    11.837 r  design_1_i/maxcut26_0/inst/solver/energy_if_zero[14]_i_1/O
                         net (fo=1, routed)           0.000    11.837    design_1_i/maxcut26_0/inst/solver/energy_if_zero[14]_i_1_n_0
    SLICE_X31Y77         FDRE                                         r  design_1_i/maxcut26_0/inst/solver/energy_if_zero_reg[14]/D
  -------------------------------------------------------------------    -------------------

                         (clock clk_fpga_0 rise edge)
                                                     10.000    10.000 r  
    PS7_X0Y0             PS7                          0.000    10.000 r  design_1_i/ps7_0/inst/PS7_i/FCLKCLK[0]
                         net (fo=1, routed)           1.088    11.088    design_1_i/ps7_0/inst/FCLK_CLK_unbuffered[0]
    BUFGCTRL_X0Y16       BUFG (Prop_bufg_I_O)         0.091    11.179 r  design_1_i/ps7_0/inst/buffer_fclk_clk_0.FCLK_CLK_0_BUFG/O
                         net (fo=15344, routed)       1.511    12.690    design_1_i/maxcut26_0/inst/solver/s_axi_aclk
    SLICE_X31Y77         FDRE                                         r  design_1_i/maxcut26_0/inst/solver/energy_if_zero_reg[14]/C
                         clock pessimism              0.129    12.819    
                         clock uncertainty           -0.154    12.665    
    SLICE_X31Y77         FDRE (Setup_fdre_C_D)        0.032    12.697    design_1_i/maxcut26_0/inst/solver/energy_if_zero_reg[14]
  -------------------------------------------------------------------
                         required time                         12.697    
                         arrival time                         -11.837    
  -------------------------------------------------------------------
                         slack                                  0.859    

Slack (MET) :             0.873ns  (required time - arrival time)
  Source:                 design_1_i/maxcut26_0/inst/solver/node_index_reg[1]_replica_6/C
                            (rising edge-triggered cell FDRE clocked by clk_fpga_0  {rise@0.000ns fall@5.000ns period=10.000ns})
  Destination:            design_1_i/maxcut26_0/inst/solver/energy_if_zero_reg[12]/D
                            (rising edge-triggered cell FDRE clocked by clk_fpga_0  {rise@0.000ns fall@5.000ns period=10.000ns})
  Path Group:             clk_fpga_0
  Path Type:              Setup (Max at Slow Process Corner)
  Requirement:            10.000ns  (clk_fpga_0 rise@10.000ns - clk_fpga_0 rise@0.000ns)
  Data Path Delay:        8.882ns  (logic 3.235ns (36.422%)  route 5.647ns (63.578%))
  Logic Levels:           12  (CARRY4=4 LUT2=1 LUT3=1 LUT6=3 MUXF7=2 MUXF8=1)
  Clock Path Skew:        -0.172ns (DCD - SCD + CPR)
    Destination Clock Delay (DCD):    2.690ns = ( 12.690 - 10.000 ) 
    Source Clock Delay      (SCD):    2.991ns
    Clock Pessimism Removal (CPR):    0.129ns
  Clock Uncertainty:      0.154ns  ((TSJ^2 + TIJ^2)^1/2 + DJ) / 2 + PE
    Total System Jitter     (TSJ):    0.071ns
    Total Input Jitter      (TIJ):    0.300ns
    Discrete Jitter          (DJ):    0.000ns
    Phase Error              (PE):    0.000ns

    Location             Delay type                Incr(ns)  Path(ns)    Netlist Resource(s)
  -------------------------------------------------------------------    -------------------
                         (clock clk_fpga_0 rise edge)
                                                      0.000     0.000 r  
    PS7_X0Y0             PS7                          0.000     0.000 r  design_1_i/ps7_0/inst/PS7_i/FCLKCLK[0]
                         net (fo=1, routed)           1.193     1.193    design_1_i/ps7_0/inst/FCLK_CLK_unbuffered[0]
    BUFGCTRL_X0Y16       BUFG (Prop_bufg_I_O)         0.101     1.294 r  design_1_i/ps7_0/inst/buffer_fclk_clk_0.FCLK_CLK_0_BUFG/O
                         net (fo=15344, routed)       1.697     2.991    design_1_i/maxcut26_0/inst/solver/s_axi_aclk
    SLICE_X54Y78         FDRE                                         r  design_1_i/maxcut26_0/inst/solver/node_index_reg[1]_replica_6/C
  -------------------------------------------------------------------    -------------------
    SLICE_X54Y78         FDRE (Prop_fdre_C_Q)         0.518     3.509 r  design_1_i/maxcut26_0/inst/solver/node_index_reg[1]_replica_6/Q
                         net (fo=203, routed)         1.720     5.229    design_1_i/maxcut26_0/inst/solver/node_index[1]_repN_6
    SLICE_X50Y90         LUT6 (Prop_lut6_I2_O)        0.124     5.353 f  design_1_i/maxcut26_0/inst/solver/cause_unsupported[31]_i_83/O
                         net (fo=1, routed)           0.000     5.353    design_1_i/maxcut26_0/inst/solver/cause_unsupported[31]_i_83_n_0
    SLICE_X50Y90         MUXF7 (Prop_muxf7_I1_O)      0.247     5.600 f  design_1_i/maxcut26_0/inst/solver/cause_unsupported_reg[31]_i_46/O
                         net (fo=1, routed)           0.000     5.600    design_1_i/maxcut26_0/inst/solver/cause_unsupported_reg[31]_i_46_n_0
    SLICE_X50Y90         MUXF8 (Prop_muxf8_I0_O)      0.098     5.698 f  design_1_i/maxcut26_0/inst/solver/cause_unsupported_reg[31]_i_20/O
                         net (fo=1, routed)           1.226     6.924    design_1_i/maxcut26_0/inst/solver/cause_unsupported_reg[31]_i_20_n_0
    SLICE_X50Y77         LUT6 (Prop_lut6_I3_O)        0.319     7.243 f  design_1_i/maxcut26_0/inst/solver/cause_unsupported[31]_i_10/O
                         net (fo=1, routed)           0.000     7.243    design_1_i/maxcut26_0/inst/solver/cause_unsupported[31]_i_10_n_0
    SLICE_X50Y77         MUXF7 (Prop_muxf7_I0_O)      0.209     7.452 f  design_1_i/maxcut26_0/inst/solver/cause_unsupported_reg[31]_i_7/O
                         net (fo=1, routed)           0.528     7.980    design_1_i/maxcut26_0/inst/solver/cause_unsupported_reg[31]_i_7_n_0
    SLICE_X54Y77         LUT6 (Prop_lut6_I0_O)        0.297     8.277 r  design_1_i/maxcut26_0/inst/solver/cause_unsupported[31]_i_5/O
                         net (fo=34, routed)          1.467     9.745    design_1_i/maxcut26_0/inst/solver/p_1_out[0]
    SLICE_X31Y73         LUT3 (Prop_lut3_I2_O)        0.124     9.869 r  design_1_i/maxcut26_0/inst/solver/energy_if_zero[3]_i_5/O
                         net (fo=1, routed)           0.000     9.869    design_1_i/maxcut26_0/inst/solver/energy_if_zero[3]_i_5_n_0
    SLICE_X31Y73         CARRY4 (Prop_carry4_S[1]_CO[3])
                                                      0.550    10.419 r  design_1_i/maxcut26_0/inst/solver/energy_if_zero_reg[3]_i_2/CO[3]
                         net (fo=1, routed)           0.000    10.419    design_1_i/maxcut26_0/inst/solver/energy_if_zero_reg[3]_i_2_n_0
    SLICE_X31Y74         CARRY4 (Prop_carry4_CI_CO[3])
                                                      0.114    10.533 r  design_1_i/maxcut26_0/inst/solver/energy_if_zero_reg[7]_i_2/CO[3]
                         net (fo=1, routed)           0.009    10.542    design_1_i/maxcut26_0/inst/solver/energy_if_zero_reg[7]_i_2_n_0
    SLICE_X31Y75         CARRY4 (Prop_carry4_CI_CO[3])
                                                      0.114    10.656 r  design_1_i/maxcut26_0/inst/solver/energy_if_zero_reg[11]_i_2/CO[3]
                         net (fo=1, routed)           0.000    10.656    design_1_i/maxcut26_0/inst/solver/energy_if_zero_reg[11]_i_2_n_0
    SLICE_X31Y76         CARRY4 (Prop_carry4_CI_O[0])
                                                      0.222    10.878 r  design_1_i/maxcut26_0/inst/solver/energy_if_zero_reg[15]_i_2/O[0]
                         net (fo=1, routed)           0.697    11.574    design_1_i/maxcut26_0/inst/solver/energy_if_zero0[12]
    SLICE_X30Y77         LUT2 (Prop_lut2_I1_O)        0.299    11.873 r  design_1_i/maxcut26_0/inst/solver/energy_if_zero[12]_i_1/O
                         net (fo=1, routed)           0.000    11.873    design_1_i/maxcut26_0/inst/solver/energy_if_zero[12]_i_1_n_0
    SLICE_X30Y77         FDRE                                         r  design_1_i/maxcut26_0/inst/solver/energy_if_zero_reg[12]/D
  -------------------------------------------------------------------    -------------------

                         (clock clk_fpga_0 rise edge)
                                                     10.000    10.000 r  
    PS7_X0Y0             PS7                          0.000    10.000 r  design_1_i/ps7_0/inst/PS7_i/FCLKCLK[0]
                         net (fo=1, routed)           1.088    11.088    design_1_i/ps7_0/inst/FCLK_CLK_unbuffered[0]
    BUFGCTRL_X0Y16       BUFG (Prop_bufg_I_O)         0.091    11.179 r  design_1_i/ps7_0/inst/buffer_fclk_clk_0.FCLK_CLK_0_BUFG/O
                         net (fo=15344, routed)       1.511    12.690    design_1_i/maxcut26_0/inst/solver/s_axi_aclk
    SLICE_X30Y77         FDRE                                         r  design_1_i/maxcut26_0/inst/solver/energy_if_zero_reg[12]/C
                         clock pessimism              0.129    12.819    
                         clock uncertainty           -0.154    12.665    
    SLICE_X30Y77         FDRE (Setup_fdre_C_D)        0.081    12.746    design_1_i/maxcut26_0/inst/solver/energy_if_zero_reg[12]
  -------------------------------------------------------------------
                         required time                         12.746    
                         arrival time                         -11.873    
  -------------------------------------------------------------------
                         slack                                  0.873    

Slack (MET) :             0.875ns  (required time - arrival time)
  Source:                 design_1_i/maxcut26_0/inst/solver/node_index_reg[1]_replica_6/C
                            (rising edge-triggered cell FDRE clocked by clk_fpga_0  {rise@0.000ns fall@5.000ns period=10.000ns})
  Destination:            design_1_i/maxcut26_0/inst/solver/energy_if_zero_reg[15]/D
                            (rising edge-triggered cell FDRE clocked by clk_fpga_0  {rise@0.000ns fall@5.000ns period=10.000ns})
  Path Group:             clk_fpga_0
  Path Type:              Setup (Max at Slow Process Corner)
  Requirement:            10.000ns  (clk_fpga_0 rise@10.000ns - clk_fpga_0 rise@0.000ns)
  Data Path Delay:        8.874ns  (logic 3.326ns (37.482%)  route 5.548ns (62.518%))
  Logic Levels:           12  (CARRY4=4 LUT2=1 LUT3=1 LUT6=3 MUXF7=2 MUXF8=1)
  Clock Path Skew:        -0.172ns (DCD - SCD + CPR)
    Destination Clock Delay (DCD):    2.690ns = ( 12.690 - 10.000 ) 
    Source Clock Delay      (SCD):    2.991ns
    Clock Pessimism Removal (CPR):    0.129ns
  Clock Uncertainty:      0.154ns  ((TSJ^2 + TIJ^2)^1/2 + DJ) / 2 + PE
    Total System Jitter     (TSJ):    0.071ns
    Total Input Jitter      (TIJ):    0.300ns
    Discrete Jitter          (DJ):    0.000ns
    Phase Error              (PE):    0.000ns

    Location             Delay type                Incr(ns)  Path(ns)    Netlist Resource(s)
  -------------------------------------------------------------------    -------------------
                         (clock clk_fpga_0 rise edge)
                                                      0.000     0.000 r  
    PS7_X0Y0             PS7                          0.000     0.000 r  design_1_i/ps7_0/inst/PS7_i/FCLKCLK[0]
                         net (fo=1, routed)           1.193     1.193    design_1_i/ps7_0/inst/FCLK_CLK_unbuffered[0]
    BUFGCTRL_X0Y16       BUFG (Prop_bufg_I_O)         0.101     1.294 r  design_1_i/ps7_0/inst/buffer_fclk_clk_0.FCLK_CLK_0_BUFG/O
                         net (fo=15344, routed)       1.697     2.991    design_1_i/maxcut26_0/inst/solver/s_axi_aclk
    SLICE_X54Y78         FDRE                                         r  design_1_i/maxcut26_0/inst/solver/node_index_reg[1]_replica_6/C
  -------------------------------------------------------------------    -------------------
    SLICE_X54Y78         FDRE (Prop_fdre_C_Q)         0.518     3.509 r  design_1_i/maxcut26_0/inst/solver/node_index_reg[1]_replica_6/Q
                         net (fo=203, routed)         1.720     5.229    design_1_i/maxcut26_0/inst/solver/node_index[1]_repN_6
    SLICE_X50Y90         LUT6 (Prop_lut6_I2_O)        0.124     5.353 f  design_1_i/maxcut26_0/inst/solver/cause_unsupported[31]_i_83/O
                         net (fo=1, routed)           0.000     5.353    design_1_i/maxcut26_0/inst/solver/cause_unsupported[31]_i_83_n_0
    SLICE_X50Y90         MUXF7 (Prop_muxf7_I1_O)      0.247     5.600 f  design_1_i/maxcut26_0/inst/solver/cause_unsupported_reg[31]_i_46/O
                         net (fo=1, routed)           0.000     5.600    design_1_i/maxcut26_0/inst/solver/cause_unsupported_reg[31]_i_46_n_0
    SLICE_X50Y90         MUXF8 (Prop_muxf8_I0_O)      0.098     5.698 f  design_1_i/maxcut26_0/inst/solver/cause_unsupported_reg[31]_i_20/O
                         net (fo=1, routed)           1.226     6.924    design_1_i/maxcut26_0/inst/solver/cause_unsupported_reg[31]_i_20_n_0
    SLICE_X50Y77         LUT6 (Prop_lut6_I3_O)        0.319     7.243 f  design_1_i/maxcut26_0/inst/solver/cause_unsupported[31]_i_10/O
                         net (fo=1, routed)           0.000     7.243    design_1_i/maxcut26_0/inst/solver/cause_unsupported[31]_i_10_n_0
    SLICE_X50Y77         MUXF7 (Prop_muxf7_I0_O)      0.209     7.452 f  design_1_i/maxcut26_0/inst/solver/cause_unsupported_reg[31]_i_7/O
                         net (fo=1, routed)           0.528     7.980    design_1_i/maxcut26_0/inst/solver/cause_unsupported_reg[31]_i_7_n_0
    SLICE_X54Y77         LUT6 (Prop_lut6_I0_O)        0.297     8.277 r  design_1_i/maxcut26_0/inst/solver/cause_unsupported[31]_i_5/O
                         net (fo=34, routed)          1.467     9.745    design_1_i/maxcut26_0/inst/solver/p_1_out[0]
    SLICE_X31Y73         LUT3 (Prop_lut3_I2_O)        0.124     9.869 r  design_1_i/maxcut26_0/inst/solver/energy_if_zero[3]_i_5/O
                         net (fo=1, routed)           0.000     9.869    design_1_i/maxcut26_0/inst/solver/energy_if_zero[3]_i_5_n_0
    SLICE_X31Y73         CARRY4 (Prop_carry4_S[1]_CO[3])
                                                      0.550    10.419 r  design_1_i/maxcut26_0/inst/solver/energy_if_zero_reg[3]_i_2/CO[3]
                         net (fo=1, routed)           0.000    10.419    design_1_i/maxcut26_0/inst/solver/energy_if_zero_reg[3]_i_2_n_0
    SLICE_X31Y74         CARRY4 (Prop_carry4_CI_CO[3])
                                                      0.114    10.533 r  design_1_i/maxcut26_0/inst/solver/energy_if_zero_reg[7]_i_2/CO[3]
                         net (fo=1, routed)           0.009    10.542    design_1_i/maxcut26_0/inst/solver/energy_if_zero_reg[7]_i_2_n_0
    SLICE_X31Y75         CARRY4 (Prop_carry4_CI_CO[3])
                                                      0.114    10.656 r  design_1_i/maxcut26_0/inst/solver/energy_if_zero_reg[11]_i_2/CO[3]
                         net (fo=1, routed)           0.000    10.656    design_1_i/maxcut26_0/inst/solver/energy_if_zero_reg[11]_i_2_n_0
    SLICE_X31Y76         CARRY4 (Prop_carry4_CI_O[3])
                                                      0.313    10.969 r  design_1_i/maxcut26_0/inst/solver/energy_if_zero_reg[15]_i_2/O[3]
                         net (fo=1, routed)           0.597    11.566    design_1_i/maxcut26_0/inst/solver/energy_if_zero0[15]
    SLICE_X31Y77         LUT2 (Prop_lut2_I1_O)        0.299    11.865 r  design_1_i/maxcut26_0/inst/solver/energy_if_zero[15]_i_1/O
                         net (fo=1, routed)           0.000    11.865    design_1_i/maxcut26_0/inst/solver/energy_if_zero[15]_i_1_n_0
    SLICE_X31Y77         FDRE                                         r  design_1_i/maxcut26_0/inst/solver/energy_if_zero_reg[15]/D
  -------------------------------------------------------------------    -------------------

                         (clock clk_fpga_0 rise edge)
                                                     10.000    10.000 r  
    PS7_X0Y0             PS7                          0.000    10.000 r  design_1_i/ps7_0/inst/PS7_i/FCLKCLK[0]
                         net (fo=1, routed)           1.088    11.088    design_1_i/ps7_0/inst/FCLK_CLK_unbuffered[0]
    BUFGCTRL_X0Y16       BUFG (Prop_bufg_I_O)         0.091    11.179 r  design_1_i/ps7_0/inst/buffer_fclk_clk_0.FCLK_CLK_0_BUFG/O
                         net (fo=15344, routed)       1.511    12.690    design_1_i/maxcut26_0/inst/solver/s_axi_aclk
    SLICE_X31Y77         FDRE                                         r  design_1_i/maxcut26_0/inst/solver/energy_if_zero_reg[15]/C
                         clock pessimism              0.129    12.819    
                         clock uncertainty           -0.154    12.665    
    SLICE_X31Y77         FDRE (Setup_fdre_C_D)        0.075    12.740    design_1_i/maxcut26_0/inst/solver/energy_if_zero_reg[15]
  -------------------------------------------------------------------
                         required time                         12.740    
                         arrival time                         -11.865    
  -------------------------------------------------------------------
                         slack                                  0.875    

Slack (MET) :             0.893ns  (required time - arrival time)
  Source:                 design_1_i/rst_ps7_0_100M/U0/ACTIVE_LOW_PR_OUT_DFF[0].FDRE_PER_N/C
                            (rising edge-triggered cell FDRE clocked by clk_fpga_0  {rise@0.000ns fall@5.000ns period=10.000ns})
  Destination:            design_1_i/maxcut26_0/inst/solver/cached_word_reg[142][19]/R
                            (rising edge-triggered cell FDRE clocked by clk_fpga_0  {rise@0.000ns fall@5.000ns period=10.000ns})
  Path Group:             clk_fpga_0
  Path Type:              Setup (Max at Slow Process Corner)
  Requirement:            10.000ns  (clk_fpga_0 rise@10.000ns - clk_fpga_0 rise@0.000ns)
  Data Path Delay:        8.534ns  (logic 0.580ns (6.796%)  route 7.954ns (93.204%))
  Logic Levels:           1  (LUT1=1)
  Clock Path Skew:        0.105ns (DCD - SCD + CPR)
    Destination Clock Delay (DCD):    2.961ns = ( 12.961 - 10.000 ) 
    Source Clock Delay      (SCD):    2.985ns
    Clock Pessimism Removal (CPR):    0.129ns
  Clock Uncertainty:      0.154ns  ((TSJ^2 + TIJ^2)^1/2 + DJ) / 2 + PE
    Total System Jitter     (TSJ):    0.071ns
    Total Input Jitter      (TIJ):    0.300ns
    Discrete Jitter          (DJ):    0.000ns
    Phase Error              (PE):    0.000ns

    Location             Delay type                Incr(ns)  Path(ns)    Netlist Resource(s)
  -------------------------------------------------------------------    -------------------
                         (clock clk_fpga_0 rise edge)
                                                      0.000     0.000 r  
    PS7_X0Y0             PS7                          0.000     0.000 r  design_1_i/ps7_0/inst/PS7_i/FCLKCLK[0]
                         net (fo=1, routed)           1.193     1.193    design_1_i/ps7_0/inst/FCLK_CLK_unbuffered[0]
    BUFGCTRL_X0Y16       BUFG (Prop_bufg_I_O)         0.101     1.294 r  design_1_i/ps7_0/inst/buffer_fclk_clk_0.FCLK_CLK_0_BUFG/O
                         net (fo=15344, routed)       1.691     2.985    design_1_i/rst_ps7_0_100M/U0/slowest_sync_clk
    SLICE_X31Y66         FDRE                                         r  design_1_i/rst_ps7_0_100M/U0/ACTIVE_LOW_PR_OUT_DFF[0].FDRE_PER_N/C
  -------------------------------------------------------------------    -------------------
    SLICE_X31Y66         FDRE (Prop_fdre_C_Q)         0.456     3.441 f  design_1_i/rst_ps7_0_100M/U0/ACTIVE_LOW_PR_OUT_DFF[0].FDRE_PER_N/Q
                         net (fo=41, routed)          0.758     4.199    design_1_i/maxcut26_0/inst/solver/s_axi_aresetn
    SLICE_X34Y63         LUT1 (Prop_lut1_I0_O)        0.124     4.323 r  design_1_i/maxcut26_0/inst/solver/s_axi_bresp[1]_i_1/O
                         net (fo=14031, routed)       7.196    11.519    design_1_i/maxcut26_0/inst/solver/p_0_in
    SLICE_X94Y143        FDRE                                         r  design_1_i/maxcut26_0/inst/solver/cached_word_reg[142][19]/R
  -------------------------------------------------------------------    -------------------

                         (clock clk_fpga_0 rise edge)
                                                     10.000    10.000 r  
    PS7_X0Y0             PS7                          0.000    10.000 r  design_1_i/ps7_0/inst/PS7_i/FCLKCLK[0]
                         net (fo=1, routed)           1.088    11.088    design_1_i/ps7_0/inst/FCLK_CLK_unbuffered[0]
    BUFGCTRL_X0Y16       BUFG (Prop_bufg_I_O)         0.091    11.179 r  design_1_i/ps7_0/inst/buffer_fclk_clk_0.FCLK_CLK_0_BUFG/O
                         net (fo=15344, routed)       1.782    12.961    design_1_i/maxcut26_0/inst/solver/s_axi_aclk
    SLICE_X94Y143        FDRE                                         r  design_1_i/maxcut26_0/inst/solver/cached_word_reg[142][19]/C
                         clock pessimism              0.129    13.090    
                         clock uncertainty           -0.154    12.936    
    SLICE_X94Y143        FDRE (Setup_fdre_C_R)       -0.524    12.412    design_1_i/maxcut26_0/inst/solver/cached_word_reg[142][19]
  -------------------------------------------------------------------
                         required time                         12.412    
                         arrival time                         -11.519    
  -------------------------------------------------------------------
                         slack                                  0.893    

Slack (MET) :             0.893ns  (required time - arrival time)
  Source:                 design_1_i/rst_ps7_0_100M/U0/ACTIVE_LOW_PR_OUT_DFF[0].FDRE_PER_N/C
                            (rising edge-triggered cell FDRE clocked by clk_fpga_0  {rise@0.000ns fall@5.000ns period=10.000ns})
  Destination:            design_1_i/maxcut26_0/inst/solver/cached_word_reg[142][9]/R
                            (rising edge-triggered cell FDRE clocked by clk_fpga_0  {rise@0.000ns fall@5.000ns period=10.000ns})
  Path Group:             clk_fpga_0
  Path Type:              Setup (Max at Slow Process Corner)
  Requirement:            10.000ns  (clk_fpga_0 rise@10.000ns - clk_fpga_0 rise@0.000ns)
  Data Path Delay:        8.534ns  (logic 0.580ns (6.796%)  route 7.954ns (93.204%))
  Logic Levels:           1  (LUT1=1)
  Clock Path Skew:        0.105ns (DCD - SCD + CPR)
    Destination Clock Delay (DCD):    2.961ns = ( 12.961 - 10.000 ) 
    Source Clock Delay      (SCD):    2.985ns
    Clock Pessimism Removal (CPR):    0.129ns
  Clock Uncertainty:      0.154ns  ((TSJ^2 + TIJ^2)^1/2 + DJ) / 2 + PE
    Total System Jitter     (TSJ):    0.071ns
    Total Input Jitter      (TIJ):    0.300ns
    Discrete Jitter          (DJ):    0.000ns
    Phase Error              (PE):    0.000ns

    Location             Delay type                Incr(ns)  Path(ns)    Netlist Resource(s)
  -------------------------------------------------------------------    -------------------
                         (clock clk_fpga_0 rise edge)
                                                      0.000     0.000 r  
    PS7_X0Y0             PS7                          0.000     0.000 r  design_1_i/ps7_0/inst/PS7_i/FCLKCLK[0]
                         net (fo=1, routed)           1.193     1.193    design_1_i/ps7_0/inst/FCLK_CLK_unbuffered[0]
    BUFGCTRL_X0Y16       BUFG (Prop_bufg_I_O)         0.101     1.294 r  design_1_i/ps7_0/inst/buffer_fclk_clk_0.FCLK_CLK_0_BUFG/O
                         net (fo=15344, routed)       1.691     2.985    design_1_i/rst_ps7_0_100M/U0/slowest_sync_clk
    SLICE_X31Y66         FDRE                                         r  design_1_i/rst_ps7_0_100M/U0/ACTIVE_LOW_PR_OUT_DFF[0].FDRE_PER_N/C
  -------------------------------------------------------------------    -------------------
    SLICE_X31Y66         FDRE (Prop_fdre_C_Q)         0.456     3.441 f  design_1_i/rst_ps7_0_100M/U0/ACTIVE_LOW_PR_OUT_DFF[0].FDRE_PER_N/Q
                         net (fo=41, routed)          0.758     4.199    design_1_i/maxcut26_0/inst/solver/s_axi_aresetn
    SLICE_X34Y63         LUT1 (Prop_lut1_I0_O)        0.124     4.323 r  design_1_i/maxcut26_0/inst/solver/s_axi_bresp[1]_i_1/O
                         net (fo=14031, routed)       7.196    11.519    design_1_i/maxcut26_0/inst/solver/p_0_in
    SLICE_X94Y143        FDRE                                         r  design_1_i/maxcut26_0/inst/solver/cached_word_reg[142][9]/R
  -------------------------------------------------------------------    -------------------

                         (clock clk_fpga_0 rise edge)
                                                     10.000    10.000 r  
    PS7_X0Y0             PS7                          0.000    10.000 r  design_1_i/ps7_0/inst/PS7_i/FCLKCLK[0]
                         net (fo=1, routed)           1.088    11.088    design_1_i/ps7_0/inst/FCLK_CLK_unbuffered[0]
    BUFGCTRL_X0Y16       BUFG (Prop_bufg_I_O)         0.091    11.179 r  design_1_i/ps7_0/inst/buffer_fclk_clk_0.FCLK_CLK_0_BUFG/O
                         net (fo=15344, routed)       1.782    12.961    design_1_i/maxcut26_0/inst/solver/s_axi_aclk
    SLICE_X94Y143        FDRE                                         r  design_1_i/maxcut26_0/inst/solver/cached_word_reg[142][9]/C
                         clock pessimism              0.129    13.090    
                         clock uncertainty           -0.154    12.936    
    SLICE_X94Y143        FDRE (Setup_fdre_C_R)       -0.524    12.412    design_1_i/maxcut26_0/inst/solver/cached_word_reg[142][9]
  -------------------------------------------------------------------
                         required time                         12.412    
                         arrival time                         -11.519    
  -------------------------------------------------------------------
                         slack                                  0.893    

Slack (MET) :             0.897ns  (required time - arrival time)
  Source:                 design_1_i/maxcut26_0/inst/solver/node_index_reg[1]_replica_6/C
                            (rising edge-triggered cell FDRE clocked by clk_fpga_0  {rise@0.000ns fall@5.000ns period=10.000ns})
  Destination:            design_1_i/maxcut26_0/inst/solver/energy_if_one_reg[11]/D
                            (rising edge-triggered cell FDRE clocked by clk_fpga_0  {rise@0.000ns fall@5.000ns period=10.000ns})
  Path Group:             clk_fpga_0
  Path Type:              Setup (Max at Slow Process Corner)
  Requirement:            10.000ns  (clk_fpga_0 rise@10.000ns - clk_fpga_0 rise@0.000ns)
  Data Path Delay:        8.849ns  (logic 3.214ns (36.321%)  route 5.635ns (63.679%))
  Logic Levels:           11  (CARRY4=3 LUT2=2 LUT6=3 MUXF7=2 MUXF8=1)
  Clock Path Skew:        -0.175ns (DCD - SCD + CPR)
    Destination Clock Delay (DCD):    2.687ns = ( 12.687 - 10.000 ) 
    Source Clock Delay      (SCD):    2.991ns
    Clock Pessimism Removal (CPR):    0.129ns
  Clock Uncertainty:      0.154ns  ((TSJ^2 + TIJ^2)^1/2 + DJ) / 2 + PE
    Total System Jitter     (TSJ):    0.071ns
    Total Input Jitter      (TIJ):    0.300ns
    Discrete Jitter          (DJ):    0.000ns
    Phase Error              (PE):    0.000ns

    Location             Delay type                Incr(ns)  Path(ns)    Netlist Resource(s)
  -------------------------------------------------------------------    -------------------
                         (clock clk_fpga_0 rise edge)
                                                      0.000     0.000 r  
    PS7_X0Y0             PS7                          0.000     0.000 r  design_1_i/ps7_0/inst/PS7_i/FCLKCLK[0]
                         net (fo=1, routed)           1.193     1.193    design_1_i/ps7_0/inst/FCLK_CLK_unbuffered[0]
    BUFGCTRL_X0Y16       BUFG (Prop_bufg_I_O)         0.101     1.294 r  design_1_i/ps7_0/inst/buffer_fclk_clk_0.FCLK_CLK_0_BUFG/O
                         net (fo=15344, routed)       1.697     2.991    design_1_i/maxcut26_0/inst/solver/s_axi_aclk
    SLICE_X54Y78         FDRE                                         r  design_1_i/maxcut26_0/inst/solver/node_index_reg[1]_replica_6/C
  -------------------------------------------------------------------    -------------------
    SLICE_X54Y78         FDRE (Prop_fdre_C_Q)         0.518     3.509 r  design_1_i/maxcut26_0/inst/solver/node_index_reg[1]_replica_6/Q
                         net (fo=203, routed)         1.720     5.229    design_1_i/maxcut26_0/inst/solver/node_index[1]_repN_6
    SLICE_X50Y90         LUT6 (Prop_lut6_I2_O)        0.124     5.353 f  design_1_i/maxcut26_0/inst/solver/cause_unsupported[31]_i_83/O
                         net (fo=1, routed)           0.000     5.353    design_1_i/maxcut26_0/inst/solver/cause_unsupported[31]_i_83_n_0
    SLICE_X50Y90         MUXF7 (Prop_muxf7_I1_O)      0.247     5.600 f  design_1_i/maxcut26_0/inst/solver/cause_unsupported_reg[31]_i_46/O
                         net (fo=1, routed)           0.000     5.600    design_1_i/maxcut26_0/inst/solver/cause_unsupported_reg[31]_i_46_n_0
    SLICE_X50Y90         MUXF8 (Prop_muxf8_I0_O)      0.098     5.698 f  design_1_i/maxcut26_0/inst/solver/cause_unsupported_reg[31]_i_20/O
                         net (fo=1, routed)           1.226     6.924    design_1_i/maxcut26_0/inst/solver/cause_unsupported_reg[31]_i_20_n_0
    SLICE_X50Y77         LUT6 (Prop_lut6_I3_O)        0.319     7.243 f  design_1_i/maxcut26_0/inst/solver/cause_unsupported[31]_i_10/O
                         net (fo=1, routed)           0.000     7.243    design_1_i/maxcut26_0/inst/solver/cause_unsupported[31]_i_10_n_0
    SLICE_X50Y77         MUXF7 (Prop_muxf7_I0_O)      0.209     7.452 f  design_1_i/maxcut26_0/inst/solver/cause_unsupported_reg[31]_i_7/O
                         net (fo=1, routed)           0.528     7.980    design_1_i/maxcut26_0/inst/solver/cause_unsupported_reg[31]_i_7_n_0
    SLICE_X54Y77         LUT6 (Prop_lut6_I0_O)        0.297     8.277 r  design_1_i/maxcut26_0/inst/solver/cause_unsupported[31]_i_5/O
                         net (fo=34, routed)          1.414     9.691    design_1_i/maxcut26_0/inst/solver/p_1_out[0]
    SLICE_X30Y73         LUT2 (Prop_lut2_I1_O)        0.124     9.815 r  design_1_i/maxcut26_0/inst/solver/energy_if_one[3]_i_7/O
                         net (fo=1, routed)           0.000     9.815    design_1_i/maxcut26_0/inst/solver/energy_if_one[3]_i_7_n_0
    SLICE_X30Y73         CARRY4 (Prop_carry4_S[0]_CO[3])
                                                      0.513    10.328 r  design_1_i/maxcut26_0/inst/solver/energy_if_one_reg[3]_i_2/CO[3]
                         net (fo=1, routed)           0.000    10.328    design_1_i/maxcut26_0/inst/solver/energy_if_one_reg[3]_i_2_n_0
    SLICE_X30Y74         CARRY4 (Prop_carry4_CI_CO[3])
                                                      0.117    10.445 r  design_1_i/maxcut26_0/inst/solver/energy_if_one_reg[7]_i_2/CO[3]
                         net (fo=1, routed)           0.009    10.454    design_1_i/maxcut26_0/inst/solver/energy_if_one_reg[7]_i_2_n_0
    SLICE_X30Y75         CARRY4 (Prop_carry4_CI_O[3])
                                                      0.315    10.769 r  design_1_i/maxcut26_0/inst/solver/energy_if_one_reg[11]_i_2/O[3]
                         net (fo=1, routed)           0.738    11.507    design_1_i/maxcut26_0/inst/solver/energy_if_one0[11]
    SLICE_X29Y74         LUT2 (Prop_lut2_I1_O)        0.333    11.840 r  design_1_i/maxcut26_0/inst/solver/energy_if_one[11]_i_1/O
                         net (fo=1, routed)           0.000    11.840    design_1_i/maxcut26_0/inst/solver/energy_if_one[11]_i_1_n_0
    SLICE_X29Y74         FDRE                                         r  design_1_i/maxcut26_0/inst/solver/energy_if_one_reg[11]/D
  -------------------------------------------------------------------    -------------------

                         (clock clk_fpga_0 rise edge)
                                                     10.000    10.000 r  
    PS7_X0Y0             PS7                          0.000    10.000 r  design_1_i/ps7_0/inst/PS7_i/FCLKCLK[0]
                         net (fo=1, routed)           1.088    11.088    design_1_i/ps7_0/inst/FCLK_CLK_unbuffered[0]
    BUFGCTRL_X0Y16       BUFG (Prop_bufg_I_O)         0.091    11.179 r  design_1_i/ps7_0/inst/buffer_fclk_clk_0.FCLK_CLK_0_BUFG/O
                         net (fo=15344, routed)       1.508    12.687    design_1_i/maxcut26_0/inst/solver/s_axi_aclk
    SLICE_X29Y74         FDRE                                         r  design_1_i/maxcut26_0/inst/solver/energy_if_one_reg[11]/C
                         clock pessimism              0.129    12.816    
                         clock uncertainty           -0.154    12.662    
    SLICE_X29Y74         FDRE (Setup_fdre_C_D)        0.075    12.737    design_1_i/maxcut26_0/inst/solver/energy_if_one_reg[11]
  -------------------------------------------------------------------
                         required time                         12.737    
                         arrival time                         -11.840    
  -------------------------------------------------------------------
                         slack                                  0.897    




