1560381426,0,0,397591700,1443958487,2319549319,97322572,1768914031,3286699147,363481774,794082148,1100992430,4294967278,175682,288,0,4294967278,0,0
1560381426,0,1,388533757,1272221071,4191839707,194308165,4093884667,2741126868,275981825,4051389502,26464011,4294967230,352514,576,288,4294967230,0,288
1560381426,0,2,3037544141,3254099795,2048545169,193218391,3590584386,4193761563,2583471832,2264809990,3318968293,4294967214,529346,864,576,4294967194,0,576
1560381426,0,3,1137104393,3433420790,2185331267,3250293440,798137856,481687627,817876934,1603456141,4214037721,4294967266,883010,1440,1152,4294967192,0,1152
1560381426,0,4,1593297095,2807034514,2291404188,2852672465,1139991272,726181692,3772820951,2279174516,3237013203,4294967228,1590338,2592,2304,4294967192,0,2304
1560381426,0,5,1848995868,740819502,2546446087,1662004835,179978108,3704927006,3253636150,363909720,4075809553,4294967236,3004994,4896,4608,4294967176,0,4608
1560381426,0,6,3882152847,722740141,3711913138,3583584127,3501195231,1652604191,1755639481,185359857,3734007763,4294967216,5834306,9504,9216,4294967170,0,9216
1560381426,0,7,3871981503,4041603656,1126359176,4210485300,1974108828,201945933,3727832266,4170668239,1412876258,4294967272,11492930,18720,18432,4294967146,0,18432
1560381426,0,8,2763672247,3053986488,4105448573,126334128,1126163193,1651930677,3771539872,2121526645,2852457932,4294967214,22810178,37152,36864,4294967138,0,36864
1560381426,0,9,1442364873,2581063691,3869335034,3251687479,13602815,4226989816,3905754079,3776763611,2358454460,4294967142,45444674,74016,73728,4294967084,0,73728
1560381426,0,10,1358465712,3742432837,4274327804,16295216,3073441664,608518374,268576032,2003829269,2,4294966838,90713666,147744,147456,4294966814,0,147456
1560381426,0,11,1342665264,659554597,19222531,468272,925892608,71647239,268576032,2003829269,2,4294966756,181251650,295200,294912,4294966756,0,294912
1560381426,1,0,397591700,1443958487,2319549319,97322572,1768914031,3286699147,363481774,794082148,1100992430,4294967278,175682,288,0,4294967278,0,0
1560381426,1,1,388533757,1272221071,4191839707,194308165,4093884667,2741126868,275981825,4051389502,26464011,4294967230,352514,576,288,4294967230,0,288
1560381426,1,2,2529322451,123137621,2851961919,1140088570,3442454235,4135731860,1891512037,4003249099,2174741939,4294967222,527201,799,576,4294967212,65,511
1560381426,1,3,670647405,214830813,4011256382,219370189,750648598,3700312557,1988819311,2869705226,234877746,4294967210,876179,1233,1152,4294967184,207,945
1560381426,1,4,1600711563,489684269,3904294389,2318482766,4286918295,3933729256,4037415778,2232980212,372098573,4294967260,1575356,2138,2304,4294967170,454,1850
1560381426,1,5,3655830839,3937202640,526479344,400910719,4197441747,4188490139,1229569831,4138468740,3688334419,4294967198,2973281,3935,4608,4294967138,961,3647
1560381426,1,6,1610148562,3609706012,2145869801,356513058,1133446161,1924947761,1271184669,252912661,1071706749,4294967176,5768603,7513,9216,4294967138,1991,7225
1560381426,1,7,2324564713,3654247067,3399571400,3540297205,866681605,863022086,4070782138,2525034292,601928101,4294967170,11354726,14532,18432,4294967114,4188,14244
1560381426,1,8,1071153939,1540282586,509182534,386755840,4042514902,3733557195,4004572526,3071261397,2171666339,4294967160,22527335,28581,36864,4294967050,8571,28293
1560381426,1,9,2131055135,2506037252,4007480844,787537206,3342794736,4223105016,956173592,2367225449,1048566844,4294967042,44805167,54637,73728,4294966992,19379,54349
1560381426,1,10,2952302031,3635412698,4275744764,4294499023,3369074687,4223320056,4026391263,2291138026,4294967293,4294966756,88881704,92230,147456,4294966756,55514,91942
1560381426,1,11,2952302031,3635412698,4275744764,4294499023,3369074687,4223320056,4026391263,2291138026,4294967293,4294966756,176464835,150145,294912,4294966756,145055,149857
1085591503,0,0,589610161,4181305138,569899123,3311698415,797386799,896806551,3692236932,3062630262,367023996,4294967256,175682,288,0,4294967256,0,0
1085591503,0,1,2214326176,512773951,1426337907,2258352880,783357128,1752961020,4266377508,3507788801,4025957276,4294967240,352514,576,288,4294967212,0,288
1085591503,0,2,902642738,702557049,319317473,3239937916,3109562900,3904076607,4291953346,3570487324,2956140417,4294967268,529346,864,576,4294967212,0,576
1085591503,0,3,275901808,2424088982,18172990,985748818,739177255,510233725,3433012468,387866314,1064757254,4294967230,883010,1440,1152,4294967186,0,1152
1085591503,0,4,2968998514,2036768040,2926739101,3429396350,3609762908,1159682502,3762540946,4265898769,3254320738,4294967208,1590338,2592,2304,4294967186,0,2304
1085591503,0,5,488972993,2505343802,2626901822,3354642172,1151426983,1610641654,130951766,2303810931,98034631,4294967220,3004994,4896,4608,4294967150,0,4608
1085591503,0,6,3657656423,1588659925,2201391248,1367679593,657518957,3745720564,3556245132,3870607063,182290190,4294967214,5834306,9504,9216,4294967150,0,9216
1085591503,0,7,2171188912,3654360874,1071136293,1030560456,1826711990,3492986774,1855607868,1971884130,4180206209,4294967220,11492930,18720,18432,4294967150,0,18432
1085591503,0,8,3963993760,1148709154,588639755,1764234560,1127277907,3963960795,3547478627,3384709658,331304475,4294967192,22810178,37152,36864,4294967150,0,36864
1085591503,0,9,1752989743,3478205141,2965887735,1896392267,2412805888,4219381456,3824330176,143784644,1056024540,4294967146,45444674,74016,73728,4294967072,0,73728
1085591503,0,10,789017103,657392421,19230467,1057432847,923729920,71646983,4014089567,2005860885,65282,4294966804,90713666,147744,147456,4294966798,0,147456
1085591503,0,11,2936573391,3635351258,249212684,4278770383,3369013247,196787976,4010662623,2291076586,268435213,4294966780,181251650,295200,294912,4294966780,0,294912
1085591503,1,0,589610161,4181305138,569899123,3311698415,797386799,896806551,3692236932,3062630262,367023996,4294967256,175682,288,0,4294967256,0,0
1085591503,1,1,2214326176,512773951,1426337907,2258352880,783357128,1752961020,4266377508,3507788801,4025957276,4294967240,352514,576,288,4294967212,0,288
1085591503,1,2,1514368488,439577875,223951031,2150832316,2683830406,4117321828,4257203134,1191909014,1366345562,4294967214,527828,818,576,4294967210,46,530
1085591503,1,3,3524820734,3946197709,360283763,4015476476,387845483,3670459593,3880117479,4124569750,3371337179,4294967190,877994,1288,1152,4294967188,152,1000
1085591503,1,4,2064221740,4087068573,4049327038,2717212417,1420084571,2207838318,2437815969,4132021902,3103340964,4294967234,1576412,2170,2304,4294967128,422,1882
1085591503,1,5,2738927057,701450149,2217463309,4164440730,2881552025,3873266917,3751525117,1606588572,3698111420,4294967182,2974601,3975,4608,4294967128,921,3687
1085591503,1,6,4010446516,816306982,1662712746,4178590367,202297119,1379749628,493120303,3740517530,3890283493,4294967170,5768174,7500,9216,4294967114,2004,7212
1085591503,1,7,2774093623,4051269970,2000377979,189685563,2503953643,1060749696,1747836301,259450740,3103343038,4294967212,11349875,14385,18432,4294967114,4335,14097
1085591503,1,8,3625659871,2560133289,2656737468,2499091440,424666860,712687393,3205446495,1436010004,2558322562,4294967130,22525157,28515,36864,4294967098,8637,28227
1085591503,1,9,283143792,3560210268,4012890108,1338190655,977263627,4165033978,268312895,2540592085,3787461827,4294967050,44812955,54873,73728,4294967014,19143,54585
1085591503,1,10,2952302031,3232759514,4275744764,4286110415,3369074687,4223319800,4009593566,2291138042,4286578685,4294966810,88861178,91608,147456,4294966756,56136,91320
1085591503,1,11,2952302031,3635412698,4275744764,4294499023,3369074687,4223320056,4026391263,2291138026,4294967293,4294966756,176446289,149583,294912,4294966756,145617,149295
3553675765,0,0,2029365987,572779096,2816724310,2020960058,609123862,1525457539,633921166,649498451,1088732048,42,175682,288,0,42,0,0
3553675765,0,1,1975810423,356344873,3535203351,1022973527,1991230801,1100672705,2692436528,3220422087,1274530850,4294967268,352514,576,288,4294967252,0,288
3553675765,0,2,1871141585,1089438095,198152147,2380911838,473915559,2511298528,1917299853,2096167366,230541319,4294967240,529346,864,576,4294967222,0,576
3553675765,0,3,248211071,1152596610,746298312,2269961974,3096395782,533441867,278779460,3447664275,3774801555,4294967248,883010,1440,1152,4294967220,0,1152
3553675765,0,4,4242602125,2696838805,2127670524,2155496849,1868101933,259377622,85985058,1180694711,3925998060,4294967196,1590338,2592,2304,4294967180,0,2304
3553675765,0,5,2088366863,3889488476,4140476242,1163034957,109044146,2089854461,505819878,1965876670,3140287675,4294967248,3004994,4896,4608,4294967160,0,4608
3553675765,0,6,3192435741,683654426,3039167458,3191536176,2763128735,3825424256,1044786480,1968220925,3429070126,4294967216,5834306,9504,9216,4294967160,0,9216
3553675765,0,7,2806029588,3548366715,2225772360,27321520,1394995728,3290901915,2155442024,2433098221,1543659458,4294967236,11492930,18720,18432,4294967160,0,18432
3553675765,0,8,319337061,421467267,1178284899,1206166977,3484480062,3872866309,3078432451,119629791,2712801639,4294967206,22810178,37152,36864,4294967158,0,36864
3553675765,0,9,1293558079,1191886173,2010468405,3833658624,888670175,2021177394,2421162672,2540788693,4227755913,4294967156,45444674,74016,73728,4294967064,0,73728
3553675765,0,10,1343189680,659554597,19222531,468272,925892608,4538375,285386016,2002813461,16777346,4294966812,90713666,147744,147456,4294966762,0,147456
3553675765,0,11,1342665264,659554597,19222531,468272,925892608,71647239,268576032,2003829269,2,4294966756,181251650,295200,294912,4294966756,0,294912
3553675765,1,0,2029365987,572779096,2816724310,2020960058,609123862,1525457539,633921166,649498451,1088732048,42,175682,288,0,42,0,0
3553675765,1,1,1975810423,356344873,3535203351,1022973527,1991230801,1100672705,2692436528,3220422087,1274530850,4294967268,352514,576,288,4294967252,0,288
3553675765,1,2,1206833937,656811923,1590802453,349876414,3487290368,1127921615,295555761,2995747137,3480661667,4294967264,527663,813,576,4294967240,51,525
3553675765,1,3,2901734125,2858253225,3297027526,1075200414,2528324217,1274657611,3421302649,2493249318,2482552963,4294967254,877037,1259,1152,4294967170,181,971
3553675765,1,4,3203166932,321909053,775465085,4152920786,4283670059,2290396173,2533555294,3206161298,182594063,4294967192,1575851,2153,2304,4294967156,439,1865
3553675765,1,5,353339703,1604196188,109026841,520412039,4172221390,2939788990,3908951996,2923957753,4227336253,4294967130,2970773,3859,4608,4294967116,1037,3571
3553675765,1,6,1877843313,3375298951,3300535786,1608055759,3209576396,2109279771,2357054831,2408111048,2300337295,4294967152,5763026,7344,9216,4294967102,2160,7056
3553675765,1,7,399461493,975621563,2310679755,1048279358,3678535292,2143272953,2558458524,544111267,1090797306,4294967140,11347730,14320,18432,4294967102,4400,14032
3553675765,1,8,361329207,1360249061,3780488160,2397535431,3204047327,3888729574,939107820,4202781625,783042609,4294967154,22517633,28287,36864,4294967050,8865,27999
3553675765,1,9,2950204875,3366944458,2093592176,4294499663,3359899647,4223498232,4092980422,4140826070,4228095997,4294966966,44799656,54470,73728,4294966946,19546,54182
3553675765,1,10,2952302031,3635412698,4275744764,4294499023,3369074687,4223320056,4026391263,2291138026,4294967293,4294966756,88885037,92331,147456,4294966756,55413,92043
3553675765,1,11,2952302031,3635412698,4275744764,4294499023,3369074687,4223320056,4026391263,2291138026,4294967293,4294966756,176467277,150219,294912,4294966756,144981,149931
3064319432,0,0,2012543382,802544355,33870983,2771874278,2957300435,3150902860,281917222,1115895669,1202448979,4294967272,175682,288,0,4294967272,0,0
3064319432,0,1,2172009583,1001936138,4044987465,131259251,1741912571,2731880110,2732658754,3364960787,317631314,4294967250,352514,576,288,4294967238,0,288
3064319432,0,2,3060650755,1823478588,2682049201,2321122879,2994769856,1158829447,3778948035,2668782618,1225986020,4294967256,529346,864,576,4294967222,0,576
3064319432,0,3,25224150,3908478445,3248545951,3704194492,554582839,3174723623,2054983967,3429953967,4265145756,4294967244,883010,1440,1152,4294967220,0,1152
3064319432,0,4,2862845019,1142063879,1405227423,1942021073,844704751,913850643,2684071132,2097129242,2097577454,4294967230,1590338,2592,2304,4294967204,0,2304
3064319432,0,5,837478223,1842740337,323404692,62149431,1350394648,4086178461,2571001816,389503565,2977405430,4294967274,3004994,4896,4608,4294967170,0,4608
3064319432,0,6,375878839,3567720221,121016117,513534311,1731213684,3961092285,2887729040,4220461464,3238463586,4294967204,5834306,9504,9216,4294967152,0,9216
3064319432,0,7,4135608620,3354838918,3129402284,3156509579,2402165685,714834078,380642035,504999398,4244224378,4294967240,11492930,18720,18432,4294967152,0,18432
3064319432,0,8,1459270166,3898560746,4006414340,4067123355,3876845719,1788298108,3695071936,2415193579,3371706281,4294967182,22810178,37152,36864,4294967142,0,36864
3064319432,0,9,859486931,1840504155,471670989,545211808,892460544,16617462,3962445311,3415014953,540655302,4294967140,45444674,74016,73728,4294967078,0,73728
3064319432,0,10,2901969357,3651993306,4275744508,4294499022,3436183551,4223320056,4026391263,2291138018,4292870141,4294966810,90713666,147744,147456,4294966756,0,147456
3064319432,0,11,2952302031,3635412698,4275744764,4294499023,3369074687,4223320056,4026391263,2291138026,4294967293,4294966756,181251650,295200,294912,4294966756,0,294912
3064319432,1,0,2012543382,802544355,33870983,2771874278,2957300435,3150902860,281917222,1115895669,1202448979,4294967272,175682,288,0,4294967272,0,0
3064319432,1,1,2172009583,1001936138,4044987465,131259251,1741912571,2731880110,2732658754,3364960787,317631314,4294967250,352514,576,288,4294967238,0,288
3064319432,1,2,1841282991,856956730,1970901839,3781647058,3208477241,1317478383,409544150,2407562773,66975506,4294967180,527498,808,576,4294967180,56,520
3064319432,1,3,2986773906,4000389373,4052840690,1937125835,1039219713,3794648187,2285605951,394266070,3251010883,4294967186,877202,1264,1152,4294967168,176,976
3064319432,1,4,3722007355,661120423,4172041587,681566128,1965660147,856100816,2444589955,1190064662,541007842,4294967182,1576643,2177,2304,4294967150,415,1889
3064319432,1,5,3082311409,3048075477,4066590584,1805681747,3483434168,2610966778,4024551105,434261429,2265703217,4294967208,2974040,3958,4608,4294967142,938,3670
3064319432,1,6,2968556440,2943745228,3190101202,504940078,3408805368,4279729334,485562128,3648058026,9976050,4294967116,5769329,7535,9216,4294967116,1969,7247
3064319432,1,7,1892120067,3744464343,2093396987,3891698767,956218043,1695769190,1600254497,4215057423,3205106494,4294967196,11353571,14497,18432,4294967074,4223,14209
3064319432,1,8,3672574350,3646152746,106382114,2020171528,2116609659,11847791,1846537404,1883704858,4238283086,4294967134,22522088,28422,36864,4294967074,8730,28134
3064319432,1,9,3568340008,1591000926,3344948321,14364974,3372023612,3265569016,3904947932,2419126006,65996289,4294967098,44803748,54594,73728,4294966982,19422,54306
3064319432,1,10,2952302031,3673161434,4275743740,4160281291,3369074687,4223320056,4026391247,2307915242,4294967293,4294966808,88868405,91827,147456,4294966756,55917,91539
3064319432,1,11,2952302031,3635412698,4275744764,4294499023,3369074687,4223320056,4026391263,2291138026,4294967293,4294966756,176451635,149745,294912,4294966756,145455,149457
2979770606,0,0,834857588,380601666,4232974221,3943721396,617960532,2880622043,2034613013,3123221886,2262434984,6,175682,288,0,6,0,0
2979770606,0,1,644975070,1025847946,364735740,871794253,1956291488,198302599,1932252379,1911786095,3253086720,4294967236,352514,576,288,4294967232,0,288
2979770606,0,2,4058263923,2839643281,3268593998,337745029,4135596284,2788608993,1920647728,2476540265,4070685123,4294967266,529346,864,576,4294967232,0,576
2979770606,0,3,1007960633,968372406,221327914,594684218,3044536194,4158504484,2184264910,1197060322,2275956087,4294967238,883010,1440,1152,4294967196,0,1152
2979770606,0,4,3338534121,980684218,3172228637,203063902,2985183248,64146240,4048807082,1423787133,2161827610,4294967240,1590338,2592,2304,4294967196,0,2304
2979770606,0,5,2404673299,76222900,1034311040,3434797996,1960592346,1378100475,3711017087,4052120276,3213949892,4294967252,3004994,4896,4608,4294967186,0,4608
2979770606,0,6,67078725,3659032634,70068510,918036286,544447361,3252824962,2342445591,3804270162,3445553283,4294967244,5834306,9504,9216,4294967166,0,9216
2979770606,0,7,1359015117,1372954433,852612822,3311118140,820989059,2487223075,3106104499,1902338898,3879074053,4294967214,11492930,18720,18432,4294967158,0,18432
2979770606,0,8,1575284780,2051618606,1018778005,1901249635,2547517152,3041001015,2998805905,110311511,1420877077,4294967216,22810178,37152,36864,4294967148,0,36864
2979770606,0,9,1449598519,3641729482,3365740921,1888181280,772866064,373639425,208922029,2520834771,139339737,4294967144,45444674,74016,73728,4294967052,0,73728
2979770606,0,10,1342665328,659554597,19222531,468272,925892608,71647239,469902636,2003763733,16130,4294966786,90713666,147744,147456,4294966762,0,147456
2979770606,0,11,1342665264,659554597,19222531,468272,925892608,71647239,268576032,2003829269,2,4294966756,181251650,295200,294912,4294966756,0,294912
2979770606,1,0,834857588,380601666,4232974221,3943721396,617960532,2880622043,2034613013,3123221886,2262434984,6,175682,288,0,6,0,0
2979770606,1,1,644975070,1025847946,364735740,871794253,1956291488,198302599,1932252379,1911786095,3253086720,4294967236,352514,576,288,4294967232,0,288
2979770606,1,2,3056773395,487009054,1746871909,981374305,3841099443,66920327,588634523,2029435181,3262000899,4294967238,527399,805,576,4294967232,59,517
2979770606,1,3,855905034,1218908458,1432206110,1029199174,2823143752,3082673490,2634147257,3835633034,4080459552,4294967222,876476,1242,1152,4294967138,198,954
2979770606,1,4,309864764,3813089129,3136475034,3780631581,3432602089,4240100991,842873575,1266161771,412004610,4294967180,1574795,2121,2304,4294967138,471,1833
2979770606,1,5,2682648941,2388015580,235232444,3405850999,2810692792,2894036447,272247860,358616290,92225551,4294967196,2973908,3954,4608,4294967138,942,3666
2979770606,1,6,1059092022,2780258809,2553263585,1638671556,4157732857,88467512,755218599,1763180441,2537310204,4294967180,5766920,7462,9216,4294967112,2042,7174
2979770606,1,7,3472987053,3532645117,3372966087,2130630978,2437599710,3401195080,2009963071,2557869818,2165274542,4294967164,11350799,14413,18432,4294967106,4307,14125
2979770606,1,8,3772609456,2742806325,2250845600,501232940,1128267644,2227001273,450815232,3211328725,3080199165,4294967108,22516742,28260,36864,4294967068,8892,27972
2979770606,1,9,4010568975,3756465886,1960357724,3748845772,1221587963,4227162104,3623810263,2680159469,268387197,4294967046,44797808,54414,73728,4294966940,19602,54126
2979770606,1,10,2952302031,3635412698,4275744764,4294499023,3369074687,4223320056,4026391263,2291138027,4227858429,4294966770,88850486,91284,147456,4294966756,56460,90996
2979770606,1,11,2952302031,3635412698,4275744764,4294499023,3369074687,4223320056,4026391263,2291138026,4294967293,4294966756,176433287,149189,294912,4294966756,146011,148901
3887518001,0,0,880896284,637715226,3666067598,3864120740,1247127623,3217099220,81067655,3123353736,3542877711,38,175682,288,0,38,0,0
3887518001,0,1,2341821404,3298591577,2110889044,1761301454,2819119977,4088194105,2322451185,3091752411,2353495653,4294967222,352514,576,288,4294967220,0,288
3887518001,0,2,3198747014,1537091674,3942996745,1880896190,401628819,1798905691,518422178,193834834,4233953126,4294967232,529346,864,576,4294967200,0,576
3887518001,0,3,1573430960,2020261744,3147981673,799464479,2343336438,3716541815,904592664,2381913941,4029065412,4294967264,883010,1440,1152,4294967200,0,1152
3887518001,0,4,685438266,552428613,1298428735,870209289,3035430243,187114619,1844291416,596520582,4266774423,4294967240,1590338,2592,2304,4294967200,0,2304
3887518001,0,5,465686931,1960520445,648745995,3900899580,1762954780,2165408521,664202597,610375020,83418037,4294967274,3004994,4896,4608,4294967184,0,4608
3887518001,0,6,2656168759,766283547,2681505885,2000239489,4148160006,131926923,1668754123,2366880035,4254993006,4294967234,5834306,9504,9216,4294967170,0,9216
3887518001,0,7,1106723433,705897478,307884988,2480341454,908387180,146869487,4289899885,2049958987,2987253229,4294967234,11492930,18720,18432,4294967168,0,18432
3887518001,0,8,1530425379,1501026682,1596379611,4027313404,3326140877,3347215077,780463386,2787581445,2554335178,4294967172,22810178,37152,36864,4294967116,0,36864
3887518001,0,9,528547023,3971974875,3269106574,284220073,3910399036,4017798991,3807191775,2290396458,670298213,4294967094,45444674,74016,73728,4294967078,0,73728
3887518001,0,10,1358393904,659616037,4045754611,16721200,925956096,4232397055,284828960,2003892757,3758097634,4294966792,90713666,147744,147456,4294966786,0,147456
3887518001,0,11,1342665264,659554597,19222531,468272,925892608,71647239,268576032,2003829269,2,4294966756,181251650,295200,294912,4294966756,0,294912
3887518001,1,0,880896284,637715226,3666067598,3864120740,1247127623,3217099220,81067655,3123353736,3542877711,38,175682,288,0,38,0,0
3887518001,1,1,2341821404,3298591577,2110889044,1761301454,2819119977,4088194105,2322451185,3091752411,2353495653,4294967222,352514,576,288,4294967220,0,288
3887518001,1,2,3502734334,3515402078,1062054951,4013754191,3100418703,4206402812,2935327400,2021418970,3484349901,4294967158,527234,800,576,4294967136,64,512
3887518001,1,3,3705647607,1666194787,3480840479,3992812747,3164370639,4169066671,1601961583,3685873634,3455269317,4294967200,876146,1232,1152,4294967136,208,944
3887518001,1,4,2204714548,3162143650,431705931,867675919,805822643,2172206335,885139980,2139507315,3761881170,4294967194,1575389,2139,2304,4294967136,453,1851
3887518001,1,5,1505333102,1636431739,4271943027,4275752582,3368783679,969886142,887806720,2339496554,3325916130,4294967162,2972687,3917,4608,4294967134,979,3629
3887518001,1,6,4042788796,1500396122,3019484148,1475659546,1262480060,2339049465,3032663399,1795220053,2912842744,4294967182,5768471,7509,9216,4294967110,1995,7221
3887518001,1,7,1149712968,1300655461,1607426631,1108985406,3107929100,147554061,2772282334,3212599279,918831418,4294967190,11354792,14534,18432,4294967076,4186,14246
3887518001,1,8,1871101299,3410887467,4276431775,4278147791,3312975857,2578011720,1135926755,3092242642,1992506998,4294967158,22525520,28526,36864,4294967076,8626,28238
3887518001,1,9,1357314589,3612600060,4126494710,1911760313,927988736,4186308603,4024419615,3570638324,2147739399,4294967042,44803220,54578,73728,4294966980,19438,54290
3887518001,1,10,2952302031,3635412698,2128261116,4294499023,3369074687,4223320056,4026391263,2292186602,4294967293,4294966770,88843457,91071,147456,4294966756,56673,90783
3887518001,1,11,2952302031,3635412698,4275744764,4294499023,3369074687,4223320056,4026391263,2291138026,4294967293,4294966756,176426192,148974,294912,4294966756,146226,148686
2821088276,0,0,1945745727,2492930672,2043396071,1392979715,1831598403,834505700,4201027418,2592453887,1302376939,4294967288,175682,288,0,4294967288,0,0
2821088276,0,1,2301273332,3273487414,2665616920,3416615390,3210193540,1674260368,3014798652,1398467897,3811663788,4294967270,352514,576,288,4294967268,0,288
2821088276,0,2,1399352724,663223914,151156363,4038015523,2064893495,4222713205,2566308259,390640277,1950120242,4294967190,529346,864,576,4294967186,0,576
2821088276,0,3,1225260001,146933157,23766411,1177371629,2245066562,2904379466,943296948,218577386,3474508561,4294967240,883010,1440,1152,4294967184,0,1152
2821088276,0,4,2309654888,4170236414,22556761,3090592854,3291481349,3432359879,329246827,1887034371,929147433,4294967232,1590338,2592,2304,4294967184,0,2304
2821088276,0,5,398939044,3647930438,2224867247,1954788694,416792072,1957832391,947888933,4224128405,1268880321,4294967216,3004994,4896,4608,4294967184,0,4608
2821088276,0,6,34128847,847878692,1796542125,2240615448,746825689,1674926781,283221371,3902402275,319275630,4294967252,5834306,9504,9216,4294967182,0,9216
2821088276,0,7,1907201695,615697482,2371849458,3594405538,116939063,4071989015,1678103996,2282685647,1007407876,4294967228,11492930,18720,18432,4294967152,0,18432
2821088276,0,8,4021461799,690683690,286876377,4215736904,924735858,3355275573,3343662293,2135323141,3109034754,4294967212,22810178,37152,36864,4294967138,0,36864
2821088276,0,9,1347088273,1766968555,2868556029,3483161777,818376755,822524791,4228896969,2196785898,3098933902,4294967156,45444674,74016,73728,4294967048,0,73728
2821088276,0,10,2936475087,950993178,20885251,3741792975,684654655,71745287,4014089951,1988968980,33619202,4294966842,90713666,147744,147456,4294966810,0,147456
2821088276,0,11,2936499663,950993210,20623107,4278663887,684654623,73056007,4009900767,1754202634,2096898,4294966780,181251650,295200,294912,4294966780,0,294912
2821088276,1,0,1945745727,2492930672,2043396071,1392979715,1831598403,834505700,4201027418,2592453887,1302376939,4294967288,175682,288,0,4294967288,0,0
2821088276,1,1,2301273332,3273487414,2665616920,3416615390,3210193540,1674260368,3014798652,1398467897,3811663788,4294967270,352514,576,288,4294967268,0,288
2821088276,1,2,121340596,364301255,2682623838,1102556269,963107585,2003655426,1905858823,183300392,4009877353,4294967250,527663,813,576,4294967242,51,525
2821088276,1,3,2664788387,3968882238,4052132462,2935744406,1261232220,4284026590,3804842574,2140064090,1196157901,4294967190,877268,1266,1152,4294967172,174,978
2821088276,1,4,3864606003,4079996616,4012208710,978052034,3952036359,2266588984,2940298685,3583639381,3014637808,4294967234,1576544,2174,2304,4294967148,418,1886
2821088276,1,5,3737356846,3482841823,870255896,3468201470,3419963313,1018384293,4273993051,848207829,4282904539,4294967168,2973314,3936,4608,4294967142,960,3648
2821088276,1,6,3724787164,1012862858,884919643,3692929007,1598758376,1075625419,3462538648,2257533975,2542919431,4294967180,5768108,7498,9216,4294967086,2006,7210
2821088276,1,7,2625407039,1286025418,508390894,794879031,2500546382,2071641944,4229769567,2461490149,137135934,4294967178,11348621,14347,18432,4294967086,4373,14059
2821088276,1,8,476921421,190832397,1653561588,494578473,3374910606,3593667333,41539939,699662315,4279632125,4294967136,22520075,28361,36864,4294967082,8791,28073
2821088276,1,9,3418602785,2535392549,127487235,3187719439,3201295759,4148215232,334832687,930151318,4278247549,4294967080,44803880,54598,73728,4294966984,19418,54310
2821088276,1,10,2943913423,3635412698,4275744764,3757628111,3369074687,4223320056,4025866975,2291138026,4294967293,4294966776,88868669,91835,147456,4294966756,55909,91547
2821088276,1,11,2952302031,3635412698,4275744764,4294499023,3369074687,4223320056,4026391263,2291138026,4294967293,4294966756,176448665,149655,294912,4294966756,145545,149367
291919538,0,0,2390608853,581529996,2676880368,2929027929,260653568,737033072,2949393810,631318878,492154332,12,175682,288,0,12,0,0
291919538,0,1,2417454227,1139898837,2186218997,2676037263,3757046430,212097835,3437232193,923831051,2955278177,4294967264,352514,576,288,4294967260,0,288
291919538,0,2,1971261874,3657949507,3428129228,328162407,675096732,1131720975,2128680435,2384102916,2662281222,4294967224,529346,864,576,4294967222,0,576
291919538,0,3,2923858885,610898062,2786342659,2532262903,2420899927,587101184,3353638512,1991114757,1770945285,4294967220,883010,1440,1152,4294967208,0,1152
291919538,0,4,771376861,882178312,4001600686,1399916145,114397827,1006198685,2879988363,585991145,4104334872,4294967274,1590338,2592,2304,4294967194,0,2304
291919538,0,5,3204328913,627609918,3911084237,1071111893,3594699225,1956231452,156135932,4171899365,25028131,4294967214,3004994,4896,4608,4294967194,0,4608
291919538,0,6,1373655173,3341381478,954042652,938053713,2573834732,1481828166,3828921927,1198292481,1882983488,4294967240,5834306,9504,9216,4294967164,0,9216
291919538,0,7,2291077550,3330537894,2060760972,3503080781,2921339689,130649351,336019176,3949626257,2398425166,4294967196,11492930,18720,18432,4294967164,0,18432
291919538,0,8,1922471715,2889069607,2442752784,4284948235,3630332915,1185417064,4027553737,527694581,436340251,4294967222,22810178,37152,36864,4294967122,0,36864
291919538,0,9,1895531471,1148206229,3468863516,1710239040,2941812528,1001963264,389915103,394211609,987373499,4294967124,45444674,74016,73728,4294967072,0,73728
291919538,0,10,1411969584,659820197,19222533,134686001,1060175872,72171783,268576032,2003829269,2,4294966830,90713666,147744,147456,4294966770,0,147456
291919538,0,11,1342665264,659554597,19222531,468272,925892608,71647239,268576032,2003829269,2,4294966756,181251650,295200,294912,4294966756,0,294912
291919538,1,0,2390608853,581529996,2676880368,2929027929,260653568,737033072,2949393810,631318878,492154332,12,175682,288,0,12,0,0
291919538,1,1,2417454227,1139898837,2186218997,2676037263,3757046430,212097835,3437232193,923831051,2955278177,4294967264,352514,576,288,4294967260,0,288
291919538,1,2,419067314,3944806425,3556027126,2658254470,889138361,3657792332,1023222224,1602543923,1024552946,4294967220,527729,815,576,4294967200,49,527
291919538,1,3,1929225727,3261135763,4124848101,4241218214,852491447,2068065788,1801060561,1212513165,2080791275,4294967200,877598,1276,1152,4294967156,164,988
291919538,1,4,216681772,1486304522,3176179199,2413475501,2937321367,3360772328,3422543228,1331794577,2674924723,4294967186,1576181,2163,2304,4294967156,429,1875
291919538,1,5,3892284873,3502962682,4273651453,4241021404,1326169966,3008970488,3635698407,2292378953,4211031282,4294967130,2974073,3959,4608,4294967090,937,3671
291919538,1,6,2732637132,2767085796,1558497906,195081954,863223763,3113493378,1609118830,908531956,962745610,4294967202,5766623,7453,9216,4294967090,2051,7165
291919538,1,7,3669387705,1607248094,3255320707,3360057568,928021764,1195735153,3379316015,2530115002,3413361893,4294967182,11350403,14401,18432,4294967074,4319,14113
291919538,1,8,3992629797,3535666949,788319230,101422904,3970174003,2074793499,2214410273,4187225922,4159618974,4294967182,22522187,28425,36864,4294967072,8727,28137
291919538,1,9,3498479036,4170432730,4146983408,4292429007,3633238647,3941269045,1811806879,3139403259,2265859053,4294967086,44804936,54630,73728,4294966968,19386,54342
291919538,1,10,2952302031,3635412698,4275744764,4294499023,3369074687,4223320056,4026391263,2291138026,4294967037,4294966760,88851740,91322,147456,4294966756,56422,91034
291919538,1,11,2952302031,3635412698,4275744764,4294499023,3369074687,4223320056,4026391263,2291138026,4294967293,4294966756,176433089,149183,294912,4294966756,146017,148895
3000904821,0,0,3368817521,2575917073,2786057134,1786388165,1842802093,3062007217,2602721757,3294290714,1064866272,14,175682,288,0,14,0,0
3000904821,0,1,674952344,3018376458,1039282163,2569183597,3406542021,1774577848,608693644,899682838,2577564624,4294967248,352514,576,288,4294967240,0,288
3000904821,0,2,3720775489,1222240552,1599773971,3137621883,4140360281,3517266144,1754539760,1984889396,1061292210,4294967184,529346,864,576,4294967182,0,576
3000904821,0,3,3014082051,678956347,105494217,2460507093,3877709581,3860893384,2525092775,4109614021,3491229584,4294967234,883010,1440,1152,4294967174,0,1152
3000904821,0,4,1229782711,1480988869,4180267282,527150833,3364141436,3207543623,2956024713,1777525277,823774791,4294967258,1590338,2592,2304,4294967174,0,2304
3000904821,0,5,2057985786,3240783025,2631929862,2079372090,820403728,3699236313,1367753607,3744675567,2216369910,4294967262,3004994,4896,4608,4294967174,0,4608
3000904821,0,6,1272652273,3196795165,519790908,2267093763,168691357,2254572081,3790144596,2126682532,2336268169,4294967202,5834306,9504,9216,4294967156,0,9216
3000904821,0,7,1386194483,3512695859,415852026,2621877442,875917369,2655805694,262974249,3966410716,2675558081,4294967216,11492930,18720,18432,4294967156,0,18432
3000904821,0,8,3565420080,391566080,2161556578,3779577596,2953774799,1698115973,1340548987,231204691,83481565,4294967198,22810178,37152,36864,4294967134,0,36864
3000904821,0,9,2964983500,3270286681,4187244764,549394717,221256760,1212108859,2518563636,2270584465,800075325,4294967114,45444674,74016,73728,4294967080,0,73728
3000904821,0,10,2944961999,3635412698,4275744764,4294499023,3369058303,2612707320,4011711199,2291105256,264501117,4294966828,90713666,147744,147456,4294966792,0,147456
3000904821,0,11,2952302031,3635412698,4275744764,4294499023,3369074687,4223320056,4026391263,2291138026,4294967293,4294966756,181251650,295200,294912,4294966756,0,294912
3000904821,1,0,3368817521,2575917073,2786057134,1786388165,1842802093,3062007217,2602721757,3294290714,1064866272,14,175682,288,0,14,0,0
3000904821,1,1,674952344,3018376458,1039282163,2569183597,3406542021,1774577848,608693644,899682838,2577564624,4294967248,352514,576,288,4294967240,0,288
3000904821,1,2,1823157580,2808935985,1027007479,2101083819,2043650510,3884197629,1357112135,2511109719,419709274,4294967180,527465,807,576,4294967178,57,519
3000904821,1,3,735637551,3735612109,4248463859,3994507214,1413421171,3584533526,2439055153,1907407859,1372488447,4294967166,876443,1241,1152,4294967144,199,953
3000904821,1,4,1507979999,2464656285,3051016185,2279562998,3861818359,562348937,2489754656,915497471,772732980,4294967218,1575356,2138,2304,4294967144,454,1850
3000904821,1,5,244829951,3724048843,3366283484,1644144847,3486759390,3300776794,870022079,2568443923,1101954419,4294967200,2972720,3918,4608,4294967144,978,3630
3000904821,1,6,1610130407,3887054455,4201066483,66660124,994294680,2345320200,788096315,3218078730,4019109629,4294967126,5765831,7429,9216,4294967120,2075,7141
3000904821,1,7,1563523377,3629211193,199119189,2731521338,4224311295,2049682224,1465531311,2394414091,2615254723,4294967180,11353604,14498,18432,4294967112,4222,14210
3000904821,1,8,2697327056,1202832965,327937244,4094245852,995507204,199343932,3992972760,2798427609,3623852020,4294967158,22521659,28409,36864,4294967050,8743,28121
3000904821,1,9,3652137529,1486877026,4175077346,4294924879,3402166783,96795958,3993692381,2392394325,2157568258,4294967048,44800943,54509,73728,4294966982,19507,54221
3000904821,1,10,2952302031,3635412698,4275744764,4294499023,3486515199,4223516664,4026391263,2291138026,4294967293,4294966776,88882001,92239,147456,4294966756,55505,91951
3000904821,1,11,2952302031,3635412698,4275744764,4294499023,3369074687,4223320056,4026391263,2291138026,4294967293,4294966756,176467475,150225,294912,4294966756,144975,149937
2978731252,0,0,3210040374,1786656416,1763136980,2734862336,969805881,2813775167,272939865,2272103953,2448388555,4294967284,175682,288,0,4294967284,0,0
2978731252,0,1,3995461085,886045679,2805615530,2603061486,2873847412,2348358473,2836601369,2538614271,2176987916,4294967228,352514,576,288,4294967228,0,288
2978731252,0,2,302967646,347587604,594983924,3641736058,150149439,405790216,653215660,2335553617,138216329,4294967228,529346,864,576,4294967196,0,576
2978731252,0,3,4225847209,252780244,788726540,4246691477,1220092677,2742771384,1651801035,2192446669,3749402909,4294967248,883010,1440,1152,4294967196,0,1152
2978731252,0,4,218587853,2787596455,2249670350,3985956084,412496055,3362407655,518941442,166864878,4248202602,4294967212,1590338,2592,2304,4294967196,0,2304
2978731252,0,5,3492034995,3153126882,1675536480,2202520752,2922449964,92801794,2092450126,3385052577,3645735931,4294967206,3004994,4896,4608,4294967186,0,4608
2978731252,0,6,1653535365,3111645301,3102159060,923190327,1699612083,3048499492,3991608333,1247667576,1815600442,4294967236,5834306,9504,9216,4294967182,0,9216
2978731252,0,7,3721095482,2937306508,2096453481,3342917047,1488583181,1956726645,4115919107,371072669,3411580720,4294967246,11492930,18720,18432,4294967162,0,18432
2978731252,0,8,3200978334,679970603,92483533,180354047,3372924590,1530867962,742937950,2423391842,1305480845,4294967176,22810178,37152,36864,4294967148,0,36864
2978731252,0,9,1471945599,656916221,1222094718,4161185261,3334422800,3642499023,3389382654,1504427263,3828609798,4294967184,45444674,74016,73728,4294967098,0,73728
2978731252,0,10,1342665264,659554605,2166706179,537339152,923795456,71647239,268576032,2003833365,1048578,4294966800,90713666,147744,147456,4294966764,0,147456
2978731252,0,11,1342665264,659554597,19222531,468272,925892608,71647239,268576032,2003829269,2,4294966756,181251650,295200,294912,4294966756,0,294912
2978731252,1,0,3210040374,1786656416,1763136980,2734862336,969805881,2813775167,272939865,2272103953,2448388555,4294967284,175682,288,0,4294967284,0,0
2978731252,1,1,3995461085,886045679,2805615530,2603061486,2873847412,2348358473,2836601369,2538614271,2176987916,4294967228,352514,576,288,4294967228,0,288
2978731252,1,2,1040611246,2934431861,4013582078,1596445195,796878975,88566287,689937945,3695254975,2179764781,4294967194,527432,806,576,4294967170,58,518
2978731252,1,3,1405563659,939782205,4146835199,2213355753,999283740,2278060023,266153167,3366731026,1664942641,4294967154,876773,1251,1152,4294967112,189,963
2978731252,1,4,217528937,719254818,4271909118,2340153870,2763781071,1866112822,2083526222,3059807734,4250959063,4294967176,1574102,2100,2304,4294967112,492,1812
2978731252,1,5,2131020300,3196026792,1909336575,3858900182,1206111456,4294715879,738059434,2009055685,2969569026,4294967180,2971664,3886,4608,4294967112,1010,3598
2978731252,1,6,3366423100,1450235197,1019696957,2267326271,1222856607,3831407571,2419202535,391940605,1002324988,4294967184,5766953,7463,9216,4294967112,2041,7175
2978731252,1,7,991339123,360881689,1092922288,4292421365,477034055,51354679,24927742,1902630920,1057280971,4294967220,11353670,14500,18432,4294967112,4220,14212
2978731252,1,8,1376301558,3696625318,4275904284,4219368783,3838832976,1811820750,1858481984,3024536367,3653479691,4294967130,22526642,28560,36864,4294967090,8592,28272
2978731252,1,9,2950958175,3668861276,4056592074,1072113789,925863939,88447775,3758204671,1988142484,4119851249,4294967058,44811833,54839,73728,4294966990,19177,54551
2978731252,1,10,2952302031,3635412698,4275744764,2147015375,3369074687,4223320056,4026391263,2291138026,4290772989,4294966770,88911470,93132,147456,4294966756,54612,92844
2978731252,1,11,2952302031,3635412698,4275744764,4294499023,3369074687,4223320056,4026391263,2291138026,4294967293,4294966756,176494898,151056,294912,4294966756,144144,150768
1251417355,0,0,2524960992,1206436103,29910282,2438465501,3305745193,3058180891,3013732016,3547267630,2812845716,10,175682,288,0,10,0,0
1251417355,0,1,2823190514,3828239157,3927952769,259927213,2281857373,2507505425,2145383431,448705097,431572321,4294967264,352514,576,288,4294967246,0,288
1251417355,0,2,2659722192,1567824441,1624578123,224455806,4279972547,4169496375,3888004390,4174883548,2420640714,4294967202,529346,864,576,4294967198,0,576
1251417355,0,3,1338077473,4271674326,1202476504,150220564,4097737152,3289169236,612224652,3440108651,1827288688,4294967238,883010,1440,1152,4294967188,0,1152
1251417355,0,4,1616879163,3811654355,24709895,3172696665,4162440205,795058915,4247364859,1277149625,3317899425,4294967264,1590338,2592,2304,4294967188,0,2304
1251417355,0,5,1242598283,3687116028,2974800166,3464866703,3223754335,1438143572,3455809599,2076228594,2803751196,4294967246,3004994,4896,4608,4294967158,0,4608
1251417355,0,6,1344379557,543406149,1293594624,4070695334,3701612046,295423259,3959543828,3620671805,1184923593,4294967238,5834306,9504,9216,4294967158,0,9216
1251417355,0,7,341892118,371485836,1366999912,371592371,3341071673,3830548147,3211272405,1875938149,3222333517,4294967254,11492930,18720,18432,4294967158,0,18432
1251417355,0,8,2867245502,366002918,3527770388,1281869076,2546931393,3360755316,2808680903,3502670635,3803410810,4294967236,22810178,37152,36864,4294967120,0,36864
1251417355,0,9,1819585743,3647746507,2983518067,4244951756,2947293692,885877047,1979061645,3828727461,797394363,4294967138,45444674,74016,73728,4294967078,0,73728
1251417355,0,10,1358459440,659619365,4179973871,16721200,925956096,4232397055,284304672,2003890709,4026532594,4294966814,90713666,147744,147456,4294966792,0,147456
1251417355,0,11,1342665264,659554597,19222531,468272,925892608,71647239,268576032,2003829269,2,4294966756,181251650,295200,294912,4294966756,0,294912
1251417355,1,0,2524960992,1206436103,29910282,2438465501,3305745193,3058180891,3013732016,3547267630,2812845716,10,175682,288,0,10,0,0
1251417355,1,1,2823190514,3828239157,3927952769,259927213,2281857373,2507505425,2145383431,448705097,431572321,4294967264,352514,576,288,4294967246,0,288
1251417355,1,2,2217997520,3926714156,2063223874,863926477,3207296499,3689748348,259562783,3938439676,114904561,4294967204,527960,822,576,4294967200,42,534
1251417355,1,3,3727850255,2575221550,2045400312,3900369904,3010523342,4125441142,4160327910,2864576868,2147318878,4294967160,877796,1282,1152,4294967158,158,994
1251417355,1,4,806898128,1555627742,1308439123,204946736,1979429986,1770830920,2205153252,3151773157,3175506205,4294967198,1576412,2170,2304,4294967128,422,1882
1251417355,1,5,834050064,4233097291,956041992,4101791433,2079746777,508306809,4002534494,1873325260,2401202364,4294967204,2973149,3931,4608,4294967128,965,3643
1251417355,1,6,1088685802,3436236289,3462846446,971140522,4276085689,648353647,3996996816,1065879315,2665462058,4294967230,5766788,7458,9216,4294967116,2046,7170
1251417355,1,7,503657900,3169585852,133747759,1707537139,2404065405,1555375871,651098966,4149329372,4208992938,4294967216,11356739,14593,18432,4294967110,4127,14305
1251417355,1,8,3515026739,1087382570,415060007,4074122136,1324003075,3633110927,3374441456,3103048166,14915075,4294967192,22527995,28601,36864,4294967090,8551,28313
1251417355,1,9,2665778610,3638487770,3218796538,4193836239,3402629119,4037459960,4008859359,1823472138,3801066,4294966968,44807807,54717,73728,4294966956,19299,54429
1251417355,1,10,2952302031,3635412698,4275744764,4294499023,3360686079,4223320056,4026391263,2291105258,4160552957,4294966784,88874576,92014,147456,4294966756,55730,91726
1251417355,1,11,2952302031,3635412698,4275744764,4294499023,3369074687,4223320056,4026391263,2291138026,4294967293,4294966756,176455562,149864,294912,4294966756,145336,149576
1328975422,0,0,652494815,3390327106,333529798,3095038186,568078709,3789298195,434217649,207694067,4082502483,6,175682,288,0,6,0,0
1328975422,0,1,853904897,2468577744,1336737423,2837486024,4211619196,4055563505,2447795618,3486733313,1551600386,4294967226,352514,576,288,4294967220,0,288
1328975422,0,2,1665739520,653676022,3658378072,1446472563,1269670326,2583922303,1077717300,694272149,1324964613,4294967274,529346,864,576,4294967218,0,576
1328975422,0,3,1274576778,2246446880,1754639340,1037600179,3045646528,3147732960,4076729838,266648718,3186635166,4294967206,883010,1440,1152,4294967192,0,1152
1328975422,0,4,2229826276,2756042327,4118111508,2784421169,2745745456,3411701915,2286006934,752865674,246881130,4294967224,1590338,2592,2304,4294967188,0,2304
1328975422,0,5,3850062184,3760603861,1625353742,1353153648,3593634378,3760112769,3751961892,3872072713,2609234823,4294967240,3004994,4896,4608,4294967146,0,4608
1328975422,0,6,1811414048,2629302058,3214857769,2004113804,3083659712,1132146726,811857008,2018266934,3490555910,4294967212,5834306,9504,9216,4294967146,0,9216
1328975422,0,7,2598526117,4055194918,1071230047,3864644943,1955622976,4224709429,591053060,2055477110,3306184928,4294967258,11492930,18720,18432,4294967134,0,18432
1328975422,0,8,1592326433,427651774,41665400,2814753291,1126523707,1273187612,738543363,2034668019,591165201,4294967212,22810178,37152,36864,4294967134,0,36864
1328975422,0,9,2719464364,1554129117,2137226811,2134556679,4031593159,2045964031,273027734,2339667380,1581384333,4294967184,45444674,74016,73728,4294967066,0,73728
1328975422,0,10,1342665264,659554597,19222531,468272,858783744,71647239,268576032,2003829269,16795650,4294966782,90713666,147744,147456,4294966756,0,147456
1328975422,0,11,1342665264,659554597,19222531,468272,925892608,71647239,268576032,2003829269,2,4294966756,181251650,295200,294912,4294966756,0,294912
1328975422,1,0,652494815,3390327106,333529798,3095038186,568078709,3789298195,434217649,207694067,4082502483,6,175682,288,0,6,0,0
1328975422,1,1,853904897,2468577744,1336737423,2837486024,4211619196,4055563505,2447795618,3486733313,1551600386,4294967226,352514,576,288,4294967220,0,288
1328975422,1,2,1917032448,3145600223,1582915559,1631180072,3645390700,4231791081,2095064481,1035695487,2654957430,4294967214,527597,811,576,4294967188,53,523
1328975422,1,3,2686889392,811015586,3730066809,2044978989,1959919562,4212122617,4276606304,4182305209,2345156075,4294967180,876641,1247,1152,4294967172,193,959
1328975422,1,4,2916263307,3973041746,2302332794,2186296003,3117094367,992303992,1880057196,1467956005,1898004163,4294967180,1575125,2131,2304,4294967132,461,1843
1328975422,1,5,2835840721,3853456419,1012436663,1974885130,1792569592,3422447663,4006415781,4272967030,3569314271,4294967230,2972753,3919,4608,4294967132,977,3631
1328975422,1,6,1271439047,4148926197,3854855919,971752717,2135253241,1870978409,2514339510,2420311038,1508873991,4294967168,5768207,7501,9216,4294967130,2003,7213
1328975422,1,7,3007295936,3955163494,2021892701,4209433374,3753574084,2074717744,3745307342,2516464965,1676119057,4294967166,11350073,14391,18432,4294967096,4329,14103
1328975422,1,8,2147257907,610089173,423296063,521873085,3205372938,463418897,1696388958,2024274914,3675203480,4294967118,22517402,28280,36864,4294967096,8872,27992
1328975422,1,9,1862792159,3635349467,4275613652,4294506189,684072955,1668988664,679270593,2961276393,2144334069,4294967030,44785829,54051,73728,4294966952,19965,53763
1328975422,1,10,2952302031,3635412698,4275744764,4294499023,3369074687,4223320056,4026391263,2291138026,3212836797,4294966772,88865270,91732,147456,4294966756,56012,91444
1328975422,1,11,2952302031,3635412698,4275744764,4294499023,3369074687,4223320056,4026391263,2291138026,4294967293,4294966756,176452097,149759,294912,4294966756,145441,149471
3137863517,0,0,1816672102,2990957006,9316039,268566978,3025797238,3532286503,1344599433,2516423399,1730683520,4294967294,175682,288,0,4294967294,0,0
3137863517,0,1,199250664,253126056,3327994346,3831002439,3031465996,3259498497,2100430716,343868093,1010327362,4294967222,352514,576,288,4294967220,0,288
3137863517,0,2,258649677,519236472,1991533016,741400412,303988918,609349254,1696735788,3346056919,554510286,4294967240,529346,864,576,4294967210,0,576
3137863517,0,3,2620300217,2795248563,4049808434,1626690161,587315249,2656971924,4037404164,2257719792,827604883,4294967224,883010,1440,1152,4294967210,0,1152
3137863517,0,4,181537647,2396613820,1647086366,3890078990,3353038747,3426689062,5904396,155212866,4196039916,4294967248,1590338,2592,2304,4294967182,0,2304
3137863517,0,5,1097768291,3214049728,155566082,3998241431,3373154175,1749744712,804341787,1401996582,3350301635,4294967214,3004994,4896,4608,4294967174,0,4608
3137863517,0,6,3728361255,2896645180,968138756,1807357120,3526031213,991506328,2506766059,2275930663,1305747084,4294967238,5834306,9504,9216,4294967160,0,9216
3137863517,0,7,4124298000,3809942463,2630069012,236700659,2080664008,1645060343,772953233,1611433485,2459528129,4294967252,11492930,18720,18432,4294967150,0,18432
3137863517,0,8,1088782439,851436246,2704312768,3786656373,4148430722,3540350289,941085817,4196032501,3504202447,4294967232,22810178,37152,36864,4294967146,0,36864
3137863517,0,9,1509920047,458813593,4204208114,3251553007,2347765687,210886687,2680039047,1150254644,279430940,4294967120,45444674,74016,73728,4294967102,0,73728
3137863517,0,10,3490118384,1735393573,19222531,468272,925892608,71647239,268576040,2002780693,2,4294966814,90713666,147744,147456,4294966764,0,147456
3137863517,0,11,1342665264,659554597,19222531,468272,925892608,71647239,268576032,2003829269,2,4294966756,181251650,295200,294912,4294966756,0,294912
3137863517,1,0,1816672102,2990957006,9316039,268566978,3025797238,3532286503,1344599433,2516423399,1730683520,4294967294,175682,288,0,4294967294,0,0
3137863517,1,1,199250664,253126056,3327994346,3831002439,3031465996,3259498497,2100430716,343868093,1010327362,4294967222,352514,576,288,4294967220,0,288
3137863517,1,2,1226879593,1867637934,3612731883,2493007113,2125798643,2281374777,2056951678,2543780401,807472427,4294967214,527168,798,576,4294967178,66,510
3137863517,1,3,2115876895,924201285,4217175727,3367443584,400825051,128385309,2592708570,127045111,3701480319,4294967228,876443,1241,1152,4294967178,199,953
3137863517,1,4,2935579145,4046019931,2069597535,3571391275,3702837215,3354327010,595778006,694817518,639208978,4294967192,1574696,2118,2304,4294967146,474,1830
3137863517,1,5,2902180300,3232562646,2128264956,1184404214,1210099764,3920105923,4081408752,4280018397,2012423151,4294967122,2973017,3927,4608,4294967110,969,3639
3137863517,1,6,3644455848,2529799878,1025911552,2046042201,1478516863,997940347,1828540454,1539292443,3091170813,4294967170,5764775,7397,9216,4294967106,2107,7109
3137863517,1,7,2643304424,3845127080,244625253,2584533967,2795969800,3598040918,2666366015,4267243701,3701534717,4294967200,11353736,14502,18432,4294967106,4218,14214
3137863517,1,8,3078449623,467104314,1984795005,4273527241,4054220751,803536668,2675810023,2293757370,3548890749,4294967116,22525553,28527,36864,4294967064,8625,28239
3137863517,1,9,536408639,3266281172,1071165432,3288258759,3341939967,4122390387,2683820783,4176602090,9429570,4294967036,44806190,54668,73728,4294966996,19348,54380
3137863517,1,10,2952302023,3636461274,4275744636,4294499023,3369074623,4223320024,4026390751,2291138026,4227858429,4294966806,88878272,92126,147456,4294966756,55618,91838
3137863517,1,11,2952302031,3635412698,4275744764,4294499023,3369074687,4223320056,4026391263,2291138026,4294967293,4294966756,176461304,150038,294912,4294966756,145162,149750
1058327683,0,0,233204666,3340885344,1827669767,3113116929,1934473093,2120076323,3344672939,1658159021,1921161469,4294967294,175682,288,0,4294967294,0,0
1058327683,0,1,1557333796,961767391,2875537357,3548956035,2592790404,2370341950,3706393017,1202650123,1459860597,4294967242,352514,576,288,4294967232,0,288
1058327683,0,2,1211315823,777822681,3284162277,3134260255,2647424133,676433919,3761149404,3994656973,1093761795,4294967222,529346,864,576,4294967214,0,576
1058327683,0,3,2899352578,3144636714,3878135783,2844550351,4262002116,2093276542,3775810372,2352225340,3496503229,4294967224,883010,1440,1152,4294967214,0,1152
1058327683,0,4,2578690353,4249517099,1227057231,2315668348,2539770706,3143301605,1579952804,4127677425,1148200298,4294967282,1590338,2592,2304,4294967196,0,2304
1058327683,0,5,2437373465,1608823798,3376879111,598695268,4224182300,763733344,2500486424,3212581541,317119539,4294967242,3004994,4896,4608,4294967188,0,4608
1058327683,0,6,2562885852,507295176,1455308297,3461015880,1572556135,1806061362,259786284,2885892822,1554736556,4294967256,5834306,9504,9216,4294967180,0,9216
1058327683,0,7,603524342,3194875218,1050843524,121565732,109099350,3967108863,2372574950,1204296308,865746233,4294967204,11492930,18720,18432,4294967136,0,18432
1058327683,0,8,212583282,3901126647,2519287500,252134702,3308520016,578377987,4150533980,2244604155,553345408,4294967206,22810178,37152,36864,4294967134,0,36864
1058327683,0,9,3279467968,3971316459,45670896,3741645551,952505340,4253200414,343524514,2255801844,801474685,4294967106,45444674,74016,73728,4294967088,0,73728
1058327683,0,10,1342661168,659554597,19222531,468272,925958144,71647239,268576032,2003829269,2,4294966768,90713666,147744,147456,4294966768,0,147456
1058327683,0,11,1342665264,659554597,19222531,468272,925892608,71647239,268576032,2003829269,2,4294966756,181251650,295200,294912,4294966756,0,294912
1058327683,1,0,233204666,3340885344,1827669767,3113116929,1934473093,2120076323,3344672939,1658159021,1921161469,4294967294,175682,288,0,4294967294,0,0
1058327683,1,1,1557333796,961767391,2875537357,3548956035,2592790404,2370341950,3706393017,1202650123,1459860597,4294967242,352514,576,288,4294967232,0,288
1058327683,1,2,1113273119,761157466,113866605,1740700683,3201777423,2512756785,2997616618,1807711501,1996500540,4294967216,527564,810,576,4294967214,54,522
1058327683,1,3,3083913863,2592552652,241584932,2117120585,2002730182,4009959444,21351731,4158419445,1091869,4294967196,876740,1250,1152,4294967164,190,962
1058327683,1,4,1904701763,3948163013,2129487012,4135444232,92115831,2079530481,48102302,3091355329,4119947318,4294967224,1575983,2157,2304,4294967116,435,1869
1058327683,1,5,524375049,1437579095,248072215,642422542,463913315,4230262967,1694116024,3087571708,536869086,4294967188,2973941,3955,4608,4294967116,941,3667
1058327683,1,6,1337495342,1545207806,491431167,4251351772,256703864,3619386622,3554339780,2000618198,1891762098,4294967132,5765501,7419,9216,4294967094,2085,7131
1058327683,1,7,1281815092,1385718049,3737279614,4026106583,3746840559,2344186632,846015584,2297447892,670822165,4294967132,11351327,14429,18432,4294967094,4291,14141
1058327683,1,8,3230617976,3559686427,1106128098,213334604,4133289823,3422505129,2532694758,1090424434,4288119002,4294967160,22522154,28424,36864,4294967086,8728,28136
1058327683,1,9,780213764,3647897801,1658580794,3756418511,3220176833,4215641980,4026213847,3062103060,4240569341,4294967026,44807708,54714,73728,4294966988,19302,54426
1058327683,1,10,2952302031,3635347162,4275744764,4294499023,3369074687,4223320056,4026391263,2291137994,4294967293,4294966770,88869890,91872,147456,4294966756,55872,91584
1058327683,1,11,2952302031,3635412698,4275744764,4294499023,3369074687,4223320056,4026391263,2291138026,4294967293,4294966756,176452361,149767,294912,4294966756,145433,149479
1409971281,0,0,4128923079,3663197126,3315628552,1267118300,3541835211,1541621058,628904582,3961979526,749918380,4294967290,175682,288,0,4294967290,0,0
1409971281,0,1,2424406912,1498669534,3247264194,2378611313,694453517,3457709148,3437243345,3165715691,3818691661,4294967190,352514,576,288,4294967188,0,288
1409971281,0,2,2726038230,3567854146,3518032836,703005864,16026656,2394475709,3579083688,2918765844,3504033477,4294967234,529346,864,576,4294967188,0,576
1409971281,0,3,3922594000,2179800001,3450367505,954194444,1608399025,4135319582,4023517404,2230221607,360583698,4294967226,883010,1440,1152,4294967188,0,1152
1409971281,0,4,540308686,1329655091,152062275,3353158002,3077470004,1053788115,517712846,996867419,122195980,4294967216,1590338,2592,2304,4294967188,0,2304
1409971281,0,5,755782642,3698262151,657025125,820060860,130008599,3799881644,65713573,3303078147,2186101504,4294967230,3004994,4896,4608,4294967188,0,4608
1409971281,0,6,1153315631,3652492166,1234816219,141382928,307593509,3833477855,3433052577,1999717270,587281506,4294967244,5834306,9504,9216,4294967168,0,9216
1409971281,0,7,1772441644,2230164361,1638750169,3207032347,1961681502,3772375691,1643047919,1889109481,531430541,4294967244,11492930,18720,18432,4294967152,0,18432
1409971281,0,8,1691978243,418299317,3499773116,2028381496,3645644356,1198857848,4051066106,2125493781,3709662110,4294967176,22810178,37152,36864,4294967142,0,36864
1409971281,0,9,772048076,3180787423,3217118229,118691515,1966576707,1653047153,1873128223,2836238762,4024880245,4294967162,45444674,74016,73728,4294967096,0,73728
1409971281,0,10,2952302031,3635412698,4275744764,4294499023,3369074687,2075852792,276683311,2293251562,2147467517,4294966808,90713666,147744,147456,4294966798,0,147456
1409971281,0,11,2952302031,3635412698,4275744764,4294499023,3369074687,4223320056,4026391263,2291138026,4294967293,4294966756,181251650,295200,294912,4294966756,0,294912
1409971281,1,0,4128923079,3663197126,3315628552,1267118300,3541835211,1541621058,628904582,3961979526,749918380,4294967290,175682,288,0,4294967290,0,0
1409971281,1,1,2424406912,1498669534,3247264194,2378611313,694453517,3457709148,3437243345,3165715691,3818691661,4294967190,352514,576,288,4294967188,0,288
1409971281,1,2,1372098114,2674950365,3230521282,3282928897,2014147583,733863312,517950297,2881078026,3839636641,4294967220,527432,806,576,4294967172,58,518
1409971281,1,3,3732638912,3477225965,1080792930,3100106687,3626806494,1938553073,2859348758,695248458,3128834738,4294967202,876674,1248,1152,4294967164,192,960
1409971281,1,4,1541642293,2838533099,720060411,3334238207,3345920345,2334637946,3691169012,3799584325,3491763919,4294967228,1576280,2166,2304,4294967154,426,1878
1409971281,1,5,1845149193,455604699,1630428923,1694444590,3376417215,3606617660,530537836,1354229977,4261724588,4294967174,2974931,3985,4608,4294967140,911,3697
1409971281,1,6,4284395967,716511654,961898819,4206757120,4174133294,515423515,4285802647,1392113962,633860961,4294967172,5766788,7458,9216,4294967100,2046,7170
1409971281,1,7,2933652055,3620782447,4270977144,3228097268,3250610747,810791591,3967689358,2425240438,3807313768,4294967150,11352185,14455,18432,4294967098,4265,14167
1409971281,1,8,740660943,3333218004,3739132124,971594328,151917183,3828793029,2848643739,2021759473,303024701,4294967118,22516709,28259,36864,4294967082,8893,27971
1409971281,1,9,1809876993,1060107965,4278545661,485065036,3366911771,4223174648,4011719423,2609872362,1182658349,4294967034,44795036,54330,73728,4294966984,19686,54042
1409971281,1,10,2952302031,3635412698,4275736572,4294499023,3369074687,4223320056,4009614047,2291138026,4294967293,4294966770,88896224,92670,147456,4294966756,55074,92382
1409971281,1,11,2952302031,3635412698,4275744764,4294499023,3369074687,4223320056,4026391263,2291138026,4294967293,4294966756,176479355,150585,294912,4294966756,144615,150297
1978716129,0,0,4142562379,2753337898,1175579097,1887442006,2600733382,3038129729,3130248771,3158953533,4047120815,30,175682,288,0,30,0,0
1978716129,0,1,3804846464,2733629318,3399028925,3546143426,1276134519,1683957535,1754957250,2874050717,2293954329,4294967226,352514,576,288,4294967222,0,288
1978716129,0,2,3949159884,1215249971,3208850876,2198739199,740554872,2754551978,4161395929,2605699960,568849877,4294967218,529346,864,576,4294967194,0,576
1978716129,0,3,371804807,3303933709,1067908537,1643749319,3256848287,120577,681826651,2461196703,3818432019,4294967248,883010,1440,1152,4294967194,0,1152
1978716129,0,4,3022935870,2680573474,1188951824,2232008727,1319103858,3936166392,3051101471,3389560245,3350695617,4294967232,1590338,2592,2304,4294967194,0,2304
1978716129,0,5,910038211,3556961656,3950749649,4168589154,3319623935,1338152446,2750237985,447013796,3925423008,4294967288,3004994,4896,4608,4294967194,0,4608
1978716129,0,6,1657861673,2177764891,3433511955,3144312236,3387103743,1010187576,1864246255,722365749,2244145294,4294967222,5834306,9504,9216,4294967168,0,9216
1978716129,0,7,1208587198,4183689651,803975990,3348029071,4034796592,839179987,504567272,1306396213,3923111630,4294967236,11492930,18720,18432,4294967166,0,18432
1978716129,0,8,1887698452,951453481,4276437038,66839859,2541346880,1372249074,1625680803,2772493066,684842490,4294967158,22810178,37152,36864,4294967140,0,36864
1978716129,0,9,2940459743,1973504349,3730203599,3322936035,2364326399,66894400,4162770368,2830114458,209678781,4294967142,45444674,74016,73728,4294967070,0,73728
1978716129,0,10,2948107727,3635412698,4275744764,4294499023,3369074687,4223320056,4026391263,2291138026,4294967293,4294966762,90713666,147744,147456,4294966756,0,147456
1978716129,0,11,2952302031,3635412698,4275744764,4294499023,3369074687,4223320056,4026391263,2291138026,4294967293,4294966756,181251650,295200,294912,4294966756,0,294912
1978716129,1,0,4142562379,2753337898,1175579097,1887442006,2600733382,3038129729,3130248771,3158953533,4047120815,30,175682,288,0,30,0,0
1978716129,1,1,3804846464,2733629318,3399028925,3546143426,1276134519,1683957535,1754957250,2874050717,2293954329,4294967226,352514,576,288,4294967222,0,288
1978716129,1,2,2644080048,3872337860,4276000381,3841955304,1866341247,3880076983,691685218,2605017369,366785299,4294967200,527168,798,576,4294967186,66,510
1978716129,1,3,3748689085,1868231650,3776737127,654262052,343306473,2105445747,511101788,4215961843,2479109375,4294967210,875816,1222,1152,4294967164,218,934
1978716129,1,4,1423457608,1499396337,3713547257,3638458825,3181147131,2273591032,3505525654,2980068979,4265411309,4294967214,1575092,2130,2304,4294967164,462,1842
1978716129,1,5,2063116508,3379329271,3308191458,2131469477,4096127115,1819889875,4279908632,914619861,3284466653,4294967196,2972126,3900,4608,4294967134,996,3612
1978716129,1,6,2799212008,1606409942,4264371453,2147474763,244144508,891896950,252968894,2809062645,968931581,4294967138,5767910,7492,9216,4294967118,2012,7204
1978716129,1,7,788091599,4224286220,519069728,3575043792,61784036,1654517111,118824487,2591016367,1137774557,4294967214,11348522,14344,18432,4294967092,4376,14056
1978716129,1,8,1400462407,1599336907,115190077,4179180175,4008828031,1688323455,536804259,3623312040,3402000350,4294967164,22522385,28431,36864,4294967092,8721,28143
1978716129,1,9,2735279555,547241562,438738439,2383979198,3367903231,163208200,3678329594,2835300075,3220807485,4294967014,44805035,54633,73728,4294966990,19383,54345
1978716129,1,10,2952302031,3635412698,4275744764,4294499023,3369074683,4223319800,4026391263,2408578538,4026073085,4294966790,88871804,91930,147456,4294966756,55814,91642
1978716129,1,11,2952302031,3635412698,4275744764,4294499023,3369074687,4223320056,4026391263,2291138026,4294967293,4294966756,176455133,149851,294912,4294966756,145349,149563
2681108673,0,0,4279200199,3788199273,2802891346,1551803593,1088634491,3362155751,49391378,240150693,335956361,4,175682,288,0,4,0,0
2681108673,0,1,1331976623,1501499137,3763350415,2652955865,504620660,73815563,837288969,4047780437,3323748246,4294967236,352514,576,288,4294967228,0,288
2681108673,0,2,3685730431,3746534639,46527892,3290653116,62419931,140697447,257065747,1163335526,4269753154,4294967238,529346,864,576,4294967226,0,576
2681108673,0,3,1760782208,2601409963,440857580,3005558961,176885303,3155503417,4094240904,1195415706,975004212,4294967250,883010,1440,1152,4294967212,0,1152
2681108673,0,4,3574261168,47821379,408724250,726172844,1076560575,2537487365,3921833603,3072130490,511750302,4294967234,1590338,2592,2304,4294967186,0,2304
2681108673,0,5,659422006,3370110688,4009051576,4277677513,3661034086,3921265285,1837924766,1903441049,12225710,4294967240,3004994,4896,4608,4294967186,0,4608
2681108673,0,6,3613186959,331356421,2017637495,3981189638,183608999,1896533191,3879157967,2287434872,1337794925,4294967218,5834306,9504,9216,4294967176,0,9216
2681108673,0,7,3166689758,3940728098,1337572126,4219008594,164928817,2522477960,1439702453,665417476,914809730,4294967258,11492930,18720,18432,4294967166,0,18432
2681108673,0,8,3588691581,2487739857,1589468191,231512974,1165282107,951920844,3484508153,2843697347,588056193,4294967220,22810178,37152,36864,4294967162,0,36864
2681108673,0,9,856936923,3346866118,3705348288,1204376188,264167998,3882400695,3889014223,732491029,1958493407,4294967190,45444674,74016,73728,4294967068,0,73728
2681108673,0,10,1342665264,1733296421,19222531,468272,925892608,71647271,268576032,124781077,2,4294966788,90713666,147744,147456,4294966770,0,147456
2681108673,0,11,1342665264,659554597,19222531,468272,925892608,71647239,268576032,2003829269,2,4294966756,181251650,295200,294912,4294966756,0,294912
2681108673,1,0,4279200199,3788199273,2802891346,1551803593,1088634491,3362155751,49391378,240150693,335956361,4,175682,288,0,4,0,0
2681108673,1,1,1331976623,1501499137,3763350415,2652955865,504620660,73815563,837288969,4047780437,3323748246,4294967236,352514,576,288,4294967228,0,288
2681108673,1,2,3408412207,1501956915,4032278515,4284802508,2117460600,340084163,878847888,827134703,3382902902,4294967190,527597,811,576,4294967166,53,523
2681108673,1,3,1861422416,1495131483,3655229435,250023599,2235500200,495272993,2341132579,1101538610,3714424318,4294967172,877763,1281,1152,4294967160,159,993
2681108673,1,4,3991284748,1003964907,559638587,3627539726,3585139243,3058165375,3941808526,1895817577,2332261181,4294967198,1576082,2160,2304,4294967148,432,1872
2681108673,1,5,1152186483,2694326574,4225435899,49893544,830365493,1766809021,2973697968,1585421614,2400059451,4294967224,2972489,3911,4608,4294967148,985,3623
2681108673,1,6,2532534814,64226595,475959315,1885277664,1138294780,2209560632,2682250713,2192097891,1912586065,4294967172,5766194,7440,9216,4294967112,2064,7152
2681108673,1,7,3536286123,961510698,4047138786,3890291516,4122755022,1673223961,4044690159,1581347332,18391570,4294967154,11349446,14372,18432,4294967112,4348,14084
2681108673,1,8,1592458728,3848240869,4291186796,3908630512,4023385294,4282171336,4293989611,4139416324,4219471224,4294967102,22518920,28326,36864,4294967092,8826,28038
2681108673,1,9,2994111438,3635575254,1624872807,541580598,3476030456,4222468999,335412679,3950231033,931297533,4294967050,44793023,54269,73728,4294966986,19747,53981
2681108673,1,10,2943913423,3635412698,4275744764,4294499023,3905945599,4223320056,4026391263,2291138026,4294967293,4294966768,88830554,90680,147456,4294966756,57064,90392
2681108673,1,11,2952302031,3635412698,4275744764,4294499023,3369074687,4223320056,4026391263,2291138026,4294967293,4294966756,176412761,148567,294912,4294966756,146633,148279
3824838264,0,0,3464358969,158649280,922544678,670942980,426206631,3743441938,690639875,1809843434,1053359950,22,175682,288,0,22,0,0
3824838264,0,1,3701356145,3498808123,3282175892,1994064629,2031934726,4114767934,2212989159,4291034285,2985623469,4294967228,352514,576,288,4294967214,0,288
3824838264,0,2,1335129628,1697306300,1638642116,677587921,4179885076,2898226314,3707425194,3400978556,1111430609,4294967234,529346,864,576,4294967206,0,576
3824838264,0,3,956137877,322661524,2406289279,1792566539,357642766,3696707480,1623402835,1472645924,1784692577,4294967222,883010,1440,1152,4294967206,0,1152
3824838264,0,4,778339356,718155364,1848042061,1682613808,2356312419,2489143166,2889603456,3801747148,3799005772,4294967218,1590338,2592,2304,4294967200,0,2304
3824838264,0,5,3186354523,1374872314,211500030,1888803468,914415395,3582307789,657644831,3368069615,4224588958,4294967224,3004994,4896,4608,4294967186,0,4608
3824838264,0,6,3021396468,767422540,3222643664,721434592,21007942,2322297784,2557806898,397472810,2117321127,4294967216,5834306,9504,9216,4294967166,0,9216
3824838264,0,7,3800352952,986422047,2581137805,2983091512,281249639,1652749252,322627126,1143150595,1350170655,4294967208,11492930,18720,18432,4294967166,0,18432
3824838264,0,8,2942880857,605654489,314299401,3439377913,3773293904,3159507891,2229961848,519502939,1012285022,4294967256,22810178,37152,36864,4294967138,0,36864
3824838264,0,9,1865584073,4182726363,721110144,1132935479,556770812,1596291576,2885605790,2408093808,3226671809,4294967174,45444674,74016,73728,4294967062,0,73728
3824838264,0,10,1342665264,659554597,19222531,468272,925892608,71647239,268576032,2003304981,4098,4294966770,90713666,147744,147456,4294966756,0,147456
3824838264,0,11,1342665264,659554597,19222531,468272,925892608,71647239,268576032,2003829269,2,4294966756,181251650,295200,294912,4294966756,0,294912
3824838264,1,0,3464358969,158649280,922544678,670942980,426206631,3743441938,690639875,1809843434,1053359950,22,175682,288,0,22,0,0
3824838264,1,1,3701356145,3498808123,3282175892,1994064629,2031934726,4114767934,2212989159,4291034285,2985623469,4294967228,352514,576,288,4294967214,0,288
3824838264,1,2,2356758268,3232700840,1061457523,1073643029,1900986075,2105618167,2721909907,2341991977,3470012363,4294967214,527795,817,576,4294967192,47,529
3824838264,1,3,2929339135,1755753838,1731373044,3895401636,3083215179,3715845830,356174112,2004294177,1207858908,4294967196,876971,1257,1152,4294967186,183,969
3824838264,1,4,3009699287,3782369966,3478893820,452090839,101446768,973265723,4255969837,3788228494,4191032830,4294967192,1575851,2153,2304,4294967144,439,1865
3824838264,1,5,2132109979,995950777,3909991675,3370772960,2408183501,1384233280,3678692825,1743815962,150898182,4294967176,2972621,3915,4608,4294967122,981,3627
3824838264,1,6,1218052060,240123812,3789443047,1735960191,1330792344,2088598502,1866201876,2040495576,605028157,4294967138,5765765,7427,9216,4294967122,2077,7139
3824838264,1,7,1395660175,3298762474,1847287292,503413564,3602448367,1945062202,4009006782,3949680799,83826562,4294967178,11352251,14457,18432,4294967108,4263,14169
3824838264,1,8,3202447787,1588852060,3059390204,4294482637,1691226047,364871240,258331962,2339257840,216211365,4294967114,22520372,28370,36864,4294967064,8782,28082
3824838264,1,9,3908012490,3640196818,3202002172,4177025992,3352293368,4218764768,1845313373,2306863919,3216777206,4294967012,44796488,54374,73728,4294966964,19642,54086
3824838264,1,10,2943913423,3635412698,4275744764,4294499022,3369074687,4223320056,4026391263,2291138026,4294966781,4294966772,88873058,91968,147456,4294966756,55776,91680
3824838264,1,11,2952302031,3635412698,4275744764,4294499023,3369074687,4223320056,4026391263,2291138026,4294967293,4294966756,176456024,149878,294912,4294966756,145322,149590
1693757314,0,0,1481004681,2414573535,2466470363,2883662594,920164527,705105795,91174080,1603248751,1977532506,18,175682,288,0,18,0,0
1693757314,0,1,4104506140,3229365246,2972146691,3915748049,1108337713,2356897803,3784715744,1203239585,544071545,4294967220,352514,576,288,4294967216,0,288
1693757314,0,2,1549311036,2093074124,1480127009,2024501964,808316247,2978542631,2433033632,4069567509,412642350,4294967218,529346,864,576,4294967188,0,576
1693757314,0,3,2048913662,3542080819,2677748250,1947800691,3712872055,2225939371,547286463,3637194045,3957748605,4294967230,883010,1440,1152,4294967188,0,1152
1693757314,0,4,2970077753,3369164966,1001203261,3158236168,920072817,2546301606,277102892,3527557605,3239027590,4294967202,1590338,2592,2304,4294967172,0,2304
1693757314,0,5,1658731056,2635130343,2580362962,2635657492,618630172,3356143867,646100239,2719089223,93832975,4294967222,3004994,4896,4608,4294967172,0,4608
1693757314,0,6,383357688,1091662374,2992059381,478466895,2248254385,3884008416,3754173033,3593439464,4294575882,4294967188,5834306,9504,9216,4294967166,0,9216
1693757314,0,7,1737880236,381477667,4113184485,3590252282,706048937,3973912425,3483804782,899126438,4158877813,4294967248,11492930,18720,18432,4294967166,0,18432
1693757314,0,8,729375223,1663973409,144796433,3839004881,3612648495,3982178539,336272269,3780151481,50669825,4294967216,22810178,37152,36864,4294967162,0,36864
1693757314,0,9,306410310,399597164,1142117201,4275594542,4117086209,3641000386,3545244641,149578307,2164301314,4294967192,45444674,74016,73728,4294967074,0,73728
1693757314,0,10,1342665264,659554597,2166706179,25634096,120619120,2219131015,276964640,2003862037,2,4294966800,90713666,147744,147456,4294966756,0,147456
1693757314,0,11,1342665264,659554597,19222531,468272,925892608,71647239,268576032,2003829269,2,4294966756,181251650,295200,294912,4294966756,0,294912
1693757314,1,0,1481004681,2414573535,2466470363,2883662594,920164527,705105795,91174080,1603248751,1977532506,18,175682,288,0,18,0,0
1693757314,1,1,4104506140,3229365246,2972146691,3915748049,1108337713,2356897803,3784715744,1203239585,544071545,4294967220,352514,576,288,4294967216,0,288
1693757314,1,2,2763320996,3235140328,683336970,3818338547,1130334264,140288015,4047122840,1454823833,1742753211,4294967206,527036,794,576,4294967184,70,506
1693757314,1,3,274120432,2472628596,431515792,1174625058,1865551650,2136955580,3366493721,112667540,23184870,4294967230,876674,1248,1152,4294967178,192,960
1693757314,1,4,3522577937,2900115393,2812652061,4279951386,2241675156,2008801637,3724530639,4208063476,613169710,4294967234,1575389,2139,2304,4294967168,453,1851
1693757314,1,5,3598578882,928414389,4273328125,109766014,2030206914,95617816,3956816667,1882971669,1477689913,4294967160,2974403,3969,4608,4294967148,927,3681
1693757314,1,6,3093300880,683544267,2636507288,4141675231,1337196275,3632117739,2613711516,1019145778,3339707086,4294967176,5768636,7514,9216,4294967098,1990,7226
1693757314,1,7,1194885026,561719079,3215503313,2096605517,735094148,4099106422,333448451,2557796610,4088334732,4294967180,11353010,14480,18432,4294967098,4240,14192
1693757314,1,8,2751169225,916979492,2104815284,2138809607,3335272418,3149154264,3971864206,401661542,3294708734,4294967102,22524794,28504,36864,4294967074,8648,28216
1693757314,1,9,1774499407,1601130845,618491234,530601246,3559860066,1134911232,3998074144,132062573,392230517,4294967084,44798765,54443,73728,4294966954,19573,54155
1693757314,1,10,2952302031,3635412698,4275744764,4294499023,3369074687,4223320056,4026391263,2291138026,4093116413,4294966770,88876094,92060,147456,4294966756,55684,91772
1693757314,1,11,2952302031,3635412698,4275744764,4294499023,3369074687,4223320056,4026391263,2291138026,4294967293,4294966756,176459819,149993,294912,4294966756,145207,149705
1166627249,0,0,1192267880,255881647,2607627069,846536720,1590186664,1885937727,1982269642,2317703939,3447794602,4294967294,175682,288,0,4294967294,0,0
1166627249,0,1,1340468006,2840637997,908927388,2002067283,3621089576,3851730866,1630136543,779334858,418442250,4294967198,352514,576,288,4294967198,0,288
1166627249,0,2,1511025362,3381714971,3284571600,2883855043,1290666909,1131470407,3095799704,730356174,3376177231,4294967218,529346,864,576,4294967192,0,576
1166627249,0,3,4268617407,1860052860,1180583122,2768304910,2530344132,142973830,4270257329,2868019725,1148777509,4294967248,883010,1440,1152,4294967192,0,1152
1166627249,0,4,3541092819,2380323130,2149786054,2695275666,3705189923,1173789881,1391798992,941088088,499784797,4294967212,1590338,2592,2304,4294967192,0,2304
1166627249,0,5,933947673,1036613987,3995781387,2454020843,3685279957,462937427,2958017328,1184857108,70535105,4294967262,3004994,4896,4608,4294967192,0,4608
1166627249,0,6,2846417288,2830968990,2112180029,1660832902,1261116410,3826782976,269661107,1327893033,2780499913,4294967224,5834306,9504,9216,4294967166,0,9216
1166627249,0,7,2783945108,1629621787,81175660,2263016614,519024640,1313626111,3973979220,1941889578,178867198,4294967222,11492930,18720,18432,4294967164,0,18432
1166627249,0,8,1074422272,3580050103,3939982500,3782796245,1011054029,939645785,205412541,1295943601,31330242,4294967188,22810178,37152,36864,4294967150,0,36864
1166627249,0,9,2820062464,3559862363,45787952,3355921406,2868117743,2219094215,205137464,1262452364,3765443442,4294967102,45444674,74016,73728,4294967074,0,73728
1166627249,0,10,1795645966,661586213,52915973,1057432847,858718220,71648007,318907683,2004321045,4227860226,4294966876,90713666,147744,147456,4294966800,0,147456
1166627249,0,11,789017167,657391909,19214083,2131174735,927924224,71646983,1862411615,1997472277,32514,4294966780,181251650,295200,294912,4294966780,0,294912
1166627249,1,0,1192267880,255881647,2607627069,846536720,1590186664,1885937727,1982269642,2317703939,3447794602,4294967294,175682,288,0,4294967294,0,0
1166627249,1,1,1340468006,2840637997,908927388,2002067283,3621089576,3851730866,1630136543,779334858,418442250,4294967198,352514,576,288,4294967198,0,288
1166627249,1,2,2682546898,2865820351,2132890828,3744950748,3343872188,1662842375,1661457619,2933495262,2163218625,4294967176,527102,796,576,4294967164,68,508
1166627249,1,3,4108385840,3168723110,4198555506,1302965326,3474922927,3800415685,2739199451,2768489046,570032387,4294967202,875585,1215,1152,4294967146,225,927
1166627249,1,4,3788058165,736230603,1473929040,3304644336,2966220023,3138317609,2928502470,2207268645,3161467371,4294967208,1574333,2107,2304,4294967146,485,1819
1166627249,1,5,1597181342,3442443519,3436734436,3707039126,2263544254,1140428755,3472713695,1929149706,4093740497,4294967198,2972357,3907,4608,4294967124,989,3619
1166627249,1,6,781611228,2339303973,1321260154,4013392573,3221024779,2074436711,3715751111,2997081296,2146813822,4294967174,5767646,7484,9216,4294967110,2020,7196
1166627249,1,7,3943912399,3621354880,2225233447,4042253717,3922722830,2200549634,4143295113,2298377176,99492677,4294967196,11354033,14511,18432,4294967102,4209,14223
1166627249,1,8,334958087,894381363,4076490595,3674143471,1292940782,8093687,1862703199,2075594235,398972913,4294967146,22522385,28431,36864,4294967090,8721,28143
1166627249,1,9,2977625585,1487961386,4117410230,2281200127,3904895229,4223343290,301849379,2305900011,2117632317,4294967026,44799953,54479,73728,4294966964,19537,54191
1166627249,1,10,2952302031,3635412698,4292521980,4294499023,3369074687,4223320056,4026391263,2290875882,4294967293,4294966772,88856162,91456,147456,4294966756,56288,91168
1166627249,1,11,2952302031,3635412698,4275744764,4294499023,3369074687,4223320056,4026391263,2291138026,4294967293,4294966756,176441174,149428,294912,4294966756,145772,149140
49042557,0,0,1832840773,2762072137,2130920294,600061521,2638411716,3684121214,1624678374,2873243840,2606077359,4,175682,288,0,4,0,0
49042557,0,1,1904706379,2540513991,2248581891,2137052883,1952206724,1235103643,506802783,2463497322,400458075,4294967220,352514,576,288,4294967218,0,288
49042557,0,2,1973847554,803221909,3561907101,4091799025,2093217800,3090815845,228225486,387745880,447027305,4294967266,529346,864,576,4294967204,0,576
49042557,0,3,2918228540,725204781,3139244191,2164554951,1257937453,4194417848,682387726,2003373773,467834632,4294967194,883010,1440,1152,4294967178,0,1152
49042557,0,4,1361430845,3891386342,4147568629,3238043425,4231109859,381565407,2837759036,1723984535,1812560210,4294967218,1590338,2592,2304,4294967166,0,2304
49042557,0,5,3826209292,1198468740,1565892813,4122088729,1506677783,3351109194,1755188502,1135616817,2950752517,4294967218,3004994,4896,4608,4294967166,0,4608
49042557,0,6,1684132309,3755142702,178245448,3764934932,3570664677,1569072463,1881546015,325135109,3925874970,4294967226,5834306,9504,9216,4294967162,0,9216
49042557,0,7,1732546954,674186671,2822283236,2111746796,2718401122,1052462856,1311762222,694835759,264726563,4294967242,11492930,18720,18432,4294967162,0,18432
49042557,0,8,2834988233,1302919659,1364102332,3458664078,608055859,2245395799,2843465683,2299033696,1535248424,4294967184,22810178,37152,36864,4294967144,0,36864
49042557,0,9,851931650,1472076037,2170853451,3229968114,3068589633,4139050609,1374140163,934396693,348178699,4294967124,45444674,74016,73728,4294967078,0,73728
49042557,0,10,2952301023,3635412572,4275744636,4294499023,3369074687,4223320056,4009614047,2290908650,1073740861,4294966810,90713666,147744,147456,4294966776,0,147456
49042557,0,11,2952302031,3635412698,4275744764,4294499023,3369074687,4223320056,4026391263,2291138026,4294967293,4294966756,181251650,295200,294912,4294966756,0,294912
49042557,1,0,1832840773,2762072137,2130920294,600061521,2638411716,3684121214,1624678374,2873243840,2606077359,4,175682,288,0,4,0,0
49042557,1,1,1904706379,2540513991,2248581891,2137052883,1952206724,1235103643,506802783,2463497322,400458075,4294967220,352514,576,288,4294967218,0,288
49042557,1,2,955736578,2670445018,129432333,1931527903,3243244512,2073668810,256146140,2207776230,1203503948,4294967172,527168,798,576,4294967170,66,510
49042557,1,3,3066838768,2028341082,3491671855,3354907218,3477926131,2092539111,784211292,1266143019,2201649283,4294967136,877136,1262,1152,4294967130,178,974
49042557,1,4,1605394225,2798880036,2224509207,2542788036,1211621914,4079892967,804676361,1324897226,1610714961,4294967198,1576280,2166,2304,4294967130,426,1878
49042557,1,5,1274486335,1935014715,1046246658,4219239689,1769755001,4160449782,3279399384,1888703465,4052743991,4294967190,2972555,3913,4608,4294967130,983,3625
49042557,1,6,3517496029,3822927227,4133342733,4043233408,252590591,598811396,822335799,2167440119,3763050578,4294967180,5769263,7533,9216,4294967130,1971,7245
49042557,1,7,1309400683,3609075485,1888128127,4243213007,3646342378,62064540,4079863507,391069170,600711025,4294967148,11356475,14585,18432,4294967126,4135,14297
49042557,1,8,1342138059,606922017,4117057255,4093351373,667611168,4199807231,2201593263,3060858366,3217752311,4294967106,22528985,28631,36864,4294967060,8521,28343
49042557,1,9,1736166411,3915906779,4289032188,4265148206,3033460728,4232429304,284906976,2662654949,65637379,4294967032,44806487,54677,73728,4294966966,19339,54389
49042557,1,10,2952302031,3635412698,4275744764,4294499023,3369068543,4223320056,4026391263,2291138026,4294959101,4294966774,88861607,91621,147456,4294966756,56123,91333
49042557,1,11,2952302031,3635412698,4275744764,4294499023,3369074687,4223320056,4026391263,2291138026,4294967293,4294966756,176449457,149679,294912,4294966756,145521,149391
3107428117,0,0,2383300609,2612655408,352629698,2220566050,3550832376,2418750605,2121580461,1997431021,4161164924,4294967272,175682,288,0,4294967272,0,0
3107428117,0,1,2389178542,2687943563,3518152386,946693367,2437917332,551638990,2625481207,1050147081,4262617057,4294967238,352514,576,288,4294967214,0,288
3107428117,0,2,2888934788,2275998258,1327868905,191766005,257654601,626861925,303905355,3889343968,2368320154,4294967232,529346,864,576,4294967208,0,576
3107428117,0,3,3371658124,1264451169,13346610,1247925052,3894993405,1918661992,659030580,1500130805,2385400585,4294967230,883010,1440,1152,4294967208,0,1152
3107428117,0,4,1626511950,541654167,2398509871,2390836830,3230634933,2839710812,235613392,1126015150,1452392740,4294967254,1590338,2592,2304,4294967186,0,2304
3107428117,0,5,1332318107,819270998,2006636413,110150206,1456980227,3007253232,88415718,1564441376,4163298938,4294967220,3004994,4896,4608,4294967178,0,4608
3107428117,0,6,3623126837,329137506,2103684099,1375912554,2352224131,803702593,3471421101,2872523518,3237479522,4294967220,5834306,9504,9216,4294967156,0,9216
3107428117,0,7,2714448366,1180736612,3226826654,4189617140,3049775239,961737486,947060225,3210462193,2110644677,4294967212,11492930,18720,18432,4294967134,0,18432
3107428117,0,8,1868141768,2684151860,4096085242,4092601747,3374525484,4181416440,600684891,949566877,1690275695,4294967192,22810178,37152,36864,4294967134,0,36864
3107428117,0,9,1826557232,256728466,14983943,1061856825,1862300888,3847037415,3974081224,2353585606,134201097,4294967152,45444674,74016,73728,4294967078,0,73728
3107428117,0,10,1396404767,3880976677,116216066,470320,925941760,71647367,268576032,2003829269,8388866,4294966852,90713666,147744,147456,4294966774,0,147456
3107428117,0,11,1342665264,659554597,19222531,468272,925892608,71647239,268576032,2003829269,2,4294966756,181251650,295200,294912,4294966756,0,294912
3107428117,1,0,2383300609,2612655408,352629698,2220566050,3550832376,2418750605,2121580461,1997431021,4161164924,4294967272,175682,288,0,4294967272,0,0
3107428117,1,1,2389178542,2687943563,3518152386,946693367,2437917332,551638990,2625481207,1050147081,4262617057,4294967238,352514,576,288,4294967214,0,288
3107428117,1,2,776351916,2773917927,3376098979,1953215287,994427906,4657141,1862116332,932132127,3725765589,4294967192,527597,811,576,4294967172,53,523
3107428117,1,3,3494357516,2859713190,700349435,1797600712,255542786,1807506279,3849176086,2982530802,3207655997,4294967192,877070,1260,1152,4294967154,180,972
3107428117,1,4,2865760130,816969686,658091886,947612741,4251523222,981475078,692869167,1095130344,2674962694,4294967246,1575785,2151,2304,4294967128,441,1863
3107428117,1,5,506655487,2924117952,618370964,2204352435,3470205822,3550074648,3958367669,4018387815,3990866925,4294967226,2974964,3986,4608,4294967128,910,3698
3107428117,1,6,2391188623,2597911066,1306431715,3975912896,751149026,1149177028,418920829,2338638588,417578044,4294967210,5769956,7554,9216,4294967118,1950,7266
3107428117,1,7,2428654332,549488422,3453119351,683385937,4262317252,2488596637,1619995040,3106406943,4285267907,4294967196,11356277,14579,18432,4294967088,4141,14291
3107428117,1,8,1945545299,2672310775,4181543499,1910452672,1202837616,259253659,759021997,3610065621,4018299179,4294967156,22524827,28505,36864,4294967086,8647,28217
3107428117,1,9,1610288687,3638552282,247021540,260608303,1228406524,2088386495,3077814735,1333231309,4264595452,4294967044,44805134,54636,73728,4294966968,19380,54348
3107428117,1,10,2952302031,3635412698,2128260924,4294499055,3369074687,4223320056,4026391263,2291138026,4290641661,4294966792,88848308,91218,147456,4294966756,56526,90930
3107428117,1,11,2952302031,3635412698,4275744764,4294499023,3369074687,4223320056,4026391263,2291138026,4294967293,4294966756,176430779,149113,294912,4294966756,146087,148825
3105735752,0,0,1247338225,3906519873,669056125,1221506934,3567878558,2220840228,3024713254,3658971848,252575708,4294967268,175682,288,0,4294967268,0,0
3105735752,0,1,218410764,953422749,142760970,969321397,1972888876,1178674247,2484742296,3231383282,3272420593,4294967226,352514,576,288,4294967212,0,288
3105735752,0,2,3020065175,188459295,2961602931,3785311828,653554571,205959301,3881477330,261932972,4027360899,4294967212,529346,864,576,4294967206,0,576
3105735752,0,3,4080458910,3225540518,144876507,3247271939,3524461057,3215111608,2066774667,1695440019,3248637651,4294967248,883010,1440,1152,4294967190,0,1152
3105735752,0,4,3045138595,3535781378,1019995442,3455209855,2400190472,2725562511,3137777373,2304138984,3374057067,4294967254,1590338,2592,2304,4294967190,0,2304
3105735752,0,5,3111975094,622231587,1159320270,3426558449,674720220,467188851,3694810681,535432783,2449469718,4294967260,3004994,4896,4608,4294967176,0,4608
3105735752,0,6,149375696,1887300058,633819263,4114434211,3469490268,3019747904,762139245,1985314661,2954976546,4294967232,5834306,9504,9216,4294967168,0,9216
3105735752,0,7,2387848565,3809204547,3588566350,2526664511,1906346995,2192164291,1331844695,2415715151,764025356,4294967262,11492930,18720,18432,4294967160,0,18432
3105735752,0,8,3753943195,3277262018,2918261246,4045135057,4194270335,43692030,2309937023,2676269731,3254629597,4294967200,22810178,37152,36864,4294967140,0,36864
3105735752,0,9,591038981,505953877,496323487,1926973997,3410892839,990179871,1883106388,2792430996,853835779,4294967158,45444674,74016,73728,4294967082,0,73728
3105735752,0,10,2968817105,3635478234,4275736828,3237534448,3367043071,4223303928,3506297568,2292252138,4294963325,4294966812,90713666,147744,147456,4294966790,0,147456
3105735752,0,11,2952302031,3635412698,4275744764,4294499023,3369074687,4223320056,4026391263,2291138026,4294967293,4294966756,181251650,295200,294912,4294966756,0,294912
3105735752,1,0,1247338225,3906519873,669056125,1221506934,3567878558,2220840228,3024713254,3658971848,252575708,4294967268,175682,288,0,4294967268,0,0
3105735752,1,1,218410764,953422749,142760970,969321397,1972888876,1178674247,2484742296,3231383282,3272420593,4294967226,352514,576,288,4294967212,0,288
3105735752,1,2,1557435271,1889348925,795268709,3961696844,1576830418,2236568580,3737004996,4235779834,2375474497,4294967260,527696,814,576,4294967212,50,526
3105735752,1,3,1471467215,1066855231,3626941501,167016412,900659186,3952786800,2424971964,816811554,2789087993,4294967206,877235,1265,1152,4294967174,175,977
3105735752,1,4,3297612655,4174708684,1490939122,777559535,4010708255,521502504,1040891147,1465365017,2913071132,4294967196,1576115,2161,2304,4294967168,431,1873
3105735752,1,5,3590583032,1350435551,3277374322,1064904839,188151774,4124924651,229769017,628605013,4268128254,4294967186,2974007,3957,4608,4294967152,939,3669
3105735752,1,6,985166364,616517946,2672190231,2881088158,3937615869,1411051523,4081188038,1871296386,3893289980,4294967198,5770385,7567,9216,4294967124,1937,7279
3105735752,1,7,3744138759,644822578,3352176748,2884131400,3468345215,4214528890,3950434715,2425291691,3790499630,4294967164,11355320,14550,18432,4294967100,4170,14262
3105735752,1,8,801141071,2700025554,4257532408,3363722419,3203674336,4232623581,2935347356,2257255868,3706964797,4294967138,22523111,28453,36864,4294967070,8699,28165
3105735752,1,9,804888014,3744464218,3067260862,4282920655,718274319,4225417208,4018002911,2546941930,2095063037,4294966974,44803550,54588,73728,4294966970,19428,54300
3105735752,1,10,2952236495,3635412698,4275744764,4294499023,3369074686,4223320056,4026391263,2291138026,4093640701,4294966784,88861310,91612,147456,4294966756,56132,91324
3105735752,1,11,2952302031,3635412698,4275744764,4294499023,3369074687,4223320056,4026391263,2291138026,4294967293,4294966756,176445431,149557,294912,4294966756,145643,149269
2653048158,0,0,964470378,819003053,723469190,2917826986,4191888643,4065095832,2063439450,3648771538,3112338391,4294967286,175682,288,0,4294967286,0,0
2653048158,0,1,79952458,3528957688,2639909869,3137901855,4133305728,3250949488,290747847,935050337,3865140098,4294967218,352514,576,288,4294967206,0,288
2653048158,0,2,2264767261,1900190478,235917181,2089347375,751001484,2318243470,3648903324,1744162217,3674226958,4294967246,529346,864,576,4294967206,0,576
2653048158,0,3,3653251017,592627059,2594180840,9290219,3200107304,2612550533,2784175382,4217633533,3154876002,4294967244,883010,1440,1152,4294967206,0,1152
2653048158,0,4,2513266957,1294668414,73179079,3838810583,3067250956,2360483851,2845375168,543497362,2597065933,4294967228,1590338,2592,2304,4294967166,0,2304
2653048158,0,5,1491043643,3825113301,669546432,2813356123,1225183311,2015551607,3141508609,3083737481,1842847563,4294967210,3004994,4896,4608,4294967166,0,4608
2653048158,0,6,1559764948,565523748,226848789,2765590704,3071401333,3408992425,3864601560,2668039451,2202301212,4294967222,5834306,9504,9216,4294967166,0,9216
2653048158,0,7,684215136,149629079,3780497793,2019907784,649720833,1864167173,178411005,2982254115,2365914309,4294967246,11492930,18720,18432,4294967144,0,18432
2653048158,0,8,2573757436,145444980,320187396,2114868566,1417042175,3693741470,1943454439,435126929,875568658,4294967204,22810178,37152,36864,4294967144,0,36864
2653048158,0,9,3758288621,3080788282,958573887,1107829451,2703167287,4223094528,3015554351,1219628426,4189400074,4294967134,45444674,74016,73728,4294967092,0,73728
2653048158,0,10,2818108879,3635281594,4275744764,4286110415,2832203775,4223320056,4026391263,2291138026,2147483645,4294966806,90713666,147744,147456,4294966762,0,147456
2653048158,0,11,2952302031,3635412698,4275744764,4294499023,3369074687,4223320056,4026391263,2291138026,4294967293,4294966756,181251650,295200,294912,4294966756,0,294912
2653048158,1,0,964470378,819003053,723469190,2917826986,4191888643,4065095832,2063439450,3648771538,3112338391,4294967286,175682,288,0,4294967286,0,0
2653048158,1,1,79952458,3528957688,2639909869,3137901855,4133305728,3250949488,290747847,935050337,3865140098,4294967218,352514,576,288,4294967206,0,288
2653048158,1,2,792199021,1729608412,4292689613,1576072558,3066511257,1192814460,2999118850,524953709,3237509250,4294967178,527663,813,576,4294967178,51,525
2653048158,1,3,1874374095,3747154155,3888208747,4263531798,368562160,1874327518,224990557,94912943,3229328962,4294967178,876971,1257,1152,4294967152,183,969
2653048158,1,4,1603190184,3226316994,566445912,1264502584,2140135534,4147753966,786455252,3457081583,4127195077,4294967160,1574828,2122,2304,4294967106,470,1834
2653048158,1,5,2080853000,3539344856,62739284,1753288509,3346538376,1456880339,3366585906,2434858524,4257665277,4294967204,2973050,3928,4608,4294967106,968,3640
2653048158,1,6,2831192872,4039231078,3789804513,417752207,3895322411,2139865020,3745456883,313540128,2110243175,4294967156,5769131,7529,9216,4294967106,1975,7241
2653048158,1,7,3355882126,3169976942,1023100464,3095124687,2621492937,3855173959,3737508708,1997295851,3193020284,4294967190,11354165,14515,18432,4294967106,4205,14227
2653048158,1,8,2942475205,1715437564,2128011645,760792381,2866642508,4090393824,3908910798,3356262376,4026957439,4294967140,22523408,28462,36864,4294967066,8690,28174
2653048158,1,9,1874371161,3341811417,4006510380,2163796625,3507740429,4087513073,2480522559,2272607733,1072973373,4294967068,44807906,54720,73728,4294966994,19296,54432
2653048158,1,10,2952302031,3635412698,4275744764,4260944591,3369074687,4223320056,4026325727,2156920298,4294967293,4294966780,88859165,91547,147456,4294966756,56197,91259
2653048158,1,11,2952302031,3635412698,4275744764,4294499023,3369074687,4223320056,4026391263,2291138026,4294967293,4294966756,176445827,149569,294912,4294966756,145631,149281
4116068117,0,0,1608561773,1930064923,1562175361,905263955,1835379935,3695153639,4176839899,2834644616,4226968876,4294967280,175682,288,0,4294967280,0,0
4116068117,0,1,415142136,3368126303,4255514111,99363426,4020682990,797811358,3819196,150305498,3705238776,4294967258,352514,576,288,4294967244,0,288
4116068117,0,2,1677349221,1105879814,3739647601,1742527225,4018130140,4090302396,1346119144,4247858713,1249392706,4294967198,529346,864,576,4294967194,0,576
4116068117,0,3,1870707850,1920403036,477836063,4152872720,242581920,12189989,4012443057,2865747137,3110440723,4294967238,883010,1440,1152,4294967184,0,1152
4116068117,0,4,1085180209,3616347539,3783700808,40427185,1007746050,709384101,158990396,2003954208,1817225410,4294967208,1590338,2592,2304,4294967184,0,2304
4116068117,0,5,3539528374,1644971098,1036344171,2925205971,3583422370,2868174721,2403151060,2503469629,694649834,4294967250,3004994,4896,4608,4294967154,0,4608
4116068117,0,6,1980236301,3806707411,3072415158,324106544,3183344538,1692239206,2555051910,2364277262,3854674574,4294967216,5834306,9504,9216,4294967154,0,9216
4116068117,0,7,2742171275,3462779247,2683766179,4081338957,369423142,1810224126,2943190451,208632804,3699079612,4294967234,11492930,18720,18432,4294967154,0,18432
4116068117,0,8,2299487664,3509980474,406546218,3022056239,2834501575,4189621239,2009453062,76012372,2500607387,4294967198,22810178,37152,36864,4294967132,0,36864
4116068117,0,9,1845369295,1447618607,3810331794,2095252684,1992356152,347418678,3368802780,3942499296,2556173011,4294967160,45444674,74016,73728,4294967092,0,73728
4116068117,0,10,1342665264,659554597,19222531,468272,925892608,340082695,268576033,2003829269,4027449570,4294966792,90713666,147744,147456,4294966756,0,147456
4116068117,0,11,1342665264,659554597,19222531,468272,925892608,71647239,268576032,2003829269,2,4294966756,181251650,295200,294912,4294966756,0,294912
4116068117,1,0,1608561773,1930064923,1562175361,905263955,1835379935,3695153639,4176839899,2834644616,4226968876,4294967280,175682,288,0,4294967280,0,0
4116068117,1,1,415142136,3368126303,4255514111,99363426,4020682990,797811358,3819196,150305498,3705238776,4294967258,352514,576,288,4294967244,0,288
4116068117,1,2,4250374845,5891814,4281282427,3539188647,3756495327,3048165287,873219774,3356244690,4024168446,4294967214,527003,793,576,4294967208,71,505
4116068117,1,3,1275564991,1600094174,3074298400,1990254739,3209659830,480763718,3625378542,2328880882,1037859884,4294967212,876278,1236,1152,4294967186,204,948
4116068117,1,4,3881570234,1466967821,3460970046,3352315508,775129485,3260620547,35887395,3355175885,3213295813,4294967236,1575752,2150,2304,4294967122,442,1862
4116068117,1,5,3514731536,3465648603,1877905677,2906066608,2392391743,4148674984,2493098912,462609593,2953957371,4294967172,2973545,3943,4608,4294967114,953,3655
4116068117,1,6,3816689355,2938109727,560420464,570214770,2161342524,2589850000,962356860,4148616215,1477577851,4294967228,5766920,7462,9216,4294967104,2042,7174
4116068117,1,7,1720676035,5693753,2906279869,266754109,3442998799,461996024,654054878,3749608469,3808855922,4294967132,11352251,14457,18432,4294967104,4263,14169
4116068117,1,8,2214162755,3187732317,4072322044,1606723011,1909393348,3409624900,2857639259,2336683173,1875705085,4294967124,22522517,28435,36864,4294967066,8717,28147
4116068117,1,9,1369930939,420970043,1071288441,4181319112,3372957692,4255298024,3441679089,2290927018,3355440325,4294967046,44802560,54558,73728,4294966994,19458,54270
4116068117,1,10,2952302031,3635412698,4275744764,4294499023,3369074687,4290428920,4026129119,2291138026,4294967293,4294966768,88867976,91814,147456,4294966756,55930,91526
4116068117,1,11,2952302031,3635412698,4275744764,4294499023,3369074687,4223320056,4026391263,2291138026,4294967293,4294966756,176451404,149738,294912,4294966756,145462,149450
3239509328,0,0,2907581680,533495752,1448641265,2507434736,1146999075,960690090,2983824561,3553754667,3541500842,4294967280,175682,288,0,4294967280,0,0
3239509328,0,1,3994654468,1351558674,2575487438,2096374599,906541056,3187759613,1268185592,3812472353,3088061858,4294967202,352514,576,288,4294967200,0,288
3239509328,0,2,839938307,781808445,788532088,1591866243,251672074,2552052281,463370766,2993775372,211691634,4294967244,529346,864,576,4294967190,0,576
3239509328,0,3,812943677,656213405,82585478,414352578,3186048358,3501743744,174440732,2339372723,3229622171,4294967228,883010,1440,1152,4294967190,0,1152
3239509328,0,4,1866890716,1968703027,692533670,2516669538,1384776149,1713523668,2972740424,2985843965,504143860,4294967254,1590338,2592,2304,4294967190,0,2304
3239509328,0,5,640861394,1857473682,1575788734,4284683216,3061726731,709171878,4277409023,4159913901,963477695,4294967234,3004994,4896,4608,4294967190,0,4608
3239509328,0,6,1426260628,2034458972,1180311324,1769434928,833518150,164977613,510319923,2122238490,805453706,4294967192,5834306,9504,9216,4294967178,0,9216
3239509328,0,7,1577737886,4217889074,786210348,2155206354,3420216257,171710842,984842245,2089756020,1473868521,4294967280,11492930,18720,18432,4294967150,0,18432
3239509328,0,8,2415327907,4142863205,1508290397,939720709,898403399,2179833784,3791655363,1269702709,3802673130,4294967202,22810178,37152,36864,4294967120,0,36864
3239509328,0,9,2155916635,1571035453,2706812771,1896830287,3395582643,4288220411,436058344,2052848649,3029282550,4294967154,45444674,74016,73728,4294967102,0,73728
3239509328,0,10,1344762417,659554597,19222531,468272,930086912,71647239,268576032,2003829269,130,4294966780,90713666,147744,147456,4294966764,0,147456
3239509328,0,11,1342665264,659554597,19222531,468272,925892608,71647239,268576032,2003829269,2,4294966756,181251650,295200,294912,4294966756,0,294912
3239509328,1,0,2907581680,533495752,1448641265,2507434736,1146999075,960690090,2983824561,3553754667,3541500842,4294967280,175682,288,0,4294967280,0,0
3239509328,1,1,3994654468,1351558674,2575487438,2096374599,906541056,3187759613,1268185592,3812472353,3088061858,4294967202,352514,576,288,4294967200,0,288
3239509328,1,2,3274214659,3234007427,2602659722,3169657973,3080743773,3939325995,213399984,1810807349,3766492914,4294967176,527366,804,576,4294967164,60,516
3239509328,1,3,804650371,459210939,3288718208,4262133451,3788651599,4232122509,150612665,851997188,2959163318,4294967172,875585,1215,1152,4294967152,225,927
3239509328,1,4,1305986835,3571499090,2044240634,2230821291,884702671,608500071,2751201598,1265295774,3745260013,4294967198,1573541,2083,2304,4294967132,509,1795
3239509328,1,5,2937359343,1486741446,4118719989,463732169,3918569998,1709957729,181783272,1878551913,4197513339,4294967184,2970971,3865,4608,4294967130,1031,3577
3239509328,1,6,110799596,492088692,559267367,4281325940,3252105950,3904568247,209484478,1802414089,4046487482,4294967170,5766227,7441,9216,4294967130,2063,7153
3239509328,1,7,905634389,3081256255,3399244803,4286592717,1590086696,4111269335,2163464767,2382430190,3546272213,4294967170,11353208,14486,18432,4294967100,4234,14198
3239509328,1,8,1729425955,466606393,2928386482,4153950959,2407963121,4288462556,933098203,4152360434,4265611259,4294967132,22525190,28516,36864,4294967100,8636,28228
3239509328,1,9,200913995,2055929852,3852738815,2129079873,4144996592,878555125,3880919767,1989114386,4177555900,4294967102,44800580,54498,73728,4294966992,19518,54210
3239509328,1,10,2952302031,3635412698,3202002940,4294499023,3369074687,4223320056,4026391263,2291138026,4288675837,4294966772,88882925,92267,147456,4294966756,55477,91979
3239509328,1,11,2952302031,3635412698,4275744764,4294499023,3369074687,4223320056,4026391263,2291138026,4294967293,4294966756,176464835,150145,294912,4294966756,145055,149857
450314930,0,0,2670253717,2462214541,2535540188,3162604162,907337979,611522349,1165886456,1989133331,4204624461,4294967276,175682,288,0,4294967276,0,0
450314930,0,1,3338380919,3301392603,2494258916,2110494253,199656737,1801414452,1548800860,1922386578,3962242298,4294967262,352514,576,288,4294967236,0,288
450314930,0,2,1103285835,2545041882,223761349,2654489431,2847922224,3690367733,1861147204,4218447514,3285837669,4294967226,529346,864,576,4294967220,0,576
450314930,0,3,2938146092,2745712895,2137418100,735235605,3617736245,293820757,141125159,4085029744,1323204655,4294967276,883010,1440,1152,4294967204,0,1152
450314930,0,4,4227042205,1425005945,3910812542,586421521,1832210025,3630611576,1405807775,2003564500,770978792,4294967246,1590338,2592,2304,4294967192,0,2304
450314930,0,5,552470104,1298264147,3835209958,3370588272,2296436003,363109428,788287586,2286397180,2664536996,4294967218,3004994,4896,4608,4294967182,0,4608
450314930,0,6,869560521,2334465253,647705180,21159283,3072920750,4225368400,3489390179,346710308,570426866,4294967192,5834306,9504,9216,4294967152,0,9216
450314930,0,7,3440956322,3059878948,2055696661,271068314,2410495291,1350167867,2898498256,249368043,2675043930,4294967240,11492930,18720,18432,4294967152,0,18432
450314930,0,8,4177787953,3941169640,3402285951,3487074954,3837467685,1738524480,880282031,3413297641,4208990966,4294967202,22810178,37152,36864,4294967150,0,36864
450314930,0,9,2485224911,3635161563,3210402853,3150519487,1188282623,2096972663,3548195875,4110390037,2448628375,4294967128,45444674,74016,73728,4294967070,0,73728
450314930,0,10,2951253455,3635412698,4274958332,4026063567,3369074687,4223320057,3976059615,2290933226,4294934781,4294966822,90713666,147744,147456,4294966768,0,147456
450314930,0,11,2952302031,3635412698,4275744764,4294499023,3369074687,4223320056,4026391263,2291138026,4294967293,4294966756,181251650,295200,294912,4294966756,0,294912
450314930,1,0,2670253717,2462214541,2535540188,3162604162,907337979,611522349,1165886456,1989133331,4204624461,4294967276,175682,288,0,4294967276,0,0
450314930,1,1,3338380919,3301392603,2494258916,2110494253,199656737,1801414452,1548800860,1922386578,3962242298,4294967262,352514,576,288,4294967236,0,288
450314930,1,2,1178387575,4242468427,2238139284,4220249903,697451250,2021877356,342194718,1221991946,4107227134,4294967210,527300,802,576,4294967202,62,514
450314930,1,3,3879832598,1017592331,3823654853,4263691579,1312585565,3376201328,2528009086,296857202,1039910524,4294967218,875981,1227,1152,4294967148,213,939
450314930,1,4,2901970368,1570762712,266313723,4279621021,4040110329,3208754973,1485661747,2966617566,4278067709,4294967120,1574630,2116,2304,4294967118,476,1828
450314930,1,5,3488137207,2023874678,1137295299,2153717239,930338867,4190485975,1710548508,2221747670,578829348,4294967160,2970542,3852,4608,4294967116,1044,3564
450314930,1,6,1551544882,2942172613,4191513850,1211941432,963150606,256556868,277731702,1332808825,4265293772,4294967098,5763290,7352,9216,4294967098,2152,7064
450314930,1,7,2768686018,3634397482,2665290427,530314735,227860784,4218856699,1476204225,4006343179,2952831923,4294967144,11347763,14321,18432,4294967096,4399,14033
450314930,1,8,3704327068,994872601,249233675,487128849,1766658046,178945568,3426503389,3997482230,287841786,4294967136,22524695,28501,36864,4294967084,8651,28213
450314930,1,9,3480783439,3486449365,4058337789,3019359667,2294575615,4206542072,2478627516,284687475,2397552412,4294967034,44803319,54581,73728,4294966968,19435,54293
450314930,1,10,2952302031,3635412698,4275742716,4294499023,3369041919,4223320056,4026391263,2291138026,4294967293,4294966770,88856525,91467,147456,4294966756,56277,91179
450314930,1,11,2952302031,3635412698,4275744764,4294499023,3369074687,4223320056,4026391263,2291138026,4294967293,4294966756,176436422,149284,294912,4294966756,145916,148996
1824072324,0,0,3214976382,3358895900,1576504679,1879937079,2153638854,1298418057,2236246878,836044865,3579749485,36,175682,288,0,36,0,0
1824072324,0,1,4036762584,3490780896,102701996,2412147625,3727887247,623363725,2428506543,2758242815,2861799677,4294967264,352514,576,288,4294967258,0,288
1824072324,0,2,1091964357,3748674130,171207937,1777631223,688630234,241733520,2160312050,3504798705,2549080000,4294967262,529346,864,576,4294967242,0,576
1824072324,0,3,2427213720,1531447624,29165824,1419206000,406186926,3229227239,61719086,824934850,3579887675,4294967216,883010,1440,1152,4294967196,0,1152
1824072324,0,4,1073290867,3450813390,299747847,1205779424,3016498072,2389324031,1743739576,2131757850,2836578923,4294967228,1590338,2592,2304,4294967186,0,2304
1824072324,0,5,1438756648,743461864,3987827806,528858206,2063971483,3829678217,2666752226,3564761979,3282402177,4294967242,3004994,4896,4608,4294967186,0,4608
1824072324,0,6,2704396091,3928929498,1161871892,3210971596,3029719947,2400087768,2691865930,2005522009,3284833927,4294967278,5834306,9504,9216,4294967172,0,9216
1824072324,0,7,1373391411,3452535337,2627662272,4078611893,84348722,2055727393,2952994153,1578173229,2791771814,4294967214,11492930,18720,18432,4294967156,0,18432
1824072324,0,8,834256188,3381716582,4200550496,2683852218,4015963773,3796052915,3085355072,1128393370,523714266,4294967200,22810178,37152,36864,4294967148,0,36864
1824072324,0,9,2903416029,2281563883,378973948,1687668166,3476064483,716650507,2083161624,2876453559,534524187,4294967160,45444674,74016,73728,4294967084,0,73728
1824072324,0,10,2944879695,951025946,20623107,4278658255,927924224,71679783,1862411743,2001666581,16130,4294966822,90713666,147744,147456,4294966796,0,147456
1824072324,0,11,2936475087,1487864154,22720259,4278672079,1221525631,70958855,4009908959,143589994,8388354,4294966780,181251650,295200,294912,4294966780,0,294912
1824072324,1,0,3214976382,3358895900,1576504679,1879937079,2153638854,1298418057,2236246878,836044865,3579749485,36,175682,288,0,36,0,0
1824072324,1,1,4036762584,3490780896,102701996,2412147625,3727887247,623363725,2428506543,2758242815,2861799677,4294967264,352514,576,288,4294967258,0,288
1824072324,1,2,3069941461,489657987,1127919516,3888627227,3577421527,243811384,2134945081,3018845530,3318911207,4294967226,527762,816,576,4294967220,48,528
1824072324,1,3,3371279650,2826353334,1686458334,4182029511,4037181151,734153692,2735560393,210616422,2805596133,4294967204,877037,1259,1152,4294967136,181,971
1824072324,1,4,2314116082,3869837806,1809427483,1022354684,791439468,576590388,3072994136,2545081513,4134428803,4294967220,1576049,2159,2304,4294967136,433,1871
1824072324,1,5,2935032031,2827497115,3186895907,2752627446,2089556705,23260420,3809985391,1040178843,3975814903,4294967226,2972852,3922,4608,4294967136,974,3634
1824072324,1,6,526599279,1579120920,998080306,2008634127,194395678,1294835455,1602370867,1519379041,4290558944,4294967160,5767019,7465,9216,4294967116,2039,7177
1824072324,1,7,3499724080,382697308,4049395678,165921421,2985785455,3838535423,270400308,2423291773,117383605,4294967148,11354528,14526,18432,4294967104,4194,14238
1824072324,1,8,2920005836,1586501781,129487363,2990827507,3418627455,3149878456,427678129,925859013,3497457638,4294967160,22528688,28622,36864,4294967098,8530,28334
1824072324,1,9,792250319,3344371417,505770812,574336,3275005942,4089302264,3975011757,2828000715,4037016571,4294967028,44813714,54896,73728,4294966954,19120,54608
1824072324,1,10,2952302031,3635412698,4275744764,4294499023,3369074687,4223320056,4026391263,2291138026,4294967293,4294966756,88876721,92079,147456,4294966756,55665,91791
1824072324,1,11,2952302031,3635412698,4275744764,4294499023,3369074687,4223320056,4026391263,2291138026,4294967293,4294966756,176460545,150015,294912,4294966756,145185,149727
1713944674,0,0,4224852930,1059254552,1600306828,2744241366,3804149818,3738830826,2813978275,1756065523,1343256419,4294967290,175682,288,0,4294967290,0,0
1713944674,0,1,1037061697,612925973,2116396842,3396106882,3353739062,3101991696,1860543271,3248621027,1085907469,4294967232,352514,576,288,4294967228,0,288
1713944674,0,2,3275182983,602361013,3976634886,2297997928,2545541117,3435356863,666183574,3742588084,1505597803,4294967250,529346,864,576,4294967200,0,576
1713944674,0,3,677055221,839408146,143715519,1439738653,3463149065,3078131578,951902399,3135528130,274500318,4294967290,883010,1440,1152,4294967200,0,1152
1713944674,0,4,2098939341,1960079442,4181075030,82422281,3494623253,3148519000,1395407122,2197064052,4153543743,4294967264,1590338,2592,2304,4294967200,0,2304
1713944674,0,5,2406199023,998250340,176834084,4126965404,4117512042,1742857057,1411175559,2428157542,1509675231,4294967268,3004994,4896,4608,4294967200,0,4608
1713944674,0,6,3552744675,1008145454,106607352,4123141079,3709564255,2716903794,662842913,725048263,12977088,4294967258,5834306,9504,9216,4294967166,0,9216
1713944674,0,7,1216859852,3864657441,3332540650,1225008115,168423508,3731194345,3352599524,2540384751,2362474485,4294967206,11492930,18720,18432,4294967140,0,18432
1713944674,0,8,2826989132,1032590453,1244796638,2362907128,129923108,2781008804,3271477056,258144713,2142246769,4294967214,22810178,37152,36864,4294967140,0,36864
1713944674,0,9,3741843037,1160213801,1389850745,528995132,2267742388,3120940024,3516144609,1785786473,4265504980,4294967148,45444674,74016,73728,4294967090,0,73728
1713944674,0,10,1351053840,659554597,19222531,17245489,925958144,71647495,268576032,2003829269,258,4294966782,90713666,147744,147456,4294966762,0,147456
1713944674,0,11,1342665264,659554597,19222531,468272,925892608,71647239,268576032,2003829269,2,4294966756,181251650,295200,294912,4294966756,0,294912
1713944674,1,0,4224852930,1059254552,1600306828,2744241366,3804149818,3738830826,2813978275,1756065523,1343256419,4294967290,175682,288,0,4294967290,0,0
1713944674,1,1,1037061697,612925973,2116396842,3396106882,3353739062,3101991696,1860543271,3248621027,1085907469,4294967232,352514,576,288,4294967228,0,288
1713944674,1,2,132741319,2206467757,847471472,3350731159,3473395132,3334911814,3485680422,4011462891,161055239,4294967212,527630,812,576,4294967190,52,524
1713944674,1,3,294026858,3844043642,2134355661,3318340405,3486250876,4077759483,1944217875,3083046243,1997951749,4294967222,876938,1256,1152,4294967190,184,968
1713944674,1,4,3754652467,3264966376,1877090143,4227336123,3100474308,2242215311,2941114164,2461431394,3069691760,4294967198,1575785,2151,2304,4294967182,441,1863
1713944674,1,5,2532897782,2929864245,510131859,4266080571,1506757864,976238619,4227533279,109702774,2619455870,4294967196,2971994,3896,4608,4294967128,1000,3608
1713944674,1,6,3748102774,3015736297,1861298252,871928590,2328968958,4242842046,1988007264,960134817,3997975520,4294967170,5767349,7475,9216,4294967128,2029,7187
1713944674,1,7,529048702,1194110373,4260720255,1056427867,3020786912,4091482593,2952636241,3136202165,792780077,4294967168,11352317,14459,18432,4294967104,4261,14171
1713944674,1,8,2276995328,3925343972,4238800893,410097111,4105010801,1942412090,2587870911,3361537526,3803261949,4294967146,22521296,28398,36864,4294967086,8754,28110
1713944674,1,9,3620506536,3638021850,4191838178,1291344510,3224420231,4105846984,2401145583,2534375354,4259378431,4294967062,44795762,54352,73728,4294966958,19664,54064
1713944674,1,10,2949156047,3635412698,4275744740,4294499023,3368878079,4223320056,4026391263,2291138026,2147483005,4294966804,88872761,91959,147456,4294966756,55785,91671
1713944674,1,11,2952302031,3635412698,4275744764,4294499023,3369074687,4223320056,4026391263,2291138026,4294967293,4294966756,176459456,149982,294912,4294966756,145218,149694
3424542873,0,0,674686025,1505709712,3250086006,2002256404,291150855,1663015136,1621928193,549205518,1697081453,2,175682,288,0,2,0,0
3424542873,0,1,2078621173,1383529596,2035381137,1635326801,4104407615,3888166086,1775448371,2368848210,1199783714,4294967240,352514,576,288,4294967234,0,288
3424542873,0,2,1570722604,499679980,236128778,2683136063,1619221068,343118823,3913443928,2030973366,997744481,4294967236,529346,864,576,4294967216,0,576
3424542873,0,3,483475948,614898896,3198994023,24528200,1336505192,4064999590,1589258038,2588111236,1927941069,4294967270,883010,1440,1152,4294967200,0,1152
3424542873,0,4,3970998832,1479730781,3091813015,1433968183,1353811466,2570858283,3803789764,3607467606,4052511955,4294967260,1590338,2592,2304,4294967158,0,2304
3424542873,0,5,3128229576,2611019481,2243407054,3812150006,4155956709,3497495705,1662788823,1997336976,3018776820,4294967190,3004994,4896,4608,4294967158,0,4608
3424542873,0,6,3877413591,1719213001,1033047251,940362042,2084571586,933455124,1844728601,1082977292,2017430034,4294967234,5834306,9504,9216,4294967158,0,9216
3424542873,0,7,4020787071,3504334499,1572502388,448367126,1757896270,44994128,3511022073,3101917661,1072710945,4294967228,11492930,18720,18432,4294967158,0,18432
3424542873,0,8,3170915776,4141288785,3152378995,2654979370,3602433206,901595278,3518650831,132282630,113665799,4294967230,22810178,37152,36864,4294967140,0,36864
3424542873,0,9,788700367,976172864,572387596,4171052073,641991832,1517729795,2447739437,3749586298,238159875,4294967200,45444674,74016,73728,4294967078,0,73728
3424542873,0,10,2952302030,3635412698,4275744764,4294499023,3369074687,4206542840,3976059615,2291070442,4278190077,4294966794,90713666,147744,147456,4294966764,0,147456
3424542873,0,11,2952302031,3635412698,4275744764,4294499023,3369074687,4223320056,4026391263,2291138026,4294967293,4294966756,181251650,295200,294912,4294966756,0,294912
3424542873,1,0,674686025,1505709712,3250086006,2002256404,291150855,1663015136,1621928193,549205518,1697081453,2,175682,288,0,2,0,0
3424542873,1,1,2078621173,1383529596,2035381137,1635326801,4104407615,3888166086,1775448371,2368848210,1199783714,4294967240,352514,576,288,4294967234,0,288
3424542873,1,2,728005932,693294365,2320858101,2177772373,3034545158,2974475335,2916297565,2051471645,2816557026,4294967234,527597,811,576,4294967220,53,523
3424542873,1,3,1742669631,996269854,247029827,1445501238,304555429,4251270187,1738747900,3876529195,3822231493,4294967178,876707,1249,1152,4294967142,191,961
3424542873,1,4,799048391,2636381322,640304948,4035475904,3091522510,729988922,3961451806,2997746645,3824993217,4294967158,1575719,2149,2304,4294967142,443,1861
3424542873,1,5,2139575259,3860714209,4144895342,202923055,1061144886,3214491903,2382755519,1954090259,4033934791,4294967226,2972588,3914,4608,4294967104,982,3626
3424542873,1,6,2081387388,2907775742,1591824506,470507277,931085436,943157735,1643009330,80341573,2045983646,4294967180,5767844,7490,9216,4294967104,2014,7202
3424542873,1,7,1876199995,2603613117,3198195962,117258806,1358888860,4290330107,2548430111,2278853063,2819918859,4294967152,11355881,14567,18432,4294967104,4153,14279
3424542873,1,8,1760653872,3310367494,3193377083,1057412433,3872390683,4288481273,4294955755,781186537,4267504639,4294967118,22523474,28464,36864,4294967092,8688,28176
3424542873,1,9,3480956903,3101629738,960208671,1878539727,659541016,3831348811,3837980382,3903650346,2440035579,4294967058,44798402,54432,73728,4294966974,19584,54144
3424542873,1,10,2952302031,3635412698,4275744764,4294499023,3369074687,4223320056,4026391263,2291138026,4294967293,4294966756,88858703,91533,147456,4294966756,56211,91245
3424542873,1,11,2952302031,3635412698,4275744764,4294499023,3369074687,4223320056,4026391263,2291138026,4294967293,4294966756,176441768,149446,294912,4294966756,145754,149158
3090383553,0,0,1273203862,1546037116,1046908828,2310564361,1281229232,1110731275,349654192,401319373,3343886604,4294967272,175682,288,0,4294967272,0,0
3090383553,0,1,2681294143,2572962650,3087048704,4253523704,1102054599,542353481,59097577,2087158382,3825072165,4294967224,352514,576,288,4294967220,0,288
3090383553,0,2,1160973676,2797843357,3441690763,2893124935,1218331201,1183561839,868243203,1336859158,3054526389,4294967246,529346,864,576,4294967220,0,576
3090383553,0,3,3918572995,626345183,3916275009,3483944348,2916350920,1155662284,334664560,3769044551,124751106,4294967230,883010,1440,1152,4294967220,0,1152
3090383553,0,4,1378885871,1135469108,1124245952,2973066047,567883719,2483425409,2480190334,983684272,3296991509,4294967270,1590338,2592,2304,4294967214,0,2304
3090383553,0,5,15055154,2462634149,2686558114,2342404883,919286636,456040560,3471705935,4021747469,146734836,4294967226,3004994,4896,4608,4294967194,0,4608
3090383553,0,6,1161952247,961295691,3591966605,3184777573,3163905950,2117480442,110859076,2290801513,678260111,4294967256,5834306,9504,9216,4294967166,0,9216
3090383553,0,7,788939641,1378807858,1430569465,478629180,1372133472,664862743,746693943,2793358804,3056830341,4294967170,11492930,18720,18432,4294967148,0,18432
3090383553,0,8,3216702207,2558215400,3973630434,372457923,1327379252,3808692791,1056582159,2299261496,1595998207,4294967208,22810178,37152,36864,4294967134,0,36864
3090383553,0,9,2893054510,3333224532,4074317819,2110149968,3212835914,4223471480,4059749698,1159058082,2216220632,4294967134,45444674,74016,73728,4294967070,0,73728
3090383553,0,10,1342661576,659554597,19222531,468272,925892608,71647239,268576544,2003829269,2,4294966786,90713666,147744,147456,4294966774,0,147456
3090383553,0,11,1342665264,659554597,19222531,468272,925892608,71647239,268576032,2003829269,2,4294966756,181251650,295200,294912,4294966756,0,294912
3090383553,1,0,1273203862,1546037116,1046908828,2310564361,1281229232,1110731275,349654192,401319373,3343886604,4294967272,175682,288,0,4294967272,0,0
3090383553,1,1,2681294143,2572962650,3087048704,4253523704,1102054599,542353481,59097577,2087158382,3825072165,4294967224,352514,576,288,4294967220,0,288
3090383553,1,2,533482683,1146395096,286576919,2930195997,4268121787,79597641,528731872,3596723094,4092719489,4294967196,527399,805,576,4294967194,59,517
3090383553,1,3,1057022845,1239396521,2210319301,4195024058,2317361097,389212614,3726181550,4222552723,840969056,4294967238,876509,1243,1152,4294967154,197,955
3090383553,1,4,2943434059,1624593730,1064221759,2138619359,651148144,63352634,806885116,3535108689,1049215288,4294967166,1575257,2135,2304,4294967134,457,1847
3090383553,1,5,3823566245,946864091,1564311398,2422152127,2497703981,1865071351,3456973514,1174597162,2448490694,4294967184,2972060,3898,4608,4294967134,998,3610
3090383553,1,6,1315442191,702468393,4281329399,2375603167,3433086967,3291474140,3494110666,4285137669,202914506,4294967156,5769791,7549,9216,4294967102,1955,7261
3090383553,1,7,1458521038,3196774164,523245855,864812726,2970296975,57411585,3560798433,2258566476,406308346,4294967210,11357003,14601,18432,4294967102,4119,14313
3090383553,1,8,3963131912,451683846,4181392511,1073691335,3375269919,3299245893,3606634041,2717113335,3822031611,4294967126,22523177,28455,36864,4294967084,8697,28167
3090383553,1,9,66690451,2941124302,966872893,255108131,3613385712,2074460132,4282230239,3065511381,4291413759,4294967032,44802824,54566,73728,4294966964,19450,54278
3090383553,1,10,2952433103,3635411162,4275220476,4294499023,2295332863,4223320056,4026391263,2291138026,4294967293,4294966786,88859561,91559,147456,4294966756,56185,91271
3090383553,1,11,2952302031,3635412698,4275744764,4294499023,3369074687,4223320056,4026391263,2291138026,4294967293,4294966756,176441669,149443,294912,4294966756,145757,149155
3138564472,0,0,3354578258,1197199437,3787700104,4125437089,2213769720,1583166561,2994965775,2576660985,619063708,4294967280,175682,288,0,4294967280,0,0
3138564472,0,1,2458365376,3616668381,1968197895,1870178125,3239519160,3686886328,4192321549,1552991735,3717609669,4294967190,352514,576,288,4294967190,0,288
3138564472,0,2,793047967,1462552598,1926909767,2143648572,2679321251,1801722899,3282945658,1288469814,3968547941,4294967236,529346,864,576,4294967182,0,576
3138564472,0,3,4268188346,1774542665,715874568,2400495055,3911119055,2285631884,3353501117,4009884027,3261287312,4294967246,883010,1440,1152,4294967182,0,1152
3138564472,0,4,1947301468,1566578694,4002961603,2040126637,2869923103,500776956,1430515164,4130505563,2457642163,4294967220,1590338,2592,2304,4294967182,0,2304
3138564472,0,5,1592254264,2468858795,966308458,207165120,3062864616,1259715787,1510917409,1995551448,419400594,4294967236,3004994,4896,4608,4294967182,0,4608
3138564472,0,6,1640015816,1043325496,3861523938,2297794984,262289553,1622799159,1354991912,50333556,1624626945,4294967194,5834306,9504,9216,4294967178,0,9216
3138564472,0,7,1131447589,825302650,2117784172,4244970520,4106469635,2179327879,1342569735,144202748,2211307521,4294967172,11492930,18720,18432,4294967168,0,18432
3138564472,0,8,2090327496,4154314955,1336382058,44092176,1276309950,2553832871,279847430,2235734435,3769468218,4294967240,22810178,37152,36864,4294967134,0,36864
3138564472,0,9,1365658162,3713228829,3403372540,2074933839,2282483679,3887774188,797431066,1093878313,3333931551,4294967102,45444674,74016,73728,4294967076,0,73728
3138564472,0,10,1342698097,659554597,19222531,468272,930086912,71647239,268576032,2003829333,655362,4294966800,90713666,147744,147456,4294966756,0,147456
3138564472,0,11,1342665264,659554597,19222531,468272,925892608,71647239,268576032,2003829269,2,4294966756,181251650,295200,294912,4294966756,0,294912
3138564472,1,0,3354578258,1197199437,3787700104,4125437089,2213769720,1583166561,2994965775,2576660985,619063708,4294967280,175682,288,0,4294967280,0,0
3138564472,1,1,2458365376,3616668381,1968197895,1870178125,3239519160,3686886328,4192321549,1552991735,3717609669,4294967190,352514,576,288,4294967190,0,288
3138564472,1,2,3413618123,3334688981,2141542575,1467135343,1724774580,4224043192,4124760985,4158658039,3725062393,4294967206,526904,790,576,4294967176,74,502
3138564472,1,3,1127490243,2531030279,859114064,2146458223,3250696992,236369502,3607963159,4270987655,3489231429,4294967232,876212,1234,1152,4294967168,206,946
3138564472,1,4,535079759,2628905180,2021643770,1579984372,189726033,1269991376,3366918910,3080330307,229441295,4294967208,1574762,2120,2304,4294967144,472,1832
3138564472,1,5,3053932978,1420559646,4007933110,2128143867,3421380066,2125806840,4243864157,2785598484,3384048315,4294967164,2973347,3937,4608,4294967142,959,3649
3138564472,1,6,1758328235,3632216283,503002932,1027316563,2359291664,3617478135,502584077,2575154795,1014901694,4294967178,5765699,7425,9216,4294967124,2079,7137
3138564472,1,7,2969528536,4119859398,1985877254,2973652399,3274702197,3417817816,411966115,4210155115,1239519490,4294967178,11354363,14521,18432,4294967090,4199,14233
3138564472,1,8,2766795979,3887136550,4271453436,3355124054,921560504,2622143911,2516388597,2898908346,573016338,4294967150,22523936,28478,36864,4294967076,8674,28190
3138564472,1,9,786527183,1722672484,4247101949,4244370881,2347663352,3149578120,4294958815,4136566176,4194170109,4294967020,44806421,54675,73728,4294966954,19341,54387
3138564472,1,10,2952302031,3635412698,4275744764,4294499023,3369070591,4223582200,4026391263,2290875882,4294967293,4294966780,88855502,91436,147456,4294966756,56308,91148
3138564472,1,11,2952302031,3635412698,4275744764,4294499023,3369074687,4223320056,4026391263,2291138026,4294967293,4294966756,176439887,149389,294912,4294966756,145811,149101
3040881373,0,0,626240785,1939744254,3228385482,147092456,3509371132,3227446850,51352357,2056854939,1923909791,4294967262,175682,288,0,4294967262,0,0
3040881373,0,1,3073807357,4149655654,570315794,2623597366,4172246465,410437600,503852335,2480899808,2288654066,4294967196,352514,576,288,4294967184,0,288
3040881373,0,2,2770739923,3417330107,3035227772,3598365989,986136897,403255051,4248951015,295916006,1224147598,4294967238,529346,864,576,4294967184,0,576
3040881373,0,3,1397421016,1540446457,1439707511,3906449952,2166059964,1492594433,3857271363,117960776,2168718754,4294967240,883010,1440,1152,4294967184,0,1152
3040881373,0,4,2887204241,2664542498,4111821547,3348202458,507269388,3370438494,2039332243,911023144,2588800868,4294967262,1590338,2592,2304,4294967184,0,2304
3040881373,0,5,1326875771,3778756332,1476688664,4228031646,1135642642,3079537668,1241031860,1258675756,432130108,4294967254,3004994,4896,4608,4294967184,0,4608
3040881373,0,6,2355356017,613314588,3003686409,919448860,1144358782,767907139,4010806237,4022944306,4169661554,4294967240,5834306,9504,9216,4294967144,0,9216
3040881373,0,7,3867392403,3033961448,1163053232,4013939910,2825893949,4236510360,729286362,3950867249,80561133,4294967246,11492930,18720,18432,4294967144,0,18432
3040881373,0,8,3752219135,3293804359,3716559653,1422903511,595646632,3832372960,1073186338,3056038610,4052829309,4294967222,22810178,37152,36864,4294967144,0,36864
3040881373,0,9,1359516832,3612740037,2985516062,2218713871,892629955,994401959,2398471391,1680621046,275975957,4294967124,45444674,74016,73728,4294967060,0,73728
3040881373,0,10,283603504,659554597,19222531,468272,925892608,71647239,285353248,2003927573,2147483810,4294966796,90713666,147744,147456,4294966756,0,147456
3040881373,0,11,1342665264,659554597,19222531,468272,925892608,71647239,268576032,2003829269,2,4294966756,181251650,295200,294912,4294966756,0,294912
3040881373,1,0,626240785,1939744254,3228385482,147092456,3509371132,3227446850,51352357,2056854939,1923909791,4294967262,175682,288,0,4294967262,0,0
3040881373,1,1,3073807357,4149655654,570315794,2623597366,4172246465,410437600,503852335,2480899808,2288654066,4294967196,352514,576,288,4294967184,0,288
3040881373,1,2,777319391,3914781856,1908630035,1592189750,1492076405,728276987,268294943,2471462335,4222955135,4294967178,527498,808,576,4294967178,56,520
3040881373,1,3,3136754142,3631927877,1770090107,3229541151,100099673,2606398392,198186009,3326389668,4090568671,4294967230,877037,1259,1152,4294967172,181,971
3040881373,1,4,1296866516,2610347611,4191382326,1057086088,1609893618,4053974527,1810603739,1753716970,2135752438,4294967216,1576775,2181,2304,4294967172,411,1893
3040881373,1,5,1136553297,1590124572,1428520550,2421374270,3334353405,2580708652,685494458,3142112166,3384805871,4294967212,2975030,3988,4608,4294967124,908,3700
3040881373,1,6,602965111,2401764073,4181928077,4159703754,3032092611,1955171872,3229403617,2801174637,274036250,4294967200,5770088,7558,9216,4294967118,1946,7270
3040881373,1,7,2960428629,1542431452,4007571219,4071726190,2005859623,3259029243,234412941,174575406,3747995556,4294967232,11358290,14640,18432,4294967114,4080,14352
3040881373,1,8,887112757,1527771481,953734147,3447971468,1198290883,1986347124,2682514716,2540694255,34742139,4294967166,22529414,28644,36864,4294967082,8508,28356
3040881373,1,9,2935517901,3434086075,1056616444,4281391695,3100606399,4219133896,3925682910,2308832906,4058998266,4294966996,44815925,54963,73728,4294966964,19053,54675
3040881373,1,10,2952299983,3635412690,4275744764,4294499023,3369074687,4223320056,4026391263,2291138026,4294967293,4294966766,88876886,92084,147456,4294966756,55660,91796
3040881373,1,11,2952302031,3635412698,4275744764,4294499023,3369074687,4223320056,4026391263,2291138026,4294967293,4294966756,176461073,150031,294912,4294966756,145169,149743
2911711562,0,0,1897444396,2423006720,3997394030,2857585383,3089494538,3945679015,3754384337,3177636791,1880642484,4294967292,175682,288,0,4294967292,0,0
2911711562,0,1,3497923965,2399152690,109516332,88353597,859829052,1533097956,3616139880,750615590,4060715467,4294967232,352514,576,288,4294967210,0,288
2911711562,0,2,3492805343,2161367726,1163415823,249916977,423049687,1867205497,3714953732,1268886762,3243237473,4294967224,529346,864,576,4294967210,0,576
2911711562,0,3,382729794,666590138,2682438597,3710941850,2829555142,28626816,236780716,1643527891,4234108651,4294967242,883010,1440,1152,4294967208,0,1152
2911711562,0,4,2515994638,632684100,609390627,2403488823,2944216843,2726562878,1857212769,3373030061,3040086156,4294967238,1590338,2592,2304,4294967172,0,2304
2911711562,0,5,2450591488,2722019665,514479746,2093386152,1880158170,208814252,75154080,3640059930,3253186403,4294967208,3004994,4896,4608,4294967172,0,4608
2911711562,0,6,770366918,2940149987,2360020878,2397580071,4256427494,1464330547,1509280463,2945680701,1610098561,4294967206,5834306,9504,9216,4294967152,0,9216
2911711562,0,7,3809071118,770398276,3536490831,4212020595,1448003431,2465384871,75569964,1868136459,3414789519,4294967250,11492930,18720,18432,4294967152,0,18432
2911711562,0,8,2309624271,2687318040,2261854589,804312759,960262659,3827005927,516549462,4133444085,4279990733,4294967182,22810178,37152,36864,4294967152,0,36864
2911711562,0,9,2412187527,540492064,3804936163,1087236695,197758192,2067447801,3958097947,2962027306,2686654515,4294967130,45444674,74016,73728,4294967072,0,73728
2911711562,0,10,2919199439,649027876,19181315,4278658767,919535651,71614215,4009895135,1989095958,261890,4294966836,90713666,147744,147456,4294966816,0,147456
2911711562,0,11,2936501199,649003300,19181315,4278658255,919535617,71614215,4009895135,1989083668,130818,4294966780,181251650,295200,294912,4294966780,0,294912
2911711562,1,0,1897444396,2423006720,3997394030,2857585383,3089494538,3945679015,3754384337,3177636791,1880642484,4294967292,175682,288,0,4294967292,0,0
2911711562,1,1,3497923965,2399152690,109516332,88353597,859829052,1533097956,3616139880,750615590,4060715467,4294967232,352514,576,288,4294967210,0,288
2911711562,1,2,1490879807,72940383,50843157,2661295807,389899022,385189748,3614776679,264076558,4194356520,4294967156,527300,802,576,4294967156,62,514
2911711562,1,3,1357606201,2287869354,103976356,3751834831,3200250817,4211056634,2029337494,1950236613,856804026,4294967176,875552,1214,1152,4294967124,226,926
2911711562,1,4,2912504455,1605729738,2034608187,3892135919,2059396335,1271964671,4028291392,156832498,3091982428,4294967186,1574564,2114,2304,4294967124,478,1826
2911711562,1,5,1340490536,861254450,3239573491,3741725611,3878437127,1692777479,537005881,2006739939,4158721341,4294967174,2972720,3918,4608,4294967124,978,3630
2911711562,1,6,3652272897,4082147017,1860050804,1400622071,1027022776,852319595,3967580719,730692342,2959070302,4294967216,5764511,7389,9216,4294967102,2115,7101
2911711562,1,7,2935269825,2417892890,783903022,120633926,3652315048,4037736951,1999104937,123992027,2231370634,4294967188,11348093,14331,18432,4294967102,4389,14043
2911711562,1,8,4260760895,1390406982,2597412331,1507222831,1482494961,723560720,3795658201,1935738389,3825467879,4294967148,22520702,28380,36864,4294967068,8772,28092
2911711562,1,9,3891743815,951579098,4015669053,4276755150,3108923391,199036472,4011718364,3111073238,4286717757,4294967044,44805332,54642,73728,4294967016,19374,54354
2911711562,1,10,2935492046,3635412698,4275744764,4294499023,3369074687,4223320056,4026391263,2291138026,3754950653,4294966782,88865831,91749,147456,4294966756,55995,91461
2911711562,1,11,2952302031,3635412698,4275744764,4294499023,3369074687,4223320056,4026391263,2291138026,4294967293,4294966756,176450645,149715,294912,4294966756,145485,149427
4033527591,0,0,1398281643,2998152505,3871703051,2948556451,3463545619,159440843,458983716,3207185562,918009080,0,175682,288,0,0,0,0
4033527591,0,1,3122631732,3891007077,3521109470,1219232216,1249849249,4209543060,3083199845,2626861558,2356998258,4294967250,352514,576,288,4294967242,0,288
4033527591,0,2,3202908756,3120409569,3092443533,1335358823,849809840,4211416394,429943646,2828713139,3287070597,4294967266,529346,864,576,4294967232,0,576
4033527591,0,3,3933902012,3702504990,1908761640,2503419826,1955599553,468012186,61842605,266016788,1260434250,4294967226,883010,1440,1152,4294967210,0,1152
4033527591,0,4,307757985,3187539514,3553700289,2023975773,1235125284,3285558787,3153700040,635432559,1759194443,4294967270,1590338,2592,2304,4294967186,0,2304
4033527591,0,5,792101475,3171749986,481715446,150110607,1421558247,2715826486,3552939864,3327199186,101808002,4294967254,3004994,4896,4608,4294967170,0,4608
4033527591,0,6,496052,660402357,3777928115,1035053967,3735997672,1796270111,2313274553,2289088973,939557362,4294967204,5834306,9504,9216,4294967170,0,9216
4033527591,0,7,1832906268,2730458401,1094217518,4228553230,782234088,690933755,3884231148,3859273836,2067314652,4294967216,11492930,18720,18432,4294967166,0,18432
4033527591,0,8,3561155640,955285178,834290521,421382689,1154221920,3641130538,2559379395,1769586963,3192142305,4294967172,22810178,37152,36864,4294967154,0,36864
4033527591,0,9,2424763066,3937452774,1088795073,3253134641,1237973468,96411415,742251900,2332626413,3926664067,4294967088,45444674,74016,73728,4294967062,0,73728
4033527591,0,10,1342665264,659554597,19222531,468272,925925376,71647239,268571936,2003829269,131074,4294966780,90713666,147744,147456,4294966756,0,147456
4033527591,0,11,1342665264,659554597,19222531,468272,925892608,71647239,268576032,2003829269,2,4294966756,181251650,295200,294912,4294966756,0,294912
4033527591,1,0,1398281643,2998152505,3871703051,2948556451,3463545619,159440843,458983716,3207185562,918009080,0,175682,288,0,0,0,0
4033527591,1,1,3122631732,3891007077,3521109470,1219232216,1249849249,4209543060,3083199845,2626861558,2356998258,4294967250,352514,576,288,4294967242,0,288
4033527591,1,2,1543505972,3574073030,3646523853,3222832844,1533523815,3735725181,4160285571,1351810014,2224874071,4294967204,527762,816,576,4294967180,48,528
4033527591,1,3,2567295473,1596457237,2396692636,1927861766,1771529006,440095076,2399001727,3321764228,3359039713,4294967174,877433,1271,1152,4294967152,169,983
4033527591,1,4,2626779830,622838021,1583206141,234576347,1757277439,3650938707,1476000675,4105435439,2822824956,4294967172,1576511,2173,2304,4294967130,419,1885
4033527591,1,5,967822295,560590242,3810521551,3687291657,4244611304,4221943817,3512591793,3683139053,1761112077,4294967166,2973809,3951,4608,4294967124,945,3663
4033527591,1,6,2476158131,2968176922,1759882332,2145714026,3356312247,3418160972,602140351,1903096604,4031139706,4294967166,5768933,7523,9216,4294967124,1981,7235
4033527591,1,7,1525134843,2673663849,3319746785,1157732977,3069414904,2756555654,2917295459,1666176288,3858971366,4294967170,11357168,14606,18432,4294967088,4114,14318
4033527591,1,8,4145630421,3690856923,920148435,811388192,3056871812,1881452326,3966260398,2140114781,2177431311,4294967170,22525916,28538,36864,4294967058,8614,28250
4033527591,1,9,670597831,1462761045,3335872444,16308539,2320564222,4177437180,134143165,3379558957,4164886522,4294967006,44811536,54830,73728,4294966994,19186,54542
4033527591,1,10,2952302031,3635412698,4275744764,4294499023,3369074683,4223320056,4026391263,2291138026,4294836221,4294966770,88866722,91776,147456,4294966756,55968,91488
4033527591,1,11,2952302031,3635412698,4275744764,4294499023,3369074687,4223320056,4026391263,2291138026,4294967293,4294966756,176451140,149730,294912,4294966756,145470,149442
3599195097,0,0,3861122061,1963219636,3349702797,3618134919,2604945501,3180738222,1642448480,1950999728,2249992088,10,175682,288,0,10,0,0
3599195097,0,1,3833067094,3458840769,316252945,1301208399,209697086,3832254079,4036942441,1869057999,1403016448,4294967214,352514,576,288,4294967190,0,288
3599195097,0,2,1597672075,1189989507,177800764,384699164,678282511,2288724106,1147095368,4008944604,2985359879,4294967268,529346,864,576,4294967190,0,576
3599195097,0,3,1480154864,2622534805,505749939,3460393713,2211403980,3702601036,2139305782,135230300,1549273690,4294967234,883010,1440,1152,4294967190,0,1152
3599195097,0,4,2301397989,2044259191,3603502282,2951539670,1734816791,1403463475,655808224,3926397644,1020983326,4294967250,1590338,2592,2304,4294967188,0,2304
3599195097,0,5,1904378467,1566599773,3237320715,3797886032,489627367,3298262037,3961269815,2571109428,2264300757,4294967224,3004994,4896,4608,4294967174,0,4608
3599195097,0,6,689205829,20846934,438572956,1409867772,1228813166,1416788877,1357256861,1938035681,58759222,4294967232,5834306,9504,9216,4294967154,0,9216
3599195097,0,7,124193577,2198281489,1260235807,293737439,2752148431,4061296691,1517866978,1748038882,338159604,4294967260,11492930,18720,18432,4294967154,0,18432
3599195097,0,8,1568575767,1363733720,4284734173,2325921427,3887059935,2309801370,215743028,2406795258,1609638141,4294967194,22810178,37152,36864,4294967154,0,36864
3599195097,0,9,3674733599,793706533,2161751938,2281108683,3292726771,2184200868,2425939226,3604085202,3236881559,4294967176,45444674,74016,73728,4294967076,0,73728
3599195097,0,10,2952312271,3635412706,4275744764,4294499023,3369074623,4223320056,4026391263,2291138026,4294967261,4294966786,90713666,147744,147456,4294966778,0,147456
3599195097,0,11,2952302031,3635412698,4275744764,4294499023,3369074687,4223320056,4026391263,2291138026,4294967293,4294966756,181251650,295200,294912,4294966756,0,294912
3599195097,1,0,3861122061,1963219636,3349702797,3618134919,2604945501,3180738222,1642448480,1950999728,2249992088,10,175682,288,0,10,0,0
3599195097,1,1,3833067094,3458840769,316252945,1301208399,209697086,3832254079,4036942441,1869057999,1403016448,4294967214,352514,576,288,4294967190,0,288
3599195097,1,2,1073653023,3559623762,441066020,1676630987,1869610184,4141580911,4017547415,3477063340,127031301,4294967202,527531,809,576,4294967184,55,521
3599195097,1,3,1207547719,321380314,2992975037,4239634159,923727112,4022879869,1534173423,2398057432,16756242,4294967164,876971,1257,1152,4294967164,183,969
3599195097,1,4,1878278539,3996023509,2263262040,3188058609,145943238,3973987050,2129268991,2024239146,3388731649,4294967208,1574630,2116,2304,4294967122,476,1828
3599195097,1,5,2447686853,2661212142,4283081407,2037995796,2742028798,1674428622,142423353,2694634814,2674924749,4294967196,2971433,3879,4608,4294967122,1017,3591
3599195097,1,6,3542052275,3874453462,3756449527,3409405073,1322399808,4156111085,2352073260,4101290722,61636921,4294967162,5764742,7396,9216,4294967122,2108,7108
3599195097,1,7,2952330967,3874389668,2267394022,3046369246,1237203961,1914785398,3873585951,2930534379,1576634367,4294967160,11351921,14447,18432,4294967102,4273,14159
3599195097,1,8,2938042063,3760397778,1878677252,2272819751,2310438686,534216716,268805614,3153118635,3321629644,4294967108,22521527,28405,36864,4294967062,8747,28117
3599195097,1,9,2925084032,3886636769,4209356285,3717194974,255458241,4185560315,3622640278,2327174635,4294705629,4294967094,44797643,54409,73728,4294966994,19607,54121
3599195097,1,10,2952302031,3635412698,4275744764,4294500047,3369074687,4223320056,4026391263,2291138026,4294967293,4294966764,88857317,91491,147456,4294966756,56253,91203
3599195097,1,11,2952302031,3635412698,4275744764,4294499023,3369074687,4223320056,4026391263,2291138026,4294967293,4294966756,176439359,149373,294912,4294966756,145827,149085
3817453616,0,0,2478912153,3735156266,4179412167,3658308604,1197811768,517050493,3417399731,1830547235,110843379,4294967270,175682,288,0,4294967270,0,0
3817453616,0,1,3490168744,3700559842,3172589102,4030143185,3473580096,3052863996,2128551135,2089087807,810006646,4294967190,352514,576,288,4294967190,0,288
3817453616,0,2,369867737,3530933728,2681226385,1253243928,1784944925,3249617530,4227297535,2417554555,3699163897,4294967278,529346,864,576,4294967190,0,576
3817453616,0,3,2767553886,1378972292,154820227,218004242,2317840894,251457877,2797017424,1355906578,3102064304,4294967240,883010,1440,1152,4294967190,0,1152
3817453616,0,4,2685862051,2142374303,494422034,3455908392,4148072395,4021805033,1240843614,2281476065,2982287095,4294967194,1590338,2592,2304,4294967160,0,2304
3817453616,0,5,2903107165,2906376313,2223718943,4278404876,3572222387,2637922053,3974186407,12811253,1295512701,4294967244,3004994,4896,4608,4294967160,0,4608
3817453616,0,6,3637115437,4270785990,4012859212,3548059065,2259605861,3251837964,4217528557,1930279704,2082500729,4294967238,5834306,9504,9216,4294967152,0,9216
3817453616,0,7,1327697504,4046486389,1170386459,3926431420,3748798698,1335637003,3728591440,1973303871,3482549916,4294967228,11492930,18720,18432,4294967152,0,18432
3817453616,0,8,1843853221,3075260913,1071021286,731823824,3484386659,1146739138,248066776,1884172882,2164272387,4294967194,22810178,37152,36864,4294967136,0,36864
3817453616,0,9,2786852343,2707887842,775519344,1325926195,911163169,4240817934,1838912855,927812311,2249398530,4294967134,45444674,74016,73728,4294967094,0,73728
3817453616,0,10,284734004,3612409565,4275392764,16307504,3610312672,2076524792,269329696,1987058709,509673500,4294966850,90713666,147744,147456,4294966790,0,147456
3817453616,0,11,1357345328,659611941,3777319139,15148336,925949952,3829743847,283256096,2003886613,3758096610,4294966780,181251650,295200,294912,4294966780,0,294912
3817453616,1,0,2478912153,3735156266,4179412167,3658308604,1197811768,517050493,3417399731,1830547235,110843379,4294967270,175682,288,0,4294967270,0,0
3817453616,1,1,3490168744,3700559842,3172589102,4030143185,3473580096,3052863996,2128551135,2089087807,810006646,4294967190,352514,576,288,4294967190,0,288
3817453616,1,2,2424831057,1117838817,1967822639,4227295463,1710324754,2364797681,2261654226,4043275823,3893336294,4294967194,527201,799,576,4294967186,65,511
3817453616,1,3,3795466565,2622419260,2113017779,3418748616,4130483879,3323819931,2315045716,3035561490,3691421054,4294967244,876245,1235,1152,4294967186,205,947
3817453616,1,4,820084004,2059595064,3216545502,391669750,3632731863,843879966,78242464,2171888098,2724105187,4294967230,1573970,2096,2304,4294967138,496,1808
3817453616,1,5,1092122247,703428707,3566852989,3224999653,3098721903,1783942905,3491162414,2270221028,3294637770,4294967200,2971994,3896,4608,4294967138,1000,3608
3817453616,1,6,1375585907,3638400987,2127880181,2105074841,4202680256,3688583072,384338721,3613580981,271912974,4294967140,5767151,7469,9216,4294967098,2035,7181
3817453616,1,7,2209267504,3747479909,475480479,4142799158,2583559576,4291462344,3875251286,3080646609,1034250,4294967186,11354825,14535,18432,4294967098,4185,14247
3817453616,1,8,3816770940,917077276,253266718,545335455,808201735,866860850,2206558991,2079839498,4148174245,4294967166,22529612,28650,36864,4294967090,8502,28362
3817453616,1,9,1444451119,3696002770,1639601380,4294941439,3226140529,4156293105,2415918295,2282749418,4292866525,4294967072,44810678,54804,73728,4294966960,19212,54516
3817453616,1,10,2952302031,3635412698,4275744764,3220757199,3368550399,4223320056,4026391263,2291137962,4294967293,4294966780,88860551,91589,147456,4294966756,56155,91301
3817453616,1,11,2952302031,3635412698,4275744764,4294499023,3369074687,4223320056,4026391263,2291138026,4294967293,4294966756,176443847,149509,294912,4294966756,145691,149221
4287993413,0,0,671766991,3879738995,1193669834,4203401866,1619708772,69965297,1272274908,2797680878,4147656077,4294967278,175682,288,0,4294967278,0,0
4287993413,0,1,954150520,648739895,1717587919,3925157809,2670395406,1080917871,962086109,3617167637,3280612056,4294967218,352514,576,288,4294967208,0,288
4287993413,0,2,1033594966,1454132706,1497586000,2254099144,907296872,237439463,3423149018,2512923757,4266677293,4294967258,529346,864,576,4294967208,0,576
4287993413,0,3,3523611988,635446819,3336533570,1241300921,3688536304,2994809374,1050340718,323894951,3701336349,4294967246,883010,1440,1152,4294967208,0,1152
4287993413,0,4,4293207153,1254069701,3423283870,2062469899,3423652911,983263257,2517917850,442942561,595489633,4294967228,1590338,2592,2304,4294967182,0,2304
4287993413,0,5,3716582143,399934575,4138053114,2130143182,3428237291,2360881421,1053888799,4174170363,938457618,4294967204,3004994,4896,4608,4294967182,0,4608
4287993413,0,6,3356275120,3110728086,750274827,1158085732,1156142027,474224980,1753655271,4287292133,25489475,4294967196,5834306,9504,9216,4294967178,0,9216
4287993413,0,7,203961167,668696310,3500495855,4274983839,368999974,2286208058,3233798688,1854827483,1029705248,4294967202,11492930,18720,18432,4294967154,0,18432
4287993413,0,8,3759682531,1624248939,3241427314,2264770366,1521942280,2968650801,454829859,3638547506,2096437696,4294967212,22810178,37152,36864,4294967154,0,36864
4287993413,0,9,1569194668,3822690293,4282987708,87612732,3425510396,261570060,381222195,947268714,2021361374,4294967144,45444674,74016,73728,4294967066,0,73728
4287993413,0,10,1389982257,659619621,4045754611,16197040,925949952,2219131111,268578080,2004255253,2147483778,4294966840,90713666,147744,147456,4294966804,0,147456
4287993413,0,11,1342665264,659554597,19222531,468272,925892608,71647239,268576032,2003829269,2,4294966756,181251650,295200,294912,4294966756,0,294912
4287993413,1,0,671766991,3879738995,1193669834,4203401866,1619708772,69965297,1272274908,2797680878,4147656077,4294967278,175682,288,0,4294967278,0,0
4287993413,1,1,954150520,648739895,1717587919,3925157809,2670395406,1080917871,962086109,3617167637,3280612056,4294967218,352514,576,288,4294967208,0,288
4287993413,1,2,1962486862,787280686,2968068069,4192944879,4144575500,1119173709,2015190331,3743991206,4043112461,4294967214,527234,800,576,4294967206,64,512
4287993413,1,3,3975512071,3505385680,3695235859,4106978023,4136487075,2050596459,738249692,1804355163,1020673142,4294967176,876014,1228,1152,4294967166,212,940
4287993413,1,4,252157199,4057363403,3569801981,1067242907,2324630416,3755654984,4292730188,1677592045,1904508755,4294967158,1574135,2101,2304,4294967144,491,1813
4287993413,1,5,3217013979,4206821182,3508807919,3975161194,1538711916,4222475462,3956900564,1956396462,4223881213,4294967168,2969948,3834,4608,4294967106,1062,3546
4287993413,1,6,3220874178,3621026932,1072108444,1010400071,3473620990,4222918586,4024196479,3134048236,2278395101,4294967116,5761607,7301,9216,4294967092,2203,7013
4287993413,1,7,3372681615,3975442370,4184264170,3707715736,2889773001,2227130150,2879530171,1946690216,28835130,4294967190,11347367,14309,18432,4294967088,4411,14021
4287993413,1,8,2651606730,3380051673,1508146684,1031203677,3083822308,3952869370,4261112543,1728568621,1064589181,4294967150,22513211,28153,36864,4294967088,8999,27865
4287993413,1,9,2969072375,3627548357,3738083292,4294499023,1255145469,309935369,3875915231,4103339925,4294689767,4294967016,44800778,54504,73728,4294966986,19512,54216
4287993413,1,10,2952302031,3635412698,4275744764,4294499023,3369074687,4223320056,4026391263,2291138026,4294967293,4294966756,88867382,91796,147456,4294966756,55948,91508
4287993413,1,11,2952302031,3635412698,4275744764,4294499023,3369074687,4223320056,4026391263,2291138026,4294967293,4294966756,176450777,149719,294912,4294966756,145481,149431
2653293430,0,0,62103976,2101156288,849397633,976855632,3546797064,4138775625,3087184762,1663231559,185841993,50,175682,288,0,50,0,0
2653293430,0,1,3403324128,789910798,1102369410,392949234,4060664349,105071351,677795269,1229999483,3090548493,4294967254,352514,576,288,4294967246,0,288
2653293430,0,2,2317036906,2947416818,4046238674,671365459,3275208191,1294526149,4128760097,1879056829,2427584528,4294967244,529346,864,576,4294967194,0,576
2653293430,0,3,2973881301,258948404,1071509501,4258395886,2839593557,2243584911,3259227843,4155835875,1069655295,4294967178,883010,1440,1152,4294967172,0,1152
2653293430,0,4,687779215,470392012,2136176894,4288269286,1441079035,244806471,2702328853,200538982,250719567,4294967238,1590338,2592,2304,4294967172,0,2304
2653293430,0,5,4293759866,3642558819,559103689,2363620186,1119898103,3198066367,3778702435,4293593829,2783984683,4294967266,3004994,4896,4608,4294967172,0,4608
2653293430,0,6,787980366,590307648,2051360649,3992949863,1321603061,4089366265,3477329490,3254970308,3817023111,4294967208,5834306,9504,9216,4294967156,0,9216
2653293430,0,7,3489606454,1235188472,661345898,1473296915,1383340366,2420207786,2702849395,1133587688,1067847806,4294967246,11492930,18720,18432,4294967156,0,18432
2653293430,0,8,3868809891,628003625,291421427,939931567,3601700480,3568849289,786603292,2368965395,2112153251,4294967216,22810178,37152,36864,4294967152,0,36864
2653293430,0,9,2901894094,3618574492,2145202161,4108270929,2559068041,4081798769,770849079,1288630825,2953047186,4294967120,45444674,74016,73728,4294967068,0,73728
2653293430,0,10,2937097676,3635355354,4275744764,4294499023,3369041919,4223320056,4026391262,2291138026,4194303997,4294966798,90713666,147744,147456,4294966784,0,147456
2653293430,0,11,2952302031,3635412698,4275744764,4294499023,3369074687,4223320056,4026391263,2291138026,4294967293,4294966756,181251650,295200,294912,4294966756,0,294912
2653293430,1,0,62103976,2101156288,849397633,976855632,3546797064,4138775625,3087184762,1663231559,185841993,50,175682,288,0,50,0,0
2653293430,1,1,3403324128,789910798,1102369410,392949234,4060664349,105071351,677795269,1229999483,3090548493,4294967254,352514,576,288,4294967246,0,288
2653293430,1,2,3657271500,3071654684,1755650970,4193595681,590168861,2220059515,619595835,3090642424,2440433797,4294967248,527531,809,576,4294967208,55,521
2653293430,1,3,318393933,3678206848,3875037039,2180782139,3689278910,1683531095,2479893219,2542133714,3259920627,4294967210,876839,1253,1152,4294967206,187,965
2653293430,1,4,3824698959,904624135,1006594431,486259470,4287416283,2143099918,391919398,1088115749,4183233310,4294967190,1575653,2147,2304,4294967148,445,1859
2653293430,1,5,3750728068,3412003319,1347776372,2759444151,3617394423,3940617976,349334285,1951726173,1849939834,4294967202,2972984,3926,4608,4294967146,970,3638
2653293430,1,6,1736482226,181587804,4276801702,2029993204,1774944048,4248993337,3766235995,3481951519,798030909,4294967174,5767019,7465,9216,4294967104,2039,7177
2653293430,1,7,3343231422,3666042849,4263695452,3237849494,2166416408,1015763000,1817738100,2962612426,3212773309,4294967194,11354627,14529,18432,4294967104,4191,14241
2653293430,1,8,683185452,445654745,2099622064,4228797680,3620274290,78101254,1510573414,3564874148,523321165,4294967134,22518557,28315,36864,4294967076,8837,28027
2653293430,1,9,2952345039,3743645652,4082854525,595448543,4148428543,1000841404,4052865984,2223211490,66317187,4294967066,44787875,54113,73728,4294966950,19903,53825
2653293430,1,10,2952302031,3635412698,4275744764,4294499023,3369070591,4221222904,4026391263,2291072490,4294967293,4294966778,88837946,90904,147456,4294966756,56840,90616
2653293430,1,11,2952302031,3635412698,4275744764,4294499023,3369074687,4223320056,4026391263,2291138026,4294967293,4294966756,176419493,148771,294912,4294966756,146429,148483
2152582731,0,0,3872595372,425954979,3095043264,4000415948,1900262114,443097305,3142879467,2801671982,4145843598,4294967278,175682,288,0,4294967278,0,0
2152582731,0,1,724091227,2422680730,3577656510,121188916,515329311,2140851961,908316168,1985872598,4013050414,4294967198,352514,576,288,4294967192,0,288
2152582731,0,2,3070914380,4222966969,265596170,819728090,1424083395,2362133955,394937955,1552882516,797456799,4294967220,529346,864,576,4294967188,0,576
2152582731,0,3,2567376872,2695421310,3946228463,4097895627,968860544,721268497,700591450,2977460103,2710700271,4294967204,883010,1440,1152,4294967186,0,1152
2152582731,0,4,2265481768,1050480956,3393660052,609264419,4212151289,2468681719,2682566143,2144449824,1243626226,4294967264,1590338,2592,2304,4294967186,0,2304
2152582731,0,5,3540708870,3634730379,2292946543,3195515608,2972139398,796874280,2757862118,4151600053,197594403,4294967212,3004994,4896,4608,4294967162,0,4608
2152582731,0,6,4290568575,1145015844,267025205,1998324813,3072246581,609980387,911899984,1323660349,1403064464,4294967252,5834306,9504,9216,4294967160,0,9216
2152582731,0,7,1421647958,4280172221,3238727732,3774288563,3789672039,2245231049,2893172938,415515479,470480466,4294967204,11492930,18720,18432,4294967156,0,18432
2152582731,0,8,3119330731,2337372995,3897189225,2943235323,250650748,3920971641,3035369255,3080581714,2114175728,4294967234,22810178,37152,36864,4294967140,0,36864
2152582731,0,9,790109812,3924768939,2099116136,4038793676,1372473144,206720981,2344752303,827306561,3154917610,4294967182,45444674,74016,73728,4294967078,0,73728
2152582731,0,10,3204936143,615448870,20623107,4278663887,147783711,75153159,4009892575,143589994,6291202,4294966804,90713666,147744,147456,4294966798,0,147456
2152582731,0,11,2936507855,3635347930,31108867,4278704847,3369009407,79347463,4009941727,2291073770,16776962,4294966780,181251650,295200,294912,4294966780,0,294912
2152582731,1,0,3872595372,425954979,3095043264,4000415948,1900262114,443097305,3142879467,2801671982,4145843598,4294967278,175682,288,0,4294967278,0,0
2152582731,1,1,724091227,2422680730,3577656510,121188916,515329311,2140851961,908316168,1985872598,4013050414,4294967198,352514,576,288,4294967192,0,288
2152582731,1,2,740574924,4028903066,1465267996,2815376244,2922765630,2573386426,449040128,3478534762,4240320575,4294967214,527432,806,576,4294967184,58,518
2152582731,1,3,272156936,3465546458,2888016124,1105757042,4012947931,2241191990,465609504,1137243665,4168362239,4294967150,876113,1231,1152,4294967144,209,943
2152582731,1,4,1351416373,4208789968,3740983231,2202061864,550534511,2156578775,2504747255,2406161882,820037405,4294967196,1575125,2131,2304,4294967126,461,1843
2152582731,1,5,3999783888,535584928,249473731,3493526234,4039386991,1019140768,3886163636,2216496674,2146684238,4294967182,2972522,3912,4608,4294967126,984,3624
2152582731,1,6,3901206474,3701671324,1104735045,3619142351,3452794191,3500130168,3856480399,2208429492,1555965948,4294967182,5766227,7441,9216,4294967112,2063,7153
2152582731,1,7,1407221834,2604818879,64604266,870913303,3476518880,4154287396,1873784097,2240018859,4224971753,4294967160,11351129,14423,18432,4294967108,4297,14135
2152582731,1,8,3497022389,515961940,2769999422,2268732086,3356178462,29347332,3328974686,2334844434,2141761692,4294967178,22520471,28373,36864,4294967062,8779,28085
2152582731,1,9,3485499982,4015834845,4276838396,400812582,936894492,4226139647,2097005989,226426213,4160357373,4294967042,44806025,54663,73728,4294967012,19353,54375
2152582731,1,10,2952367566,3635412698,4275744764,4294499023,3369074687,4223320056,4026391263,2295332330,4294950909,4294966776,88866887,91781,147456,4294966756,55963,91493
2152582731,1,11,2952302031,3635412698,4275744764,4294499023,3369074687,4223320056,4026391263,2291138026,4294967293,4294966756,176449919,149693,294912,4294966756,145507,149405
2936333186,0,0,213311752,2665951056,3785055464,3648771007,3811858883,532867825,1983317365,804843239,2451991364,38,175682,288,0,38,0,0
2936333186,0,1,3871102762,312818387,269866227,2148855100,2335211666,1041743675,375047706,2604025189,1907904369,4294967226,352514,576,288,4294967226,0,288
2936333186,0,2,652112324,1300939137,2611055839,2023548291,688896798,146347963,374235926,4198157283,2308398855,4294967234,529346,864,576,4294967198,0,576
2936333186,0,3,1118482825,3628296130,4201286590,4051242531,4114817467,1120481604,442837267,1483509042,4185018254,4294967208,883010,1440,1152,4294967196,0,1152
2936333186,0,4,4091896242,2225877229,3404134626,4223659451,1621071696,408091737,3591246463,113174025,1813069799,4294967216,1590338,2592,2304,4294967184,0,2304
2936333186,0,5,2202655699,1491757660,218435137,2614918094,67868591,3602348775,784389727,2764445682,3889698389,4294967226,3004994,4896,4608,4294967176,0,4608
2936333186,0,6,3587072712,3100361249,1999151499,3723453675,2197647431,3122615454,2213739859,1265963503,931042713,4294967250,5834306,9504,9216,4294967176,0,9216
2936333186,0,7,1285215644,3516949123,32807680,3476236450,612199108,332595717,739681333,2365644023,1202880644,4294967244,11492930,18720,18432,4294967158,0,18432
2936333186,0,8,2312327977,565818722,889761567,2168007311,1571495231,1771816804,3779590817,3064974809,13493563,4294967180,22810178,37152,36864,4294967154,0,36864
2936333186,0,9,1778714719,1004536535,3810205820,4292360387,1255141141,2276736804,3079861326,1274536940,1612415490,4294967130,45444674,74016,73728,4294967078,0,73728
2936333186,0,10,1358466096,3645963995,4275785980,83417392,3342663664,4222959864,284022048,1735455205,3808436465,4294966846,90713666,147744,147456,4294966800,0,147456
2936333186,0,11,1358463536,3612409557,4275392764,16307504,3341877232,4222959864,285070624,2272329189,4293918973,4294966780,181251650,295200,294912,4294966780,0,294912
2936333186,1,0,213311752,2665951056,3785055464,3648771007,3811858883,532867825,1983317365,804843239,2451991364,38,175682,288,0,38,0,0
2936333186,1,1,3871102762,312818387,269866227,2148855100,2335211666,1041743675,375047706,2604025189,1907904369,4294967226,352514,576,288,4294967226,0,288
2936333186,1,2,658289148,347387284,316440785,2158423359,615670227,4254522391,1051414780,2336111029,2566737788,4294967218,527366,804,576,4294967198,60,516
2936333186,1,3,1518068279,3926534805,3993992184,2583220031,849934841,1682493810,322886491,8207460,3966684446,4294967194,877235,1265,1152,4294967176,175,977
2936333186,1,4,3630666144,2662195677,3750996012,3279215792,2950397948,1766155072,1875010335,1125057187,477407042,4294967148,1575356,2138,2304,4294967130,454,1850
2936333186,1,5,1347971600,3104628684,3921550522,2056962038,118258691,3949443301,3904450520,1745357074,3424614666,4294967156,2971070,3868,4608,4294967118,1028,3580
2936333186,1,6,2954440140,968115768,2732271809,4286859589,952955359,3636779162,2937853044,2278236650,1777921723,4294967164,5764841,7399,9216,4294967112,2105,7111
2936333186,1,7,2021719513,2775351429,784587005,4144809057,1992355297,4217731320,2514831184,1186980341,28352250,4294967146,11350007,14389,18432,4294967106,4331,14101
2936333186,1,8,2398955855,4182782814,511135928,1834499920,1216310398,3878627,3960399180,420481265,4269305854,4294967136,22526840,28566,36864,4294967104,8586,28278
2936333186,1,9,1601733951,3730059226,618484078,3724595,2956726017,1204177928,124896935,2003694101,2147687682,4294967030,44812625,54863,73728,4294966976,19153,54575
2936333186,1,10,2952302031,3635412698,4277841916,4294499023,3369009151,4223320056,4026391263,3364879850,4294967293,4294966778,88876820,92082,147456,4294966756,55662,91794
2936333186,1,11,2952302031,3635412698,4275744764,4294499023,3369074687,4223320056,4026391263,2291138026,4294967293,4294966756,176461073,150031,294912,4294966756,145169,149743
336040414,0,0,1409404482,2070607056,4289159700,3487493698,1826796325,4263898712,4029205691,777792750,1851558039,20,175682,288,0,20,0,0
336040414,0,1,1842695907,56825817,3554868993,923140780,4143151892,2773583601,2352198597,3030185274,1210066592,4294967268,352514,576,288,4294967262,0,288
336040414,0,2,3802141290,417819370,105383891,1267348846,3392089038,635255431,1239081638,2052332436,3557611597,0,529346,864,576,4294967262,0,576
336040414,0,3,585113322,587466740,1652143429,4252101343,3153031167,410760858,2898122648,29931362,3223224422,4294967202,883010,1440,1152,4294967200,0,1152
336040414,0,4,667720266,1208811648,1119151232,184070705,660485839,1590925561,3164218036,1787042101,100679693,4294967234,1590338,2592,2304,4294967172,0,2304
336040414,0,5,1703403993,2797482430,3143426819,4068588323,3819373342,3823652579,4135011478,1608769723,1793118178,4294967266,3004994,4896,4608,4294967172,0,4608
336040414,0,6,1875817861,2048950627,1037652080,873810736,888062367,1113274356,1794849601,2848701423,1039646474,4294967194,5834306,9504,9216,4294967166,0,9216
336040414,0,7,1867025943,3892190393,795271561,2705267153,4163965194,350077180,2121378833,321044695,2468568544,4294967236,11492930,18720,18432,4294967162,0,18432
336040414,0,8,3791044016,3618847958,127476020,3591354248,4235527642,2546925828,2984016340,1465123837,3766362211,4294967196,22810178,37152,36864,4294967148,0,36864
336040414,0,9,3744946185,3638459546,1026810095,3877055427,153098271,391901204,3976342023,1217199626,4057855230,4294967110,45444674,74016,73728,4294967104,0,73728
336040414,0,10,4026043855,3635412698,4275744764,4294499023,3369074687,4223320056,4026391263,2291137962,536803581,4294966794,90713666,147744,147456,4294966768,0,147456
336040414,0,11,2952302031,3635412698,4275744764,4294499023,3369074687,4223320056,4026391263,2291138026,4294967293,4294966756,181251650,295200,294912,4294966756,0,294912
336040414,1,0,1409404482,2070607056,4289159700,3487493698,1826796325,4263898712,4029205691,777792750,1851558039,20,175682,288,0,20,0,0
336040414,1,1,1842695907,56825817,3554868993,923140780,4143151892,2773583601,2352198597,3030185274,1210066592,4294967268,352514,576,288,4294967262,0,288
336040414,1,2,3958001258,2943170369,2682711316,1314742318,920879055,1989570551,1514024420,2114763163,676480256,4294967272,527366,804,576,4294967248,60,516
336040414,1,3,1459692764,2161065976,4265918348,586987455,36961200,1147497427,639117738,2591044178,552550962,4294967192,876872,1254,1152,4294967162,186,966
336040414,1,4,1828876543,2001863749,4261205123,1057159336,934262942,1274403825,4159893917,1754093794,10098459,4294967210,1574432,2110,2304,4294967134,482,1822
336040414,1,5,3062414933,985130721,497361788,1124147528,3203258892,2445598683,3882865429,2971073506,3239470869,4294967188,2973215,3933,4608,4294967134,963,3645
336040414,1,6,805148091,3897499106,3153652217,1662507723,3419607136,2681583119,117816636,1520798575,2993405938,4294967186,5767019,7465,9216,4294967104,2039,7177
336040414,1,7,1855581668,3837304294,979155590,4281891128,3192862608,72054674,3791575514,515206717,4286654322,4294967198,11350931,14417,18432,4294967104,4303,14129
336040414,1,8,2930270967,3014559549,2394255320,3208127695,2143950345,3783637121,4294698472,2013101585,3361868802,4294967104,22521824,28414,36864,4294967076,8738,28126
336040414,1,9,3632653630,649085220,228633839,3139011272,3599703267,3536090773,788374815,1326448005,2084175870,4294967062,44813450,54888,73728,4294966972,19128,54600
336040414,1,10,2952433091,3635412690,4275744764,4294499023,3369074687,4223320056,4026391263,2291138026,4294967293,4294966778,88885037,92331,147456,4294966756,55413,92043
336040414,1,11,2952302031,3635412698,4275744764,4294499023,3369074687,4223320056,4026391263,2291138026,4294967293,4294966756,176467277,150219,294912,4294966756,144981,149931
2858032418,0,0,1866929626,10437042,1521646102,1041713027,3644014790,3484877532,1291949234,2011929642,419220724,4294967250,175682,288,0,4294967250,0,0
2858032418,0,1,2657224707,2497351471,1085728836,1137058546,624950018,4208116457,4254912751,467595104,2440573532,4294967220,352514,576,288,4294967200,0,288
2858032418,0,2,3004821986,3281110710,2971063512,207042193,111958194,134228300,4066710977,3338859439,3541271105,4294967230,529346,864,576,4294967178,0,576
2858032418,0,3,4039683419,1274988517,1632905987,1475340669,254686152,2169455798,2416072324,1704794086,1543477664,4294967238,883010,1440,1152,4294967178,0,1152
2858032418,0,4,3337666087,2118807854,636373055,49194002,670588552,4115431540,2257988561,3740664599,2839070634,4294967212,1590338,2592,2304,4294967178,0,2304
2858032418,0,5,1659401450,398096805,3171310253,3906073360,1633696390,94804417,530114575,3196014108,4073954938,4294967256,3004994,4896,4608,4294967178,0,4608
2858032418,0,6,2815143079,1530186925,1249718656,4149794003,3679194731,1084827462,1952906128,1496727992,3489580562,4294967212,5834306,9504,9216,4294967178,0,9216
2858032418,0,7,574807095,1236300353,1409460312,3762598701,2255539195,314098420,3226290660,4084538864,243589457,4294967224,11492930,18720,18432,4294967148,0,18432
2858032418,0,8,4125844925,3342287317,3332871618,3162962744,3394242569,2150147485,3379970352,1835076928,2751166816,4294967236,22810178,37152,36864,4294967146,0,36864
2858032418,0,9,1222357550,3547070805,1877306187,3352896839,902762049,59685888,476193996,3899974358,318029890,4294967106,45444674,74016,73728,4294967078,0,73728
2858032418,0,10,2939719119,3635412698,4275744764,4294498959,3369074685,4223320056,4026391263,2291138026,4227858429,4294966784,90713666,147744,147456,4294966774,0,147456
2858032418,0,11,2952302031,3635412698,4275744764,4294499023,3369074687,4223320056,4026391263,2291138026,4294967293,4294966756,181251650,295200,294912,4294966756,0,294912
2858032418,1,0,1866929626,10437042,1521646102,1041713027,3644014790,3484877532,1291949234,2011929642,419220724,4294967250,175682,288,0,4294967250,0,0
2858032418,1,1,2657224707,2497351471,1085728836,1137058546,624950018,4208116457,4254912751,467595104,2440573532,4294967220,352514,576,288,4294967200,0,288
2858032418,1,2,2475116002,3022771994,9736290,761753271,482342919,4067421168,866939486,184946240,2558299335,4294967228,527531,809,576,4294967176,55,521
2858032418,1,3,3519639989,877082410,958299480,2897946941,1318620769,2277947697,638957495,2205991977,3838897186,4294967214,876773,1251,1152,4294967160,189,963
2858032418,1,4,3709794798,638652582,94671794,271004721,4132766726,4077625089,3934509913,2062331466,1121671,4294967172,1575158,2132,2304,4294967158,460,1844
2858032418,1,5,2131389951,3949455097,1056519110,1745754450,1011681710,2219749142,2581018347,2503464425,3821260769,4294967152,2972192,3902,4608,4294967150,994,3614
2858032418,1,6,1824636609,3160244137,3741012446,3226004432,710442796,3954896872,528571568,1685978404,44437041,4294967168,5766689,7455,9216,4294967104,2049,7167
2858032418,1,7,2048953799,3620928597,1029133878,1226302801,3027827150,2706704615,4160185267,3253934426,183794961,4294967216,11352812,14474,18432,4294967100,4246,14186
2858032418,1,8,3247266432,2739634693,10758912,4280737995,1959731393,3291135015,1912722140,2406883285,1203246877,4294967064,22522748,28442,36864,4294967062,8710,28154
2858032418,1,9,3600321998,4171193562,112893388,4288195279,3251584942,3151707832,785136414,3478052329,530331677,4294967018,44806817,54687,73728,4294966970,19329,54399
2858032418,1,10,2952302031,3633282778,4275744764,4294499023,3369074687,4223320056,4009614047,2291072490,4294967293,4294966778,88873322,91976,147456,4294966756,55768,91688
2858032418,1,11,2952302031,3635412698,4275744764,4294499023,3369074687,4223320056,4026391263,2291138026,4294967293,4294966756,176456486,149892,294912,4294966756,145308,149604
1691695909,0,0,2915367736,1993638839,430882026,930622071,1323771775,3012225361,2939814904,24134309,3545236711,4294967272,175682,288,0,4294967272,0,0
1691695909,0,1,3200444132,3427675736,3152639995,3476712791,2847931206,1684752622,239770008,4142997145,1563515421,4294967230,352514,576,288,4294967216,0,288
1691695909,0,2,1580528970,987960893,4118362097,2129078095,945740178,1857696783,2474532143,1989402069,4223517642,4294967176,529346,864,576,4294967176,0,576
1691695909,0,3,1362833516,2695360729,1242380204,562048578,677308195,71584767,1793138979,2172657699,3244926397,4294967240,883010,1440,1152,4294967172,0,1152
1691695909,0,4,3438891822,1222497679,3490372308,2436410666,625078257,132712594,3058856610,1219860258,712685769,4294967278,1590338,2592,2304,4294967172,0,2304
1691695909,0,5,620140622,4214846349,19736309,2705009265,1492516475,2275487706,1341928825,3828810727,871323411,4294967218,3004994,4896,4608,4294967172,0,4608
1691695909,0,6,192238449,2838213481,826090448,375012856,2965371920,1552457715,3350024409,1236284649,841367718,4294967218,5834306,9504,9216,4294967172,0,9216
1691695909,0,7,591334001,3397665479,2398684548,2033777999,2927423175,3293661031,733186945,150014442,2667707925,4294967208,11492930,18720,18432,4294967172,0,18432
1691695909,0,8,3368613320,3320454309,2395436844,3750574455,201314238,3440919772,1550318242,2432573915,129081113,4294967166,22810178,37152,36864,4294967108,0,36864
1691695909,0,9,3509651343,3294614725,3234190202,132420896,2345124769,56279041,4010093220,3188523736,2118253582,4294967132,45444674,74016,73728,4294967080,0,73728
1691695909,0,10,1342665276,659554597,19222531,468272,926416896,71647239,268576032,2003829269,258,4294966776,90713666,147744,147456,4294966762,0,147456
1691695909,0,11,1342665264,659554597,19222531,468272,925892608,71647239,268576032,2003829269,2,4294966756,181251650,295200,294912,4294966756,0,294912
1691695909,1,0,2915367736,1993638839,430882026,930622071,1323771775,3012225361,2939814904,24134309,3545236711,4294967272,175682,288,0,4294967272,0,0
1691695909,1,1,3200444132,3427675736,3152639995,3476712791,2847931206,1684752622,239770008,4142997145,1563515421,4294967230,352514,576,288,4294967216,0,288
1691695909,1,2,2661725814,1607188058,4228142062,1744577311,962541842,3833166959,2349728191,4269685213,2089176958,4294967174,527564,810,576,4294967174,54,522
1691695909,1,3,2158603535,267099932,2117824345,2658800699,782331008,952714569,242999071,3638391643,1463905251,4294967240,876872,1254,1152,4294967150,186,966
1691695909,1,4,1392063024,2764070692,925288317,3486713019,494040170,1689040759,1550867718,4147671595,1585536205,4294967152,1574465,2111,2304,4294967108,481,1823
1691695909,1,5,2879881423,3906925222,418960888,1612298964,739252275,839729973,2206017314,1375304725,3878556153,4294967130,2972951,3925,4608,4294967108,971,3637
1691695909,1,6,2951167951,3232425838,3542815461,1995490130,1283777272,3300453991,2552488360,1990554373,3223450907,4294967154,5765204,7410,9216,4294967108,2094,7122
1691695909,1,7,1610528059,4171194082,4255308016,217622012,2868919940,825819048,3407960779,1193350370,2562966301,4294967146,11352317,14459,18432,4294967108,4261,14171
1691695909,1,8,2936320527,1049563852,1726269483,24443664,1228489670,201103688,50682595,124879894,4276535804,4294967120,22521758,28412,36864,4294967094,8740,28124
1691695909,1,9,2952334447,3634495450,1290347247,1311422798,3370960829,3619340102,2818165445,4006076922,4024038369,4294967076,44796554,54376,73728,4294967000,19640,54088
1691695909,1,10,2952302031,3635412698,4275744764,4294499023,3369074687,4223320056,4026391263,2291138026,4294967293,4294966756,88889393,92463,147456,4294966756,55281,92175
1691695909,1,11,2952302031,3635412698,4275744764,4294499023,3369074687,4223320056,4026391263,2291138026,4294967293,4294966756,176473019,150393,294912,4294966756,144807,150105
3446615020,0,0,3271308486,3322080835,2470253822,3870501000,2855623360,3997473927,623162454,1503826597,2659909120,4294967288,175682,288,0,4294967288,0,0
3446615020,0,1,3592990871,90111906,3911772260,549385160,306015395,1704390508,4023512782,3826895630,3264704295,4294967250,352514,576,288,4294967240,0,288
3446615020,0,2,1583135991,3863639316,3085676771,1610844217,4208673443,830775108,2836581658,4076544191,2290729474,4294967260,529346,864,576,4294967240,0,576
3446615020,0,3,2341762326,983250937,3138407544,3436988585,1899092389,109560961,2744855590,2335243834,2070909745,4294967270,883010,1440,1152,4294967206,0,1152
3446615020,0,4,864769379,3464403992,3908847231,1787501868,957840876,2708971464,515061547,49051433,2176750955,4294967258,1590338,2592,2304,4294967202,0,2304
3446615020,0,5,2969572575,1199149016,3646544022,3594453809,3464300841,1002179912,2654662314,2383228871,3428180320,4294967248,3004994,4896,4608,4294967176,0,4608
3446615020,0,6,1506741024,2656820789,3804659429,2696403456,2808079067,2131128244,488542015,542863830,3227516705,4294967210,5834306,9504,9216,4294967176,0,9216
3446615020,0,7,1362664369,1457248625,815516825,4017254873,2883527449,2251136357,3955870992,17951609,2207040260,4294967246,11492930,18720,18432,4294967156,0,18432
3446615020,0,8,3224929992,3269844450,4140193534,167888691,3357601711,4012185576,586806547,1851522156,3801127676,4294967158,22810178,37152,36864,4294967144,0,36864
3446615020,0,9,2487259000,3231778371,518869276,4254091773,3402564895,576235018,2280462885,3362749162,3090094076,4294967138,45444674,74016,73728,4294967084,0,73728
3446615020,0,10,1334015535,659342629,19223555,336944,925958144,69550343,268575008,2003829269,3221233666,4294966860,90713666,147744,147456,4294966784,0,147456
3446615020,0,11,1342665264,659554597,19222531,468272,925892608,71647239,268576032,2003829269,2,4294966756,181251650,295200,294912,4294966756,0,294912
3446615020,1,0,3271308486,3322080835,2470253822,3870501000,2855623360,3997473927,623162454,1503826597,2659909120,4294967288,175682,288,0,4294967288,0,0
3446615020,1,1,3592990871,90111906,3911772260,549385160,306015395,1704390508,4023512782,3826895630,3264704295,4294967250,352514,576,288,4294967240,0,288
3446615020,1,2,1517919799,2798451815,3233531128,1172741452,3158264576,1229819485,3488341743,2001325326,2223202275,4294967200,527597,811,576,4294967192,53,523
3446615020,1,3,2608379312,1192953845,3791338605,1474488924,3994340575,1909557177,2137438959,1989527568,3770517435,4294967222,875849,1223,1152,4294967158,217,935
3446615020,1,4,1422570799,4235232986,2024955621,4111620788,1340878321,4164333788,234514175,527049456,651244325,4294967206,1574762,2120,2304,4294967148,472,1832
3446615020,1,5,3013942935,627080997,393608317,1282123261,859765888,472672248,4282077919,2156729200,66269955,4294967142,2973743,3949,4608,4294967140,947,3661
3446615020,1,6,4258831071,732723453,4275998195,1945751271,140004751,4217579455,669897111,3208904172,2261336029,4294967154,5767910,7492,9216,4294967112,2012,7204
3446615020,1,7,18353510,4038150038,234786823,3761502393,1259616189,2012687984,4017067013,2427119473,4236653434,4294967210,11357102,14604,18432,4294967112,4116,14316
3446615020,1,8,2456278312,4069193989,2179117003,2276810495,3040870136,966708479,1763407569,313654870,4294959613,4294967148,22534265,28791,36864,4294967094,8361,28503
3446615020,1,9,1366892464,3612302875,2044122232,2801781286,1221649407,2744312032,1883101892,2291170538,4227842686,4294967058,44814539,54921,73728,4294966992,19095,54633
3446615020,1,10,2952301007,3635412698,4275761148,4294499023,3369074687,4206542840,4026292959,2291138026,4294967293,4294966786,88890647,92501,147456,4294966756,55243,92213
3446615020,1,11,2952302031,3635412698,4275744764,4294499023,3369074687,4223320056,4026391263,2291138026,4294967293,4294966756,176472260,150370,294912,4294966756,144830,150082
2728576510,0,0,798045179,2292066897,1983868712,307634214,2744996322,866598119,2220174008,126538315,4059368265,4,175682,288,0,4,0,0
2728576510,0,1,753418188,4121898656,4045532986,3780648403,8913238,1157443658,2864717978,2332227642,3240588016,4294967208,352514,576,288,4294967194,0,288
2728576510,0,2,3198522590,3107071762,2306160500,2197747011,1225695484,1530930085,3924320478,1417376336,3769358458,4294967224,529346,864,576,4294967194,0,576
2728576510,0,3,988047721,1034124310,4239106848,653999559,3425883132,3501605393,1636960986,531160114,2296404194,4294967202,883010,1440,1152,4294967192,0,1152
2728576510,0,4,3766181028,4136692806,4186729900,4280256147,4098705377,3511048440,804382988,1315041644,1725154555,4294967220,1590338,2592,2304,4294967186,0,2304
2728576510,0,5,662457052,3818120739,2653199410,157880508,1455225222,2779131884,1560421597,4071818836,1401023629,4294967208,3004994,4896,4608,4294967180,0,4608
2728576510,0,6,2933645771,1409515732,2073745170,1069537855,4191563496,3773893700,3217583599,1299180376,3306752868,4294967236,5834306,9504,9216,4294967172,0,9216
2728576510,0,7,2611118123,105874910,2203228052,4024064169,1355103462,3279304715,2025926472,990963920,3154857214,4294967214,11492930,18720,18432,4294967148,0,18432
2728576510,0,8,4219405279,3451545922,3341102267,3204908749,1119030577,2394258347,3766732607,1922982486,806886946,4294967166,22810178,37152,36864,4294967148,0,36864
2728576510,0,9,2834854595,3272932701,446337276,330783273,488911371,313863303,1099187484,2004824373,962596633,4294967144,45444674,74016,73728,4294967078,0,73728
2728576510,0,10,2952302031,3635412698,4275744764,3740850894,3369066495,4227514360,4026399455,2291138026,4294967293,4294966796,90713666,147744,147456,4294966764,0,147456
2728576510,0,11,2952302031,3635412698,4275744764,4294499023,3369074687,4223320056,4026391263,2291138026,4294967293,4294966756,181251650,295200,294912,4294966756,0,294912
2728576510,1,0,798045179,2292066897,1983868712,307634214,2744996322,866598119,2220174008,126538315,4059368265,4,175682,288,0,4,0,0
2728576510,1,1,753418188,4121898656,4045532986,3780648403,8913238,1157443658,2864717978,2332227642,3240588016,4294967208,352514,576,288,4294967194,0,288
2728576510,1,2,2894108620,3586078433,3961172731,2781671377,76287982,1172617330,3804245205,433486962,4152289623,4294967216,527234,800,576,4294967188,64,512
2728576510,1,3,3354693644,4288505853,3640273402,4223301873,8402695,1710342134,4109690092,2293587670,2147293564,4294967190,876806,1252,1152,4294967172,188,964
2728576510,1,4,2652958116,2595481243,1051639557,4290304691,824436959,4082709759,2219289424,2723769980,4101097718,4294967200,1574663,2117,2304,4294967124,475,1829
2728576510,1,5,3522376880,2815646511,2674511725,3960419916,953060239,1920187504,3897895641,1303622667,4164821980,4294967168,2971664,3886,4608,4294967120,1010,3598
2728576510,1,6,2832689161,1994073264,2193283394,3088597448,3218014175,4206312441,443939591,2279502293,2129656173,4294967196,5764709,7395,9216,4294967120,2109,7107
2728576510,1,7,3133705136,4245086141,4134231765,2280990383,4242000885,3696665592,2104100327,2433612662,1333950863,4294967182,11350469,14403,18432,4294967094,4317,14115
2728576510,1,8,1835013491,3864986343,2062242570,268102463,2887761116,2856602875,4289475278,1798792805,303593297,4294967144,22523045,28451,36864,4294967074,8701,28163
2728576510,1,9,2937624015,3634302682,384343848,4244171471,3360686075,4214897400,773966431,1217034922,3505847994,4294967016,44801999,54541,73728,4294966984,19475,54253
2728576510,1,10,2950204879,3635412698,4275744764,4294499023,3369074687,4223320056,4026391263,2291138026,1073741757,4294966772,88894409,92615,147456,4294966756,55129,92327
2728576510,1,11,2952302031,3635412698,4275744764,4294499023,3369074687,4223320056,4026391263,2291138026,4294967293,4294966756,176477276,150522,294912,4294966756,144678,150234
2825508535,0,0,510203460,1435468507,2478020286,321983400,1740391572,853664748,2353995356,664984040,3194212466,28,175682,288,0,28,0,0
2825508535,0,1,1073009775,3192910287,3724599539,2379816619,261080954,1058770302,3742102479,1957672966,2537778623,4294967206,352514,576,288,4294967192,0,288
2825508535,0,2,1859293537,2674978012,2594033916,989933225,3408933775,1845079865,310941701,4044357485,4010834873,4294967216,529346,864,576,4294967178,0,576
2825508535,0,3,395077655,2056890360,4243105461,40612017,917543040,438374942,2213646652,4222537989,2954610489,4294967238,883010,1440,1152,4294967178,0,1152
2825508535,0,4,3148277592,968029434,3724658941,1017557632,2186798391,1990811169,1463769360,137428318,769634398,4294967240,1590338,2592,2304,4294967178,0,2304
2825508535,0,5,2704368766,529653789,1030512106,910148279,3998523336,3845731879,3934593396,440288375,547874357,4294967250,3004994,4896,4608,4294967178,0,4608
2825508535,0,6,542111978,556152163,811551319,2668930667,2935740728,3344713609,4107119749,2251094570,4283104523,4294967256,5834306,9504,9216,4294967132,0,9216
2825508535,0,7,2915421641,3351102417,469220559,1278812801,3661229180,2528003915,4150580519,2505070199,763334500,4294967220,11492930,18720,18432,4294967132,0,18432
2825508535,0,8,1226215183,3370119902,2233968386,3887572820,3505815654,3667593412,2412566872,1978631925,3475413762,4294967152,22810178,37152,36864,4294967132,0,36864
2825508535,0,9,1912124845,3362842570,2132486255,167330573,688816023,611530968,2418154328,2850961674,12631869,4294967124,45444674,74016,73728,4294967062,0,73728
2825508535,0,10,1358860848,3679518429,4275785980,16308784,3358654462,4223287544,285071904,2289303019,4293854205,4294966820,90713666,147744,147456,4294966808,0,147456
2825508535,0,11,2700643776,3634429658,4275740924,4042840768,3368091647,4223316216,3774733008,2290154986,4294963453,4294966780,181251650,295200,294912,4294966780,0,294912
2825508535,1,0,510203460,1435468507,2478020286,321983400,1740391572,853664748,2353995356,664984040,3194212466,28,175682,288,0,28,0,0
2825508535,1,1,1073009775,3192910287,3724599539,2379816619,261080954,1058770302,3742102479,1957672966,2537778623,4294967206,352514,576,288,4294967192,0,288
2825508535,1,2,1134005603,1537340380,3725581267,3992469423,4105664299,1730331508,3745279982,3568020766,3076738979,4294967188,527069,795,576,4294967168,69,507
2825508535,1,3,2026330187,3724444910,4271823841,4008753887,1048574218,2128784996,891415191,2969383604,2745155873,4294967210,875618,1216,1152,4294967158,224,928
2825508535,1,4,1778715767,928215029,2055534572,2163688992,3341343203,3153856200,4043043158,2763077706,3242244479,4294967196,1573178,2072,2304,4294967158,520,1784
2825508535,1,5,4058239428,3869087238,3353306868,2697454374,3557851264,993686776,1785817692,1431043926,4033583486,4294967182,2972159,3901,4608,4294967138,995,3613
2825508535,1,6,4012430306,3637458522,2866457568,1392302671,3294361599,105692680,1635263667,3401540501,766637827,4294967140,5766359,7445,9216,4294967110,2059,7157
2825508535,1,7,3488577991,365977646,45333443,3556377294,1695115360,3304513731,327474469,2236138219,1317072076,4294967194,11348555,14345,18432,4294967068,4375,14057
2825508535,1,8,1492597814,3727587677,4143912945,3640179256,352124603,987630713,3932547818,2240537563,4160158453,4294967122,22519778,28352,36864,4294967068,8800,28064
2825508535,1,9,1396239664,2704539563,4192713971,3204048588,885693443,4165384635,803092191,2743069328,4236187534,4294967058,44802890,54568,73728,4294966980,19448,54280
2825508535,1,10,2952302031,3635412698,4275744764,4294499023,3369009151,4147822584,4026391263,2291138026,4294967293,4294966782,88863389,91675,147456,4294966756,56069,91387
2825508535,1,11,2952302031,3635412698,4275744764,4294499023,3369074687,4223320056,4026391263,2291138026,4294967293,4294966756,176446388,149586,294912,4294966756,145614,149298
988512245,0,0,1030688808,94378132,392199558,680286003,2899972538,3976924351,367444498,919420502,2238546611,12,175682,288,0,12,0,0
988512245,0,1,3767727648,962680405,3611235807,54572446,3090544524,1372805329,1281505972,2298859354,2325911047,4294967250,352514,576,288,4294967230,0,288
988512245,0,2,864652881,868785875,1991857360,2500430128,92359324,537302071,2910649599,289932542,2189712616,4294967228,529346,864,576,4294967194,0,576
988512245,0,3,2984676675,2145036393,3945471079,2474941738,1362294803,863747760,2401891512,2162358888,4011280445,4294967256,883010,1440,1152,4294967194,0,1152
988512245,0,4,2045234469,418421224,24111131,493141994,2789094371,3835125937,546592016,2607952906,1243791602,4294967230,1590338,2592,2304,4294967188,0,2304
988512245,0,5,2804892293,54140249,1629670157,2669636551,3021863175,2177063978,2739318439,3339640673,2299862709,4294967240,3004994,4896,4608,4294967184,0,4608
988512245,0,6,2315218961,936929575,1043934187,3275958989,2530953393,1212941263,2844638004,716240266,3980683713,4294967204,5834306,9504,9216,4294967172,0,9216
988512245,0,7,2941866561,2265162524,839395488,3774163916,1217327215,1089910659,675136927,2143052041,3239008485,4294967180,11492930,18720,18432,4294967154,0,18432
988512245,0,8,2890443913,3323479764,1904317794,2461173167,2853318652,2723533312,2665800934,2690763909,1615844299,4294967212,22810178,37152,36864,4294967148,0,36864
988512245,0,9,1466391826,1058258842,33165433,3421885088,1332804088,1515818845,535632239,3108358417,4278707205,4294967174,45444674,74016,73728,4294967082,0,73728
988512245,0,10,3501755824,3637575386,4275753212,2163792560,3358654463,4223320312,3774732992,2291203562,4026527485,4294966814,90713666,147744,147456,4294966790,0,147456
988512245,0,11,2952302031,3635412698,4275744764,4294499023,3369074687,4223320056,4026391263,2291138026,4294967293,4294966756,181251650,295200,294912,4294966756,0,294912
988512245,1,0,1030688808,94378132,392199558,680286003,2899972538,3976924351,367444498,919420502,2238546611,12,175682,288,0,12,0,0
988512245,1,1,3767727648,962680405,3611235807,54572446,3090544524,1372805329,1281505972,2298859354,2325911047,4294967250,352514,576,288,4294967230,0,288
988512245,1,2,1644476817,2064661053,1463803357,39888381,3373585540,122086769,1026696673,902706975,1635269053,4294967238,527696,814,576,4294967230,50,526
988512245,1,3,470606672,932884024,1849015231,1393673687,608901087,1968545396,4025558125,2108485023,2442841860,4294967210,877070,1260,1152,4294967170,180,972
988512245,1,4,802857551,3413212288,2161999043,2634378604,2821214182,3469357832,1329401027,327920351,1207409866,4294967222,1574960,2126,2304,4294967132,466,1838
988512245,1,5,1780178143,2545114458,1882659834,2140585281,2534262944,3162865406,2422180639,1349833622,1139556831,4294967194,2971697,3887,4608,4294967132,1009,3599
988512245,1,6,3203969841,4201905784,1335694059,521505951,3488088169,3308581878,1994245543,2801721312,4283448944,4294967210,5763686,7364,9216,4294967112,2140,7076
988512245,1,7,1300716078,2349696490,2077795359,862977078,3004170236,1688552948,744242461,1357667388,2149679898,4294967174,11350931,14417,18432,4294967088,4303,14129
988512245,1,8,2080656399,995945305,3478765139,66663922,1015954196,3827810116,3554828202,1627191855,3233884922,4294967170,22518854,28324,36864,4294967070,8828,28036
988512245,1,9,1152601041,659554573,4247113791,3891860984,666892479,4216094967,4043165376,4287626652,4291624701,4294967046,44805002,54632,73728,4294966990,19384,54344
988512245,1,10,2952302031,3635410650,4275744764,4294499023,3369074687,4223320056,4026522335,2291072490,4294834685,4294966792,88872167,91941,147456,4294966756,55803,91653
988512245,1,11,2952302031,3635412698,4275744764,4294499023,3369074687,4223320056,4026391263,2291138026,4294967293,4294966756,176456948,149906,294912,4294966756,145294,149618
1332097167,0,0,1927929390,3008012712,249013869,4232539116,1808274364,3372621907,1011535347,4095385536,186725143,4294967290,175682,288,0,4294967290,0,0
1332097167,0,1,3268182951,1348309186,1612001376,2800423518,2305067421,3405234573,3618445568,2962558294,3035418056,4294967256,352514,576,288,4294967242,0,288
1332097167,0,2,1554588438,3495151936,2971266800,4226840991,718265381,2634817533,4011656022,1456686332,3494249928,4294967242,529346,864,576,4294967230,0,576
1332097167,0,3,285983856,3542162933,3972205901,3053202259,2816921525,3774005759,115742630,1890976818,3965615801,4294967224,883010,1440,1152,4294967204,0,1152
1332097167,0,4,935465783,4231180234,1493511457,698032985,4020277231,3357915497,3783148787,2370764525,86622391,4294967232,1590338,2592,2304,4294967198,0,2304
1332097167,0,5,2832592073,1756399902,188412978,730844097,1011519417,341785464,944023813,2033010549,2202397827,4294967240,3004994,4896,4608,4294967182,0,4608
1332097167,0,6,3820295715,4089084862,1865852936,258548527,978445152,4254932021,3734443501,1497073077,1241452069,4294967248,5834306,9504,9216,4294967154,0,9216
1332097167,0,7,3909131687,1400443677,3370373865,1322591055,995935512,3527216858,1379773095,2553359802,1043285261,4294967206,11492930,18720,18432,4294967154,0,18432
1332097167,0,8,714977885,2157312901,2824491395,153360179,1366754226,70520582,3072111655,2465304053,398368428,4294967188,22810178,37152,36864,4294967126,0,36864
1332097167,0,9,1638000,3817928729,4162959348,2029937457,4082220896,3466934525,3903706216,3331067765,2038557713,4294967144,45444674,74016,73728,4294967078,0,73728
1332097167,0,10,1359442480,659554597,19222531,468272,925892608,2219131015,268580128,2003829269,2,4294966778,90713666,147744,147456,4294966768,0,147456
1332097167,0,11,1342665264,659554597,19222531,468272,925892608,71647239,268576032,2003829269,2,4294966756,181251650,295200,294912,4294966756,0,294912
1332097167,1,0,1927929390,3008012712,249013869,4232539116,1808274364,3372621907,1011535347,4095385536,186725143,4294967290,175682,288,0,4294967290,0,0
1332097167,1,1,3268182951,1348309186,1612001376,2800423518,2305067421,3405234573,3618445568,2962558294,3035418056,4294967256,352514,576,288,4294967242,0,288
1332097167,1,2,2479609695,949608914,20168451,3353557157,2405421453,1736384653,3522836176,2597408174,3922665599,4294967188,527795,817,576,4294967188,47,529
1332097167,1,3,2536938557,3110005466,1838208962,2669553402,1049095939,4249794815,3497786844,2583198697,4159426107,4294967154,876377,1239,1152,4294967144,201,951
1332097167,1,4,3011922454,2777604774,398433827,4206424670,1322188676,615956473,4162575305,1607270249,3689573,4294967170,1574564,2114,2304,4294967112,478,1826
1332097167,1,5,2905801491,3686756317,2082105841,1425578352,1104084546,3950739954,1945816545,4111465132,2264954087,4294967186,2971664,3886,4608,4294967112,1010,3598
1332097167,1,6,2946601935,3343689540,3783617723,4158924751,3159986179,3842650069,935567399,939443093,1757646191,4294967124,5763917,7371,9216,4294967088,2133,7083
1332097167,1,7,2531291630,2635921195,915782672,3592914504,1399718287,4004686184,2296306120,129023201,2895242728,4294967210,11352581,14467,18432,4294967068,4253,14179
1332097167,1,8,2129379852,961537317,4012318697,4244319607,3356400015,3942563524,4026416925,3081633103,2028002627,4294967124,22520636,28378,36864,4294967068,8774,28090
1332097167,1,9,1334135083,881321786,3776622563,4294384463,3545120740,3651516394,527623483,3145694971,947687289,4294967068,44803946,54600,73728,4294966964,19416,54312
1332097167,1,10,2939915727,3635363546,4275744764,4294498959,3369074687,4220174328,4026391263,2291138026,4294967293,4294966792,88873223,91973,147456,4294966756,55771,91685
1332097167,1,11,2952302031,3635412698,4275744764,4294499023,3369074687,4223320056,4026391263,2291138026,4294967293,4294966756,176457608,149926,294912,4294966756,145274,149638
2227985606,0,0,3489304921,2850988617,46243478,498514251,327020951,4241690517,1045390620,1832320247,72302019,4294967270,175682,288,0,4294967270,0,0
2227985606,0,1,729515071,3686666667,3714926464,1182676591,4036946383,1469000589,216086317,994115363,3075723959,4294967258,352514,576,288,4294967226,0,288
2227985606,0,2,604467869,3894977315,1333874575,3937428135,846626755,3216982367,1504875308,241193507,1209047737,4294967266,529346,864,576,4294967226,0,576
2227985606,0,3,1771615437,3667911361,4114713029,725296941,41246139,259334142,1598555674,2989086761,2139178607,4294967254,883010,1440,1152,4294967226,0,1152
2227985606,0,4,3865986372,2094177282,1608865102,2647741480,3543656677,3699992574,452877303,2073026353,2143133948,4294967220,1590338,2592,2304,4294967200,0,2304
2227985606,0,5,1237028394,3497180264,563425278,4130303808,4023597720,1000468718,545249512,2001368407,4161523708,4294967208,3004994,4896,4608,4294967144,0,4608
2227985606,0,6,1642536400,1557122340,3171787571,1136108210,1162101670,1127862791,3661749122,158357426,51937758,4294967224,5834306,9504,9216,4294967144,0,9216
2227985606,0,7,893991735,70732221,2053558471,1140171630,3512758375,3919667295,1801257081,3671160252,1842823598,4294967266,11492930,18720,18432,4294967144,0,18432
2227985606,0,8,1098411172,1747476475,2379988601,2668093103,1353449625,2718048407,4045276492,1333885973,3573149850,4294967160,22810178,37152,36864,4294967124,0,36864
2227985606,0,9,2707926737,2360176108,3443370275,11549264,1415725056,825930809,184902417,3813260547,1085546796,4294967206,45444674,74016,73728,4294967078,0,73728
2227985606,0,10,2936501199,649003300,19185411,4278658767,885981187,72007431,4018285279,1754219018,2022914,4294966826,90713666,147744,147456,4294966800,0,147456
2227985606,0,11,2936500687,615448870,19312387,4278658767,885981187,71745287,4009895647,1955529238,261890,4294966780,181251650,295200,294912,4294966780,0,294912
2227985606,1,0,3489304921,2850988617,46243478,498514251,327020951,4241690517,1045390620,1832320247,72302019,4294967270,175682,288,0,4294967270,0,0
2227985606,1,1,729515071,3686666667,3714926464,1182676591,4036946383,1469000589,216086317,994115363,3075723959,4294967258,352514,576,288,4294967226,0,288
2227985606,1,2,938966765,2039444012,4046794707,4204735272,817531833,1940868824,1291606556,3014114290,2546429965,4294967202,528158,828,576,4294967202,36,540
2227985606,1,3,2446603985,3529045322,2837033830,2381780273,4281284095,1535466777,962393566,3310092234,3607362522,4294967202,877763,1281,1152,4294967184,159,993
2227985606,1,4,3617620019,1823995094,2583143424,988764722,1465761333,3182065139,15846972,3640053750,971374571,4294967214,1575422,2140,2304,4294967156,452,1852
2227985606,1,5,1056428498,3529013242,1316336188,1882775490,453388056,480887128,758316828,3075800086,3599762876,4294967204,2970344,3846,4608,4294967120,1050,3558
2227985606,1,6,2651898160,1596906527,3218960116,3453802797,2404126462,2072902024,2120000857,324928145,38228807,4294967172,5765996,7434,9216,4294967120,2070,7146
2227985606,1,7,2226648512,2866802990,60137323,507846346,4196658814,4210634740,2847745500,1906883349,1745279974,4294967172,11351294,14428,18432,4294967106,4292,14140
2227985606,1,8,2449014256,3367097884,314772988,472173261,2697916375,466303896,4011715032,4035771867,2117401341,4294967090,22522748,28442,36864,4294967072,8710,28154
2227985606,1,9,1374382653,3780297011,184234444,3757624015,3368844251,1689992308,4276345604,2285436362,2130563129,4294967086,44808401,54735,73728,4294966998,19281,54447
2227985606,1,10,2952299983,3635412698,4275744764,4293450447,3369074687,4223320056,4026391263,2291138026,2684354557,4294966778,88864775,91717,147456,4294966756,56027,91429
2227985606,1,11,2952302031,3635412698,4275744764,4294499023,3369074687,4223320056,4026391263,2291138026,4294967293,4294966756,176447444,149618,294912,4294966756,145582,149330
997914239,0,0,1091613950,3948628806,810412522,2309881392,830626932,2519711565,860077115,2864871836,1141831131,28,175682,288,0,28,0,0
997914239,0,1,3137704137,3303290890,3945877504,182597938,1717430150,3711313956,155331614,1898836878,1801309892,4294967262,352514,576,288,4294967236,0,288
997914239,0,2,1687970054,3259665181,2296816257,500474157,2004730843,3847060584,4207223066,387349013,3350374305,4294967224,529346,864,576,4294967222,0,576
997914239,0,3,2782430656,1017172552,1747648566,982022688,778638619,1884161762,2161616930,1513131323,3706473883,4294967238,883010,1440,1152,4294967186,0,1152
997914239,0,4,801442451,4013506987,4291002418,961071884,978694188,3415643806,4069244453,2929118059,991560201,4294967254,1590338,2592,2304,4294967186,0,2304
997914239,0,5,1254443546,2024974934,3327570890,3515297008,928051729,842664930,477458505,1258334681,1070920137,4294967236,3004994,4896,4608,4294967186,0,4608
997914239,0,6,3602412803,1000969390,699671792,655911113,3372088890,4215986419,2368027285,930549132,2979536656,4294967236,5834306,9504,9216,4294967154,0,9216
997914239,0,7,822825719,2683607347,848108474,4155422829,3420971580,1801320144,3598630198,1208034165,1377254530,4294967244,11492930,18720,18432,4294967144,0,18432
997914239,0,8,3950863543,1065930365,3238318147,2542037153,104265593,176282615,527182316,3294766228,366562865,4294967230,22810178,37152,36864,4294967144,0,36864
997914239,0,9,2380366064,1159985475,1726238309,4232455471,3889627328,2006267844,578418463,2562913262,3347300323,4294967128,45444674,74016,73728,4294967072,0,73728
997914239,0,10,1877438991,659521829,19230467,2114397455,927924224,2219130631,1862411615,1997472277,30466,4294966814,90713666,147744,147456,4294966800,0,147456
997914239,0,11,789017167,657391909,19214083,2131174735,927924224,71646983,1862411615,1997472277,32514,4294966780,181251650,295200,294912,4294966780,0,294912
997914239,1,0,1091613950,3948628806,810412522,2309881392,830626932,2519711565,860077115,2864871836,1141831131,28,175682,288,0,28,0,0
997914239,1,1,3137704137,3303290890,3945877504,182597938,1717430150,3711313956,155331614,1898836878,1801309892,4294967262,352514,576,288,4294967236,0,288
997914239,1,2,1864291590,4053291826,2612744901,2409648690,4091473874,71742074,1543644848,3916284823,4110082033,4294967194,528158,828,576,4294967194,36,540
997914239,1,3,4104094612,3633071852,2815362580,3737165580,935749578,3091574978,4201522314,253755387,812281397,4294967206,877730,1280,1152,4294967144,160,992
997914239,1,4,1428188215,1624981468,3343260513,2384471602,1061030799,2152516616,2074617914,4161839636,2177741954,4294967170,1576874,2184,2304,4294967144,408,1896
997914239,1,5,3136752596,1488353966,930922198,2132307613,1873878259,1071288575,1585294256,4252487289,947591115,4294967228,2974733,3979,4608,4294967144,917,3691
997914239,1,6,4017554061,3545120103,3220393791,4265045742,1393515523,457268776,461317594,2020572808,1126112098,4294967136,5767976,7494,9216,4294967120,2010,7206
997914239,1,7,2007168012,1016280361,2748748709,611801825,1501082223,1670193448,1445132880,1542574892,3013707231,4294967224,11355782,14564,18432,4294967106,4156,14276
997914239,1,8,3234362613,1573441046,1847251404,4279966463,4097604673,4222140138,4036821712,3096196570,2415900725,4294967104,22529612,28650,36864,4294967080,8502,28362
997914239,1,9,2952039367,2025812700,2976038643,4093617299,1158805723,4113918207,3371898244,2022243616,3893360894,4294967062,44804243,54609,73728,4294966972,19407,54321
997914239,1,10,2952302031,3633315546,4275744764,4294499023,3369074687,4223320056,4026391263,2291138026,4294836221,4294966770,88853522,91376,147456,4294966756,56368,91088
997914239,1,11,2952302031,3635412698,4275744764,4294499023,3369074687,4223320056,4026391263,2291138026,4294967293,4294966756,176438534,149348,294912,4294966756,145852,149060
1771623977,0,0,983371251,3481687376,76670785,439364872,8183917,2421358535,1052571813,3757907077,3259209280,4294967280,175682,288,0,4294967280,0,0
1771623977,0,1,1071177809,3501081195,3716003468,3754386928,2496618456,3190073153,3055463622,1724272546,1897082465,4294967216,352514,576,288,4294967212,0,288
1771623977,0,2,1536802312,4252929433,837074657,2115347594,3870435232,2073332537,106844693,3612402313,2728646661,4294967230,529346,864,576,4294967200,0,576
1771623977,0,3,603684290,2377783587,3511485338,2732023722,2446973298,904024842,302680673,873366037,2129003105,4294967224,883010,1440,1152,4294967200,0,1152
1771623977,0,4,2479181187,4132409723,400458718,1362168370,3470909037,2182435673,3043458445,195769697,2106949974,4294967260,1590338,2592,2304,4294967196,0,2304
1771623977,0,5,1653098640,3013676763,3265954604,462040587,2808990404,1615412594,65436848,1528042987,2472835991,4294967238,3004994,4896,4608,4294967180,0,4608
1771623977,0,6,1300241403,2688868445,1963881595,2334926139,2543149168,3831351243,4077856011,378824024,3354813522,4294967240,5834306,9504,9216,4294967168,0,9216
1771623977,0,7,3762199983,418134154,3005903803,4132275778,3095580871,912946039,334515217,1467182100,263211261,4294967150,11492930,18720,18432,4294967144,0,18432
1771623977,0,8,3099886029,3559973063,3657703624,985645416,1089172948,3875363541,2380693287,71817830,1324583420,4294967204,22810178,37152,36864,4294967142,0,36864
1771623977,0,9,4020491784,3937318116,2317133566,3645417256,1324066689,196992888,771894574,2341452537,4254047741,4294967160,45444674,74016,73728,4294967068,0,73728
1771623977,0,10,2700635584,3633381082,4275736828,2180577968,3358719999,4223287544,3506297376,2293300714,4244619519,4294966830,90713666,147744,147456,4294966802,0,147456
1771623977,0,11,1358466352,3629186778,4275720444,16308784,3358654463,4223287544,285071904,2289106410,4294902013,4294966780,181251650,295200,294912,4294966780,0,294912
1771623977,1,0,983371251,3481687376,76670785,439364872,8183917,2421358535,1052571813,3757907077,3259209280,4294967280,175682,288,0,4294967280,0,0
1771623977,1,1,1071177809,3501081195,3716003468,3754386928,2496618456,3190073153,3055463622,1724272546,1897082465,4294967216,352514,576,288,4294967212,0,288
1771623977,1,2,670604049,1606290892,4184751706,3940541918,3973832636,4102334348,661578231,4268889557,2078897779,4294967202,527762,816,576,4294967192,48,528
1771623977,1,3,1833833006,1546544985,4040568710,109993436,3619524346,210582968,623888347,3085047252,434424091,4294967208,876971,1257,1152,4294967152,183,969
1771623977,1,4,2937657070,2494471333,1731373884,257260383,3338172996,2591983980,3004515829,2072980322,3288331649,4294967204,1576313,2167,2304,4294967152,425,1879
1771623977,1,5,1585177168,1558085101,1897533030,5061152,432738253,3027451775,1269450219,102104119,1622177778,4294967184,2973644,3946,4608,4294967116,950,3658
1771623977,1,6,1578079277,2136873317,4246584994,3313406077,970028991,436934424,1830560351,4116806677,2407647373,4294967132,5766095,7437,9216,4294967106,2067,7149
1771623977,1,7,3582146505,4150231765,3761615356,2108298753,2390623867,2121962511,3480130540,3299835319,2853090878,4294967218,11350601,14407,18432,4294967106,4313,14119
1771623977,1,8,822004176,2796613944,252991522,2652382136,773210097,2614982461,3214744584,917476078,1879274482,4294967150,22526213,28547,36864,4294967082,8605,28259
1771623977,1,9,3006966368,3401051833,4275615228,2750994655,2299592703,2087276796,3774764372,115408355,1861359870,4294967062,44808038,54724,73728,4294966940,19292,54436
1771623977,1,10,2952302031,3635412698,4275744748,4294499023,3436183551,4223320056,4026391263,2291138026,4294967165,4294966778,88879196,92154,147456,4294966756,55590,91866
1771623977,1,11,2952302031,3635412698,4275744764,4294499023,3369074687,4223320056,4026391263,2291138026,4294967293,4294966756,176461865,150055,294912,4294966756,145145,149767
431259611,0,0,3173104385,632618260,1569883861,2327968679,969742494,2100106536,633172500,545971992,4181786425,4294967284,175682,288,0,4294967284,0,0
431259611,0,1,2969524985,695465798,1914610175,3874905483,438431609,203865683,2054998647,3028753630,4063548309,4294967242,352514,576,288,4294967212,0,288
431259611,0,2,1880467988,2695133614,824846416,2077895937,901346436,959421822,779883802,2486107924,3552241143,4294967224,529346,864,576,4294967212,0,576
431259611,0,3,1804173648,195813719,3415670291,190653242,3511805423,2981646467,2923931502,2592819208,801569153,4294967268,883010,1440,1152,4294967190,0,1152
431259611,0,4,1381271408,4281350645,236610306,4206076632,3584959289,2680354668,1698416157,214798886,1616198938,4294967226,1590338,2592,2304,4294967176,0,2304
431259611,0,5,736072057,1457418084,891115323,1194792823,608644144,2766498721,3634341862,3145186196,4208734305,4294967194,3004994,4896,4608,4294967172,0,4608
431259611,0,6,585222200,3770598048,982168044,1083750623,996266936,4117776276,334747308,3544419794,1269184906,4294967208,5834306,9504,9216,4294967172,0,9216
431259611,0,7,3959757299,452694430,3873227583,797170201,2550137790,608205463,3361947858,4138787852,940439792,4294967200,11492930,18720,18432,4294967136,0,18432
431259611,0,8,3086845641,4104009426,3799339624,3814511792,680247865,1500950678,268295901,1668770590,2987835301,4294967200,22810178,37152,36864,4294967136,0,36864
431259611,0,9,2849015489,2156347058,116796364,4227390415,3473358841,4223455032,2144105607,640645636,3477004250,4294967126,45444674,74016,73728,4294967060,0,73728
431259611,0,10,2952302031,3635412698,4275744764,4294499023,3369074683,4221220728,4025342687,2291133802,4294950909,4294966812,90713666,147744,147456,4294966766,0,147456
431259611,0,11,2952302031,3635412698,4275744764,4294499023,3369074687,4223320056,4026391263,2291138026,4294967293,4294966756,181251650,295200,294912,4294966756,0,294912
431259611,1,0,3173104385,632618260,1569883861,2327968679,969742494,2100106536,633172500,545971992,4181786425,4294967284,175682,288,0,4294967284,0,0
431259611,1,1,2969524985,695465798,1914610175,3874905483,438431609,203865683,2054998647,3028753630,4063548309,4294967242,352514,576,288,4294967212,0,288
431259611,1,2,4030698072,682835418,3984306671,3545877967,1229484635,2351705723,859713034,3471474884,4269531418,4294967218,527399,805,576,4294967196,59,517
431259611,1,3,755027408,4205313754,1058129864,446081909,3390700516,2388041677,4016710653,2946841144,4059882354,4294967216,877004,1258,1152,4294967196,182,970
431259611,1,4,3757364855,4275109601,4157123112,1070199311,3100627359,4237903863,4023937327,245359317,1786301501,4294967158,1575455,2141,2304,4294967110,451,1853
431259611,1,5,2931486168,677377468,894814769,2105335241,3374856344,2998572090,4106264292,2408801868,3504484402,4294967188,2973974,3956,4608,4294967110,940,3668
431259611,1,6,2950214357,535141603,4282167170,3743516399,1462758503,2856377227,2564077736,549455051,1017085820,4294967176,5766953,7463,9216,4294967110,2041,7175
431259611,1,7,4148518973,824916258,1042005676,4271449831,208441101,4114133107,3639763582,2441900146,3253083337,4294967186,11353142,14484,18432,4294967100,4236,14196
431259611,1,8,2945894989,3643275515,5124026,2107589839,3236888639,3276267268,4007769050,927850898,2099458915,4294967122,22520405,28371,36864,4294967072,8781,28083
431259611,1,9,3498479025,4171293178,4039038691,4294953410,3637508593,4240097276,1828309852,2290940394,3891920109,4294967000,44803979,54601,73728,4294966996,19415,54313
431259611,1,10,2952302031,3652189914,4275744708,2147015375,3369074687,4223320056,4026391263,2291138026,4294967293,4294966788,88875335,92037,147456,4294966756,55707,91749
431259611,1,11,2952302031,3635412698,4275744764,4294499023,3369074687,4223320056,4026391263,2291138026,4294967293,4294966756,176456915,149905,294912,4294966756,145295,149617
949526952,0,0,1272584744,2000000057,1344500511,1414599670,3731620157,1927175689,56333801,3111370932,3051303617,4294967266,175682,288,0,4294967266,0,0
949526952,0,1,1852999070,2771579121,2065044291,1175733871,1854833416,793788677,3379348901,2254532541,280169534,4294967234,352514,576,288,4294967230,0,288
949526952,0,2,1560083022,680590991,948800315,542722934,3410256472,747521268,203643936,2021424286,4166977695,4294967202,529346,864,576,4294967198,0,576
949526952,0,3,1355870571,4287797058,4155962246,3471890096,2309092317,4244030711,3778682543,2540777999,406388797,4294967180,883010,1440,1152,4294967180,0,1152
949526952,0,4,1550448624,2994437925,1490071724,3883623696,1788424988,2607448990,1958288717,1836377817,1870137069,4294967226,1590338,2592,2304,4294967168,0,2304
949526952,0,5,30075183,2806612090,1714773765,3639890686,3176613729,3559457679,1941326799,3425767050,2236327425,4294967244,3004994,4896,4608,4294967168,0,4608
949526952,0,6,3397905848,510351597,3742199281,1944025250,581278111,1202384342,1463633701,683085809,3158179452,4294967238,5834306,9504,9216,4294967168,0,9216
949526952,0,7,3486420072,2939948969,51944779,3100049013,3875743220,2543838164,3517021670,2091502588,820152854,4294967264,11492930,18720,18432,4294967158,0,18432
949526952,0,8,1616846339,3679400200,43986749,1057267015,3904946296,2407816805,410838518,146138646,568508922,4294967174,22810178,37152,36864,4294967148,0,36864
949526952,0,9,249603556,2560750266,2098898940,4280277703,3067070205,4056776056,217926946,795856361,1393716805,4294967110,45444674,74016,73728,4294967048,0,73728
949526952,0,10,2936500681,548340006,19574531,4261880527,885981191,3292970759,4022478559,1955578390,3758358498,4294966818,90713666,147744,147456,4294966804,0,147456
949526952,0,11,2936500687,615448870,19312387,4278658767,885981187,71745287,4009895647,1955529238,261890,4294966780,181251650,295200,294912,4294966780,0,294912
949526952,1,0,1272584744,2000000057,1344500511,1414599670,3731620157,1927175689,56333801,3111370932,3051303617,4294967266,175682,288,0,4294967266,0,0
949526952,1,1,1852999070,2771579121,2065044291,1175733871,1854833416,793788677,3379348901,2254532541,280169534,4294967234,352514,576,288,4294967230,0,288
949526952,1,2,1049950798,976418220,1883132867,503833685,979318095,526665604,33113121,2238720685,840896779,4294967200,527465,807,576,4294967186,57,519
949526952,1,3,657647691,959681979,4148126644,1365697064,4073802757,4291182916,1081989078,2289135146,2450390789,4294967200,876443,1241,1152,4294967124,199,953
949526952,1,4,575230529,3630096170,4060863196,2404782139,3977295314,1035789426,3276207759,3634399963,3480044491,4294967240,1575290,2136,2304,4294967124,456,1848
949526952,1,5,2971201128,380921380,3757169180,3175741326,3141164284,2893238047,302262792,1716716128,4279435289,4294967208,2973611,3945,4608,4294967124,951,3657
949526952,1,6,1283231054,2286541778,2654954949,4289804117,4168084767,2612649756,260035167,1898173522,436669343,4294967186,5768636,7514,9216,4294967124,1990,7226
949526952,1,7,2696457665,4228888695,922645501,1060762127,3299863418,4155681146,3428048093,2000421485,3657445492,4294967164,11355353,14551,18432,4294967100,4169,14263
949526952,1,8,3659097545,625876778,3998166157,1757372236,3325133047,2549465335,337716788,2798107910,4286039293,4294967138,22523672,28470,36864,4294967076,8682,28182
949526952,1,9,3726602542,1725906213,3882659619,4286917327,3031368647,4122402308,805017243,1344273134,4268221437,4294967046,44803154,54576,73728,4294966990,19440,54288
949526952,1,10,2952302031,3635412698,4275744764,4294499023,3369074687,2075836408,4025342687,2291133930,4294967277,4294966778,88854908,91418,147456,4294966756,56326,91130
949526952,1,11,2952302031,3635412698,4275744764,4294499023,3369074687,4223320056,4026391263,2291138026,4294967293,4294966756,176439161,149367,294912,4294966756,145833,149079
967135520,0,0,3840021026,1822319500,3474631687,2436397282,4134719817,1275229257,2219222855,4047130959,1865211891,12,175682,288,0,12,0,0
967135520,0,1,2912207095,2058326288,4212204437,1715006144,3309731691,29227647,2114318262,4086039954,1693770482,4294967204,352514,576,288,4294967202,0,288
967135520,0,2,417841626,915825970,3896079598,301716824,1934254688,530165787,1373223407,1327481289,2482989010,4294967194,529346,864,576,4294967194,0,576
967135520,0,3,427434552,4216700425,2849177905,3521702400,316688855,84491078,2077435267,2948503919,1657918209,4294967240,883010,1440,1152,4294967192,0,1152
967135520,0,4,1388809808,2169157881,2403430126,915713878,130964379,3010508580,2706186387,523562806,168551660,4294967220,1590338,2592,2304,4294967152,0,2304
967135520,0,5,1009349195,1054128932,1972671680,91211076,1513683350,545120263,1457834202,3097872331,2160466571,4294967232,3004994,4896,4608,4294967152,0,4608
967135520,0,6,3436833089,146331669,1079586953,2147740390,3977265095,2172537176,278842411,2844690344,1340468429,4294967228,5834306,9504,9216,4294967152,0,9216
967135520,0,7,2710893100,1872108832,2949469964,1705042142,4006653791,1860928320,3913309084,486539692,16333734,4294967240,11492930,18720,18432,4294967152,0,18432
967135520,0,8,1750891473,112089364,3192698440,1741458807,1227817188,2010865287,1812089435,2392299936,665905030,4294967200,22810178,37152,36864,4294967152,0,36864
967135520,0,9,1330100621,1271809593,503769112,558450450,4224780002,815632883,2143812827,2265550297,519471013,4294967180,45444674,74016,73728,4294967090,0,73728
967135520,0,10,2942791119,951017786,19574531,4278657743,684654623,2243608327,4026391263,2291135978,4294967293,4294966824,90713666,147744,147456,4294966808,0,147456
967135520,0,11,2952302031,3635412698,4275744764,4294499023,3369074687,4223320056,4026391263,2291138026,4294967293,4294966756,181251650,295200,294912,4294966756,0,294912
967135520,1,0,3840021026,1822319500,3474631687,2436397282,4134719817,1275229257,2219222855,4047130959,1865211891,12,175682,288,0,12,0,0
967135520,1,1,2912207095,2058326288,4212204437,1715006144,3309731691,29227647,2114318262,4086039954,1693770482,4294967204,352514,576,288,4294967202,0,288
967135520,1,2,787407670,607121682,4062453916,4006929632,1288206239,972107898,1812043598,4136624530,3896570098,4294967150,527003,793,576,4294967148,71,505
967135520,1,3,2952220255,3859217710,1055165564,3681199353,1340859413,75087857,1680059741,3040660301,3010490607,4294967154,875783,1221,1152,4294967124,219,933
967135520,1,4,738489052,1722686532,942598141,3692536509,686674317,3895574491,4033266893,2549115665,3086031069,4294967162,1573673,2087,2304,4294967124,505,1799
967135520,1,5,679162841,3049291717,3924555765,1409280023,3427202806,4097457909,2096087911,2436225572,901873181,4294967210,2972753,3919,4608,4294967124,977,3631
967135520,1,6,701531678,2823276213,4008610572,3891808005,3745107268,3285869528,602676032,3233017123,300067425,4294967206,5764280,7382,9216,4294967110,2122,7094
967135520,1,7,1771621911,174583510,4268536824,3905960657,1069447103,1922410603,1829051375,2559518130,440398594,4294967176,11352185,14455,18432,4294967110,4265,14167
967135520,1,8,1992341726,3874811607,516810620,3054075202,1501013513,712507961,3975341538,4072657653,3323787394,4294967186,22522451,28433,36864,4294967076,8719,28145
967135520,1,9,3724807280,1488879738,3200958203,2902008526,819928068,855293467,3757841103,662699114,3908044798,4294967050,44806454,54676,73728,4294966972,19340,54388
967135520,1,10,2952302031,3635412698,4275744764,4294499023,3369074687,2075836408,4026391263,2291138026,4294967293,4294966762,88871870,91932,147456,4294966756,55812,91644
967135520,1,11,2952302031,3635412698,4275744764,4294499023,3369074687,4223320056,4026391263,2291138026,4294967293,4294966756,176455892,149874,294912,4294966756,145326,149586
227203276,0,0,1564757681,2765948045,1535824025,2721239252,3720704717,3280713309,2114497254,3399268399,1884271213,4294967268,175682,288,0,4294967268,0,0
227203276,0,1,943782422,2778258997,656808307,1974850672,3956279872,2280681006,2108049481,210518440,3833315169,4294967240,352514,576,288,4294967236,0,288
227203276,0,2,1552286331,41009937,491082796,3832229180,466158862,2269688781,383586131,1509827946,646094973,4294967212,529346,864,576,4294967188,0,576
227203276,0,3,1412082232,1501737941,1372414600,72631045,3686677356,3922562918,1566466798,474723768,123899161,4294967268,883010,1440,1152,4294967188,0,1152
227203276,0,4,52366252,102333892,3507335163,45951295,2840723465,4143542459,735836848,3692137455,3794488971,4294967204,1590338,2592,2304,4294967170,0,2304
227203276,0,5,1812366290,760135999,2739883693,1206517070,860521883,4186398472,142952316,2129703034,2583024001,4294967214,3004994,4896,4608,4294967170,0,4608
227203276,0,6,1652077252,458497562,285783064,555427188,3555733540,1864715401,3563121344,1315766563,1573869821,4294967204,5834306,9504,9216,4294967170,0,9216
227203276,0,7,3364163337,1681944926,3737160123,3739856512,3700301741,95348707,3694214348,1773485356,1330059764,4294967222,11492930,18720,18432,4294967150,0,18432
227203276,0,8,149113391,797719973,542449843,955912649,4058545073,412832228,135979826,3060566999,2453334724,4294967200,22810178,37152,36864,4294967150,0,36864
227203276,0,9,3503254832,794331641,2166706561,2212814515,78902239,993487732,270613258,2390030824,485539850,4294967094,45444674,74016,73728,4294967074,0,73728
227203276,0,10,789024207,3635347930,31108867,4278655695,1221525631,96124679,4009941727,1217364586,4232052730,4294966822,90713666,147744,147456,4294966790,0,147456
227203276,0,11,2952302031,3635412698,4275744764,4294499023,3369074687,4223320056,4026391263,2291138026,4294967293,4294966756,181251650,295200,294912,4294966756,0,294912
227203276,1,0,1564757681,2765948045,1535824025,2721239252,3720704717,3280713309,2114497254,3399268399,1884271213,4294967268,175682,288,0,4294967268,0,0
227203276,1,1,943782422,2778258997,656808307,1974850672,3956279872,2280681006,2108049481,210518440,3833315169,4294967240,352514,576,288,4294967236,0,288
227203276,1,2,2562110075,2799804073,824622707,3222877520,3757212912,468041383,3968891100,1846281156,3862691629,4294967166,527102,796,576,4294967160,68,508
227203276,1,3,390856511,2030193003,91580743,2609624266,2127529597,3181164702,3900234396,2618342890,3288824523,4294967176,875552,1214,1152,4294967144,226,926
227203276,1,4,917140239,3832331374,4141505675,2800659212,4011635198,4107632438,3916098447,3146775269,2345322286,4294967200,1575686,2148,2304,4294967144,444,1860
227203276,1,5,593672947,1991311197,1629940847,4146589135,4125571533,1384668926,638657438,141072299,2956859527,4294967178,2973050,3928,4608,4294967144,968,3640
227203276,1,6,620265684,921992925,4278609132,3558544462,4281346783,4224541964,3904210280,2812673764,4055391871,4294967172,5764808,7398,9216,4294967126,2106,7110
227203276,1,7,1276605487,656900107,1337021342,1663652947,4147607088,1707068276,3621836511,1897090618,317880405,4294967180,11348687,14349,18432,4294967094,4371,14061
227203276,1,8,2948782031,3076423922,2201837067,2047653183,936185476,1792392505,955880706,1867658713,4013486205,4294967128,22522154,28424,36864,4294967094,8728,28136
227203276,1,9,1903720465,1202923787,3997520762,2046550291,3342859769,3585511643,551804624,2281754346,2143551741,4294967100,44804837,54627,73728,4294967006,19389,54339
227203276,1,10,2952302031,3635412698,4275744764,4294499023,3369074687,4223320056,4026391262,2291138026,4294967293,4294966762,88841246,91004,147456,4294966756,56740,90716
227203276,1,11,2952302031,3635412698,4275744764,4294499023,3369074687,4223320056,4026391263,2291138026,4294967293,4294966756,176423024,148878,294912,4294966756,146322,148590
2333088537,0,0,3664112535,4208791801,2665516169,3120630499,4181275990,4059547827,3310914221,3377853167,3174717419,4294967292,175682,288,0,4294967292,0,0
2333088537,0,1,1991700153,2329402520,1581571067,170550988,2828051506,937065919,560058930,2066364714,2148398742,4294967242,352514,576,288,4294967234,0,288
2333088537,0,2,3524173348,563961313,3067261031,2216272592,680317640,1962694965,1618140925,3628947177,455081243,4294967204,529346,864,576,4294967198,0,576
2333088537,0,3,1812036163,2606280059,3285815597,490815447,819941262,2198327379,1782405624,634106421,1516952350,4294967246,883010,1440,1152,4294967196,0,1152
2333088537,0,4,4135698817,1048667962,4029449451,3105931467,1296679752,131647526,186670765,1879063592,3115397960,4294967252,1590338,2592,2304,4294967196,0,2304
2333088537,0,5,820469570,3154916840,637706287,100323407,3875085537,1989201526,2064673035,2166210243,2814664103,4294967248,3004994,4896,4608,4294967190,0,4608
2333088537,0,6,2437301696,3676506530,259607005,3456399342,1892550305,3594788807,1344412392,2155359986,3413518397,4294967182,5834306,9504,9216,4294967174,0,9216
2333088537,0,7,3882286780,1169764536,3055895580,1308689188,3775671262,3683693627,645987030,1760691674,1397155473,4294967226,11492930,18720,18432,4294967128,0,18432
2333088537,0,8,3551966719,21000441,1126522867,48350844,3100049379,1685413670,796926759,2122219789,1090563207,4294967164,22810178,37152,36864,4294967128,0,36864
2333088537,0,9,3650906936,3882356445,15058895,4165281039,818881024,897861559,2952438679,4099658117,3520039161,4294967148,45444674,74016,73728,4294967078,0,73728
2333088537,0,10,789017292,657391909,19214083,4278658511,919568385,1145421703,4009895391,2005795349,31746,4294966820,90713666,147744,147456,4294966798,0,147456
2333088537,0,11,2936491471,414122266,18525955,4278655695,147783743,75153159,4009892575,1217331754,4194050,4294966780,181251650,295200,294912,4294966780,0,294912
2333088537,1,0,3664112535,4208791801,2665516169,3120630499,4181275990,4059547827,3310914221,3377853167,3174717419,4294967292,175682,288,0,4294967292,0,0
2333088537,1,1,1991700153,2329402520,1581571067,170550988,2828051506,937065919,560058930,2066364714,2148398742,4294967242,352514,576,288,4294967234,0,288
2333088537,1,2,2278723108,1056955870,4266983287,14362449,545881234,3215456015,451794415,2005802933,271871771,4294967190,527597,811,576,4294967180,53,523
2333088537,1,3,503177983,979337187,2148867021,8658178,2796062976,3694579835,3369233104,2043261560,4279143438,4294967168,877202,1264,1152,4294967152,176,976
2333088537,1,4,2389898095,3870488164,1055318046,3835081406,399722919,2051129170,3179168879,2121235986,4059696381,4294967172,1576973,2187,2304,4294967140,405,1899
2333088537,1,5,3932623817,1397746693,1048924959,3088925604,3619524064,811954175,4042472296,3075603235,1086193906,4294967188,2974832,3982,4608,4294967140,914,3694
2333088537,1,6,4292264012,3244023193,1038350580,302214824,3288605307,498465230,4013693916,931048229,3219677437,4294967206,5771672,7606,9216,4294967136,1898,7318
2333088537,1,7,2870385359,1877615052,413907323,4237918775,2565642367,1572724070,3752952565,281968122,3091189244,4294967196,11355848,14566,18432,4294967080,4154,14278
2333088537,1,8,1341760519,3689807567,2061432316,3489551643,3921639389,548980731,1349133808,2859950568,939361135,4294967162,22527434,28584,36864,4294967080,8568,28296
2333088537,1,9,2969866719,3920749294,819586146,3773865168,3385917439,1070801016,268033875,256834293,3766083578,4294967056,44812262,54852,73728,4294966988,19164,54564
2333088537,1,10,2952302031,3635412698,4275744764,4294482639,3369074687,4223319928,4026391263,2291138026,4294967293,4294966770,88859066,91544,147456,4294966756,56200,91256
2333088537,1,11,2952302031,3635412698,4275744764,4294499023,3369074687,4223320056,4026391263,2291138026,4294967293,4294966756,176440943,149421,294912,4294966756,145779,149133
268500719,0,0,2311386136,211901114,2514537364,124503,1935352162,1289374293,3581266330,3660416846,4079531023,26,175682,288,0,26,0,0
268500719,0,1,2743571800,2469102902,3324580805,58999859,1030553830,3310710926,2732830448,4025545472,4005072061,4294967180,352514,576,288,4294967174,0,288
268500719,0,2,2966519307,3518224840,1178159858,843568474,2926051786,4034272534,414589112,1845489801,819656189,4294967238,529346,864,576,4294967170,0,576
268500719,0,3,2416419122,1165529554,3010679764,2144965644,876688049,1028038976,381260779,1759205869,3134399919,4294967266,883010,1440,1152,4294967170,0,1152
268500719,0,4,173328958,710034260,1091114567,3766728386,1510146311,2687037573,1477821680,3879698493,3960494857,4294967208,1590338,2592,2304,4294967170,0,2304
268500719,0,5,2651025070,2927889746,292041021,1926161436,1693770273,1374866438,1130887120,3800742929,3219089887,4294967270,3004994,4896,4608,4294967170,0,4608
268500719,0,6,4229912403,1852643630,2270212605,3842546213,3364462070,23636359,523348168,318192582,4183278110,4294967226,5834306,9504,9216,4294967154,0,9216
268500719,0,7,3102474250,1144879983,4289405761,3226756769,4113829549,3485290692,68951404,2267342489,133568179,4294967254,11492930,18720,18432,4294967146,0,18432
268500719,0,8,2215360468,1751870152,3099274328,3288215532,1295451165,612988615,4010289746,1251934177,2642463707,4294967236,22810178,37152,36864,4294967132,0,36864
268500719,0,9,3905188290,3126755872,4263413304,821006986,1196402800,3296329063,147003833,2002913309,2047105056,4294967148,45444674,74016,73728,4294967092,0,73728
268500719,0,10,1811452463,3346005717,4274352124,335070479,3341877216,4221911288,251512110,2270166517,4293951485,4294966854,90713666,147744,147456,4294966814,0,147456
268500719,0,11,1358475824,3880845029,4276441340,16311600,4147183552,4219814136,285074720,3077635541,4290773245,4294966780,181251650,295200,294912,4294966780,0,294912
268500719,1,0,2311386136,211901114,2514537364,124503,1935352162,1289374293,3581266330,3660416846,4079531023,26,175682,288,0,26,0,0
268500719,1,1,2743571800,2469102902,3324580805,58999859,1030553830,3310710926,2732830448,4025545472,4005072061,4294967180,352514,576,288,4294967174,0,288
268500719,1,2,566664523,1597737254,3688331235,354868607,795609594,2189252759,1892873428,796060609,4078502021,4294967190,527135,797,576,4294967172,67,509
268500719,1,3,2684883412,694764982,3922832359,62499777,555202748,2409511110,300389721,2029971892,4052332390,4294967226,876146,1232,1152,4294967170,208,944
268500719,1,4,3143151311,4207353785,2144985148,2210098625,3408199028,1997337528,3116557387,2161978122,3442757581,4294967212,1574102,2100,2304,4294967158,492,1812
268500719,1,5,2754131392,147730150,3935748892,236514079,3099341516,108592211,1325528759,3030638426,3067705337,4294967204,2970476,3850,4608,4294967132,1046,3562
268500719,1,6,2893575585,1592311458,209386020,3020529286,441197169,1013235231,714227371,2001400815,295375139,4294967192,5766821,7459,9216,4294967122,2045,7171
268500719,1,7,2902189614,413261530,2258142200,3808975101,3920758732,463749264,1626467352,1465447830,805445873,4294967122,11353967,14509,18432,4294967114,4211,14221
268500719,1,8,1427076989,3579104729,1051158111,3778324272,736235784,775730744,520216030,646955668,2458123506,4294967152,22531790,28716,36864,4294967106,8436,28428
268500719,1,9,3455669671,2159017946,1036889855,4286536399,3335518719,4037386235,2013070567,2385772014,4235924477,4294967028,44818565,55043,73728,4294966988,18973,54755
268500719,1,10,2952302031,3702521562,4275744764,4294499023,3369074687,3954884600,4026391263,2291138026,4294967293,4294966772,88879823,92173,147456,4294966756,55571,91885
268500719,1,11,2952302031,3635412698,4275744764,4294499023,3369074687,4223320056,4026391263,2291138026,4294967293,4294966756,176461568,150046,294912,4294966756,145154,149758
3628131479,0,0,3984373084,1030526333,1204629416,1623468438,2322183007,616814032,1886265815,1660773746,544906766,6,175682,288,0,6,0,0
3628131479,0,1,2348913153,3777110793,3806659301,4025281291,3980484323,1824493088,2386066128,1073611199,3992455570,4294967250,352514,576,288,4294967228,0,288
3628131479,0,2,377520568,3524769698,4274585441,1283217070,3513575314,3919112131,2292045979,3142630896,1165757845,4294967222,529346,864,576,4294967216,0,576
3628131479,0,3,168779225,1143799397,480719671,1110107771,3646684104,102727465,1951969079,1855996406,417149377,4294967252,883010,1440,1152,4294967188,0,1152
3628131479,0,4,107977619,3867808172,3771010161,92396284,2894668775,1223897899,3785534046,2998096669,3790923279,4294967256,1590338,2592,2304,4294967188,0,2304
3628131479,0,5,1872243084,2150579006,774319628,159056911,4220525980,3262805144,912007142,2473291012,3487728141,4294967190,3004994,4896,4608,4294967178,0,4608
3628131479,0,6,2191364614,743674725,261705122,368781644,78829465,3995442683,4165612867,2928178507,3821882102,4294967260,5834306,9504,9216,4294967170,0,9216
3628131479,0,7,578647105,539623970,1816568653,3505540528,449445129,1626907194,2573933744,4227660165,234536717,4294967186,11492930,18720,18432,4294967164,0,18432
3628131479,0,8,1255011277,944292250,3441852380,2831615275,202412931,3294343396,2699936592,4103045395,4135984387,4294967172,22810178,37152,36864,4294967140,0,36864
3628131479,0,9,1585672972,669810965,4164377795,985605432,2737813520,3931976609,3621838185,2494782998,1875820957,4294967126,45444674,74016,73728,4294967078,0,73728
3628131479,0,10,2936049103,3635348634,22720258,4278672079,3369009407,1203420932,3976321759,2291074410,134078210,4294966856,90713666,147744,147456,4294966798,0,147456
3628131479,0,11,2936501199,649003300,19181315,4278658255,919535617,71614215,4009895135,1989083668,130818,4294966780,181251650,295200,294912,4294966780,0,294912
3628131479,1,0,3984373084,1030526333,1204629416,1623468438,2322183007,616814032,1886265815,1660773746,544906766,6,175682,288,0,6,0,0
3628131479,1,1,2348913153,3777110793,3806659301,4025281291,3980484323,1824493088,2386066128,1073611199,3992455570,4294967250,352514,576,288,4294967228,0,288
3628131479,1,2,2122413880,1031169403,4041974759,4091971663,3634020025,1723784741,3626092532,4147901062,1852869981,4294967222,527432,806,576,4294967208,58,518
3628131479,1,3,325283592,423896761,3172547634,4227840279,3535643509,4119285304,3203857290,632487781,2775806269,4294967234,876872,1254,1152,4294967202,186,966
3628131479,1,4,3018901847,196060698,2129248060,2458475232,2931220606,3753655471,4238163228,3073833301,2303448803,4294967172,1575653,2147,2304,4294967160,445,1859
3628131479,1,5,1870344461,552488282,3842281084,3175486421,3318738292,4227416051,2315252905,2406020592,1542994925,4294967160,2972654,3916,4608,4294967144,980,3628
3628131479,1,6,801338831,346140222,4054221117,3350676993,3687349230,1899337779,131927336,1185345006,947349055,4294967192,5765270,7412,9216,4294967110,2092,7124
3628131479,1,7,1791546077,959433387,4030377899,1886169804,3401583615,3699300559,3790770545,1218528186,3560409398,4294967150,11350040,14390,18432,4294967094,4330,14102
3628131479,1,8,3102241221,3097355594,3267009504,1056484918,656146424,2068658639,3952882945,755729947,2218651910,4294967148,22518887,28325,36864,4294967074,8827,28037
3628131479,1,9,867983823,598212389,927564788,4285995271,2404348860,1004355384,1712172382,4150787471,4001398653,4294967060,44793386,54280,73728,4294966956,19736,53992
3628131479,1,10,2952304079,3635379930,4275744636,4294499023,3369074687,4214931448,4026391263,2291138026,4294967293,4294966780,88873520,91982,147456,4294966756,55762,91694
3628131479,1,11,2952302031,3635412698,4275744764,4294499023,3369074687,4223320056,4026391263,2291138026,4294967293,4294966756,176455034,149848,294912,4294966756,145352,149560
1880218520,0,0,3152421139,1844813544,3265405058,2083581656,1586494358,169788835,3999233542,1566002675,3498051003,4294967292,175682,288,0,4294967292,0,0
1880218520,0,1,2526087635,3758337347,247421508,550519417,1573971559,3086760761,4147133982,2088208790,2018645550,4294967250,352514,576,288,4294967236,0,288
1880218520,0,2,3540022024,1978654372,123431789,3489249033,81469426,1364394044,843786658,3354535049,3104480109,4294967230,529346,864,576,4294967192,0,576
1880218520,0,3,569492595,3837322202,3739535810,74458353,297465870,1688404973,3351724927,2536098919,1853379437,4294967180,883010,1440,1152,4294967180,0,1152
1880218520,0,4,2902067759,1007882943,2195726913,3704498257,3824701957,1999822022,753670939,1528073517,1041821806,4294967230,1590338,2592,2304,4294967172,0,2304
1880218520,0,5,3349186059,2032499556,2279287867,278108796,2052228284,2327294243,1755451974,1452515125,1243626711,4294967256,3004994,4896,4608,4294967172,0,4608
1880218520,0,6,775646863,3211821233,739854954,3190241624,1333967056,2870698795,386338898,924573482,3961196682,4294967240,5834306,9504,9216,4294967172,0,9216
1880218520,0,7,4054067317,655942812,1848197367,1920932170,3598071425,374360835,2474889694,743137406,2123425632,4294967258,11492930,18720,18432,4294967160,0,18432
1880218520,0,8,263937103,407726126,4176377611,2204674623,531727662,2555973499,1757379811,3953717978,2118926074,4294967196,22810178,37152,36864,4294967158,0,36864
1880218520,0,9,1914389810,2932870692,213353615,532372278,957285438,398899610,572729799,2141247893,1694676746,4294967194,45444674,74016,73728,4294967066,0,73728
1880218520,0,10,1364161072,659556645,287658003,468272,925921280,4098179575,284173600,2003892501,4261544188,4294966844,90713666,147744,147456,4294966808,0,147456
1880218520,0,11,1342665264,659554597,19222531,468272,925892608,71647239,268576032,2003829269,2,4294966756,181251650,295200,294912,4294966756,0,294912
1880218520,1,0,3152421139,1844813544,3265405058,2083581656,1586494358,169788835,3999233542,1566002675,3498051003,4294967292,175682,288,0,4294967292,0,0
1880218520,1,1,2526087635,3758337347,247421508,550519417,1573971559,3086760761,4147133982,2088208790,2018645550,4294967250,352514,576,288,4294967236,0,288
1880218520,1,2,981507024,1220463846,336741636,1125860340,237041166,1005910777,3556775645,1903641392,1483858330,4294967214,527531,809,576,4294967204,55,521
1880218520,1,3,2928117867,2364359361,996071436,3237825976,2414424016,3875454762,3891949022,131849207,3436348164,4294967212,876641,1247,1152,4294967170,193,959
1880218520,1,4,3086393420,247669504,2128211717,1625709499,3057712535,4114929663,1062720675,2003081670,2047710236,4294967212,1576148,2162,2304,4294967158,430,1874
1880218520,1,5,1593756147,2823575739,3805455328,3790199363,655300312,972648299,3777925725,3992399509,4294426558,4294967176,2975096,3990,4608,4294967136,906,3702
1880218520,1,6,2614956935,3106464021,3767630585,3890601935,3473930360,2105372779,3356111352,2682258192,2680686593,4294967168,5769428,7538,9216,4294967124,1966,7250
1880218520,1,7,2480516559,1292255499,3823578851,1152592482,3329114109,3602155877,1676842215,2661483956,2932865981,4294967200,11358290,14640,18432,4294967110,4080,14352
1880218520,1,8,754749646,3093731727,4256868350,2537142742,4223104156,280749049,3747463744,460500123,40861872,4294967180,22522517,28435,36864,4294967070,8717,28147
1880218520,1,9,2631127496,1689239238,4251168755,2146895567,617414150,4200282360,3422365916,3920625175,130973573,4294967064,44804507,54617,73728,4294966950,19399,54329
1880218520,1,10,2952302031,3635412698,4275744764,4294499023,3369074687,4223320056,4026391263,2291138026,4294901757,4294966762,88846559,91165,147456,4294966756,56579,90877
1880218520,1,11,2952302031,3635412698,4275744764,4294499023,3369074687,4223320056,4026391263,2291138026,4294967293,4294966756,176428106,149032,294912,4294966756,146168,148744
2491767390,0,0,322366650,388369883,3386261928,3782922686,130084824,1547088461,1792444704,1182978797,3807103912,4294967258,175682,288,0,4294967258,0,0
2491767390,0,1,3340266081,3644965692,1556751251,1933171267,1909045343,959822015,3438214024,149450747,4216458013,4294967182,352514,576,288,4294967182,0,288
2491767390,0,2,1935611384,1444953122,626736022,4281903671,3354279345,4226362424,4008596032,1211241008,887030568,4294967214,529346,864,576,4294967182,0,576
2491767390,0,3,4293856008,3912160565,1997777244,3062029128,1106352734,2360574393,847134435,41943466,2314391738,4294967240,883010,1440,1152,4294967168,0,1152
2491767390,0,4,238727943,572292327,3240799799,1256274278,969350017,2959100140,2550796522,1390952701,302266741,4294967254,1590338,2592,2304,4294967168,0,2304
2491767390,0,5,3340598381,684954395,4268469717,1218533544,3376863218,49373440,253977569,501209495,1077087126,4294967238,3004994,4896,4608,4294967168,0,4608
2491767390,0,6,2736769069,3642704354,2327043874,2211651867,718594056,3188428305,406083616,2526933231,2286656816,4294967240,5834306,9504,9216,4294967164,0,9216
2491767390,0,7,3198298333,3610157935,249487936,124329706,4180664105,4207310706,2918901171,1151283778,841748095,4294967230,11492930,18720,18432,4294967152,0,18432
2491767390,0,8,3923199062,833449750,537281889,3251209355,2544994020,4132063541,3060303041,2509726295,4164408847,4294967256,22810178,37152,36864,4294967150,0,36864
2491767390,0,9,1250355967,3340960421,115682316,385885431,59707136,440974367,3279858393,1468497554,4087575576,4294967102,45444674,74016,73728,4294967066,0,73728
2491767390,0,10,1342665264,659554597,19222531,468272,925892608,2219130887,281158944,2003894805,258,4294966774,90713666,147744,147456,4294966756,0,147456
2491767390,0,11,1342665264,659554597,19222531,468272,925892608,71647239,268576032,2003829269,2,4294966756,181251650,295200,294912,4294966756,0,294912
2491767390,1,0,322366650,388369883,3386261928,3782922686,130084824,1547088461,1792444704,1182978797,3807103912,4294967258,175682,288,0,4294967258,0,0
2491767390,1,1,3340266081,3644965692,1556751251,1933171267,1909045343,959822015,3438214024,149450747,4216458013,4294967182,352514,576,288,4294967182,0,288
2491767390,1,2,1734528032,2101534991,237787075,1261705931,1472837246,1211487307,3086868444,2153905659,4150237499,4294967200,527531,809,576,4294967176,55,521
2491767390,1,3,1390496145,3798967768,3774442016,4260903759,3320860147,727367610,394139606,2800186149,3802104155,4294967198,876443,1241,1152,4294967170,199,953
2491767390,1,4,1708700206,3098386388,1505471583,2009068228,2538535169,955110620,2828553656,2941295980,2999463157,4294967170,1575191,2133,2304,4294967156,459,1845
2491767390,1,5,2082585391,1861958252,1637781783,253140124,452940717,189089688,1863917793,58361072,1580663039,4294967226,2973182,3932,4608,4294967156,964,3644
2491767390,1,6,3363393528,2070730554,3520749275,3195924220,2001227871,4174019867,2465605890,2138628653,4030202834,4294967142,5767679,7485,9216,4294967136,2019,7197
2491767390,1,7,2817068751,262659565,2064866763,4286233349,3494082857,363798038,148847453,1223752072,3391087352,4294967178,11350238,14396,18432,4294967102,4324,14108
2491767390,1,8,3474527535,3516866274,489844731,4242217871,2294809151,983300903,4042675549,3840540149,2176045235,4294967132,22519580,28346,36864,4294967100,8806,28058
2491767390,1,9,2936227279,1554313310,2178066563,654828815,923928068,947217467,763229532,3817603974,670045989,4294967090,44803418,54584,73728,4294966988,19432,54296
2491767390,1,10,2952302031,3635412698,4275744764,4294499023,3369074687,4223320056,4294826719,2291138026,4294967293,4294966764,88866986,91784,147456,4294966756,55960,91496
2491767390,1,11,2952302031,3635412698,4275744764,4294499023,3369074687,4223320056,4026391263,2291138026,4294967293,4294966756,176448665,149655,294912,4294966756,145545,149367
3546156527,0,0,1259522418,2487222939,964341992,732385196,3005385929,4092903843,409916139,2344103593,2177187899,4294967236,175682,288,0,4294967236,0,0
3546156527,0,1,3092546422,2850051798,3110584434,387669096,2918022292,351163191,644919889,1081900570,3171828812,4294967246,352514,576,288,4294967210,0,288
3546156527,0,2,2788738740,149165866,1374387617,4167803024,2353737674,3228715591,249390382,3294747666,2314238925,4294967226,529346,864,576,4294967210,0,576
3546156527,0,3,1855452887,1138177775,2235989439,1311960429,3472105423,2347158656,1901315520,3477751785,3898190539,4294967228,883010,1440,1152,4294967192,0,1152
3546156527,0,4,2344938976,2459552284,916743640,540398189,2966451866,2168633539,530590209,2646917406,4147775761,4294967226,1590338,2592,2304,4294967176,0,2304
3546156527,0,5,2999692236,1531633116,1879648343,2228662049,1590660170,143222552,4070723397,2044734030,3627360054,4294967238,3004994,4896,4608,4294967176,0,4608
3546156527,0,6,4079267342,196778968,113475449,1045126670,3050176842,2748970944,2633164048,3177477093,65904949,4294967216,5834306,9504,9216,4294967152,0,9216
3546156527,0,7,317640254,1608520400,442126428,2897610102,1429388810,1967410544,682737081,4152769805,2068669957,4294967230,11492930,18720,18432,4294967152,0,18432
3546156527,0,8,707389404,271257574,3372789422,107436463,3123345944,541413756,1877289557,143597834,639825952,4294967180,22810178,37152,36864,4294967138,0,36864
3546156527,0,9,1484366474,3377477340,3739592828,4077543400,157352746,96182422,2587744992,1355603306,123783682,4294967152,45444674,74016,73728,4294967090,0,73728
3546156527,0,10,1611031088,658506021,19222531,468272,892338176,2219130887,268576032,930152981,2147484418,4294966818,90713666,147744,147456,4294966770,0,147456
3546156527,0,11,1342665264,659554597,19222531,468272,925892608,71647239,268576032,2003829269,2,4294966756,181251650,295200,294912,4294966756,0,294912
3546156527,1,0,1259522418,2487222939,964341992,732385196,3005385929,4092903843,409916139,2344103593,2177187899,4294967236,175682,288,0,4294967236,0,0
3546156527,1,1,3092546422,2850051798,3110584434,387669096,2918022292,351163191,644919889,1081900570,3171828812,4294967246,352514,576,288,4294967210,0,288
3546156527,1,2,1409779380,3764445653,3517819032,646402618,3163433118,1471829791,212461348,4051498210,3196191414,4294967206,527300,802,576,4294967204,62,514
3546156527,1,3,292000272,1599168961,3797821763,249528147,2562130010,667672110,2517060118,4117083158,4286646646,4294967174,875750,1220,1152,4294967166,220,932
3546156527,1,4,3097915409,3870335939,736983765,2586634058,4127144931,3257310813,3368506687,2277811474,2176795814,4294967232,1573904,2094,2304,4294967142,498,1806
3546156527,1,5,821463432,1763734254,2424609125,2277457623,1009222205,170611999,2075633116,4015912761,3834138399,4294967236,2971697,3887,4608,4294967134,1009,3599
3546156527,1,6,618763456,3885890046,4192547067,3438858236,3541472774,4259438836,687743704,3898620331,1068908189,4294967154,5764643,7393,9216,4294967102,2111,7105
3546156527,1,7,2762009871,1793787112,2447157636,574541782,2971336174,1480222952,2584085999,2331870842,1610351986,4294967202,11350568,14406,18432,4294967102,4314,14118
3546156527,1,8,735673979,3632591656,2370603470,4206549711,1226830270,2682242536,3045326493,2290551758,2915033995,4294967176,22519052,28330,36864,4294967078,8822,28042
3546156527,1,9,1425764981,659816229,4057289711,267769267,3152868088,4270693625,1879965023,67358157,3263297521,4294967068,44800085,54483,73728,4294966964,19533,54195
3546156527,1,10,2952302031,3635412698,4275744764,4294499279,3369074686,4223320056,4026391263,2291138026,4294967293,4294966768,88932524,93770,147456,4294966756,53974,93482
3546156527,1,11,2952302031,3635412698,4275744764,4294499023,3369074687,4223320056,4026391263,2291138026,4294967293,4294966756,176515325,151675,294912,4294966756,143525,151387
1510224523,0,0,2453800070,3273099116,835497305,1169006502,837035840,3675178179,3909615888,1435217158,2105865364,22,175682,288,0,22,0,0
1510224523,0,1,954378947,3331535273,172993793,453256501,2135428680,2622194735,4023020254,2018104350,2119716732,4294967178,352514,576,288,4294967174,0,288
1510224523,0,2,1306290993,1736205158,2749955224,2198849467,692481756,3765453323,2403637967,952431642,2619468720,4294967252,529346,864,576,4294967164,0,576
1510224523,0,3,693571164,1164480758,3832164564,2747857936,3422927673,2162751395,3212814301,4274405766,1999779325,4294967254,883010,1440,1152,4294967164,0,1152
1510224523,0,4,935581349,3130237598,2132513005,1650106835,869189408,3296919243,4102226735,4120792902,3404465499,4294967238,1590338,2592,2304,4294967164,0,2304
1510224523,0,5,2353320396,2028825322,1427286487,1323808,3516470526,167085575,3771014642,3491084997,266241805,4294967210,3004994,4896,4608,4294967164,0,4608
1510224523,0,6,2434235832,1498488714,1048402500,3479065355,2767839740,3959185724,2021449090,186644005,2121170448,4294967196,5834306,9504,9216,4294967150,0,9216
1510224523,0,7,3910760703,195912076,1051798243,2632717598,1814350578,4180227042,167849750,2653883759,2920890037,4294967262,11492930,18720,18432,4294967150,0,18432
1510224523,0,8,2779837380,2997208739,2066108732,562753440,1251765375,214944495,2433364281,850888244,428164398,4294967226,22810178,37152,36864,4294967136,0,36864
1510224523,0,9,270205553,3081871253,2129437052,4282051276,4157736495,2229272839,1199803687,255967533,119027461,4294967102,45444674,74016,73728,4294967082,0,73728
1510224523,0,10,2938598095,665780517,19230211,1057432847,925827072,71655175,522331455,2004812309,4198146,4294966814,90713666,147744,147456,4294966790,0,147456
1510224523,0,11,1342665264,659554597,19222531,468272,925892608,71647239,268576032,2003829269,2,4294966756,181251650,295200,294912,4294966756,0,294912
1510224523,1,0,2453800070,3273099116,835497305,1169006502,837035840,3675178179,3909615888,1435217158,2105865364,22,175682,288,0,22,0,0
1510224523,1,1,954378947,3331535273,172993793,453256501,2135428680,2622194735,4023020254,2018104350,2119716732,4294967178,352514,576,288,4294967174,0,288
1510224523,1,2,1918900185,1609514784,100757045,2135225468,1791885656,1560491775,810432218,2018264086,4263249752,4294967198,527399,805,576,4294967158,59,517
1510224523,1,3,800531655,1876901701,3334762481,2660139309,2019614479,2051076313,259789373,2333193835,2522669186,4294967168,876938,1256,1152,4294967158,184,968
1510224523,1,4,1990447903,3176958628,2793234155,3243538238,4106729536,942620699,544628651,323944201,3785357967,4294967230,1575818,2152,2304,4294967124,440,1864
1510224523,1,5,1544087816,2208332417,3854938685,3752476947,1558015490,139639737,3183711444,2024590442,4007658570,4294967234,2972588,3914,4608,4294967124,982,3626
1510224523,1,6,3454700967,2806996725,3366194032,4037467315,3230544383,2278934150,401734751,3161973534,334494102,4294967164,5765897,7431,9216,4294967114,2073,7143
1510224523,1,7,283014700,952632091,2394297226,51945779,4289984384,1945940850,3974440665,2023101271,2205173123,4294967148,11352845,14475,18432,4294967106,4245,14187
1510224523,1,8,1350808274,2086650101,4243641311,955310642,2016214090,3961714171,3878310615,4200532970,3152217981,4294967136,22522517,28435,36864,4294967066,8717,28147
1510224523,1,9,2827505079,950572378,2150281094,1081617090,947191567,4195697147,285070625,394052725,4227894466,4294967026,44806355,54673,73728,4294966964,19343,54385
1510224523,1,10,2952302030,3635412698,4275744764,4294499023,3369074687,4223320056,4009614047,2291138026,4294967293,4294966766,88859165,91547,147456,4294966756,56197,91259
1510224523,1,11,2952302031,3635412698,4275744764,4294499023,3369074687,4223320056,4026391263,2291138026,4294967293,4294966756,176443484,149498,294912,4294966756,145702,149210
3682994393,0,0,2723637236,1224736098,3810696068,2120795744,1443962736,2978055434,3797175416,2923011747,303917889,0,175682,288,0,0,0,0
3682994393,0,1,3997655936,2178775126,3925861735,4273674196,1122414433,3357592329,236266392,2383219254,159556538,4294967268,352514,576,288,4294967256,0,288
3682994393,0,2,3478057223,431079393,2849971352,4274988806,3371682152,1134207736,3562946366,4144995993,2230078045,4294967248,529346,864,576,4294967230,0,576
3682994393,0,3,2736743378,579083742,3117383707,54217365,1280270419,1194804198,1822528874,4214466937,1065048773,4294967234,883010,1440,1152,4294967180,0,1152
3682994393,0,4,544569626,3444105543,223339808,4011414727,591371390,2429200059,3227627262,2553234036,431873873,4294967208,1590338,2592,2304,4294967174,0,2304
3682994393,0,5,1500593628,1856867533,3957516142,593856272,4285082113,4199236477,1157770617,3180167907,3607467725,4294967264,3004994,4896,4608,4294967174,0,4608
3682994393,0,6,910688792,1431618141,4194063836,13235417,576194588,2859493893,869350368,3594872762,1685642661,4294967246,5834306,9504,9216,4294967174,0,9216
3682994393,0,7,2139046727,347824922,1986431324,4097135334,3208444795,1957972417,508385706,2320517160,713818312,4294967218,11492930,18720,18432,4294967172,0,18432
3682994393,0,8,1077991052,965779517,3776786661,2540249342,551057519,3141188237,3791657372,1725964820,921530632,4294967218,22810178,37152,36864,4294967146,0,36864
3682994393,0,9,3371258617,133821701,1880931161,2731856208,215078752,3763684327,2012886867,930478597,1556902778,4294967154,45444674,74016,73728,4294967058,0,73728
3682994393,0,10,2936311247,3635355354,4275744572,4294499023,3369074679,4223315960,4043168463,2291203562,4294963453,4294966808,90713666,147744,147456,4294966800,0,147456
3682994393,0,11,2952302031,3635412698,4275744764,4294499023,3369074687,4223320056,4026391263,2291138026,4294967293,4294966756,181251650,295200,294912,4294966756,0,294912
3682994393,1,0,2723637236,1224736098,3810696068,2120795744,1443962736,2978055434,3797175416,2923011747,303917889,0,175682,288,0,0,0,0
3682994393,1,1,3997655936,2178775126,3925861735,4273674196,1122414433,3357592329,236266392,2383219254,159556538,4294967268,352514,576,288,4294967256,0,288
3682994393,1,2,4016535486,567481499,3043157687,3753649351,3690872676,1550567792,319420328,245244628,3922686339,4294967226,527828,818,576,4294967222,46,530
3682994393,1,3,3292203459,2888219130,2128906030,360228311,3430414312,3955209824,3666657488,2845355322,2935815872,4294967184,877499,1273,1152,4294967158,167,985
3682994393,1,4,2282376430,2829942288,4070639356,4058119271,3602955193,4248232072,1736305056,3212049909,1945759719,4294967168,1575752,2150,2304,4294967158,442,1862
3682994393,1,5,2935525454,1386026819,3656658715,1073734719,2053103644,3360960451,1844828108,2406192105,148931131,4294967144,2971895,3893,4608,4294967138,1003,3605
3682994393,1,6,1333284399,2809134020,987394044,931003427,3166148603,4227006428,4023409373,1760525418,2786188988,4294967106,5765171,7409,9216,4294967090,2095,7121
3682994393,1,7,1403098433,2673118172,2410486659,1820724211,3044857994,2275616694,1622497630,2404251177,3371965690,4294967176,11349545,14375,18432,4294967082,4345,14087
3682994393,1,8,402357777,186121529,3723146250,3779023599,3750770815,3997999102,3522735568,4154656789,3884368477,4294967154,22515950,28236,36864,4294967082,8916,27948
3682994393,1,9,3223287730,669006244,758737167,2038159879,3372023807,2075299577,2952922850,1133251094,70286338,4294967062,44805794,54656,73728,4294967004,19360,54368
3682994393,1,10,2952302031,3635412698,4275744764,4294499023,3369074687,4223320056,4026391263,2291138026,4294967293,4294966756,88858208,91518,147456,4294966756,56226,91230
3682994393,1,11,2952302031,3635412698,4275744764,4294499023,3369074687,4223320056,4026391263,2291138026,4294967293,4294966756,176439590,149380,294912,4294966756,145820,149092
3153877911,0,0,1294137579,416305180,1425111768,3881269121,1045400946,25167083,1174411086,3476053166,2092992229,2,175682,288,0,2,0,0
3153877911,0,1,1489400054,4082770019,2145612144,2533416273,801055353,639922115,4144677095,2396867183,1415482034,4294967224,352514,576,288,4294967198,0,288
3153877911,0,2,2470028971,3841687521,2246136371,135044976,725281594,939017539,2621397704,1492780142,1139741469,4294967208,529346,864,576,4294967198,0,576
3153877911,0,3,3298904288,599074587,1988704509,2230900825,955762674,2633532859,500933289,946723670,3100552642,4294967198,883010,1440,1152,4294967190,0,1152
3153877911,0,4,4039398015,3485375441,1046777805,489445483,5440101,2222956838,3047630728,3942451459,69599129,4294967250,1590338,2592,2304,4294967182,0,2304
3153877911,0,5,3184488019,2958165072,285958788,4287208769,858950281,4214706021,1720435462,1460182699,3048475452,4294967244,3004994,4896,4608,4294967182,0,4608
3153877911,0,6,597201233,3078065506,2045850701,818571586,2345235935,2927578552,3693537108,2669414382,3739746337,4294967234,5834306,9504,9216,4294967176,0,9216
3153877911,0,7,766382640,1201725789,3570161509,3840993239,3917962682,4277788889,382438312,111103271,3611617223,4294967226,11492930,18720,18432,4294967144,0,18432
3153877911,0,8,602213429,1963426621,3156029081,2250435342,4080927693,138633219,704565593,146350199,3665084951,4294967212,22810178,37152,36864,4294967144,0,36864
3153877911,0,9,2696892080,982285616,4248349791,1072948462,2762917313,3309995214,905097476,1248191002,3753739206,4294967130,45444674,74016,73728,4294967078,0,73728
3153877911,0,10,2952302031,3635412702,4277841916,4294498511,3369074687,4223320056,4026391263,2291138026,4294967037,4294966784,90713666,147744,147456,4294966776,0,147456
3153877911,0,11,2952302031,3635412698,4275744764,4294499023,3369074687,4223320056,4026391263,2291138026,4294967293,4294966756,181251650,295200,294912,4294966756,0,294912
3153877911,1,0,1294137579,416305180,1425111768,3881269121,1045400946,25167083,1174411086,3476053166,2092992229,2,175682,288,0,2,0,0
3153877911,1,1,1489400054,4082770019,2145612144,2533416273,801055353,639922115,4144677095,2396867183,1415482034,4294967224,352514,576,288,4294967198,0,288
3153877911,1,2,3520403451,3914453802,2161845603,388812037,1899901950,1739030437,3960006631,2929125993,16532859,4294967188,527135,797,576,4294967188,67,509
3153877911,1,3,616861168,1324139160,3805259506,1182455092,4147871679,352790900,2139153951,3603899923,133937700,4294967174,875915,1225,1152,4294967126,215,937
3153877911,1,4,2701348544,4139368222,2322067199,1543597127,1999248799,3886467776,4285653650,2006072836,3241723691,4294967218,1575818,2152,2304,4294967126,440,1864
3153877911,1,5,1478890074,3696144471,826772083,1044864270,2941216024,87528194,1594296119,696623339,3854440933,4294967180,2974172,3962,4608,4294967126,934,3674
3153877911,1,6,3093761295,1607549199,1667062229,955531240,184868992,62205155,2626017600,124874237,1039663235,4294967150,5769824,7550,9216,4294967126,1954,7262
3153877911,1,7,2616685516,3604545316,3717634559,3956857854,3401982911,902475830,2340330160,3435085546,4273137645,4294967106,11353769,14503,18432,4294967098,4217,14215
3153877911,1,8,1352702067,3729919435,1051605004,4147748549,3408911288,4186349080,3908964821,4176280984,4009844220,4294967150,22524596,28498,36864,4294967080,8654,28210
3153877911,1,9,3427202870,539541734,3241359555,3610412,4146266114,196432574,1863177691,2269635941,3778574329,4294967076,44809391,54765,73728,4294967000,19251,54477
3153877911,1,10,2952302031,3635412698,2128261116,4294499023,3369074687,4222793720,4026391263,2291138026,3221225469,4294966784,88863653,91683,147456,4294966756,56061,91395
3153877911,1,11,2952302031,3635412698,4275744764,4294499023,3369074687,4223320056,4026391263,2291138026,4294967293,4294966756,176450084,149698,294912,4294966756,145502,149410
3543279281,0,0,646156565,3155742795,3339339684,2345173457,4128603430,846734757,981220948,1963691461,2490450529,24,175682,288,0,24,0,0
3543279281,0,1,686936910,3919160222,3266895040,1844107487,1990176273,537885736,2910935126,109588018,3740481770,4294967228,352514,576,288,4294967228,0,288
3543279281,0,2,486617257,301982327,647630211,3971300236,903319055,3433642023,2834638225,2115042250,1272370202,4294967264,529346,864,576,4294967220,0,576
3543279281,0,3,1924445105,3319785145,518884872,4294568824,3710115243,2274296910,3354836853,2977942030,1433415834,4294967252,883010,1440,1152,4294967216,0,1152
3543279281,0,4,2703108372,1452277406,3736783936,910764592,1812695616,527863324,3862148190,4112544246,3489468883,4294967220,1590338,2592,2304,4294967198,0,2304
3543279281,0,5,159741056,2114949561,4166847111,106908113,2819941020,3846826214,270902879,1418741242,2147547906,4294967196,3004994,4896,4608,4294967162,0,4608
3543279281,0,6,1937423375,2427740051,480690654,269885440,2542783751,2078061305,1774802399,4200895245,3701719473,4294967222,5834306,9504,9216,4294967162,0,9216
3543279281,0,7,1545266990,3578273730,4039988063,4273522039,3801014058,1503054584,2305583016,1689115861,3382015022,4294967208,11492930,18720,18432,4294967162,0,18432
3543279281,0,8,2984575184,679526755,2249856612,2730218192,3053631906,1671983847,66771318,3476242070,11726470,4294967200,22810178,37152,36864,4294967142,0,36864
3543279281,0,9,3149985570,1387056872,136219897,1025972733,2384655614,3814699235,1622336632,2998956532,1088403021,4294967210,45444674,74016,73728,4294967048,0,73728
3543279281,0,10,2936442319,3635347674,31108866,4278704847,3369026559,4223320056,4026391263,143654378,4068474877,4294966810,90713666,147744,147456,4294966798,0,147456
3543279281,0,11,2952302031,3635412698,4275744764,4294499023,3369074687,4223320056,4026391263,2291138026,4294967293,4294966756,181251650,295200,294912,4294966756,0,294912
3543279281,1,0,646156565,3155742795,3339339684,2345173457,4128603430,846734757,981220948,1963691461,2490450529,24,175682,288,0,24,0,0
3543279281,1,1,686936910,3919160222,3266895040,1844107487,1990176273,537885736,2910935126,109588018,3740481770,4294967228,352514,576,288,4294967228,0,288
3543279281,1,2,3600241615,2694179500,4240349349,780786394,1006058872,4080066235,2517586603,3435726154,4152081639,4294967224,527432,806,576,4294967212,58,518
3543279281,1,3,3176100829,1000922715,97572366,683252092,512724024,3683369976,4148026189,4173232590,4093640409,4294967182,876509,1243,1152,4294967156,197,955
3543279281,1,4,310471938,3313403963,248464399,4279820303,3576869059,3871318483,3287346397,4042557074,3522869498,4294967210,1576049,2159,2304,4294967140,433,1871
3543279281,1,5,1595902832,1058505212,2587018395,2014271548,3383646455,3148611512,3425697348,4151218583,4139589500,4294967194,2972357,3907,4608,4294967136,989,3619
3543279281,1,6,4238921214,2623368154,4231708620,2029584182,858793728,1269280872,3550130529,477193720,4034599275,4294967198,5766491,7449,9216,4294967090,2055,7161
3543279281,1,7,2446881500,1683288306,4163775934,3468369263,1322449017,2720955642,3979150911,2939414292,2617297910,4294967186,11352812,14474,18432,4294967090,4246,14186
3543279281,1,8,3961294413,3756078844,4057581943,3355038923,1333734397,3367092935,3952826757,2407136109,2094841854,4294967160,22527038,28572,36864,4294967088,8580,28284
3543279281,1,9,603508016,3207331518,4047409015,2669361327,3498712637,2057737017,1340000987,258984157,4134567869,4294967100,44807576,54710,73728,4294966998,19306,54422
3543279281,1,10,2952302031,3635412698,4267356156,4294499023,3369074687,4223320056,4026391263,2291138026,4294967285,4294966772,88873124,91970,147456,4294966756,55774,91682
3543279281,1,11,2952302031,3635412698,4275744764,4294499023,3369074687,4223320056,4026391263,2291138026,4294967293,4294966756,176457311,149917,294912,4294966756,145283,149629
2770731957,0,0,3839558809,2077058590,3832579866,3716363219,236039135,1246105575,1113338391,3158499806,3360967447,28,175682,288,0,28,0,0
2770731957,0,1,452987458,751849685,2480841732,5016612,826234970,2017891863,3989568369,2823679116,2769539205,4294967250,352514,576,288,4294967246,0,288
2770731957,0,2,3101187501,888211612,2119594770,3432142278,886278642,1077413764,2314395625,419360693,1995378429,4294967232,529346,864,576,4294967228,0,576
2770731957,0,3,2581799398,2232054978,3951340219,2400004296,3430295473,809344495,1626698469,1923932040,2328945183,4294967284,883010,1440,1152,4294967204,0,1152
2770731957,0,4,3994552120,3250352017,3729892362,3312828431,3034014304,2542964654,4138726655,2490329023,3275517901,4294967260,1590338,2592,2304,4294967204,0,2304
2770731957,0,5,2118636814,2697741759,40910056,4183218411,676353806,3160768164,4278739494,3122470681,2635662397,4294967256,3004994,4896,4608,4294967160,0,4608
2770731957,0,6,2665616852,613412788,2167070420,2971081127,889130004,878291676,3133288919,1324342826,152660239,4294967218,5834306,9504,9216,4294967160,0,9216
2770731957,0,7,4029320481,2424321672,3322974948,3465023772,4172078199,1984829438,453871024,357534683,57608812,4294967232,11492930,18720,18432,4294967146,0,18432
2770731957,0,8,2391055742,2091027487,777169548,2412254926,8806376,2219328719,3993365166,1571428343,3484383533,4294967204,22810178,37152,36864,4294967126,0,36864
2770731957,0,9,2700915664,3618636501,3264811072,1661377840,2295302454,1866180872,3610847655,3077530525,826083259,4294967110,45444674,74016,73728,4294967068,0,73728
2770731957,0,10,2936370127,649003300,19246851,4278658511,927924224,71646983,1868703071,1997520149,4278321149,4294966828,90713666,147744,147456,4294966794,0,147456
2770731957,0,11,2936499663,950993210,20623107,4278663887,684654623,73056007,4009900767,1754202634,2096898,4294966780,181251650,295200,294912,4294966780,0,294912
2770731957,1,0,3839558809,2077058590,3832579866,3716363219,236039135,1246105575,1113338391,3158499806,3360967447,28,175682,288,0,28,0,0
2770731957,1,1,452987458,751849685,2480841732,5016612,826234970,2017891863,3989568369,2823679116,2769539205,4294967250,352514,576,288,4294967246,0,288
2770731957,1,2,3740290893,4021420792,3237880516,1015461667,4232042642,4287523934,3901282848,4146630532,1371736198,4294967192,527663,813,576,4294967186,51,525
2770731957,1,3,1522567742,704616026,1363385843,2143700816,3093205472,4168135794,734316744,124713878,4168106091,4294967202,876938,1256,1152,4294967164,184,968
2770731957,1,4,1148551182,2074296181,1567995897,577691603,3361733627,2497229006,253541352,3658354857,352086146,4294967194,1576775,2181,2304,4294967164,411,1893
2770731957,1,5,1877066738,750641074,90157838,461653843,1224933359,4153605312,3975380205,2523786709,1876951789,4294967184,2973644,3946,4608,4294967148,950,3658
2770731957,1,6,3573395476,2622811050,2121618824,1061758681,992955265,1988665368,1978712791,2578838779,1634726907,4294967184,5768141,7499,9216,4294967134,2005,7211
2770731957,1,7,1333037567,3510894302,4039877612,2146489091,2256515583,365235070,3483364843,3687200213,3416142794,4294967142,11358389,14643,18432,4294967108,4077,14355
2770731957,1,8,2950664115,1474018429,236278958,3238698240,4226891167,4029463807,798186868,399376669,2386329474,4294967164,22529018,28632,36864,4294967076,8520,28344
2770731957,1,9,1360596537,447224925,4181491998,4177470159,822073351,574655775,3946718701,2123309590,235470636,4294967052,44806487,54677,73728,4294966980,19339,54389
2770731957,1,10,2935524815,3635400410,4275744764,4294499023,3369074687,4223320056,3489520351,2559573482,4293369853,4294966802,88835900,90842,147456,4294966756,56902,90554
2770731957,1,11,2952302031,3635412698,4275744764,4294499023,3369074687,4223320056,4026391263,2291138026,4294967293,4294966756,176417777,148719,294912,4294966756,146481,148431
1138245906,0,0,3559996855,948026878,464513515,3229117803,1318588582,1413736333,2757557415,2178021509,2885545800,4294967290,175682,288,0,4294967290,0,0
1138245906,0,1,4219910143,1965206146,3697615291,3239437783,1806970405,1245367961,4194168224,2319027691,3898503052,4294967224,352514,576,288,4294967216,0,288
1138245906,0,2,868345030,2104869663,3878073725,1611145328,1161018412,3818031630,1424546432,413487103,3358190571,4294967248,529346,864,576,4294967190,0,576
1138245906,0,3,2009587398,916514406,1066840575,3237315804,3493437683,1017173820,3133971681,1265616428,2909881150,4294967222,883010,1440,1152,4294967190,0,1152
1138245906,0,4,163411373,3039948071,218144866,1266674879,4143708210,570464621,3525566366,827073442,4031450420,4294967256,1590338,2592,2304,4294967190,0,2304
1138245906,0,5,1317616123,1757899972,3160222267,2488409684,2262973867,3232902657,271586266,3152571701,3942452326,4294967286,3004994,4896,4608,4294967180,0,4608
1138245906,0,6,1816197207,2241257119,3636027615,871074311,913409009,4123213875,2520491406,1887062098,890226656,4294967230,5834306,9504,9216,4294967166,0,9216
1138245906,0,7,1829251631,3371142347,4248971000,2047038827,3846270492,3976813068,1004986746,955315743,18665523,4294967210,11492930,18720,18432,4294967148,0,18432
1138245906,0,8,1604298183,3904025842,476771006,4215263962,3409705983,121227070,681040562,1142612662,2718128610,4294967166,22810178,37152,36864,4294967148,0,36864
1138245906,0,9,1467043633,655287862,1063932876,4235938227,2772893551,4120285428,272463024,175256868,4265549629,4294967140,45444674,74016,73728,4294967096,0,73728
1138245906,0,10,2936491471,1487405338,22716419,2147961504,888143879,71729159,268576032,2003829269,2,4294966828,90713666,147744,147456,4294966810,0,147456
1138245906,0,11,1342665264,659554597,19222531,468272,925892608,71647239,268576032,2003829269,2,4294966756,181251650,295200,294912,4294966756,0,294912
1138245906,1,0,3559996855,948026878,464513515,3229117803,1318588582,1413736333,2757557415,2178021509,2885545800,4294967290,175682,288,0,4294967290,0,0
1138245906,1,1,4219910143,1965206146,3697615291,3239437783,1806970405,1245367961,4194168224,2319027691,3898503052,4294967224,352514,576,288,4294967216,0,288
1138245906,1,2,3008011294,3803026794,3735893083,3340578039,1492258307,600625611,2604170722,2348416204,1013465052,4294967208,527102,796,576,4294967176,68,508
1138245906,1,3,2733325779,2190254758,1847373223,3155642927,2217737975,3750085111,3555128352,2540170869,2250513929,4294967208,877004,1258,1152,4294967164,182,970
1138245906,1,4,2398527054,2620708314,3170545639,2648884644,3998728651,916746808,1539070523,1315109230,3806085985,4294967218,1575950,2156,2304,4294967118,436,1868
1138245906,1,5,1584474671,3071302122,515133547,1808350331,4006340379,329080816,2630740460,3275655904,3502120050,4294967180,2973182,3932,4608,4294967118,964,3644
1138245906,1,6,1317473328,3343575378,1993328894,2080166990,130187054,2781255928,1219340024,2515694839,1476689948,4294967156,5767547,7481,9216,4294967104,2023,7193
1138245906,1,7,1461824817,1700472290,3341307711,416328764,3627105147,390663422,809266504,2133605501,283465531,4294967182,11353637,14499,18432,4294967100,4221,14211
1138245906,1,8,3958996367,3733978676,265366268,4027955529,3268538573,3635544055,3972863326,526311191,1611350006,4294967134,22526048,28542,36864,4294967098,8610,28254
1138245906,1,9,1627093568,157351341,2032232255,1895356695,4278255492,4198850808,805119262,1995439386,4093771773,4294967002,44813615,54893,73728,4294967000,19123,54605
1138245906,1,10,2952302031,3635412698,4275744764,4294499023,3369074687,4223320056,4026391263,2291138026,2147483517,4294966762,88877348,92098,147456,4294966756,55646,91810
1138245906,1,11,2952302031,3635412698,4275744764,4294499023,3369074687,4223320056,4026391263,2291138026,4294967293,4294966756,176460908,150026,294912,4294966756,145174,149738
4047631800,0,0,1119398703,3320015980,316500711,702455615,2252820200,4151978248,712506496,2819214793,160842323,4294967262,175682,288,0,4294967262,0,0
4047631800,0,1,833014996,3668954246,4047753151,133501654,3414648373,893946240,4161833640,2696118040,3788188635,4294967236,352514,576,288,4294967226,0,288
4047631800,0,2,811808468,2866733217,280927230,3474261945,2968967035,116941530,3999095202,2735111880,1814594370,4294967240,529346,864,576,4294967218,0,576
4047631800,0,3,3673492296,336638212,2092359058,2801705519,1019924891,4180927578,3884633212,3965426844,3767647749,4294967250,883010,1440,1152,4294967214,0,1152
4047631800,0,4,1605303362,2780155173,4171560359,3748630609,2489058963,3720002756,3133324927,2630454805,3142138129,4294967252,1590338,2592,2304,4294967198,0,2304
4047631800,0,5,719156179,4079893673,2163737028,1043421208,473658559,4130590550,4105456067,2078391863,3652483326,4294967244,3004994,4896,4608,4294967198,0,4608
4047631800,0,6,709052334,1967029877,3577285069,4264106287,3342573493,998613181,2679984258,2265836769,4147919998,4294967208,5834306,9504,9216,4294967180,0,9216
4047631800,0,7,1465604471,3607256326,970690837,3825260019,3184419971,526039238,1522677982,2103032196,2123108764,4294967202,11492930,18720,18432,4294967148,0,18432
4047631800,0,8,1459473780,3640533282,232255499,403259960,1319959521,704430858,3949130471,3579161554,2281257097,4294967194,22810178,37152,36864,4294967126,0,36864
4047631800,0,9,1143350081,745332997,3456560321,2265306164,3616950769,4171611867,329237806,141565418,522289285,4294967118,45444674,74016,73728,4294967090,0,73728
4047631800,0,10,1342665520,659554597,19222531,468272,925892608,71647239,268576032,2003829269,1603586,4294966782,90713666,147744,147456,4294966756,0,147456
4047631800,0,11,1342665264,659554597,19222531,468272,925892608,71647239,268576032,2003829269,2,4294966756,181251650,295200,294912,4294966756,0,294912
4047631800,1,0,1119398703,3320015980,316500711,702455615,2252820200,4151978248,712506496,2819214793,160842323,4294967262,175682,288,0,4294967262,0,0
4047631800,1,1,833014996,3668954246,4047753151,133501654,3414648373,893946240,4161833640,2696118040,3788188635,4294967236,352514,576,288,4294967226,0,288
4047631800,1,2,2791933524,3509573002,4081226097,2984907602,4225888020,352173254,1505218596,1756602139,3521020795,4294967246,527465,807,576,4294967224,57,519
4047631800,1,3,2331552472,3140284155,3462095961,4144319945,3943040632,1171600644,4275953516,1499722147,2713067486,4294967202,877862,1284,1152,4294967154,156,996
4047631800,1,4,1593185486,2142370822,4267550556,3694185863,4175894983,3985274140,1874566235,907015932,1104738243,4294967178,1576643,2177,2304,4294967154,415,1889
4047631800,1,5,3588981063,787868470,3399790336,3407936227,4174901240,3590052582,3466444495,2943278254,3178262706,4294967206,2974832,3982,4608,4294967154,914,3694
4047631800,1,6,1851302982,4286061053,704599243,863446525,613599242,2893991630,2918973111,922676894,3959521516,4294967182,5768735,7517,9216,4294967096,1987,7229
4047631800,1,7,2939851372,1350630765,1690022015,3748043510,3779799295,1672888316,896391967,2295626666,4267052735,4294967140,11356871,14597,18432,4294967096,4123,14309
4047631800,1,8,117882113,3881361853,3119501678,54187312,3410131168,3418142200,4153408727,3346206716,1890567415,4294967156,22530899,28689,36864,4294967096,8463,28401
4047631800,1,9,2095756556,1198516579,3108321787,520085294,2400188606,3836040167,263444287,394261482,3891268578,4294967056,44810546,54800,73728,4294967018,19216,54512
4047631800,1,10,2952302031,3635412698,4275744764,4294499023,3369074687,4223320056,4026391263,2291138026,4294967293,4294966756,88877777,92111,147456,4294966756,55633,91823
4047631800,1,11,2952302031,3635412698,4275744764,4294499023,3369074687,4223320056,4026391263,2291138026,4294967293,4294966756,176460083,150001,294912,4294966756,145199,149713
113995183,0,0,3035753174,3548654137,2259088651,152728295,2686374309,3599378950,2315859330,3395545076,162562009,2,175682,288,0,2,0,0
113995183,0,1,668281446,191468228,2325856255,71746017,1915981248,2134697951,610014246,4269050885,19333605,4294967228,352514,576,288,4294967228,0,288
113995183,0,2,2412154311,2577004800,2179600959,193162544,3565409088,3980053791,104704302,627663880,3415219297,4294967212,529346,864,576,4294967166,0,576
113995183,0,3,301048430,2003006160,986677034,204316429,1102257790,2542105142,2539780359,2970057653,622058578,4294967246,883010,1440,1152,4294967166,0,1152
113995183,0,4,291050364,1399111030,2934664874,3239509774,38645361,171510726,2428422961,724867816,491214961,4294967272,1590338,2592,2304,4294967166,0,2304
113995183,0,5,2168798644,2873474787,928987873,2516211661,1224679151,1820348043,3806484308,1761444036,2052326734,4294967284,3004994,4896,4608,4294967166,0,4608
113995183,0,6,1345561804,642400414,32207506,2341808306,3398580553,125065657,1829397947,3686201110,1577583685,4294967266,5834306,9504,9216,4294967160,0,9216
113995183,0,7,3778835133,1498451489,2363544475,655822358,3942879812,173765892,1169790767,1924260797,1226166107,4294967230,11492930,18720,18432,4294967150,0,18432
113995183,0,8,779480513,1995259035,2024784138,3486492140,2571035010,3260764102,1002711609,50404783,2579178333,4294967210,22810178,37152,36864,4294967130,0,36864
113995183,0,9,1879535280,486003054,3135939532,3139643787,3400729471,1723367366,2361400088,1491918250,3275984885,4294967158,45444674,74016,73728,4294967088,0,73728
113995183,0,10,2952302031,3635412698,4258967548,4294499023,3369074687,4223320056,4026391263,2291105514,536870781,4294966792,90713666,147744,147456,4294966756,0,147456
113995183,0,11,2952302031,3635412698,4275744764,4294499023,3369074687,4223320056,4026391263,2291138026,4294967293,4294966756,181251650,295200,294912,4294966756,0,294912
113995183,1,0,3035753174,3548654137,2259088651,152728295,2686374309,3599378950,2315859330,3395545076,162562009,2,175682,288,0,2,0,0
113995183,1,1,668281446,191468228,2325856255,71746017,1915981248,2134697951,610014246,4269050885,19333605,4294967228,352514,576,288,4294967228,0,288
113995183,1,2,1338269503,124736253,4264971837,2285777455,3031484867,3589196004,1442788388,2323228073,23437763,4294967166,527762,816,576,4294967152,48,528
113995183,1,3,1728332295,3043177333,4139340282,3228951288,917536131,3948006518,1583920100,2323975077,4223607421,4294967172,876971,1257,1152,4294967130,183,969
113995183,1,4,3032314443,392798661,3790301838,1622582094,2489237107,3053264688,1537595930,3219621274,369107637,4294967226,1575290,2136,2304,4294967130,456,1848
113995183,1,5,1670560296,3757513437,1027683773,3677275592,446752447,2072558840,3698574060,1767302872,58664449,4294967176,2971235,3873,4608,4294967116,1023,3585
113995183,1,6,1110856968,3167232214,45581320,3456950001,242594367,4222467513,3977763156,2646462541,1841482833,4294967202,5765336,7414,9216,4294967116,2090,7126
113995183,1,7,3043166697,2123810350,4247117692,2281193151,1865603540,2070708473,3480574126,1817099618,2417906892,4294967178,11352680,14470,18432,4294967114,4250,14182
113995183,1,8,1065938508,2282129051,383430244,4294114191,3352100319,837110820,536846593,4164943402,2743815877,4294967128,22520372,28370,36864,4294967024,8782,28082
113995183,1,9,796687375,2372796043,4271532286,939235848,1934620711,4105388029,1962089295,2506093526,4164947447,4294967076,44802758,54564,73728,4294966994,19452,54276
113995183,1,10,2952302031,3635412698,4275744764,4294499023,3369074687,4223320056,4026391263,2291138024,4294967293,4294966764,88871606,91924,147456,4294966756,55820,91636
113995183,1,11,2952302031,3635412698,4275744764,4294499023,3369074687,4223320056,4026391263,2291138026,4294967293,4294966756,176456717,149899,294912,4294966756,145301,149611
2510257273,0,0,1622034027,1442631461,1709391281,3699950025,3935456549,3610780476,120868618,603741107,2439468887,42,175682,288,0,42,0,0
2510257273,0,1,300482608,3980471622,2262267980,2082521902,289701286,2586817780,3552428831,269566545,59925212,4294967206,352514,576,288,4294967198,0,288
2510257273,0,2,2431717574,3174309525,268133932,1550120008,623525475,1276510898,1464963965,2159404424,3197221709,4294967272,529346,864,576,4294967198,0,576
2510257273,0,3,537743083,2314409972,1953595363,761542610,4243907468,2001977356,1517987604,499356308,539401863,24,883010,1440,1152,4294967198,0,1152
2510257273,0,4,4033384627,602863937,1118081733,4284857358,876676661,1943561846,3028404771,2828599241,2419948082,4294967228,1590338,2592,2304,4294967184,0,2304
2510257273,0,5,142025160,1583622469,1681190206,3871608263,656712312,3290254398,2170679292,4065733355,2352952042,4294967236,3004994,4896,4608,4294967166,0,4608
2510257273,0,6,774348038,3891002665,1895115663,3698823369,3472740913,1616675283,1078035691,350624764,1075256877,4294967210,5834306,9504,9216,4294967166,0,9216
2510257273,0,7,184062157,792932979,3800924032,3836165581,1995956889,96111278,3322447792,2062353900,4223426545,4294967224,11492930,18720,18432,4294967158,0,18432
2510257273,0,8,2969565137,4020827039,4245822781,787062557,4281396210,1032732854,4194019809,2309976587,3390634229,4294967188,22810178,37152,36864,4294967142,0,36864
2510257273,0,9,1880820850,1591639323,178835707,2164677176,917532687,724942999,1370481388,1016171879,4161262098,4294967162,45444674,74016,73728,4294967070,0,73728
2510257273,0,10,2700643784,3634429658,4275609852,4042840770,3368677375,4223318520,4026391263,2291039722,4294967293,4294966822,90713666,147744,147456,4294966782,0,147456
2510257273,0,11,2952302031,3635412698,4275744764,4294499023,3369074687,4223320056,4026391263,2291138026,4294967293,4294966756,181251650,295200,294912,4294966756,0,294912
2510257273,1,0,1622034027,1442631461,1709391281,3699950025,3935456549,3610780476,120868618,603741107,2439468887,42,175682,288,0,42,0,0
2510257273,1,1,300482608,3980471622,2262267980,2082521902,289701286,2586817780,3552428831,269566545,59925212,4294967206,352514,576,288,4294967198,0,288
2510257273,1,2,3500873716,2739414894,3768274422,2081740685,1808351184,3690508077,252281329,1410647518,3256316591,4294967254,528026,824,576,4294967198,40,536
2510257273,1,3,3758684580,2783709114,3735485580,4242136396,3573285696,3368296200,3449036508,2083707932,1615788498,4294967166,877334,1268,1152,4294967148,172,980
2510257273,1,4,2412305935,1128829605,3775237948,870796367,3107164408,3764488167,3774353911,1201208673,3631487709,4294967152,1575686,2148,2304,4294967140,444,1860
2510257273,1,5,1271901355,3734439853,3320061443,795076111,4166467873,461929665,2948982238,1888995173,4211111401,4294967176,2973017,3927,4608,4294967120,969,3639
2510257273,1,6,1912193553,1982719204,2489916615,4072764721,4082909136,805420083,3501343998,2058160404,3922712877,4294967190,5767778,7488,9216,4294967120,2016,7200
2510257273,1,7,3962605553,1630492358,1029851007,2234515143,3960346875,533118014,1281514316,2003570315,2760062106,4294967174,11354264,14518,18432,4294967120,4202,14230
2510257273,1,8,859390431,2813341354,780515256,3199919440,3601563121,3685208312,3544832704,2163354858,3767468856,4294967122,22527302,28580,36864,4294967088,8572,28292
2510257273,1,9,1551322959,3627247065,4275761279,255384339,3621732336,528985344,4129156333,2090009852,940377402,4294967090,44816420,54978,73728,4294966958,19038,54690
2510257273,1,10,2952302029,3635412698,4275744764,4294499023,3369074687,4223320056,4026391263,2291138026,4294967293,4294966762,88870220,91882,147456,4294966756,55862,91594
2510257273,1,11,2952302031,3635412698,4275744764,4294499023,3369074687,4223320056,4026391263,2291138026,4294967293,4294966756,176452625,149775,294912,4294966756,145425,149487
879533625,0,0,1898402590,2944297205,1310478612,2129960155,1842679295,2075445311,2632170164,4141542771,1058522414,4294967270,175682,288,0,4294967270,0,0
879533625,0,1,3250016858,619122893,1911025421,2004899659,977298602,3348281268,2194260503,2020722790,2404368995,4294967248,352514,576,288,4294967238,0,288
879533625,0,2,2001225354,4000812249,3013903365,826755537,3217474023,2037003411,2430492850,4182828398,277867705,4294967262,529346,864,576,4294967230,0,576
879533625,0,3,77464126,856735633,2605412536,2190062386,2551113561,670822198,864372266,3591423461,2172250370,4294967224,883010,1440,1152,4294967206,0,1152
879533625,0,4,807140820,270318267,1970411513,3254800627,282645825,2983829491,1446488359,1626111799,2099341813,4294967222,1590338,2592,2304,4294967148,0,2304
879533625,0,5,2960071425,3992423822,3249790147,56384464,3329558413,2075423576,2581593113,2793928406,3462394131,4294967230,3004994,4896,4608,4294967148,0,4608
879533625,0,6,257563242,3848020385,3604428928,1903739140,1214856929,3099303203,152853796,1805391253,4264528116,4294967196,5834306,9504,9216,4294967148,0,9216
879533625,0,7,2712667684,613593546,520532277,3659138867,3390713972,3818209763,3860708436,4187051647,2379264966,4294967240,11492930,18720,18432,4294967148,0,18432
879533625,0,8,2686137586,3868786594,920826495,442159791,2229030311,1490729065,1369189731,11538409,1601994974,4294967174,22810178,37152,36864,4294967148,0,36864
879533625,0,9,2440612913,1855290877,1084535140,4198812117,4003553279,990738300,1220822559,285271010,4039578879,4294967170,45444674,74016,73728,4294967084,0,73728
879533625,0,10,3079046140,665780416,19246851,4287046095,925827072,71655175,260187455,2003763733,16130,4294966862,90713666,147744,147456,4294966800,0,147456
879533625,0,11,1342665264,659554597,19222531,468272,925892608,71647239,268576032,2003829269,2,4294966756,181251650,295200,294912,4294966756,0,294912
879533625,1,0,1898402590,2944297205,1310478612,2129960155,1842679295,2075445311,2632170164,4141542771,1058522414,4294967270,175682,288,0,4294967270,0,0
879533625,1,1,3250016858,619122893,1911025421,2004899659,977298602,3348281268,2194260503,2020722790,2404368995,4294967248,352514,576,288,4294967238,0,288
879533625,1,2,1480041098,2884054013,1940188711,4092925647,2144408256,2407699326,3268264803,3371224941,1740619906,4294967194,527399,805,576,4294967186,59,517
879533625,1,3,1576372737,661454909,1754680446,3657238281,266598720,456571148,2671893601,2298405130,3789545478,4294967178,876278,1236,1152,4294967148,204,948
879533625,1,4,2817732303,1062692314,3980313440,2349542039,3637444799,3048914306,1604028798,124221933,3258085277,4294967148,1574366,2108,2304,4294967114,484,1820
879533625,1,5,1991772967,2723037172,2552580221,255793458,4105642888,3668818950,4018707381,4196650742,2469404818,4294967220,2971895,3893,4608,4294967114,1003,3605
879533625,1,6,3165168340,557526756,539695356,4144378610,3939441655,2872645086,1822807773,2809177846,2158756805,4294967168,5765930,7432,9216,4294967112,2072,7144
879533625,1,7,857517507,951564580,2688197538,474295771,623757722,3887679029,3456326318,4034869473,4136341250,4294967188,11353241,14487,18432,4294967100,4233,14199
879533625,1,8,1560326718,605355298,4001783532,4237880670,3656914863,2072998975,4010962898,2291137755,3892084607,4294967142,22523804,28474,36864,4294967072,8678,28186
879533625,1,9,1474805011,3377725177,1036718652,2675920367,83327033,2248066979,349837990,1425079626,4279476476,4294967084,44810117,54787,73728,4294966958,19229,54499
879533625,1,10,2952301775,3635150554,4275744764,4294499023,1221591039,4223320056,4026391263,2291138026,4294966269,4294966784,88877447,92101,147456,4294966756,55643,91813
879533625,1,11,2952302031,3635412698,4275744764,4294499023,3369074687,4223320056,4026391263,2291138026,4294967293,4294966756,176460116,150002,294912,4294966756,145198,149714
775683075,0,0,3024274376,1594880165,299815080,1881727236,1917515967,639421952,4004163261,2824723164,4030503395,4294967270,175682,288,0,4294967270,0,0
775683075,0,1,2436853814,4170697181,182482051,1878763736,970200573,475780521,2663503879,3199485353,2657502261,4294967244,352514,576,288,4294967224,0,288
775683075,0,2,3053105107,3899856178,1039552859,3944928735,2228489311,3959292890,258834581,2548886198,2235218071,4294967240,529346,864,576,4294967216,0,576
775683075,0,3,9834523,358980950,4223187710,4235501022,1411793587,3417894286,2220174733,3920673895,2662879197,4294967276,883010,1440,1152,4294967184,0,1152
775683075,0,4,2946083866,1989089275,3709023260,4027383366,2336131523,3208595294,1408860944,1398860966,2053293240,4294967248,1590338,2592,2304,4294967184,0,2304
775683075,0,5,1284027339,4107373255,4031950892,1232284330,423055523,2573639286,1862354511,1464207901,3857748223,4294967208,3004994,4896,4608,4294967184,0,4608
775683075,0,6,1431366246,535943455,87945409,581520131,3230940848,1475837326,842745218,4089355389,3012300149,4294967252,5834306,9504,9216,4294967182,0,9216
775683075,0,7,789033740,2943223365,1869219044,140561129,1362165751,1089679841,308126667,2809329586,4097886119,4294967174,11492930,18720,18432,4294967148,0,18432
775683075,0,8,1283820999,3110638012,4019811327,3823401203,1073736765,207852367,2484788591,259799799,2085095355,4294967168,22810178,37152,36864,4294967148,0,36864
775683075,0,9,1338282475,492504787,2130008578,2941310135,1215168753,3426376863,1619025374,2940400233,2480537273,4294967134,45444674,74016,73728,4294967070,0,73728
775683075,0,10,1326936878,659489061,52776707,520561967,925564928,71648007,285353249,2004025877,2818,4294966824,90713666,147744,147456,4294966788,0,147456
775683075,0,11,1342665264,659554597,19222531,468272,925892608,71647239,268576032,2003829269,2,4294966756,181251650,295200,294912,4294966756,0,294912
775683075,1,0,3024274376,1594880165,299815080,1881727236,1917515967,639421952,4004163261,2824723164,4030503395,4294967270,175682,288,0,4294967270,0,0
775683075,1,1,2436853814,4170697181,182482051,1878763736,970200573,475780521,2663503879,3199485353,2657502261,4294967244,352514,576,288,4294967224,0,288
775683075,1,2,1455157203,789482745,3474542211,2482760137,147906458,607701235,3622727091,860661841,1826506252,4294967212,527828,818,576,4294967194,46,530
775683075,1,3,802139755,3108767226,4175289995,3221199618,3770339409,2352991703,587679079,727905525,2130905983,4294967208,877466,1272,1152,4294967162,168,984
775683075,1,4,1711197697,2012108465,484749100,2549044367,2562714103,3131198270,4013710111,1702383579,16805970,4294967170,1575389,2139,2304,4294967162,453,1851
775683075,1,5,1430219569,305918508,1879387886,2403085109,810379254,3266067800,867995935,156760585,2093410166,4294967208,2974040,3958,4608,4294967144,938,3670
775683075,1,6,1301581116,3293444822,3604911500,3553680949,3507568051,1469543682,3918119321,1965657509,1871106135,4294967186,5768405,7507,9216,4294967100,1997,7219
775683075,1,7,2851828041,1491057920,2003294079,3725015382,3915910325,3246743049,2292579870,721272810,1863947453,4294967176,11355584,14558,18432,4294967100,4162,14270
775683075,1,8,2848373696,3076381885,1985632092,4235459325,3591864065,4205643761,251570542,2544664049,4276222065,4294967126,22526510,28556,36864,4294967080,8596,28268
775683075,1,9,3670569147,3836993188,3202787324,2046336393,936375992,4219812991,872408337,3953131333,471846715,4294967076,44805167,54637,73728,4294966984,19379,54349
775683075,1,10,2952302031,3635412698,4275744764,4294499023,3369074687,4223320056,3892173535,2291138026,4294844413,4294966776,88873091,91969,147456,4294966756,55775,91681
775683075,1,11,2952302031,3635412698,4275744764,4294499023,3369074687,4223320056,4026391263,2291138026,4294967293,4294966756,176456618,149896,294912,4294966756,145304,149608
2496780664,0,0,1296015354,2942496772,1778585317,195582305,3259907345,3598684036,4035162135,1544707475,4260830903,20,175682,288,0,20,0,0
2496780664,0,1,788470573,2020647900,824620798,1985539747,3147524439,333010903,1675930852,2805415740,1304960621,4294967294,352514,576,288,4294967284,0,288
2496780664,0,2,3617195031,2326693589,2669866876,33208964,2077259786,2562343003,4051583952,2403303404,4023417626,4294967174,529346,864,576,4294967164,0,576
2496780664,0,3,2692020943,3720635331,3813190337,1429579297,1363968290,1806044760,2843561680,1941785925,260101003,4294967234,883010,1440,1152,4294967164,0,1152
2496780664,0,4,501240478,4016174681,3011309538,242927408,4147451963,338021605,1846850534,844356358,654272417,4294967270,1590338,2592,2304,4294967164,0,2304
2496780664,0,5,3343616741,1168378959,3252930121,590547889,628525056,3523885469,133455447,740585988,1980696512,4294967246,3004994,4896,4608,4294967164,0,4608
2496780664,0,6,389156331,1590620202,1742530435,3943541283,715150953,940628541,200464158,3851498441,2315329669,4294967252,5834306,9504,9216,4294967162,0,9216
2496780664,0,7,1625227537,2215100896,2932263843,125221915,826219303,1725178695,779335494,1891067857,3179790657,4294967224,11492930,18720,18432,4294967150,0,18432
2496780664,0,8,3970767113,3362324234,1107013600,2132091663,256657366,3623444289,3001354554,3078045353,522211100,4294967164,22810178,37152,36864,4294967136,0,36864
2496780664,0,9,1442933814,4099091903,658653987,4094286529,4211017855,63481128,1665153621,219408847,2029937480,4294967138,45444674,74016,73728,4294967062,0,73728
2496780664,0,10,1350104496,3763404514,4276277500,3875068656,3369074687,4223320056,4026391263,2291072490,4294703357,4294966834,90713666,147744,147456,4294966786,0,147456
2496780664,0,11,2952302031,3635412698,4275744764,4294499023,3369074687,4223320056,4026391263,2291138026,4294967293,4294966756,181251650,295200,294912,4294966756,0,294912
2496780664,1,0,1296015354,2942496772,1778585317,195582305,3259907345,3598684036,4035162135,1544707475,4260830903,20,175682,288,0,20,0,0
2496780664,1,1,788470573,2020647900,824620798,1985539747,3147524439,333010903,1675930852,2805415740,1304960621,4294967294,352514,576,288,4294967284,0,288
2496780664,1,2,3069143575,3751333597,4124900854,3976778988,2244936095,2126135799,2859588890,3182521669,3989049327,4294967186,527498,808,576,4294967176,56,520
2496780664,1,3,4039941059,3370050698,3871259876,3206151897,3486453370,4162404288,155048862,2565082348,2389656892,4294967154,877037,1259,1152,4294967138,181,971
2496780664,1,4,3224673712,997320278,3408940174,603011894,3910116316,1763336124,4010616635,1954702618,30077238,4294967174,1575455,2141,2304,4294967138,451,1853
2496780664,1,5,4158221367,517024177,4112290019,3757829879,551501567,2626625848,3572108642,739020222,534736701,4294967172,2973875,3953,4608,4294967118,943,3665
2496780664,1,6,3477828367,2561145579,1121755968,3300932778,1203040249,2083539176,538597922,2366569834,3787456143,4294967130,5768207,7501,9216,4294967118,2003,7213
2496780664,1,7,418798568,797485870,255811004,658486071,2687625128,104460546,3667057334,4096705522,262193691,4294967216,11351690,14440,18432,4294967108,4280,14152
2496780664,1,8,607685445,3775930100,4274622812,3673807868,3476617191,3885309673,4125489876,4243652054,4065181922,4294967120,22525322,28520,36864,4294967094,8632,28232
2496780664,1,9,1580534835,1601111898,230534919,872103359,792984632,3193779185,1408515651,3916535083,4254007773,4294967058,44810612,54802,73728,4294967000,19214,54514
2496780664,1,10,2952302031,3635412698,4275220476,4277721823,3369074687,4223319800,4009614047,2291072490,4294967293,4294966792,88863092,91666,147456,4294966756,56078,91378
2496780664,1,11,2952302031,3635412698,4275744764,4294499023,3369074687,4223320056,4026391263,2291138026,4294967293,4294966756,176447642,149624,294912,4294966756,145576,149336
138416325,0,0,3385463349,753246269,521110983,646150074,3645086881,1355454892,2133997749,115511742,276551134,32,175682,288,0,32,0,0
138416325,0,1,3567338144,3458950829,3034974698,3246520033,3876618736,3861077990,400305676,2102439343,606403618,4294967222,352514,576,288,4294967216,0,288
138416325,0,2,1910606519,1446081268,1755318258,2282760567,3483800817,3765133259,3302605111,3501060006,4201831466,4294967246,529346,864,576,4294967198,0,576
138416325,0,3,1484894369,823788547,774946308,1503943498,115322223,4068567030,1665894987,217268416,1625694789,4294967268,883010,1440,1152,4294967198,0,1152
138416325,0,4,3085839356,463019661,4065676912,3207541691,3386548383,3836094519,4103535950,1846223885,1706007677,4294967246,1590338,2592,2304,4294967192,0,2304
138416325,0,5,1326355627,2437613129,153677387,201715110,3579578056,904544016,2211982657,1910568460,3205284126,4294967196,3004994,4896,4608,4294967166,0,4608
138416325,0,6,1407599905,1431812635,3394738202,116015568,121630776,2236960586,1371551802,2856571107,4132960435,4294967196,5834306,9504,9216,4294967166,0,9216
138416325,0,7,644589001,3414193000,1307406354,953829130,183895539,619575427,2496576897,2222817826,1454425842,4294967258,11492930,18720,18432,4294967162,0,18432
138416325,0,8,1779772817,919610170,581359396,3195839645,935795077,3712032265,1534958894,2433365210,3107620733,4294967196,22810178,37152,36864,4294967150,0,36864
138416325,0,9,4223446523,1481832602,13881658,32469552,3447713890,2256165926,528631615,1233044333,2361262146,4294967120,45444674,74016,73728,4294967088,0,73728
138416325,0,10,2952304079,2561670802,4271550460,4294499023,3369074687,4223315960,4009614047,2291072490,2147483389,4294966804,90713666,147744,147456,4294966770,0,147456
138416325,0,11,2952302031,3635412698,4275744764,4294499023,3369074687,4223320056,4026391263,2291138026,4294967293,4294966756,181251650,295200,294912,4294966756,0,294912
138416325,1,0,3385463349,753246269,521110983,646150074,3645086881,1355454892,2133997749,115511742,276551134,32,175682,288,0,32,0,0
138416325,1,1,3567338144,3458950829,3034974698,3246520033,3876618736,3861077990,400305676,2102439343,606403618,4294967222,352514,576,288,4294967216,0,288
138416325,1,2,1777365549,3312112557,2800193685,1082333036,1196786642,3860941766,335423797,1330643988,3435522179,4294967200,527498,808,576,4294967180,56,520
138416325,1,3,1107259767,647756011,2170903931,3770926295,3737372549,4074595316,2684154669,161545505,3481271150,4294967162,876344,1238,1152,4294967156,202,950
138416325,1,4,1929270256,4215388581,800738427,4244201214,2295262071,3587774714,1257960956,1951319318,2382856071,4294967156,1574828,2122,2304,4294967126,470,1834
138416325,1,5,395912503,1487863315,3907987298,3543088501,4126565880,126165619,3930940897,1247673825,3887628241,4294967204,2972885,3923,4608,4294967126,973,3635
138416325,1,6,1515949435,3878575427,4076165472,3871654597,3352792024,3363153656,2281697986,1332967499,4021502778,4294967186,5766095,7437,9216,4294967112,2067,7149
138416325,1,7,1392004144,2904516890,3713771005,2378636094,3399795708,3145818299,3230500177,2209510709,868639545,4294967164,11347862,14324,18432,4294967104,4396,14036
138416325,1,8,1709635463,4161725090,3613038052,3883391613,862941808,607079431,708656394,1946713494,53454972,4294967162,22518128,28302,36864,4294967100,8850,28014
138416325,1,9,1408795379,3902275309,1055563708,2786605631,3906954079,4189683070,2130434926,3302981359,2075377517,4294967068,44801009,54511,73728,4294966988,19505,54223
138416325,1,10,2952302031,3635412698,4275744764,4294499023,3369074687,4223320056,4009614047,2156920298,4294967165,4294966776,88866788,91778,147456,4294966756,55966,91490
138416325,1,11,2952302031,3635412698,4275744764,4294499023,3369074687,4223320056,4026391263,2291138026,4294967293,4294966756,176450579,149713,294912,4294966756,145487,149425
1267876966,0,0,936384007,4088003510,3202116398,59503313,1617935,1539672589,279693474,3269610864,1064014331,4294967284,175682,288,0,4294967284,0,0
1267876966,0,1,2018163763,3730327565,4107462967,1915700566,4164335841,427942798,291653908,2541565815,3319058958,4294967256,352514,576,288,4294967242,0,288
1267876966,0,2,507125822,3266354538,3537186331,1045706508,3512798994,1175238409,1901407197,1064177013,2491054976,4294967220,529346,864,576,4294967216,0,576
1267876966,0,3,393354479,1747661761,826875809,2378911012,150418255,96369934,1262583361,2418991732,1295797673,4294967258,883010,1440,1152,4294967210,0,1152
1267876966,0,4,3196785927,2528863658,749055486,2492086966,3134097434,3795330986,3778042068,576742358,3753766754,4294967244,1590338,2592,2304,4294967166,0,2304
1267876966,0,5,1409015372,4048514340,253306141,17291737,4176715932,1337649546,31002151,2085650344,1655834991,4294967224,3004994,4896,4608,4294967164,0,4608
1267876966,0,6,261555630,727471344,1758417167,1744098405,3526408929,116573257,3205610012,1666032745,2718511650,4294967240,5834306,9504,9216,4294967156,0,9216
1267876966,0,7,1466399779,3025897631,3848593973,628577582,3570401072,2608475963,1216689035,2741235707,611859559,4294967236,11492930,18720,18432,4294967156,0,18432
1267876966,0,8,3339226356,4239101291,3360854024,1081070772,4020297824,3750071407,4158643905,1826082790,3682492274,4294967190,22810178,37152,36864,4294967128,0,36864
1267876966,0,9,597188746,1794195001,3862674012,3805036186,148044315,1912791288,3732144806,397555284,6291968,4294967142,45444674,74016,73728,4294967086,0,73728
1267876966,0,10,2944888271,411795738,18525955,4278655695,953090063,71483143,4009894623,1754202650,2096898,4294966814,90713666,147744,147456,4294966794,0,147456
1267876966,0,11,2936501199,649003300,19181315,4278658255,919535617,71614215,4009895135,1989083668,130818,4294966780,181251650,295200,294912,4294966780,0,294912
1267876966,1,0,936384007,4088003510,3202116398,59503313,1617935,1539672589,279693474,3269610864,1064014331,4294967284,175682,288,0,4294967284,0,0
1267876966,1,1,2018163763,3730327565,4107462967,1915700566,4164335841,427942798,291653908,2541565815,3319058958,4294967256,352514,576,288,4294967242,0,288
1267876966,1,2,374518334,3520101541,1188704110,608623878,4040162423,2164606722,2567919410,2273265585,1341312735,4294967188,527498,808,576,4294967184,56,520
1267876966,1,3,1578677158,3638169685,1975708598,991338062,2955133367,599982976,1536067049,3439193917,217804138,4294967198,876113,1231,1152,4294967142,209,943
1267876966,1,4,2945027527,3119186675,491479811,2203007791,871825727,4215621631,2529475887,3875011754,798842742,4294967126,1574630,2116,2304,4294967108,476,1828
1267876966,1,5,1704102873,2680396997,1588007160,4159270199,861241100,4110176241,2398751546,3276734108,3640401112,4294967186,2970806,3860,4608,4294967108,1036,3572
1267876966,1,6,946836944,1469842887,1759354975,4176469416,2951081861,3890096088,3527523540,399538669,1604358589,4294967174,5764511,7389,9216,4294967108,2115,7101
1267876966,1,7,710640346,1230228929,3282027759,512204214,428802173,3441680343,260056404,2053104393,4173385586,4294967178,11351657,14439,18432,4294967108,4281,14151
1267876966,1,8,2566816240,3721427674,2128252732,536779057,1045427332,2051375035,3715477469,4290771927,4014034207,4294967112,22520570,28376,36864,4294967028,8776,28088
1267876966,1,9,1910526515,3780148915,2133168252,2139039199,760213504,1975213943,804311279,2298018795,267360493,4294967044,44799623,54469,73728,4294966996,19547,54181
1267876966,1,10,2952564175,3635412698,4275744764,4294499023,3369074687,4223320056,4026358495,2291138026,4261396477,4294966782,88885334,92340,147456,4294966756,55404,92052
1267876966,1,11,2952302031,3635412698,4275744764,4294499023,3369074687,4223320056,4026391263,2291138026,4294967293,4294966756,176469323,150281,294912,4294966756,144919,149993
3389380671,0,0,325522360,4262871972,3381565962,1348740578,1543356238,2157255520,1014785239,1411808834,4144745028,4294967274,175682,288,0,4294967274,0,0
3389380671,0,1,17323003,1095303775,1650573599,2915695344,4105299391,2072028036,2666093012,1750856826,2134802262,4294967224,352514,576,288,4294967224,0,288
3389380671,0,2,3219222130,1347519761,4291129597,1188219898,3400897610,2525778012,1891699538,1367928840,1069487229,4294967238,529346,864,576,4294967194,0,576
3389380671,0,3,1599367039,947354469,986241853,55092,1248594343,2495743623,3001317059,4108243302,1127292914,4294967216,883010,1440,1152,4294967186,0,1152
3389380671,0,4,3592884695,70181444,1967982491,567752896,1085329935,3904638748,3204317476,1270251655,3768977144,4294967238,1590338,2592,2304,4294967186,0,2304
3389380671,0,5,1334852874,843576075,3852619503,1379339147,713090683,2755885623,2667694722,2195917986,1073534949,4294967218,3004994,4896,4608,4294967180,0,4608
3389380671,0,6,1939310315,3264321267,64226064,4034970769,1199087597,2603392592,202232594,3417181812,1203486982,4294967210,5834306,9504,9216,4294967158,0,9216
3389380671,0,7,1874258862,1855992362,3431772502,2915755340,4142958851,2601896391,3925720553,908241007,4237500110,4294967226,11492930,18720,18432,4294967158,0,18432
3389380671,0,8,3851352525,1878517808,3311473576,1478124891,1446215297,3954836411,184374883,2129861844,1304643085,4294967214,22810178,37152,36864,4294967124,0,36864
3389380671,0,9,815305938,3899707255,3169805439,4177110272,381839120,136925164,3498467640,646545946,2558890170,4294967176,45444674,74016,73728,4294967088,0,73728
3389380671,0,10,772239951,665780517,19230467,4278658255,927924224,71659527,268576033,2003829269,33554434,4294966822,90713666,147744,147456,4294966798,0,147456
3389380671,0,11,1342665264,659554597,19222531,468272,925892608,71647239,268576032,2003829269,2,4294966756,181251650,295200,294912,4294966756,0,294912
3389380671,1,0,325522360,4262871972,3381565962,1348740578,1543356238,2157255520,1014785239,1411808834,4144745028,4294967274,175682,288,0,4294967274,0,0
3389380671,1,1,17323003,1095303775,1650573599,2915695344,4105299391,2072028036,2666093012,1750856826,2134802262,4294967224,352514,576,288,4294967224,0,288
3389380671,1,2,404124402,1100480611,2129072144,2285427265,3033580543,464921836,3724200272,1625880698,977219501,4294967168,527432,806,576,4294967146,58,518
3389380671,1,3,1821340349,3777252003,2071917716,4239907344,3989058167,1916530,309212545,1884974435,664550270,4294967222,876344,1238,1152,4294967132,202,950
3389380671,1,4,502887503,1195179847,1014328804,3885585807,456596648,1824220771,4160221953,2000502171,3687641889,4294967180,1574630,2116,2304,4294967128,476,1828
3389380671,1,5,2992564786,814477688,2444404506,3789544153,1086787175,142050570,3879771073,4290120648,3629973456,4294967196,2971136,3870,4608,4294967100,1026,3582
3389380671,1,6,2642367900,4216836038,3369095129,3463912108,719650623,3597809423,3968458007,3482170793,3783276543,4294967188,5762432,7326,9216,4294967100,2178,7038
3389380671,1,7,1342048503,3594780628,3994100728,2044778139,1515316003,1527595361,1488895048,1337603839,1815667070,4294967186,11348786,14352,18432,4294967096,4368,14064
3389380671,1,8,686304456,1492680526,1171963623,2691123935,3369099385,4290416731,2430746304,3388141867,3337060357,4294967102,22520240,28366,36864,4294967090,8786,28078
3389380671,1,9,1600621095,3747541453,1893594866,3715561143,1355806079,1068679160,4016830039,2398043886,3589967841,4294967082,44805365,54643,73728,4294966996,19373,54355
3389380671,1,10,2952302031,3635412698,4275744764,4294499023,3369072639,4223320048,4026391263,2291138026,4294967293,4294966768,88876622,92076,147456,4294966756,55668,91788
3389380671,1,11,2952302031,3635412698,4275744764,4294499023,3369074687,4223320056,4026391263,2291138026,4294967293,4294966756,176460182,150004,294912,4294966756,145196,149716
3698774336,0,0,3330680269,2607279130,3214609046,3441905521,654798048,3524875365,2212666726,2451284470,2717898719,4294967272,175682,288,0,4294967272,0,0
3698774336,0,1,1460349364,3550247364,288019283,2994027776,666804753,1534710617,3690657975,1769159638,2295185411,4294967210,352514,576,288,4294967198,0,288
3698774336,0,2,4236307942,2362831653,2939153456,3937794542,3015629018,2560166919,1664929481,4202071659,4052678274,4294967268,529346,864,576,4294967198,0,576
3698774336,0,3,3080089795,730777271,1497097228,116731442,930862362,3744768505,3221998538,1887544135,3543019680,4294967234,883010,1440,1152,4294967198,0,1152
3698774336,0,4,2981694800,1251792964,673569983,2960729520,1459899441,1400327960,842677924,3328451223,4287577324,4294967190,1590338,2592,2304,4294967174,0,2304
3698774336,0,5,3624824509,3297392309,29749765,1907975418,1044807186,457529811,3789634364,1650268180,3390009536,4294967236,3004994,4896,4608,4294967174,0,4608
3698774336,0,6,2159762802,3418645766,1724403532,3756425294,3315801299,363354008,3293220093,3988594314,1752170520,4294967234,5834306,9504,9216,4294967174,0,9216
3698774336,0,7,2280592844,51759430,1507987806,2218749365,155124047,1886825953,276773862,3969444779,249242968,4294967216,11492930,18720,18432,4294967166,0,18432
3698774336,0,8,320396337,994945354,204613787,1462909779,4176545676,4044292100,3766234104,145907658,2088697927,4294967172,22810178,37152,36864,4294967144,0,36864
3698774336,0,9,4099111368,1017664828,2104766329,167433280,3375491058,3274438901,3285671203,143125481,2135895782,4294967172,45444674,74016,73728,4294967058,0,73728
3698774336,0,10,2868415962,3634953946,4275743484,4286110415,3369074687,4223320056,4026391263,2425355746,4293328893,4294966818,90713666,147744,147456,4294966756,0,147456
3698774336,0,11,2952302031,3635412698,4275744764,4294499023,3369074687,4223320056,4026391263,2291138026,4294967293,4294966756,181251650,295200,294912,4294966756,0,294912
3698774336,1,0,3330680269,2607279130,3214609046,3441905521,654798048,3524875365,2212666726,2451284470,2717898719,4294967272,175682,288,0,4294967272,0,0
3698774336,1,1,1460349364,3550247364,288019283,2994027776,666804753,1534710617,3690657975,1769159638,2295185411,4294967210,352514,576,288,4294967198,0,288
3698774336,1,2,3742268886,1287287190,289032305,460733165,103791872,536791412,3556477539,1408514834,3909926947,4294967192,527465,807,576,4294967184,57,519
3698774336,1,3,3676599805,2597879141,3906656363,1328496038,887041544,802063164,3534069480,959639029,3234808526,4294967170,875420,1210,1152,4294967160,230,922
3698774336,1,4,737626120,3986284347,3666652032,3757698755,1944041474,1768656426,3489376159,2682713571,1903090671,4294967216,1573475,2081,2304,4294967136,511,1793
3698774336,1,5,2849754184,2654072475,3219493624,4086216790,3075734686,2712518847,2094990424,1591780201,1080078838,4294967228,2971202,3872,4608,4294967120,1024,3584
3698774336,1,6,3753696315,951047899,876243423,2170165941,717707891,2668194887,1455971570,2222304749,2671942911,4294967220,5764412,7386,9216,4294967120,2118,7098
3698774336,1,7,1182053427,2423190495,952813624,1606104367,1894069822,4194536823,253638783,2091309330,2353684444,4294967190,11349776,14382,18432,4294967104,4338,14094
3698774336,1,8,2886699588,2586713785,4275906812,49830338,3591634914,4196615924,1727845734,1519189974,3250512381,4294967094,22521197,28395,36864,4294967082,8757,28107
3698774336,1,9,792276167,3517939674,4007378942,4077834959,150011007,398107868,4160872164,2398424558,4194296831,4294967052,44801405,54523,73728,4294966962,19493,54235
3698774336,1,10,3505950000,3637640922,4275785980,33084720,3341877232,4223484152,285072672,2406546925,4294705405,4294966808,88905200,92942,147456,4294966780,54802,92654
3698774336,1,11,2952302031,3635412698,4275744764,4294499023,3369074687,4223320056,4026391263,2291138026,4294967293,4294966756,176505953,151391,294912,4294966756,143809,151103
3573228835,0,0,4063487427,3182732040,3214819853,3419428658,1691761623,1497526184,1076548198,212157853,1347920628,18,175682,288,0,18,0,0
3573228835,0,1,3572251667,3844675775,2669546241,3849902592,1457385033,1109524828,2147873920,252429869,3796680418,4294967238,352514,576,288,4294967238,0,288
3573228835,0,2,1938837703,548960533,223918588,3278847468,534983602,2075803961,673435365,2467430969,2254946178,4294967214,529346,864,576,4294967206,0,576
3573228835,0,3,4097185798,1229394322,2094676233,2939688658,3409788768,2021674616,2389447464,753933314,4017264762,4294967212,883010,1440,1152,4294967194,0,1152
3573228835,0,4,3968294078,2846344314,3492485062,804790237,702053624,1153082865,4133184110,1934024960,1125780720,4294967212,1590338,2592,2304,4294967182,0,2304
3573228835,0,5,405421682,675835169,3835571052,345243096,4215672525,337903683,3569526244,463587820,3937384997,4294967244,3004994,4896,4608,4294967182,0,4608
3573228835,0,6,3396793134,850350475,1638623599,380823942,3376897944,2123214328,2117853606,3484384660,271614291,4294967230,5834306,9504,9216,4294967178,0,9216
3573228835,0,7,2045971280,2824719970,2502501782,2374757792,1263546123,3856929254,2999437042,332303884,407397144,4294967254,11492930,18720,18432,4294967178,0,18432
3573228835,0,8,3738696502,1482590486,460765535,554432090,4136806135,1789124937,490488557,2484557408,711503869,4294967242,22810178,37152,36864,4294967140,0,36864
3573228835,0,9,2280091119,483647637,962110447,3963296511,2489083431,1158330598,1858348568,877446934,3926933058,4294967128,45444674,74016,73728,4294967086,0,73728
3573228835,0,10,2893073868,3635379930,2128260988,4286110415,3369041919,4223320056,4009614047,2358181354,4294967037,4294966806,90713666,147744,147456,4294966772,0,147456
3573228835,0,11,2952302031,3635412698,4275744764,4294499023,3369074687,4223320056,4026391263,2291138026,4294967293,4294966756,181251650,295200,294912,4294966756,0,294912
3573228835,1,0,4063487427,3182732040,3214819853,3419428658,1691761623,1497526184,1076548198,212157853,1347920628,18,175682,288,0,18,0,0
3573228835,1,1,3572251667,3844675775,2669546241,3849902592,1457385033,1109524828,2147873920,252429869,3796680418,4294967238,352514,576,288,4294967238,0,288
3573228835,1,2,832468329,1438678954,4286234969,4007348621,2382230877,669186007,3494241756,2142975461,4081305602,4294967248,527498,808,576,4294967208,56,520
3573228835,1,3,3948114142,970129383,2938849531,1558149568,4072140800,3257710816,346889049,1802516301,4286808585,4294967210,877334,1268,1152,4294967146,172,980
3573228835,1,4,1688031611,502174554,4275785976,4109497120,1840381896,4290698612,405027345,3411088894,896218889,4294967228,1575686,2148,2304,4294967146,444,1860
3573228835,1,5,3795526926,1424387893,367688037,1680005086,2487103254,944162425,674129188,4153157213,2831662826,4294967202,2973347,3937,4608,4294967138,959,3649
3573228835,1,6,280551104,682767881,1787437635,558855456,674248731,2621876277,939273054,727333963,2115975580,4294967166,5767646,7484,9216,4294967124,2020,7196
3573228835,1,7,1022898631,3684630063,4074593986,3155746206,2933152984,2073409786,4034708643,3282115109,616673852,4294967154,11351789,14443,18432,4294967082,4277,14155
3573228835,1,8,3705991836,592329258,1400360827,235202324,1555959779,3008024283,1352996030,142646846,1730142306,4294967166,22529579,28649,36864,4294967082,8503,28361
3573228835,1,9,3547828789,3863162966,4276443134,1004495671,3276595454,4206739264,2415680203,2620382700,4293073917,4294967082,44810150,54788,73728,4294966982,19228,54500
3573228835,1,10,2950729167,3635406554,4275744764,4294499023,3369074687,4223320056,4026391263,2291138026,4294967293,4294966768,88848044,91210,147456,4294966756,56534,90922
3573228835,1,11,2952302031,3635412698,4275744764,4294499023,3369074687,4223320056,4026391263,2291138026,4294967293,4294966756,176431010,149120,294912,4294966756,146080,148832
568312529,0,0,1244577084,1430218630,1481991026,2729868501,1176477123,278489303,1673819375,3001647613,4289488178,4294967290,175682,288,0,4294967290,0,0
568312529,0,1,3712188694,4284888068,4043132026,730213250,2911258573,1084908000,2730033414,1272183674,1680577443,4294967290,352514,576,288,4294967272,0,288
568312529,0,2,2693813856,3223270347,774100517,2571683336,3450916418,3274507225,3812969956,3387082735,1594333683,4294967218,529346,864,576,4294967212,0,576
568312529,0,3,3505620034,3468809668,1641909490,2436467497,2407871911,2108722414,1849810111,8667220,3796368757,4294967210,883010,1440,1152,4294967210,0,1152
568312529,0,4,1996189126,1372352772,3717660159,1342247502,1534588275,1638585586,3487996651,1947388569,1157954761,4294967242,1590338,2592,2304,4294967178,0,2304
568312529,0,5,617526766,2909288111,1311336282,3258129872,2922840603,931972914,2451763004,2514693597,3481835145,4294967216,3004994,4896,4608,4294967176,0,4608
568312529,0,6,12796470,564163128,4075771939,1760891688,2008828470,2025111573,4120918705,2520066089,3294884044,4294967226,5834306,9504,9216,4294967160,0,9216
568312529,0,7,2730098245,2712705834,55310875,3821067675,3088517016,3352285062,992193326,2846180067,3590444739,4294967194,11492930,18720,18432,4294967152,0,18432
568312529,0,8,511188,2937161488,3051772823,1513682163,3896425213,264190809,1073914673,3330392547,4165932051,4294967232,22810178,37152,36864,4294967148,0,36864
568312529,0,9,1393017126,3568139474,2026209778,3227706691,827254023,4086643824,4025799902,4854504,2108160486,4294967148,45444674,74016,73728,4294967080,0,73728
568312529,0,10,1879519792,659554597,19222531,470320,925892632,71647239,268576224,2003829269,273743874,4294966822,90713666,147744,147456,4294966756,0,147456
568312529,0,11,1342665264,659554597,19222531,468272,925892608,71647239,268576032,2003829269,2,4294966756,181251650,295200,294912,4294966756,0,294912
568312529,1,0,1244577084,1430218630,1481991026,2729868501,1176477123,278489303,1673819375,3001647613,4289488178,4294967290,175682,288,0,4294967290,0,0
568312529,1,1,3712188694,4284888068,4043132026,730213250,2911258573,1084908000,2730033414,1272183674,1680577443,4294967290,352514,576,288,4294967272,0,288
568312529,1,2,2934144144,3594924212,3103346146,1405610307,4213789030,4152525766,1860032082,1992508182,4229261810,4294967200,527432,806,576,4294967198,58,518
568312529,1,3,2733958208,3504576818,967471866,3562747066,2330427671,2078625222,3676145639,2008199829,123834141,4294967188,876410,1240,1152,4294967158,200,952
568312529,1,4,2952443479,189397285,4103817727,1205519299,1172069235,78945953,2366091002,1996856728,529150269,4294967172,1575719,2149,2304,4294967138,443,1861
568312529,1,5,1605858569,1999355166,4143558355,2269702802,657418051,514992217,4235385592,435172018,1071808765,4294967178,2973116,3930,4608,4294967138,966,3642
568312529,1,6,255172492,3224495842,3333177822,1070114339,3771721702,3839473832,4208129491,4050613397,33561603,4294967164,5766293,7443,9216,4294967108,2061,7155
568312529,1,7,385289907,3362979163,3374958329,2787618324,834535439,4218846723,273470559,2198381613,1089565287,4294967176,11350667,14409,18432,4294967098,4311,14121
568312529,1,8,3691449612,3604070418,3771027939,53403048,3405842621,3482147806,3437478389,3199336340,4156580092,4294967124,22521197,28395,36864,4294967082,8757,28107
568312529,1,9,2948697545,3635209926,4005833956,4042872008,2497245987,4220173560,1878928093,3370971307,3224237170,4294967044,44803682,54592,73728,4294966996,19424,54304
568312529,1,10,2952302031,3635412698,4275744764,4294499023,3369074687,4223320056,4026391263,2291138026,4294868989,4294966764,88880648,92198,147456,4294966756,55546,91910
568312529,1,11,2952302031,3635412698,4275744764,4294499023,3369074687,4223320056,4026391263,2291138026,4294967293,4294966756,176464076,150122,294912,4294966756,145078,149834
2267503399,0,0,2367131786,1229648335,3449741478,2195882244,1223517665,3747916115,2315681189,3525415635,4171000039,18,175682,288,0,18,0,0
2267503399,0,1,801337099,4172670187,1990621348,4084772594,4034074615,316662078,64234769,1900834069,1211755869,4294967194,352514,576,288,4294967176,0,288
2267503399,0,2,147270941,207661800,1649694885,1545859423,3492140125,390290908,3539805601,2116040487,928974562,4294967278,529346,864,576,4294967176,0,576
2267503399,0,3,1384601913,114310414,3580611012,3826591281,110316795,678870713,2292416834,4033078293,2837692928,4294967250,883010,1440,1152,4294967176,0,1152
2267503399,0,4,1592492555,615506861,2063311848,1509454183,3029549925,3296392037,1618877105,3642181424,2047070322,4294967220,1590338,2592,2304,4294967176,0,2304
2267503399,0,5,2946257707,1743773283,2116127164,49934140,1057055081,3478135380,571990631,619254794,3588719443,4294967246,3004994,4896,4608,4294967176,0,4608
2267503399,0,6,192661197,3654964033,2440972435,814186305,925829895,1581356622,3770873750,4186570886,3290639366,4294967220,5834306,9504,9216,4294967162,0,9216
2267503399,0,7,2899743290,2754594106,3273683677,4266858190,3887058312,910475118,680924280,1091311116,1148877330,4294967204,11492930,18720,18432,4294967162,0,18432
2267503399,0,8,3063936020,2358448446,182129667,3215776366,3118396245,2487667079,3509725808,2016393234,336191248,4294967174,22810178,37152,36864,4294967154,0,36864
2267503399,0,9,755510623,3947859657,218452366,16210864,187823164,2759387509,2684212426,3068100052,4127015333,4294967120,45444674,74016,73728,4294967066,0,73728
2267503399,0,10,1352888880,659554597,19222531,17245488,925958144,71647239,268576032,2003829269,2097154,4294966786,90713666,147744,147456,4294966768,0,147456
2267503399,0,11,1342665264,659554597,19222531,468272,925892608,71647239,268576032,2003829269,2,4294966756,181251650,295200,294912,4294966756,0,294912
2267503399,1,0,2367131786,1229648335,3449741478,2195882244,1223517665,3747916115,2315681189,3525415635,4171000039,18,175682,288,0,18,0,0
2267503399,1,1,801337099,4172670187,1990621348,4084772594,4034074615,316662078,64234769,1900834069,1211755869,4294967194,352514,576,288,4294967176,0,288
2267503399,1,2,804025675,3922257520,3458608348,595074999,3120154366,2292049243,789528209,2102221087,206023805,4294967224,527498,808,576,4294967176,56,520
2267503399,1,3,1164468839,4175232709,2256629731,4239448867,3355281406,4252319931,266682022,1252918811,3299083900,4294967194,876872,1254,1152,4294967172,186,966
2267503399,1,4,1932760590,1089639363,1843169658,3644380553,2007770674,4019281716,4067283490,1842416994,5980836,4294967220,1575851,2153,2304,4294967160,439,1865
2267503399,1,5,3473764352,1063252452,3332195226,3169267980,415949859,1202360544,3772456546,2550053670,4006574845,4294967190,2973578,3944,4608,4294967118,952,3656
2267503399,1,6,3061670527,3602732516,2102831220,4234560716,3871893328,4222074364,788268528,1162607929,1466999678,4294967140,5767052,7466,9216,4294967104,2038,7178
2267503399,1,7,3537529303,1456757052,4158263421,1333983929,4082057183,834168080,1209737040,2699575263,3810466411,4294967184,11350634,14408,18432,4294967100,4312,14120
2267503399,1,8,2470088171,2866965674,2066591276,1744666575,3622813824,2763890503,2356059399,4156297557,260083404,4294967154,22524596,28498,36864,4294967082,8654,28210
2267503399,1,9,2936058573,3383720997,4275748474,897113055,2962188254,4041670644,685912735,3897162254,4035394546,4294967056,44806421,54675,73728,4294966986,19341,54387
2267503399,1,10,2935525326,3635347162,2128260860,4294499023,3369074687,4223320056,4294826719,2292186602,4294836221,4294966796,88886423,92373,147456,4294966756,55371,92085
2267503399,1,11,2952302031,3635412698,4275744764,4294499023,3369074687,4223320056,4026391263,2291138026,4294967293,4294966756,176469125,150275,294912,4294966756,144925,149987
1394842537,0,0,3340975818,3239922177,3461284523,394888867,1433369334,434462819,3679873125,3784149503,680655081,28,175682,288,0,28,0,0
1394842537,0,1,466064350,1461287761,609505045,378076942,654336939,2420136382,2098303545,1825405846,3486636270,4294967238,352514,576,288,4294967232,0,288
1394842537,0,2,1368132855,3080133845,1336790536,951747246,2333008291,4067536061,1411545256,1909220651,1000356366,4294967228,529346,864,576,4294967210,0,576
1394842537,0,3,253755971,3055094997,4178878620,178546031,1026834895,399594346,3111663662,3635086328,228226244,4294967264,883010,1440,1152,4294967206,0,1152
1394842537,0,4,1748495400,75726437,3030956993,4238649721,4222512885,2309489010,142338400,4294175639,3504853991,4294967252,1590338,2592,2304,4294967180,0,2304
1394842537,0,5,2093082026,780706210,696438325,2104316681,1475275168,3936476136,3018041853,1054445582,33835410,4294967250,3004994,4896,4608,4294967180,0,4608
1394842537,0,6,1342377221,3763547837,986668882,370539990,2403482776,1709793464,3837770434,2966513450,111572785,4294967226,5834306,9504,9216,4294967174,0,9216
1394842537,0,7,1514858898,2998395041,2195389409,100704249,3666441983,952132730,4035093440,1318100251,3295375492,4294967204,11492930,18720,18432,4294967174,0,18432
1394842537,0,8,64416071,422353535,2861091990,3578108046,145850395,2019334779,3899473112,1379944168,4189452067,4294967224,22810178,37152,36864,4294967146,0,36864
1394842537,0,9,1073007159,1685025829,23288069,2122662096,1348912607,2704621572,322290984,2131725597,541067027,4294967160,45444674,74016,73728,4294967076,0,73728
1394842537,0,10,2936491471,414122010,20639491,4278655695,684654719,72007431,4009896671,2022638106,950018,4294966816,90713666,147744,147456,4294966792,0,147456
1394842537,0,11,2936500943,665780517,19246851,4278658511,936312832,71679751,4009895391,2005860885,65282,4294966780,181251650,295200,294912,4294966780,0,294912
1394842537,1,0,3340975818,3239922177,3461284523,394888867,1433369334,434462819,3679873125,3784149503,680655081,28,175682,288,0,28,0,0
1394842537,1,1,466064350,1461287761,609505045,378076942,654336939,2420136382,2098303545,1825405846,3486636270,4294967238,352514,576,288,4294967232,0,288
1394842537,1,2,585736959,3610536918,469720602,880107276,84994928,1918587643,2087549116,1852634818,3364371533,4294967220,527399,805,576,4294967210,59,517
1394842537,1,3,1634897473,3176069421,2891779123,1054295405,728289382,2050636011,3639532255,510791103,3725332685,4294967184,877103,1261,1152,4294967180,179,973
1394842537,1,4,3136724428,2767919042,2161420261,4153791686,953495951,3108671484,3513383663,1838468777,84375688,4294967180,1575884,2154,2304,4294967144,438,1866
1394842537,1,5,1088680759,1347946194,3881406642,148394441,3290729860,720568568,1423332196,3439203994,2377907414,4294967212,2972720,3918,4608,4294967102,978,3630
1394842537,1,6,3059511776,671755813,950911201,494787888,3706042619,3363221165,2723342578,919257653,3355310018,4294967226,5764445,7387,9216,4294967102,2117,7099
1394842537,1,7,2023537775,1322618027,3851765500,1054334247,3409826296,3829252069,2147242975,1758401738,325697427,4294967162,11352317,14459,18432,4294967100,4261,14171
1394842537,1,8,1869040991,1576460569,4242516725,1736105951,3359555579,447174360,736225086,2001795333,1074909434,4294967106,22523837,28475,36864,4294967078,8677,28187
1394842537,1,9,1594487311,3890118317,2144687740,519660846,1069602308,4232491423,4143589076,2367125790,1022338943,4294967052,44798270,54428,73728,4294966968,19588,54140
1394842537,1,10,2952302031,3635412698,4275744764,2147015375,3369074687,4223320056,4026391263,2291137866,4294967293,4294966780,88859330,91552,147456,4294966756,56192,91264
1394842537,1,11,2952302031,3635412698,4275744764,4294499023,3369074687,4223320056,4026391263,2291138026,4294967293,4294966756,176443979,149513,294912,4294966756,145687,149225
1036822733,0,0,3905080652,2278771199,3910198370,3159243635,4081964434,3706107799,2839970312,1678722645,1441888055,4294967286,175682,288,0,4294967286,0,0
1036822733,0,1,537688527,1906619322,3506679509,4153053262,401022943,1831503623,3709035749,3729261841,2248778588,4294967230,352514,576,288,4294967214,0,288
1036822733,0,2,1261492665,2218948202,4179257720,2290783808,3377172089,1832411975,2313258724,40718722,3125513480,4294967258,529346,864,576,4294967214,0,576
1036822733,0,3,4156390452,2319823146,3341153271,1916336324,1712420725,419751275,2431906311,1211332966,589243653,4294967230,883010,1440,1152,4294967214,0,1152
1036822733,0,4,1329812329,853747221,243091828,230994488,1179623421,1597046024,1607383135,1046091101,336524989,4294967240,1590338,2592,2304,4294967206,0,2304
1036822733,0,5,883603696,3651928275,2758369314,3134582011,4126405759,413742219,1865042359,862841813,3331202527,4294967238,3004994,4896,4608,4294967170,0,4608
1036822733,0,6,3432575341,1793798259,2738732544,1452765746,3586364668,253536094,2395136351,3114881910,1164340567,4294967284,5834306,9504,9216,4294967166,0,9216
1036822733,0,7,275248081,1597178148,1714833127,1547530889,3357289649,3963663545,2362713740,2562342422,66271823,4294967226,11492930,18720,18432,4294967158,0,18432
1036822733,0,8,2957505984,3636502538,969098106,670513719,1222528409,2611674352,2588812653,1811620085,3773190131,4294967200,22810178,37152,36864,4294967130,0,36864
1036822733,0,9,1822395407,2694607611,2034413373,1039997367,1183630407,1284682951,3888306883,1620043154,2245992405,4294967146,45444674,74016,73728,4294967072,0,73728
1036822733,0,10,1342665264,793772325,19222531,468272,925892608,71647239,268576032,2004025877,770,4294966772,90713666,147744,147456,4294966756,0,147456
1036822733,0,11,1342665264,659554597,19222531,468272,925892608,71647239,268576032,2003829269,2,4294966756,181251650,295200,294912,4294966756,0,294912
1036822733,1,0,3905080652,2278771199,3910198370,3159243635,4081964434,3706107799,2839970312,1678722645,1441888055,4294967286,175682,288,0,4294967286,0,0
1036822733,1,1,537688527,1906619322,3506679509,4153053262,401022943,1831503623,3709035749,3729261841,2248778588,4294967230,352514,576,288,4294967214,0,288
1036822733,1,2,612641927,195547096,4179696885,4156947148,2246817335,1566882847,2651547132,3347524757,2276081533,4294967218,527399,805,576,4294967214,59,517
1036822733,1,3,3713165387,1561996893,4268043518,3604568776,1220848507,671501850,895623718,982416344,3755007729,4294967212,876806,1252,1152,4294967154,188,964
1036822733,1,4,3908172780,1915928287,4112901084,4147778823,4039344113,3079573348,3643402467,263447016,2991563635,4294967186,1575224,2134,2304,4294967154,458,1846
1036822733,1,5,2822278862,2544449247,3795176436,2363021625,2462030817,26919398,1070026056,3484843380,3531787960,4294967188,2972258,3904,4608,4294967132,992,3616
1036822733,1,6,3276165825,512942975,2135566008,393796391,799801310,3395379192,3995446391,2035729034,2147465068,4294967178,5765204,7410,9216,4294967100,2094,7122
1036822733,1,7,3455569534,792805276,4247499661,1308354353,3445613779,3913491658,3698996968,2000517667,1848279035,4294967180,11352119,14453,18432,4294967100,4267,14165
1036822733,1,8,1807769215,2674839197,90099405,4141177934,684914797,1271043321,2893146876,2529436130,2415112521,4294967136,22520966,28388,36864,4294967060,8764,28100
1036822733,1,9,3690237119,3900702426,4247482356,251644734,3325558014,4191831035,367974951,4134993425,734203420,4294967046,44792990,54268,73728,4294966978,19748,53980
1036822733,1,10,2935524812,1487929050,4275744764,4294499023,3369074687,4223320056,4024818398,2291138026,4294967293,4294966790,88857911,91509,147456,4294966756,56235,91221
1036822733,1,11,2952302031,3635412698,4275744764,4294499023,3369074687,4223320056,4026391263,2291138026,4294967293,4294966756,176442164,149458,294912,4294966756,145742,149170
1444680303,0,0,4099259680,1608734127,663413413,2260776671,4055564619,2646676611,3143727863,3315153806,1054190070,16,175682,288,0,16,0,0
1444680303,0,1,2478541752,3363292901,2195690012,101032746,555900818,3104559238,3515165665,123297239,3863936565,4294967222,352514,576,288,4294967216,0,288
1444680303,0,2,2501180343,278659813,1222539040,1942404724,3710478469,1508593455,3335496394,4245053651,2987990689,4294967246,529346,864,576,4294967196,0,576
1444680303,0,3,463895407,2825566690,4102900861,2931270934,2224265852,3830651079,516520382,1575318540,3195279377,4294967276,883010,1440,1152,4294967196,0,1152
1444680303,0,4,4112575280,43550134,1841405422,723012319,2275382705,2622817499,4099766496,1825045486,2312722977,4294967258,1590338,2592,2304,4294967182,0,2304
1444680303,0,5,1106978360,3946398531,1327140892,4294136459,3293308262,19482727,576513103,3205174588,986234684,4294967238,3004994,4896,4608,4294967182,0,4608
1444680303,0,6,1392076661,852182297,2233563613,2364671181,556442267,3871628387,2009358417,2022698277,1702383729,4294967260,5834306,9504,9216,4294967168,0,9216
1444680303,0,7,734561809,3625128336,357351806,732357581,3778057967,3264941080,3774012652,1997005541,4292536059,4294967216,11492930,18720,18432,4294967152,0,18432
1444680303,0,8,2390537164,1487158613,4109300526,3753093183,3890564166,176796641,3752340708,2079553693,1618019954,4294967220,22810178,37152,36864,4294967144,0,36864
1444680303,0,9,1877228717,2843009746,2804120810,44377392,2906339896,214100029,3227921105,1756282650,3565127673,4294967152,45444674,74016,73728,4294967078,0,73728
1444680303,0,10,2819060168,648937766,20623107,4261739214,3368816639,733658376,4026391259,2292186602,4294967293,4294966858,90713666,147744,147456,4294966832,0,147456
1444680303,0,11,2952302031,3635412698,4275744764,4294499023,3369074687,4223320056,4026391263,2291138026,4294967293,4294966756,181251650,295200,294912,4294966756,0,294912
1444680303,1,0,4099259680,1608734127,663413413,2260776671,4055564619,2646676611,3143727863,3315153806,1054190070,16,175682,288,0,16,0,0
1444680303,1,1,2478541752,3363292901,2195690012,101032746,555900818,3104559238,3515165665,123297239,3863936565,4294967222,352514,576,288,4294967216,0,288
1444680303,1,2,3348864183,1139799699,367727428,1083852080,3274362688,2201696904,2581442808,461118859,974158940,4294967192,527927,821,576,4294967188,43,533
1444680303,1,3,1774400679,427424851,2262756619,638076351,3207715936,2646166024,1056808800,1078479653,2251602075,4294967206,877796,1282,1152,4294967176,158,994
1444680303,1,4,2130250339,3756751133,4085345082,33102644,2339682612,2088612109,3457342879,775810664,2115005167,4294967198,1577402,2200,2304,4294967150,392,1912
1444680303,1,5,1607895870,1896845486,3920842172,4293867215,3920636940,2042616699,2478661283,4173282809,3989245813,4294967150,2976152,4022,4608,4294967142,874,3734
1444680303,1,6,2445143293,3554145523,501716287,1166512887,1173783687,4131663095,2602311887,684173080,505210781,4294967200,5770715,7577,9216,4294967136,1927,7289
1444680303,1,7,3656954865,3520874227,3977369663,3081197041,1338857446,1393143233,2428857248,2040657245,2147467485,4294967174,11356805,14595,18432,4294967118,4125,14307
1444680303,1,8,3542801852,3757521425,2818424813,2680547807,2530146236,3634642663,1053812518,4232113111,4253978874,4294967166,22525652,28530,36864,4294967062,8622,28242
1444680303,1,9,2732629453,4171652810,534422812,4279818791,3369072511,3959078528,3909065436,1926234064,1023914813,4294967020,44798501,54435,73728,4294966924,19581,54147
1444680303,1,10,2951257550,3635412682,4275744764,4294499023,3369074687,4223320056,4026391263,2291138026,4294967293,4294966776,88907972,93026,147456,4294966756,54718,92738
1444680303,1,11,2952302031,3635412698,4275744764,4294499023,3369074687,4223320056,4026391263,2291138026,4294967293,4294966756,176489288,150886,294912,4294966756,144314,150598
3734391110,0,0,1521364660,3110437330,4092478859,3811281256,2802218584,1530477722,1063406492,2761186562,2143228778,10,175682,288,0,10,0,0
3734391110,0,1,3716420914,2583526786,3670233827,2654527187,3362140215,1842230604,3837772367,390870926,4265577715,4294967252,352514,576,288,4294967250,0,288
3734391110,0,2,30730104,2207155623,4205052641,1195006867,4174879183,3117259499,2398836895,1741691412,2081866106,4294967240,529346,864,576,4294967238,0,576
3734391110,0,3,944812699,1197475620,2479615029,796726738,2115791458,1822584325,3313916035,3972021307,3691496461,4294967256,883010,1440,1152,4294967216,0,1152
3734391110,0,4,2285073985,728966309,4279767681,3407277754,3379819988,3638930430,373449191,2493926933,763903867,4294967228,1590338,2592,2304,4294967196,0,2304
3734391110,0,5,3055853106,531906429,2108403897,1828709116,3505733839,3845198305,3173214815,2340659819,47177649,4294967186,3004994,4896,4608,4294967182,0,4608
3734391110,0,6,2952139595,481315151,989598297,496809782,2200064948,3146829620,2548189135,511503108,736982779,4294967238,5834306,9504,9216,4294967164,0,9216
3734391110,0,7,3688201433,2105482949,1952876542,2806205381,1032255534,549408699,2285881260,3119024466,3582053861,4294967238,11492930,18720,18432,4294967160,0,18432
3734391110,0,8,944653951,1342048305,1899306875,2138588558,4159506918,3976578130,1647989218,1716522721,433072159,4294967208,22810178,37152,36864,4294967144,0,36864
3734391110,0,9,1793560439,2645532069,2194400782,3876384390,2265483769,4235229854,284819553,1620211683,4067549382,4294967194,45444674,74016,73728,4294967070,0,73728
3734391110,0,10,2936507855,414056730,18524163,4228340424,1221525631,70958855,4009896671,1754202634,2071298,4294966828,90713666,147744,147456,4294966798,0,147456
3734391110,0,11,2936499663,950993210,20623107,4278663887,684654623,73056007,4009900767,1754202634,2096898,4294966780,181251650,295200,294912,4294966780,0,294912
3734391110,1,0,1521364660,3110437330,4092478859,3811281256,2802218584,1530477722,1063406492,2761186562,2143228778,10,175682,288,0,10,0,0
3734391110,1,1,3716420914,2583526786,3670233827,2654527187,3362140215,1842230604,3837772367,390870926,4265577715,4294967252,352514,576,288,4294967250,0,288
3734391110,1,2,2495764784,1229246862,3422835703,335608227,3394015935,716944903,4232173248,3481067054,1010310770,4294967198,527201,799,576,4294967196,65,511
3734391110,1,3,3343316024,3993945179,4051005426,2353178932,3504256127,3618781207,886629720,2406645251,3705767007,4294967212,875585,1215,1152,4294967158,225,927
3734391110,1,4,3500635944,257221004,623213819,117904949,3090495761,290038283,4204766402,4145741718,61990493,4294967142,1574564,2114,2304,4294967140,478,1826
3734391110,1,5,751325727,1327419173,922928925,3901875767,2907739585,2583344030,1929634814,3092452306,4074641930,4294967178,2969717,3827,4608,4294967120,1069,3539
3734391110,1,6,3187958984,976662456,14368001,3724106489,603290100,3715673671,3406428619,3880332777,86259972,4294967198,5762366,7324,9216,4294967078,2180,7036
3734391110,1,7,1191142194,2086753589,2848362815,62301394,3371999359,3818921920,1999968540,3881817837,2016671707,4294967196,11349314,14368,18432,4294967078,4352,14080
3734391110,1,8,1433990175,1230004523,2400661732,3810329456,926038081,4226237307,4020054719,1991216411,4280385533,4294967086,22519646,28348,36864,4294967062,8804,28060
3734391110,1,9,2835062208,1487503338,4252676733,3161139882,3330805549,129325836,273007919,4151641589,4154725381,4294967048,44798666,54440,73728,4294966994,19576,54152
3734391110,1,10,2952302031,3635412698,4275748860,4294499023,3369074687,4223320056,4026391263,2291138026,4294967293,4294966764,88853126,91364,147456,4294966756,56380,91076
3734391110,1,11,2952302031,3635412698,4275744764,4294499023,3369074687,4223320056,4026391263,2291138026,4294967293,4294966756,176437709,149323,294912,4294966756,145877,149035
2149519595,0,0,118941613,191520988,1302549420,3050005779,207710787,2531314611,682392886,2107732323,3050440146,32,175682,288,0,32,0,0
2149519595,0,1,1115525883,4017818337,442881344,628533168,1716365818,2236816539,1120060344,3387724444,259967369,4294967250,352514,576,288,4294967250,0,288
2149519595,0,2,2132839428,1860079630,3359430426,3974637004,3410800237,1124851596,793666362,268356763,2805164974,4294967226,529346,864,576,4294967200,0,576
2149519595,0,3,1311816698,3370213317,42376928,2100601039,2329673081,356969040,1854209571,173778227,2672127965,4294967262,883010,1440,1152,4294967200,0,1152
2149519595,0,4,2667922131,4221044355,2976419,2314681707,2600973048,1880854783,2878960463,1258110764,3071131414,4294967250,1590338,2592,2304,4294967184,0,2304
2149519595,0,5,2897941273,2694265732,925504267,862660931,2939776996,898142327,4145787473,1272906774,455320393,4294967210,3004994,4896,4608,4294967182,0,4608
2149519595,0,6,1354711473,2233384239,3568102943,3042884013,814734288,464928655,1071913222,4057982161,3823275197,4294967204,5834306,9504,9216,4294967168,0,9216
2149519595,0,7,692613264,1730951588,969838347,2081359592,1192609340,1499924936,540222737,4151328031,3111688473,4294967180,11492930,18720,18432,4294967160,0,18432
2149519595,0,8,216170220,1678523942,3907422328,3700147401,4030476403,3557313926,3805470916,4059304244,1627816003,4294967164,22810178,37152,36864,4294967140,0,36864
2149519595,0,9,2449249985,3147546154,2084216828,2547741587,3559071361,2095537947,1301958460,2537234005,3353758172,4294967150,45444674,74016,73728,4294967076,0,73728
2149519595,0,10,1342665264,659554597,19222531,468272,925892608,71647239,268576032,2003829269,16386,4294966762,90713666,147744,147456,4294966762,0,147456
2149519595,0,11,1342665264,659554597,19222531,468272,925892608,71647239,268576032,2003829269,2,4294966756,181251650,295200,294912,4294966756,0,294912
2149519595,1,0,118941613,191520988,1302549420,3050005779,207710787,2531314611,682392886,2107732323,3050440146,32,175682,288,0,32,0,0
2149519595,1,1,1115525883,4017818337,442881344,628533168,1716365818,2236816539,1120060344,3387724444,259967369,4294967250,352514,576,288,4294967250,0,288
2149519595,1,2,1505269417,653814469,1778733160,1098114544,725415336,2153729193,3527600952,2158678931,4293656285,4294967152,527861,819,576,4294967152,45,531
2149519595,1,3,3573146548,4120965046,3874283759,1784993051,159092656,3964145602,920337708,4105174004,2006318189,4294967178,876608,1246,1152,4294967132,194,958
2149519595,1,4,2887104020,1733106663,4283746595,1574472893,2176515302,4235494372,2044884209,2140398815,3238516173,4294967212,1574729,2119,2304,4294967132,473,1831
2149519595,1,5,1445340599,781650392,792549151,3962874709,4063925106,1530217846,821952294,2666592210,249399024,4294967208,2971466,3880,4608,4294967130,1016,3592
2149519595,1,6,3636550352,2479491337,2027791165,2827804107,2596922809,2046529122,1665125101,4103548628,268514110,4294967182,5765039,7405,9216,4294967114,2099,7117
2149519595,1,7,326819831,2149535437,377830718,146331102,391706064,3463518407,2967591711,2224153595,3811721187,4294967158,11351987,14449,18432,4294967100,4271,14161
2149519595,1,8,1073262543,4059389659,4142325564,1708261239,1421340698,4188977147,519933583,2325231030,4294569208,4294967134,22525784,28534,36864,4294967076,8618,28246
2149519595,1,9,4021596879,3626990332,987148092,3875063502,2956393959,2080083704,204853556,1183776237,4225818621,4294967040,44799755,54473,73728,4294966906,19543,54185
2149519595,1,10,2952302031,3635412698,4275744764,4294499023,3369074687,4223320056,4026391263,2291138026,4294967293,4294966756,88851773,91323,147456,4294966756,56421,91035
2149519595,1,11,2952302031,3635412698,4275744764,4294499023,3369074687,4223320056,4026391263,2291138026,4294967293,4294966756,176432132,149154,294912,4294966756,146046,148866
1506510607,0,0,1990231832,1733474568,2993584609,1942027172,3325220997,741153803,1348561524,3838954425,3402994243,8,175682,288,0,8,0,0
1506510607,0,1,1282674462,658467937,3672288376,172336200,3606703352,692602124,953077967,1606085184,1762345850,4294967260,352514,576,288,4294967242,0,288
1506510607,0,2,2498776584,2502649654,3484878348,3917993558,1474708198,2178684656,1414852250,1668955857,1042169964,4294967274,529346,864,576,4294967242,0,576
1506510607,0,3,3572708795,3030970820,3105859522,4287395147,1138284796,255626881,1578918926,2616210452,3135713438,4294967210,883010,1440,1152,4294967194,0,1152
1506510607,0,4,144332126,576295620,982812245,2018399268,11725046,2562330143,4262188600,2802137322,1535693280,4294967270,1590338,2592,2304,4294967194,0,2304
1506510607,0,5,3621085906,682157202,4824443,1643473625,2172742880,3924288304,3684530766,4106221332,1520665103,4294967274,3004994,4896,4608,4294967194,0,4608
1506510607,0,6,896071375,2268565124,1445396783,3209148864,943918854,4282655000,657663379,2203052533,595140445,4294967182,5834306,9504,9216,4294967160,0,9216
1506510607,0,7,2852616318,1199631076,308969866,4026582759,2748540317,1538458630,3909775074,3599350739,3167550683,4294967226,11492930,18720,18432,4294967160,0,18432
1506510607,0,8,888713810,3666798245,31034920,1149909812,2825926402,3889450282,1597110647,2198756969,15891980,4294967162,22810178,37152,36864,4294967104,0,36864
1506510607,0,9,3968114125,811435894,533901589,2872953539,1053834987,323347976,4263407278,3835403797,680507853,4294967164,45444674,74016,73728,4294967092,0,73728
1506510607,0,10,2952301511,3635412698,4275744764,3757628143,3371171823,4223320056,4026399455,2291138026,4294888957,4294966822,90713666,147744,147456,4294966756,0,147456
1506510607,0,11,2952302031,3635412698,4275744764,4294499023,3369074687,4223320056,4026391263,2291138026,4294967293,4294966756,181251650,295200,294912,4294966756,0,294912
1506510607,1,0,1990231832,1733474568,2993584609,1942027172,3325220997,741153803,1348561524,3838954425,3402994243,8,175682,288,0,8,0,0
1506510607,1,1,1282674462,658467937,3672288376,172336200,3606703352,692602124,953077967,1606085184,1762345850,4294967260,352514,576,288,4294967242,0,288
1506510607,1,2,1961266696,657423445,4171376882,2181030354,1469968376,692514574,2712380127,2875650670,3137594344,4294967192,527597,811,576,4294967178,53,523
1506510607,1,3,3839397326,1725184723,1743171835,33146660,3049610434,726307128,4023643135,3096769483,3452864241,4294967150,876674,1248,1152,4294967140,192,960
1506510607,1,4,41457033,3364905418,3134003128,3840958192,3426746171,4139664283,3761842835,2230262677,1940096371,4294967162,1573475,2081,2304,4294967122,511,1793
1506510607,1,5,1328579256,3141558869,4030269799,360409132,898970125,2002733053,3221052382,4219352366,2084618362,4294967192,2969849,3831,4608,4294967122,1065,3543
1506510607,1,6,2668855969,3535715571,2526376978,4285784026,1989635151,2573646690,3774688248,3416742424,4283981689,4294967224,5764082,7376,9216,4294967122,2128,7088
1506510607,1,7,4083842512,1045919482,3943192101,3606686863,4174349829,3950899842,3589086166,2155959274,4434237,4294967192,11350370,14400,18432,4294967114,4320,14112
1506510607,1,8,2948125579,3325886420,4175494348,5821204,825884062,4131612661,574372741,3943046891,2015260238,4294967134,22524893,28507,36864,4294967084,8645,28219
1506510607,1,9,1861841225,1248788436,2128267829,4082571982,4164415967,4233775091,4288232167,2140117336,402908930,4294967090,44808104,54726,73728,4294966978,19290,54438
1506510607,1,10,2952367567,3635412698,4275744764,4294466255,3369074687,4223582200,4026392287,2291138030,1056960509,4294966804,88882034,92240,147456,4294966756,55504,91952
1506510607,1,11,2952302031,3635412698,4275744764,4294499023,3369074687,4223320056,4026391263,2291138026,4294967293,4294966756,176467013,150211,294912,4294966756,144989,149923
1763000338,0,0,1892918361,100818315,1090559748,3881672662,4161542205,1867232211,3729182162,2043704013,446262512,4294967290,175682,288,0,4294967290,0,0
1763000338,0,1,2217092156,3241454194,2295836804,3152683058,411875183,4207577468,574669536,3063031500,2974676740,4294967242,352514,576,288,4294967232,0,288
1763000338,0,2,2891906288,4057054635,3472033794,2602321585,2751431793,952343835,1901029209,2002665975,2081693522,4294967214,529346,864,576,4294967214,0,576
1763000338,0,3,1012500336,926141268,1052717674,488616163,2167827500,2092639611,3459636057,2382335332,408387486,4294967228,883010,1440,1152,4294967202,0,1152
1763000338,0,4,800027721,1465464999,808630450,2382011616,2638066867,3221523707,3561665761,1884866925,1543246858,4294967236,1590338,2592,2304,4294967170,0,2304
1763000338,0,5,3759650770,535402026,2589283782,392832240,1478902416,3750842380,2580733702,1752794380,2421688625,4294967254,3004994,4896,4608,4294967170,0,4608
1763000338,0,6,2006819452,3769616068,2605378733,2384435414,3639082613,4116836330,2415635939,3637408522,1153268325,4294967222,5834306,9504,9216,4294967170,0,9216
1763000338,0,7,306555695,2973190427,2641829548,54213330,2291535453,3701516011,1608803781,1929125369,2402006932,4294967248,11492930,18720,18432,4294967164,0,18432
1763000338,0,8,3258217184,3951998737,1020873788,3832269817,2303751838,4135365872,771364684,1887325111,2199024135,4294967186,22810178,37152,36864,4294967154,0,36864
1763000338,0,9,3488625137,4141212243,501256961,4282371278,888114403,902283095,821131423,2020799021,4042089154,4294967158,45444674,74016,73728,4294967074,0,73728
1763000338,0,10,1342665264,659554597,4179972315,9381168,925892608,71647239,268578080,1466958357,2097154,4294966808,90713666,147744,147456,4294966762,0,147456
1763000338,0,11,1342665264,659554597,19222531,468272,925892608,71647239,268576032,2003829269,2,4294966756,181251650,295200,294912,4294966756,0,294912
1763000338,1,0,1892918361,100818315,1090559748,3881672662,4161542205,1867232211,3729182162,2043704013,446262512,4294967290,175682,288,0,4294967290,0,0
1763000338,1,1,2217092156,3241454194,2295836804,3152683058,411875183,4207577468,574669536,3063031500,2974676740,4294967242,352514,576,288,4294967232,0,288
1763000338,1,2,1481348012,3709128391,3230209221,2698552243,2663299525,1303031790,518250202,2534880237,393248313,4294967164,528026,824,576,4294967164,40,536
1763000338,1,3,3757626366,1943096885,2687682931,3788840088,785247069,2222837445,524737334,402620124,3881368948,4294967202,877136,1262,1152,4294967148,178,974
1763000338,1,4,1393512711,1889968800,4260800485,1042619855,1890435162,254445335,2974201535,803962246,3469764485,4294967232,1574564,2114,2304,4294967140,478,1826
1763000338,1,5,3816335698,884447090,2694952712,2073356296,3610034386,956137018,2410072767,3163684574,2855265050,4294967214,2971598,3884,4608,4294967138,1012,3596
1763000338,1,6,1122390312,1265332902,4213906296,230950014,1061023005,2243756026,2536648159,1878457803,3370257421,4294967194,5766095,7437,9216,4294967138,2067,7149
1763000338,1,7,2162355535,2443967801,1993496637,3686620491,2317532893,4244455001,871772356,2001859634,50471909,4294967194,11352317,14459,18432,4294967106,4261,14171
1763000338,1,8,2672300016,730798589,1009854749,4075120079,1334735848,4265414519,251254143,2598959318,4191156477,4294967128,22522220,28426,36864,4294967080,8726,28138
1763000338,1,9,1358433841,4216913489,1071339772,2250038072,1773274110,878550839,2683451375,1236693515,2956824370,4294967026,44800910,54508,73728,4294966930,19508,54220
1763000338,1,10,2949156303,3635408602,2128260988,4294499023,3369074687,4223385592,4026391263,2291138042,4294967293,4294966792,88838573,90923,147456,4294966756,56821,90635
1763000338,1,11,2952302031,3635412698,4275744764,4294499023,3369074687,4223320056,4026391263,2291138026,4294967293,4294966756,176421869,148843,294912,4294966756,146357,148555
2487067677,0,0,2433369412,4091674922,3533673272,349506290,1531368016,305135767,1769747505,2900457663,4123241878,4294967270,175682,288,0,4294967270,0,0
2487067677,0,1,1963963684,3071334503,2984588024,531979588,2144880064,3811487896,3572878653,2897724650,3831154299,4294967218,352514,576,288,4294967206,0,288
2487067677,0,2,3594081767,3084073924,1161308173,1926372656,2590228209,904072262,1405950642,3748308350,3894979231,4294967282,529346,864,576,4294967204,0,576
2487067677,0,3,883776233,2882734989,4077460210,3701422866,1857895467,1124671873,1668229840,4135484199,804690995,4294967264,883010,1440,1152,4294967204,0,1152
2487067677,0,4,3954144887,2476339673,1177779583,1238254318,15868659,3439113743,549459094,1766707772,288358186,4294967240,1590338,2592,2304,4294967178,0,2304
2487067677,0,5,486247741,1249787390,51599865,1125319514,1971282035,1095321199,1189528098,209255415,301543348,4294967228,3004994,4896,4608,4294967162,0,4608
2487067677,0,6,1104489929,2464399390,463126068,16113388,533644200,4093579772,474168175,752710170,764104454,4294967232,5834306,9504,9216,4294967162,0,9216
2487067677,0,7,1548743737,3735358499,3115769539,536687419,4259700028,2481555961,4264942301,3628875166,1593938354,4294967240,11492930,18720,18432,4294967162,0,18432
2487067677,0,8,1338926030,1066204949,4083629551,4086360663,1900725198,1274131272,201638704,2808126693,3273922701,4294967162,22810178,37152,36864,4294967140,0,36864
2487067677,0,9,1086283572,3664808968,3788600386,1132275312,817067784,75843439,295624039,75611235,209665794,4294967148,45444674,74016,73728,4294967076,0,73728
2487067677,0,10,2952302031,3635412698,249212924,4281916111,3369074687,4223320062,4026391263,2290122218,3488608509,4294966820,90713666,147744,147456,4294966768,0,147456
2487067677,0,11,2952302031,3635412698,4275744764,4294499023,3369074687,4223320056,4026391263,2291138026,4294967293,4294966756,181251650,295200,294912,4294966756,0,294912
2487067677,1,0,2433369412,4091674922,3533673272,349506290,1531368016,305135767,1769747505,2900457663,4123241878,4294967270,175682,288,0,4294967270,0,0
2487067677,1,1,1963963684,3071334503,2984588024,531979588,2144880064,3811487896,3572878653,2897724650,3831154299,4294967218,352514,576,288,4294967206,0,288
2487067677,1,2,1254588903,3086088917,2997346523,701531536,3824096224,3948797464,2696280058,2288677358,3961495291,4294967184,527432,806,576,4294967184,58,518
2487067677,1,3,3032851411,4293692506,4091120790,1985153295,3398974850,2912324592,2257379002,2296897771,880785131,4294967240,876509,1243,1152,4294967156,197,955
2487067677,1,4,3878898695,3682526418,3202010362,2970671311,557405125,3299572175,2680543469,2176806715,193413967,4294967182,1576280,2166,2304,4294967128,426,1878
2487067677,1,5,2788214227,1455910553,316000737,4158160779,148848078,900691511,1477975865,460413547,3914286402,4294967210,2972951,3925,4608,4294967128,971,3637
2487067677,1,6,1895509838,2675507025,3308998524,1325365931,2502472709,1956987914,1866685294,137174602,4145804542,4294967184,5766722,7456,9216,4294967126,2048,7168
2487067677,1,7,2935943887,454539231,1866323702,594226384,1276538622,455582585,3775780289,3183680734,4163697662,4294967158,11355914,14568,18432,4294967102,4152,14280
2487067677,1,8,3021068756,1487675198,1996160045,3720387295,1328867215,2645214042,3474316367,2728352230,122133794,4294967180,22524629,28499,36864,4294967054,8653,28211
2487067677,1,9,2582980535,2295919234,1051617532,4172849818,3371025343,4259887003,4026451423,3062873073,2177233123,4294967110,44803748,54594,73728,4294966992,19422,54306
2487067677,1,10,2952302031,3635412698,4275744764,4294482639,3368943615,4223320056,4026391263,2291138026,4293918717,4294966778,88858208,91518,147456,4294966756,56226,91230
2487067677,1,11,2952302031,3635412698,4275744764,4294499023,3369074687,4223320056,4026391263,2291138026,4294967293,4294966756,176438798,149356,294912,4294966756,145844,149068
3316272031,0,0,2952779536,1797000954,2125961288,1344497465,3794259963,2287976814,1149890911,1349004246,2436851359,0,175682,288,0,0,0,0
3316272031,0,1,126558925,4053970913,1011011865,3357135899,3422287199,605629192,717354522,1250541531,2331461565,4294967270,352514,576,288,4294967258,0,288
3316272031,0,2,1759111723,3254358969,3823344354,3866516980,2421690299,106835169,2760732622,2554736619,190907773,4294967244,529346,864,576,4294967236,0,576
3316272031,0,3,250028531,1974792431,3725032161,2670987086,1432331038,1142017431,3993697760,1116408152,3878009770,4294967244,883010,1440,1152,4294967188,0,1152
3316272031,0,4,2758502008,1784099121,1678250995,1615751720,662196028,397764794,2443017072,1885291879,4025812995,4294967244,1590338,2592,2304,4294967188,0,2304
3316272031,0,5,1956604718,4151877278,911847228,3509647577,1220797405,2089444828,300723268,1139928117,3022094653,4294967170,3004994,4896,4608,4294967166,0,4608
3316272031,0,6,3823149329,1480680262,2839810555,2844742417,466173494,4164835598,3974797802,334261039,712056088,4294967230,5834306,9504,9216,4294967164,0,9216
3316272031,0,7,1026896022,3696006396,3867061902,3870374830,885387907,2179955162,394734403,1064428076,1240278584,4294967248,11492930,18720,18432,4294967162,0,18432
3316272031,0,8,3372724127,521506027,4264656236,2680625463,2519601983,2759417808,6500451,1518757028,2843637437,4294967232,22810178,37152,36864,4294967160,0,36864
3316272031,0,9,1332194875,928446831,951409907,12035512,3507281064,1684699015,3506531039,2386444365,1634796129,4294967148,45444674,74016,73728,4294967094,0,73728
3316272031,0,10,1358459409,659619365,3643101435,15148336,926021632,4165288191,284894496,3883006741,3653239803,4294966866,90713666,147744,147456,4294966800,0,147456
3316272031,0,11,1342665264,659554597,19222531,468272,925892608,71647239,268576032,2003829269,2,4294966756,181251650,295200,294912,4294966756,0,294912
3316272031,1,0,2952779536,1797000954,2125961288,1344497465,3794259963,2287976814,1149890911,1349004246,2436851359,0,175682,288,0,0,0,0
3316272031,1,1,126558925,4053970913,1011011865,3357135899,3422287199,605629192,717354522,1250541531,2331461565,4294967270,352514,576,288,4294967258,0,288
3316272031,1,2,2680008719,3769614307,1539462717,3393189245,3911155710,911957769,1780759849,1330575134,509607805,4294967170,527168,798,576,4294967170,66,510
3316272031,1,3,1273328438,3855607703,3177918959,729291189,2872541052,3041468278,3665017596,680467279,3341807796,4294967192,876641,1247,1152,4294967168,193,959
3316272031,1,4,3690530259,3911055596,885071972,4051675945,3071014926,2756050775,333694023,3315128965,275904013,4294967196,1574762,2120,2304,4294967136,472,1832
3316272031,1,5,2931204463,80547422,2250656612,1048950457,4140642034,4140099584,519943686,1488109965,3999525700,4294967200,2973347,3937,4608,4294967136,959,3649
3316272031,1,6,1700353397,3923139142,4272305916,2705121360,3342219584,3958174464,3741129308,3431071658,4230518719,4294967184,5767217,7471,9216,4294967116,2033,7183
3316272031,1,7,2871494090,530641732,3439965439,2399390671,2830597215,4150713542,1659905560,2823421070,1480539928,4294967144,11352548,14466,18432,4294967092,4254,14178
3316272031,1,8,1402503731,3744440031,2720624610,1732858684,3302176746,1572486392,2065553135,848231793,4265730035,4294967142,22520207,28365,36864,4294967068,8787,28077
3316272031,1,9,1854648849,3480222945,247824364,4281916751,2946498552,3128577945,3544004815,1233124650,4269272574,4294967048,44806322,54672,73728,4294966986,19344,54384
3316272031,1,10,2952302031,3635412698,4275744764,4294499023,3369074687,4214931448,4026391263,2290941418,4294967293,4294966774,88876457,92071,147456,4294966756,55673,91783
3316272031,1,11,2952302031,3635412698,4275744764,4294499023,3369074687,4223320056,4026391263,2291138026,4294967293,4294966756,176461469,150043,294912,4294966756,145157,149755
2492465460,0,0,3422926274,1418809743,1272629918,402875407,1803668522,1843968424,434520193,3059746923,1816299214,2,175682,288,0,2,0,0
2492465460,0,1,2444548845,1947892788,240749421,3660596667,3701991959,2172951112,2755687317,1777795627,4081633246,4294967276,352514,576,288,4294967272,0,288
2492465460,0,2,3606793148,3810450638,2958387966,1630604608,665738186,476329872,589983711,4224934670,405857281,4294967238,529346,864,576,4294967218,0,576
2492465460,0,3,1455325303,556734715,2630446463,831246917,2446149364,1682290183,2471224891,1988581392,4163158505,4294967190,883010,1440,1152,4294967190,0,1152
2492465460,0,4,3044610771,397762321,3804539104,217509309,3691877114,949803487,1386126045,2962258563,2152593533,4294967182,1590338,2592,2304,4294967178,0,2304
2492465460,0,5,568894840,633682595,1426619520,2819057410,1293566068,855924479,635769364,1632133291,362035201,4294967250,3004994,4896,4608,4294967178,0,4608
2492465460,0,6,3214955720,1081320131,2322690241,3001264915,1984018413,2384446208,1659950738,2989128443,3204407661,4294967254,5834306,9504,9216,4294967146,0,9216
2492465460,0,7,2215749537,2665234359,2503919293,3938666205,2370653218,708136016,1948125672,729283559,2281373988,4294967262,11492930,18720,18432,4294967140,0,18432
2492465460,0,8,3253492249,817951805,3518755713,3504855569,804324599,4123906051,797156797,1349084149,4131813267,4294967196,22810178,37152,36864,4294967128,0,36864
2492465460,0,9,2640903077,2712667814,3737269404,4228438984,868917393,122010020,788686329,4148268787,1675641211,4294967136,45444674,74016,73728,4294967084,0,73728
2492465460,0,10,2936499659,548339746,19050251,4278657735,919011343,71610631,268576025,2003829269,2,4294966850,90713666,147744,147456,4294966814,0,147456
2492465460,0,11,1342665264,659554597,19222531,468272,925892608,71647239,268576032,2003829269,2,4294966756,181251650,295200,294912,4294966756,0,294912
2492465460,1,0,3422926274,1418809743,1272629918,402875407,1803668522,1843968424,434520193,3059746923,1816299214,2,175682,288,0,2,0,0
2492465460,1,1,2444548845,1947892788,240749421,3660596667,3701991959,2172951112,2755687317,1777795627,4081633246,4294967276,352514,576,288,4294967272,0,288
2492465460,1,2,1054225271,2665380325,530509604,2317177775,4104349215,463320824,746728381,1903103535,3761319912,4294967206,527597,811,576,4294967196,53,523
2492465460,1,3,1469821471,4284943532,4175392690,2656517819,3345599520,1478799065,2677940446,840163100,3994649342,4294967178,876509,1243,1152,4294967168,197,955
2492465460,1,4,1588048467,1364683087,3853915941,789659160,3581256613,466600196,1832455150,2055906537,946142010,4294967242,1575323,2137,2304,4294967160,455,1849
2492465460,1,5,1560055356,381670205,2302583507,4294794415,724237377,885751539,656862035,1492411646,3626995310,4294967150,2971532,3882,4608,4294967142,1014,3594
2492465460,1,6,3338765295,3755966165,2101714414,2362793134,4158423033,4287212915,4026393343,2293812563,3487745741,4294967120,5765039,7405,9216,4294967120,2099,7117
2492465460,1,7,540618256,1045495293,1581174654,4076747903,3343853569,804641874,337575328,926303757,2254825116,4294967182,11351756,14442,18432,4294967084,4278,14154
2492465460,1,8,1592560179,458483409,4280900605,1073167050,695201983,4292827389,2935086393,2297248393,1073721637,4294967084,22519184,28334,36864,4294967076,8818,28046
2492465460,1,9,2952344073,3970842405,769304511,4160330495,1003486492,4216036346,4000664573,2559516411,1337982799,4294967064,44809754,54776,73728,4294966986,19240,54488
2492465460,1,10,2952302031,3635412698,4275744764,4294499023,3369074687,4223320056,4026391263,2291138026,4294967293,4294966756,88878668,92138,147456,4294966756,55606,91850
2492465460,1,11,2952302031,3635412698,4275744764,4294499023,3369074687,4223320056,4026391263,2291138026,4294967293,4294966756,176461205,150035,294912,4294966756,145165,149747
1869091870,0,0,592167666,2946227638,196984438,981452467,1629923446,754947743,1719416958,831281099,4009757426,4294967268,175682,288,0,4294967268,0,0
1869091870,0,1,3499328215,3253418943,492519483,3514243425,921871423,2353535974,2147982239,3087850969,1375432346,4294967224,352514,576,288,4294967208,0,288
1869091870,0,2,1994035972,2568255955,236596798,3650805036,3871992272,2800694887,216988280,1017741455,813403969,4294967228,529346,864,576,4294967188,0,576
1869091870,0,3,1677164368,3356583328,144544584,3762723377,2166018815,1849227132,3923289455,1993744662,2132752741,4294967228,883010,1440,1152,4294967184,0,1152
1869091870,0,4,2399620217,858744498,2240960323,1651804154,704867117,2076867455,2568104514,2313583113,3573049926,4294967236,1590338,2592,2304,4294967184,0,2304
1869091870,0,5,2597092412,3408792940,2686821912,287358247,2290201340,1885507839,1306299057,1454398072,4280719024,4294967230,3004994,4896,4608,4294967164,0,4608
1869091870,0,6,3876090291,2280098749,767778570,403948846,3938254076,3640558166,921098975,394496069,3759071251,4294967200,5834306,9504,9216,4294967164,0,9216
1869091870,0,7,334997026,995509223,658276872,653699787,1497054221,3830136652,383190351,3904537433,3206662822,4294967246,11492930,18720,18432,4294967164,0,18432
1869091870,0,8,1671617956,24685475,2601478220,1317012788,1336406088,2621739769,2885299647,1955536904,1736302612,4294967224,22810178,37152,36864,4294967130,0,36864
1869091870,0,9,3762242998,634394179,1899734285,3823844039,2412702903,1186636003,286125321,2153750188,3054653106,4294967192,45444674,74016,73728,4294967084,0,73728
1869091870,0,10,2952299983,3635412690,4275744764,4294499023,3369074687,4223320056,4026391263,2291138018,4294967293,4294966774,90713666,147744,147456,4294966768,0,147456
1869091870,0,11,2952302031,3635412698,4275744764,4294499023,3369074687,4223320056,4026391263,2291138026,4294967293,4294966756,181251650,295200,294912,4294966756,0,294912
1869091870,1,0,592167666,2946227638,196984438,981452467,1629923446,754947743,1719416958,831281099,4009757426,4294967268,175682,288,0,4294967268,0,0
1869091870,1,1,3499328215,3253418943,492519483,3514243425,921871423,2353535974,2147982239,3087850969,1375432346,4294967224,352514,576,288,4294967208,0,288
1869091870,1,2,2879104500,3902492155,1025177981,2694789768,4146037887,1690639221,121977707,2668607417,618586082,4294967196,527597,811,576,4294967188,53,523
1869091870,1,3,3219476275,4240282366,4262903613,2657146559,3317133049,170299241,2687582883,4286644111,1069564905,4294967156,877004,1258,1152,4294967138,182,970
1869091870,1,4,3855182196,759090728,116143148,3402156054,2345984924,1895514882,868063659,2885073177,4226168721,4294967214,1575752,2150,2304,4294967128,442,1862
1869091870,1,5,1891591219,1029493175,3073228206,266288347,2872588184,2207058976,1997401715,2121472278,3233312532,4294967188,2972456,3910,4608,4294967128,986,3622
1869091870,1,6,1992855093,3443775643,3512653791,4270284222,4149094425,1808022583,931456252,4069025011,997169205,4294967168,5766194,7440,9216,4294967128,2064,7152
1869091870,1,7,3556379931,3622431199,1892936821,3362243256,1038155990,999250934,318687016,2625319421,4289527421,4294967180,11351888,14446,18432,4294967106,4274,14158
1869091870,1,8,2747819187,3490910930,1994739968,953869624,4144881088,4119159032,4086981684,350755158,2659091205,4294967108,22520768,28382,36864,4294967088,8770,28094
1869091870,1,9,2850344352,3567844634,1700179196,4100184792,683827679,2270347142,3486377183,3075472852,3153593107,4294967054,44790020,54178,73728,4294966946,19838,53890
1869091870,1,10,2946010591,3633291226,4275744764,4294499023,3369074687,4223320056,4026391263,2291137962,4294967293,4294966798,88875599,92045,147456,4294966756,55699,91757
1869091870,1,11,2952302031,3635412698,4275744764,4294499023,3369074687,4223320056,4026391263,2291138026,4294967293,4294966756,176458532,149954,294912,4294966756,145246,149666
3712826138,0,0,480385263,2809839011,2869328857,3222229932,3756305278,3161500586,2011162605,2094772231,264339790,4,175682,288,0,4,0,0
3712826138,0,1,3728547774,2271758292,1189152133,3236479218,1675290046,4191643123,1996870979,1755917334,2139292507,4294967232,352514,576,288,4294967218,0,288
3712826138,0,2,904349378,1593871380,1424440573,804707791,789938590,1937111671,1027282471,877625662,3873662884,4294967228,529346,864,576,4294967214,0,576
3712826138,0,3,1615291605,14949794,4231318695,3925813534,643255560,4183658492,2692440460,3018265584,2094069427,4294967220,883010,1440,1152,4294967214,0,1152
3712826138,0,4,2155439948,2607285983,1456282909,2348413773,2971588883,4092424215,937731768,1971173114,429179892,4294967272,1590338,2592,2304,4294967198,0,2304
3712826138,0,5,2430067216,2161703594,1725471978,1956610838,159122284,190526520,167656515,4044344784,406388468,4294967216,3004994,4896,4608,4294967180,0,4608
3712826138,0,6,1841746637,270302103,1058158332,1597911295,3545088124,2537520808,851041440,2402273662,270456973,4294967218,5834306,9504,9216,4294967180,0,9216
3712826138,0,7,686650304,610284643,1135809283,1326764716,202651750,3489585939,3089218102,1452252436,1883536555,4294967252,11492930,18720,18432,4294967140,0,18432
3712826138,0,8,788841949,2216956107,2904785211,3484390967,1738668047,4280709112,1199948767,2293726442,2482882361,4294967180,22810178,37152,36864,4294967132,0,36864
3712826138,0,9,2940136847,3853258016,2024025982,3111794505,906821523,135231615,537027900,1891697171,805419290,4294967086,45444674,74016,73728,4294967086,0,73728
3712826138,0,10,2952302031,3635412698,4275744764,4294499023,3369058303,2075836408,4026522335,2291138026,4294967037,4294966782,90713666,147744,147456,4294966768,0,147456
3712826138,0,11,2952302031,3635412698,4275744764,4294499023,3369074687,4223320056,4026391263,2291138026,4294967293,4294966756,181251650,295200,294912,4294966756,0,294912
3712826138,1,0,480385263,2809839011,2869328857,3222229932,3756305278,3161500586,2011162605,2094772231,264339790,4,175682,288,0,4,0,0
3712826138,1,1,3728547774,2271758292,1189152133,3236479218,1675290046,4191643123,1996870979,1755917334,2139292507,4294967232,352514,576,288,4294967218,0,288
3712826138,1,2,536440214,2788818941,1193558083,3905457104,2299396051,775862185,3005208391,3669957916,4261741181,4294967202,527333,803,576,4294967194,61,515
3712826138,1,3,3141054614,2536073559,4268047447,2797094655,1082810487,2058500413,375297298,2343976169,4269787132,4294967170,876773,1251,1152,4294967170,189,963
3712826138,1,4,2751155454,1707898601,472043580,2146712165,734522207,3867074164,1760991038,3039617415,3938241022,4294967206,1575884,2154,2304,4294967132,438,1866
3712826138,1,5,2896134656,1277288836,2396205001,3712017881,3741380489,1835727992,2423462553,863780538,3826519807,4294967184,2974370,3968,4608,4294967132,928,3680
3712826138,1,6,4020803119,1404018277,104594972,2265945359,3502639735,416616204,3975098584,890236884,2912382458,4294967176,5769692,7546,9216,4294967120,1958,7258
3712826138,1,7,2994034768,459175716,1829457023,1069980943,2332739604,4235962126,3949902808,2397765291,3506115057,4294967156,11356739,14593,18432,4294967094,4127,14305
3712826138,1,8,3036340470,3776176070,3366664672,2338936080,3429891431,934764410,3722516335,4138925157,2139906685,4294967178,22530206,28668,36864,4294967094,8484,28380
3712826138,1,9,2751054279,719273770,221813775,4214431179,885984315,332054280,4128602822,3935372762,808577059,4294967074,44816981,54995,73728,4294966992,19021,54707
3712826138,1,10,2952302031,3635412698,4275744764,4294499023,3369074687,4223320056,3489520351,2291138026,4294967293,4294966764,88879625,92167,147456,4294966756,55577,91879
3712826138,1,11,2952302031,3635412698,4275744764,4294499023,3369074687,4223320056,4026391263,2291138026,4294967293,4294966756,176462030,150060,294912,4294966756,145140,149772
157106023,0,0,2752988923,3209262691,2643255743,976781548,3664229620,3731558149,1789495084,2089538676,1599874944,10,175682,288,0,10,0,0
157106023,0,1,2690718788,3638546509,2930416764,1101977561,2686180871,2864173289,4015357462,1955544884,481762103,4294967250,352514,576,288,4294967250,0,288
157106023,0,2,3669423847,3913800995,2380616189,273280112,1688517961,3649850294,1365117231,1982839723,4221390770,4294967230,529346,864,576,4294967204,0,576
157106023,0,3,4025138827,3222456969,227902541,729926137,1774805687,3942254911,887318112,3914595231,783304045,4294967272,883010,1440,1152,4294967200,0,1152
157106023,0,4,2063290929,353076821,2066970781,2679968793,1257356019,1684312031,1262954274,4093699877,97586679,4294967222,1590338,2592,2304,4294967200,0,2304
157106023,0,5,2573926091,2757141154,4074419136,3639858784,3398371517,3904692112,2552412636,942105344,345839302,4294967224,3004994,4896,4608,4294967168,0,4608
157106023,0,6,1604605987,4146981191,2287506439,883444420,2573764398,362006694,1648482171,3093183950,1495117804,4294967244,5834306,9504,9216,4294967168,0,9216
157106023,0,7,1396298391,2252937460,4079370595,3013375283,3354644945,5179638,3394918850,1756775788,4267079356,4294967214,11492930,18720,18432,4294967164,0,18432
157106023,0,8,593936059,518155606,3038728046,3303449653,2134330735,4156769787,1475917631,2625048030,3639518474,4294967230,22810178,37152,36864,4294967120,0,36864
157106023,0,9,3214954574,3500877557,2429724530,3741640397,919585027,3808903110,301802780,1198653204,4185915645,4294967048,45444674,74016,73728,4294967048,0,73728
157106023,0,10,1342665264,659554597,19222787,17245489,925892608,71647239,268576032,2003829269,2147483650,4294966770,90713666,147744,147456,4294966764,0,147456
157106023,0,11,1342665264,659554597,19222531,468272,925892608,71647239,268576032,2003829269,2,4294966756,181251650,295200,294912,4294966756,0,294912
157106023,1,0,2752988923,3209262691,2643255743,976781548,3664229620,3731558149,1789495084,2089538676,1599874944,10,175682,288,0,10,0,0
157106023,1,1,2690718788,3638546509,2930416764,1101977561,2686180871,2864173289,4015357462,1955544884,481762103,4294967250,352514,576,288,4294967250,0,288
157106023,1,2,2937920903,1859893247,2734330284,4022004479,1412660210,289362569,800506712,4028486034,4236655030,4294967226,527630,812,576,4294967210,52,524
157106023,1,3,2511856097,1591027354,4126981356,3673610202,3202088393,489510940,3856915911,4076205266,117677415,4294967216,876575,1245,1152,4294967172,195,957
157106023,1,4,3610789171,3791613897,3991887339,1435298877,2229247720,2559213243,733998809,3916952979,3954855933,4294967184,1574762,2120,2304,4294967148,472,1832
157106023,1,5,989557824,3624695791,3774519165,3252939991,3904971103,3216023228,3065399502,1699092464,4026763122,4294967182,2973644,3946,4608,4294967122,950,3658
157106023,1,6,1135340995,477095195,4282213323,3069797646,911306240,1717106798,4260985567,2962741522,4229968619,4294967142,5765468,7418,9216,4294967122,2086,7130
157106023,1,7,3002774254,3892638405,4180313970,3640081040,2811084734,3091052786,278726044,2652388725,1010720791,4294967160,11352647,14469,18432,4294967112,4251,14181
157106023,1,8,3230402501,3316357876,1522919372,242998718,923008408,4169501563,53471208,1264582615,3678294001,4294967166,22523738,28472,36864,4294967084,8680,28184
157106023,1,9,2951180191,1492042042,4262112481,3891809485,1298136175,457082840,3946684159,2409168366,536767517,4294967038,44812196,54850,73728,4294967008,19166,54562
157106023,1,10,2952302031,3635412698,4275744764,4294507215,3369074687,4223320056,4026391263,2291138026,4294967293,4294966764,88892000,92542,147456,4294966756,55202,92254
157106023,1,11,2952302031,3635412698,4275744764,4294499023,3369074687,4223320056,4026391263,2291138026,4294967293,4294966756,176474669,150443,294912,4294966756,144757,150155
4088344987,0,0,1836878348,4133563065,3783540043,2547172378,858247224,1960117748,2771308604,2511111477,2123911089,4294967246,175682,288,0,4294967246,0,0
4088344987,0,1,2087461082,217152907,3038838446,1266588151,930736952,202053927,2919257087,2633761405,1038332542,4294967244,352514,576,288,4294967240,0,288
4088344987,0,2,590591270,3297903399,3135232912,2465500091,788822427,2208611711,797773130,2581333253,802350465,4294967226,529346,864,576,4294967182,0,576
4088344987,0,3,1952386615,3092593687,1257219148,36719624,2235363019,3860303497,3616134180,990535609,3759560823,4294967272,883010,1440,1152,4294967182,0,1152
4088344987,0,4,3017329578,527546681,1407000066,2730767368,1127910334,1690092703,447899940,1036792339,4291755939,4294967228,1590338,2592,2304,4294967182,0,2304
4088344987,0,5,2350045116,327910716,2528505164,863060229,1095286758,4114891058,1669785249,706203178,224192510,4294967226,3004994,4896,4608,4294967182,0,4608
4088344987,0,6,4081499437,1389862340,3023684783,2892160236,2329427983,2493450374,3874755910,680319842,107192705,4294967234,5834306,9504,9216,4294967164,0,9216
4088344987,0,7,2741191963,1871226608,3634815798,2094577298,1392118676,4267491568,1831673447,2259676600,3774652401,4294967252,11492930,18720,18432,4294967154,0,18432
4088344987,0,8,1535134843,1474120221,822411079,1584919903,4084134338,1943381758,4265196260,1778919186,1938090248,4294967184,22810178,37152,36864,4294967146,0,36864
4088344987,0,9,1973220375,4217032359,3334692424,275497904,4012949948,4219920890,4093322950,2013723922,3592306580,4294967128,45444674,74016,73728,4294967060,0,73728
4088344987,0,10,2952302025,3635412698,4275744764,4294499023,3369074687,1002094456,4018002655,2291072490,4294967037,4294966784,90713666,147744,147456,4294966762,0,147456
4088344987,0,11,2952302031,3635412698,4275744764,4294499023,3369074687,4223320056,4026391263,2291138026,4294967293,4294966756,181251650,295200,294912,4294966756,0,294912
4088344987,1,0,1836878348,4133563065,3783540043,2547172378,858247224,1960117748,2771308604,2511111477,2123911089,4294967246,175682,288,0,4294967246,0,0
4088344987,1,1,2087461082,217152907,3038838446,1266588151,930736952,202053927,2919257087,2633761405,1038332542,4294967244,352514,576,288,4294967240,0,288
4088344987,1,2,1947629694,3330817133,3920243644,4160633727,4045353274,175856447,3808583519,2919925725,429064507,4294967208,527168,798,576,4294967184,66,510
4088344987,1,3,2871738225,2913991316,1941840884,3814243987,3372816873,100237596,2860721251,1487994938,3275797380,4294967202,876740,1250,1152,4294967162,190,962
4088344987,1,4,3200689612,152253238,1017747439,2352930698,889981795,994340438,3815565273,1443112982,251887911,4294967224,1575653,2147,2304,4294967162,445,1859
4088344987,1,5,2263301436,3706684798,2178068451,1069536975,325040541,4171837371,485611978,2297762810,4092468594,4294967116,2974238,3964,4608,4294967080,932,3676
4088344987,1,6,2817524157,95749368,223170783,746313300,1999960512,4168849917,1374815008,1476276871,472583622,4294967210,5767052,7466,9216,4294967080,2038,7178
4088344987,1,7,1892061837,4019666761,3694777340,20331826,3920298503,3824865022,4150729373,1200718381,70639556,4294967180,11353439,14493,18432,4294967080,4227,14205
4088344987,1,8,2416238066,583468315,1492967179,2457812139,3035897243,4199969272,2214484360,1863028015,2618225566,4294967166,22529975,28661,36864,4294967080,8491,28373
4088344987,1,9,3304606768,3639148250,4037978332,4244253390,2563698495,4221231096,4008524254,1594877221,2416902117,4294967022,44811932,54842,73728,4294966962,19174,54554
4088344987,1,10,2952302031,3635412698,4275744764,4294499023,3369074687,4223320056,4026391263,2291138026,4294967293,4294966756,88869263,91853,147456,4294966756,55891,91565
4088344987,1,11,2952302031,3635412698,4275744764,4294499023,3369074687,4223320056,4026391263,2291138026,4294967293,4294966756,176452031,149757,294912,4294966756,145443,149469
108889207,0,0,1499163121,3727624462,1499393346,3635340616,1285485821,3636632859,2577880146,1297811948,376358073,4294967280,175682,288,0,4294967280,0,0
108889207,0,1,2004904691,2584578621,3767823040,3736835758,1179421727,3152830491,2433337384,2595391098,1847534889,4294967208,352514,576,288,4294967200,0,288
108889207,0,2,1657061058,426624920,1058293826,3217095251,3994681389,486883337,1558677155,2583511409,632736167,4294967276,529346,864,576,4294967200,0,576
108889207,0,3,1307046335,132053415,2244661987,4214735788,498731248,3760715874,2146682060,3447088042,3388566140,4294967208,883010,1440,1152,4294967166,0,1152
108889207,0,4,849232824,3639584786,1858705916,2673249528,1886027975,481934351,2750014428,2776053786,2630962907,4294967230,1590338,2592,2304,4294967166,0,2304
108889207,0,5,522058121,3256879725,236757996,371460558,808553860,3671727483,2958155876,136240974,3960291173,4294967258,3004994,4896,4608,4294967166,0,4608
108889207,0,6,1912808055,2645335765,2010758404,1815206256,2580476616,241940683,3954754919,1936348946,1650896757,4294967230,5834306,9504,9216,4294967166,0,9216
108889207,0,7,4108363813,1618577189,3134615996,3164793624,238581179,364336360,2408959030,3686774121,2989655865,4294967244,11492930,18720,18432,4294967166,0,18432
108889207,0,8,1795624168,3655547251,646586563,4022343139,255577716,4200801110,316829987,842007193,1784178686,4294967220,22810178,37152,36864,4294967156,0,36864
108889207,0,9,1398819881,727678507,1644023663,4285253063,1024454504,109464837,1862413677,1988431285,1865497660,4294967116,45444674,74016,73728,4294967076,0,73728
108889207,0,10,1351053872,793772325,19222531,468272,925892608,71647239,268576032,2003829269,33619970,4294966780,90713666,147744,147456,4294966762,0,147456
108889207,0,11,1342665264,659554597,19222531,468272,925892608,71647239,268576032,2003829269,2,4294966756,181251650,295200,294912,4294966756,0,294912
108889207,1,0,1499163121,3727624462,1499393346,3635340616,1285485821,3636632859,2577880146,1297811948,376358073,4294967280,175682,288,0,4294967280,0,0
108889207,1,1,2004904691,2584578621,3767823040,3736835758,1179421727,3152830491,2433337384,2595391098,1847534889,4294967208,352514,576,288,4294967200,0,288
108889207,1,2,4010732338,3337388540,3282883826,3093626444,2195487775,1517740056,3540998944,2565049824,82745347,4294967172,527894,820,576,4294967172,44,532
108889207,1,3,1839904771,3412049741,852040691,201579327,2949414911,199933708,3381009075,3266076576,3929857221,4294967166,877103,1261,1152,4294967154,179,973
108889207,1,4,939085344,3632921751,4224373690,2021368489,2355715258,3883837458,1056691275,1925243496,2324811749,4294967216,1574795,2121,2304,4294967142,471,1833
108889207,1,5,2341532362,1523293725,247901732,1048905422,2906585801,4173155935,3481662590,1177548015,2147498737,4294967164,2971928,3894,4608,4294967136,1002,3606
108889207,1,6,4106661890,1803388282,390872407,3328230831,3504960487,4223245296,2050792789,1999748341,2384163324,4294967180,5766161,7439,9216,4294967096,2065,7151
108889207,1,7,1037878857,3040735921,1726402344,3436523214,3499092964,3162140413,1186216406,4177423922,3799635916,4294967230,11353769,14503,18432,4294967096,4217,14215
108889207,1,8,4011557964,1542435355,4070071468,2415188287,2348179965,3840771236,2543882400,2906514818,668834909,4294967168,22520768,28382,36864,4294967066,8770,28094
108889207,1,9,254584175,611191266,608103471,3123149518,2831154655,730898252,4010648799,2437893554,2204573581,4294967100,44801933,54539,73728,4294966982,19477,54251
108889207,1,10,2952301775,3635412698,4275744764,4294499023,3369074687,4223320056,4026391255,2293235178,3489660925,4294966786,88847351,91189,147456,4294966756,56555,90901
108889207,1,11,2952302031,3635412698,4275744764,4294499023,3369074687,4223320056,4026391263,2291138026,4294967293,4294966756,176431307,149129,294912,4294966756,146071,148841
844066899,0,0,2899762797,499065843,740667237,3806476802,12934018,1285202844,477490279,1149061892,862111601,4294967268,175682,288,0,4294967268,0,0
844066899,0,1,3214327191,3067075292,1042653107,1020896504,3893267355,311277782,2753915054,2127663636,857303230,4294967210,352514,576,288,4294967200,0,288
844066899,0,2,929246921,3082751151,1592172829,3888730006,1178960904,2192855025,1362339431,4263539998,2324502270,4294967228,529346,864,576,4294967200,0,576
844066899,0,3,1689073573,1877507330,1370275863,706546314,3674046182,82443113,2478554838,1973104773,2004976496,4294967260,883010,1440,1152,4294967200,0,1152
844066899,0,4,1343363726,3732278701,3364580633,1862847543,4092481044,3080388423,347851868,1723557134,1891747930,4294967254,1590338,2592,2304,4294967200,0,2304
844066899,0,5,1829244527,3535356883,524401212,2894108624,4135363573,3435568084,2726013273,1334401552,2126388474,4294967214,3004994,4896,4608,4294967166,0,4608
844066899,0,6,910128211,4273372914,77408112,1392395991,2947282065,52427674,4136680941,3219692186,3889734007,4294967250,5834306,9504,9216,4294967146,0,9216
844066899,0,7,2604876209,1709220182,2916565117,3350611333,1154466912,570299861,508198407,3711433338,665021637,4294967254,11492930,18720,18432,4294967146,0,18432
844066899,0,8,1883013167,2735747564,2663067907,4164824780,3039900672,936008512,3609279027,1733166362,4267723861,4294967162,22810178,37152,36864,4294967140,0,36864
844066899,0,9,4280739534,2410658961,1917430101,1792514135,4107243613,172699916,2650826451,4191621611,1636271264,4294967230,45444674,74016,73728,4294967074,0,73728
844066899,0,10,2935524814,3635412698,4275744764,2046352079,3368615935,4223318264,3774700240,2290154986,4294963453,4294966802,90713666,147744,147456,4294966778,0,147456
844066899,0,11,2952302031,3635412698,4275744764,4294499023,3369074687,4223320056,4026391263,2291138026,4294967293,4294966756,181251650,295200,294912,4294966756,0,294912
844066899,1,0,2899762797,499065843,740667237,3806476802,12934018,1285202844,477490279,1149061892,862111601,4294967268,175682,288,0,4294967268,0,0
844066899,1,1,3214327191,3067075292,1042653107,1020896504,3893267355,311277782,2753915054,2127663636,857303230,4294967210,352514,576,288,4294967200,0,288
844066899,1,2,695192521,1183303660,3599571423,2043430742,3298592702,3800907392,2688920150,1425026836,148913274,4294967228,527828,818,576,4294967200,46,530
844066899,1,3,1303940044,349634328,2917035789,3213948607,3307007699,2860392681,3760983510,947403881,217779228,4294967158,877499,1273,1152,4294967158,167,985
844066899,1,4,3738856398,2981363273,786281212,3838630387,4022006520,4215200881,3435191005,4241760862,4235276691,4294967192,1575752,2150,2304,4294967152,442,1862
844066899,1,5,2634153247,1662857515,1128638613,7849800,4181229418,3395011441,2383557162,4175713034,1108918394,4294967176,2974667,3977,4608,4294967144,919,3689
844066899,1,6,1541501439,1297038118,3974818269,2124573258,3925851623,4154953648,1027513706,3321462573,2126495977,4294967196,5767415,7477,9216,4294967114,2027,7189
844066899,1,7,1557447280,1064884536,557699866,1068969237,1245546331,2378728988,1858591468,2930712013,273169980,4294967184,11351690,14440,18432,4294967084,4280,14152
844066899,1,8,1373656059,3713786420,1980979444,4185448086,2498297315,528876796,2403001582,1658056596,1064288188,4294967156,22517897,28295,36864,4294967084,8857,28007
844066899,1,9,1349202928,3608275541,4276032504,999938935,3342295029,4221912536,2678932783,1999764496,3272328149,4294967070,44800613,54499,73728,4294966990,19517,54211
844066899,1,10,2952302031,3635412698,4275744764,4294499023,3369074687,4223320056,4026391263,2290875882,4294966269,4294966766,88867349,91795,147456,4294966756,55949,91507
844066899,1,11,2952302031,3635412698,4275744764,4294499023,3369074687,4223320056,4026391263,2291138026,4294967293,4294966756,176449919,149693,294912,4294966756,145507,149405
1878555097,0,0,1266241806,3848531909,2138278500,845334401,4154597328,3081316295,1119984111,3343300696,2282821116,4294967248,175682,288,0,4294967248,0,0
1878555097,0,1,2593796414,2869740450,265261538,151898041,2272632420,1352380161,3925063908,3465351862,1010851232,4294967246,352514,576,288,4294967238,0,288
1878555097,0,2,2374607643,4185860573,388715404,93299811,3632088993,968501778,3488000712,609149966,350428000,4294967234,529346,864,576,4294967226,0,576
1878555097,0,3,1559555738,3730650609,2382252044,4105814125,3511631371,3362332646,1905273348,4137635902,1879055090,4294967230,883010,1440,1152,4294967204,0,1152
1878555097,0,4,3716174376,659358278,4065922346,949860780,1308949454,2021482484,3898561825,2411906805,610797446,4294967176,1590338,2592,2304,4294967176,0,2304
1878555097,0,5,2374480191,3612550141,959049969,3419956152,3925510077,2212409158,4186033351,872420940,1426562670,4294967228,3004994,4896,4608,4294967172,0,4608
1878555097,0,6,1598560302,3207327517,1861553479,3246785233,1205716912,2538507973,2151757360,209158439,2233322333,4294967224,5834306,9504,9216,4294967170,0,9216
1878555097,0,7,486795067,3620621586,1309548025,1132382065,4160682755,4072325984,3436789412,2050530218,3527345169,4294967238,11492930,18720,18432,4294967166,0,18432
1878555097,0,8,4054318512,3080948630,190161864,1713587315,3594600689,69355591,2037230813,2139961500,2603494413,4294967192,22810178,37152,36864,4294967154,0,36864
1878555097,0,9,3168439281,1522210002,1230672147,3472704232,1144478303,2255704616,1595234083,1124795515,2456686865,4294967190,45444674,74016,73728,4294967062,0,73728
1878555097,0,10,1350074928,3612409557,4275392764,16307504,4147183552,4219814136,285074720,2268134869,2146435325,4294966804,90713666,147744,147456,4294966790,0,147456
1878555097,0,11,1358656048,659619109,4247081215,16459056,925957120,4165288187,285091104,2003893781,4227858686,4294966780,181251650,295200,294912,4294966780,0,294912
1878555097,1,0,1266241806,3848531909,2138278500,845334401,4154597328,3081316295,1119984111,3343300696,2282821116,4294967248,175682,288,0,4294967248,0,0
1878555097,1,1,2593796414,2869740450,265261538,151898041,2272632420,1352380161,3925063908,3465351862,1010851232,4294967246,352514,576,288,4294967238,0,288
1878555097,1,2,331825767,1759168993,130535884,1360734113,4084302290,560903910,3967008880,3519808244,3706994439,4294967208,527828,818,576,4294967202,46,530
1878555097,1,3,238588519,2958483973,242913476,134534796,3451707886,2615539878,166765275,545209131,2445154186,4294967192,876872,1254,1152,4294967152,186,966
1878555097,1,4,1314468399,324416281,619267981,2252296725,2839413341,1791184881,3750683054,1581041455,2291788674,4294967214,1575686,2148,2304,4294967152,444,1860
1878555097,1,5,2636735119,424753807,1599853537,243726646,2470326736,393520798,2517193925,1123941745,3366423942,4294967202,2973314,3936,4608,4294967130,960,3648
1878555097,1,6,2929242843,4155299555,3031656672,1073063860,650571806,4290117629,872268936,830996003,1844889231,4294967174,5767646,7484,9216,4294967110,2020,7196
1878555097,1,7,2847330952,2998911709,3173445005,2730041615,1102708626,196772664,1472942738,2825523634,3344906997,4294967194,11355914,14568,18432,4294967090,4152,14280
1878555097,1,8,1103662473,3484809938,3051264243,3987995728,1322238073,3443962103,334727134,1266642897,216328046,4294967164,22529711,28653,36864,4294967090,8499,28365
1878555097,1,9,871890979,3651882843,3738872060,4194098885,3366514687,4021989616,3640515292,2442149347,2008809533,4294967022,44810183,54789,73728,4294966970,19227,54501
1878555097,1,10,2952302031,3635412698,4275744764,4294499023,3369074687,4223319928,4026391263,2291138026,4294705149,4294966768,88928729,93655,147456,4294966756,54089,93367
1878555097,1,11,2952302031,3635412698,4275744764,4294499023,3369074687,4223320056,4026391263,2291138026,4294967293,4294966756,176512091,151577,294912,4294966756,143623,151289
2047543150,0,0,1060381460,2305106436,1114416409,2605896203,1000828132,2468558601,11309633,1104106263,606066422,2,175682,288,0,2,0,0
2047543150,0,1,3028581813,1739756277,751086333,2642108573,2604116208,166412064,2553743416,686946604,1247498297,4294967230,352514,576,288,4294967212,0,288
2047543150,0,2,845329066,559774946,2032923689,2523692982,4042653027,165068896,596556536,4205275531,2180017432,4294967246,529346,864,576,4294967212,0,576
2047543150,0,3,1789385291,602268061,3131253264,2387048441,2259052696,3767267975,2743364960,4225381888,66076285,4294967276,883010,1440,1152,4294967212,0,1152
2047543150,0,4,664988015,1848117642,152113446,124406305,2826093213,1237280716,1106608690,1265356003,3719354956,4294967274,1590338,2592,2304,4294967200,0,2304
2047543150,0,5,3087496841,2754667046,925571891,2214085825,36052337,3027390851,3561611718,2781137809,1338957901,4294967210,3004994,4896,4608,4294967192,0,4608
2047543150,0,6,1467937543,3870940842,126787453,2581940722,2630085166,2108974074,1763344835,1929976251,3930183724,4294967212,5834306,9504,9216,4294967178,0,9216
2047543150,0,7,1862955100,2302488354,321014076,4049023022,249009260,3959264473,1735188004,3405788689,570328932,4294967226,11492930,18720,18432,4294967154,0,18432
2047543150,0,8,1768190273,1177536519,3175455979,3572442354,936320289,2311822981,851240024,1840460161,456106113,4294967208,22810178,37152,36864,4294967150,0,36864
2047543150,0,9,2693362112,644517158,120039843,1023854517,2529780194,3346315466,2429684960,2967657972,802115713,4294967114,45444674,74016,73728,4294967078,0,73728
2047543150,0,10,2936442115,3635347674,14331714,3204963023,3365863679,465210648,4026391279,3365076970,3220697341,4294966902,90713666,147744,147456,4294966812,0,147456
2047543150,0,11,2952302031,3635412698,4275744764,4294499023,3369074687,4223320056,4026391263,2291138026,4294967293,4294966756,181251650,295200,294912,4294966756,0,294912
2047543150,1,0,1060381460,2305106436,1114416409,2605896203,1000828132,2468558601,11309633,1104106263,606066422,2,175682,288,0,2,0,0
2047543150,1,1,3028581813,1739756277,751086333,2642108573,2604116208,166412064,2553743416,686946604,1247498297,4294967230,352514,576,288,4294967212,0,288
2047543150,1,2,1662841146,3174036005,3990660077,3992959679,3678382204,197063896,966645733,418901575,1051275583,4294967222,527432,806,576,4294967198,58,518
2047543150,1,3,1789330199,3446666589,958052845,1868447735,1110937846,4196447928,536635309,3182258424,432991761,4294967232,876773,1251,1152,4294967158,189,963
2047543150,1,4,2407027447,3878156980,2177199865,466820458,2183118668,1102601979,1266593631,796851245,1070530622,4294967174,1575818,2152,2304,4294967132,440,1864
2047543150,1,5,3362747153,2015315410,4180043762,2115439913,190515193,80716868,3978304173,2397896797,3790609895,4294967210,2973809,3951,4608,4294967096,945,3663
2047543150,1,6,2139856719,967779179,3934759972,3975905759,1759444931,1190488633,2673157406,2667523177,2176952127,4294967192,5768207,7501,9216,4294967096,2003,7213
2047543150,1,7,462140068,1754762184,3213532962,2252008750,3067440328,172351817,4151246483,4102966614,1468252101,4294967190,11355617,14559,18432,4294967096,4161,14271
2047543150,1,8,2227602238,4018115324,81620864,260480303,3184861160,4186160622,1858298710,1978398677,3893582078,4294967148,22526543,28557,36864,4294967072,8595,28269
2047543150,1,9,1643672160,945020699,4013667309,4294521951,3478124472,3418185674,1877284127,4178503443,3213767419,4294967058,44818037,55027,73728,4294966994,18989,54739
2047543150,1,10,2943913423,3635412698,4275744764,4294499023,3369074687,4223320056,4026391263,2291138026,4291821565,4294966768,88870088,91878,147456,4294966756,55866,91590
2047543150,1,11,2952302031,3635412698,4275744764,4294499023,3369074687,4223320056,4026391263,2291138026,4294967293,4294966756,176452163,149761,294912,4294966756,145439,149473
2255428142,0,0,436352228,284643747,3694990353,1245014186,519720011,3942589992,4269926477,212124519,2873922929,46,175682,288,0,46,0,0
2255428142,0,1,3499291149,528916026,1284794396,1213924057,2532409124,129098121,3981087380,563602075,1828150327,4294967246,352514,576,288,4294967230,0,288
2255428142,0,2,3539657938,3499150873,3686151379,3870836,3511139429,3468334700,2078743775,1370497121,4084243515,4294967238,529346,864,576,4294967230,0,576
2255428142,0,3,3085965385,791017450,120259617,572264364,969702186,1152501355,848866422,3965547921,3977677853,4294967276,883010,1440,1152,4294967218,0,1152
2255428142,0,4,4246181804,3627574469,4285720717,1318643210,4062729832,217735941,4202909403,2327574267,1997514149,4294967254,1590338,2592,2304,4294967188,0,2304
2255428142,0,5,2909347012,1078425030,3089962492,2067235167,1057131667,2913820423,4157791529,2538414816,260234813,4294967218,3004994,4896,4608,4294967188,0,4608
2255428142,0,6,2151846449,1904791833,962281675,3948227208,2533326726,3713900128,2541649188,2174209647,3636644318,4294967192,5834306,9504,9216,4294967158,0,9216
2255428142,0,7,806973216,651305996,4280700284,1758279215,35180909,1216694663,2667466300,1100935786,42722358,4294967202,11492930,18720,18432,4294967154,0,18432
2255428142,0,8,202997309,1008091229,514710605,994813240,4227390360,3616442612,2146522365,311871862,2520303779,4294967216,22810178,37152,36864,4294967152,0,36864
2255428142,0,9,754488364,2685666851,19067917,3742377166,3975104387,1536917008,238953503,679452253,2214338558,4294967102,45444674,74016,73728,4294967070,0,73728
2255428142,0,10,2432208112,3637575387,4275720444,2163792432,3358654463,4223353080,285072160,2289106410,4294902013,4294966802,90713666,147744,147456,4294966802,0,147456
2255428142,0,11,1358459440,659619365,4263858428,16262448,925957888,4215619832,285025568,2003893525,4278190333,4294966780,181251650,295200,294912,4294966780,0,294912
2255428142,1,0,436352228,284643747,3694990353,1245014186,519720011,3942589992,4269926477,212124519,2873922929,46,175682,288,0,46,0,0
2255428142,1,1,3499291149,528916026,1284794396,1213924057,2532409124,129098121,3981087380,563602075,1828150327,4294967246,352514,576,288,4294967230,0,288
2255428142,1,2,2953077970,2058381881,1642457356,1866943871,114368315,3852510922,3962024538,1615821780,1685252731,4294967212,527663,813,576,4294967200,51,525
2255428142,1,3,481232575,2612462058,2166335758,4281931241,3486903090,4289671924,2932575291,1694457797,3692661774,4294967212,877598,1276,1152,4294967184,164,988
2255428142,1,4,1856120107,1298581237,3794531264,216485936,816694066,1923804880,3706571711,2352827347,740213239,4294967224,1575851,2153,2304,4294967118,439,1865
2255428142,1,5,1373703344,1182093925,1926945621,1704917751,870682942,1757132895,4016719340,3018188285,1607438845,4294967198,2973743,3949,4608,4294967118,947,3661
2255428142,1,6,2902000565,468250261,3737706234,485529772,962657779,4198666857,3828368094,1468711514,1011327242,4294967162,5768933,7523,9216,4294967092,1981,7235
2255428142,1,7,2296556488,1261338333,3978653689,132237001,1161813631,3927404537,1895687947,906976759,1895903518,4294967126,11356211,14577,18432,4294967092,4143,14289
2255428142,1,8,1947735008,3075916389,90512898,3808950814,1154597503,3836149479,1877202647,4014978607,201334590,4294967096,22525949,28539,36864,4294967074,8613,28251
2255428142,1,9,1132237729,4000284388,2145718140,2658723151,3450798072,1002098684,389929511,544464290,3964076286,4294967008,44808698,54744,73728,4294966982,19272,54456
2255428142,1,10,2952302023,3635412698,4275744764,4294499023,3369074687,4223320056,4026391263,2291138026,4292868093,4294966774,88882991,92269,147456,4294966756,55475,91981
2255428142,1,11,2952302031,3635412698,4275744764,4294499023,3369074687,4223320056,4026391263,2291138026,4294967293,4294966756,176466254,150188,294912,4294966756,145012,149900
