$version EPIX Chimera128 observation $end
$timescale 1ns $end
$scope module example $end
$var wire 1 ! clk $end
$var wire 1 " rst $end
$var wire 1 # measure $end
$var wire 1 $ search $end
$var wire 1 % sram_clk $end
$var wire 1 & sram_ce $end
$var wire 1 ' sram_we $end
$var wire 1 ( rng_clock $end
$var wire 32 ) rng_state $end
$var wire 1 * lane_visit $end
$var wire 1 + lane_refresh $end
$var wire 7 , lane_slot $end
$var wire 1 - pbit0_consume $end
$var wire 32 . local_words $end
$var wire 32 / node_visits $end
$upscope $end
$enddefinitions $end
#0
0!
1"
1#
0$
0%
0&
0'
0(
b0 )
0*
0+
b0 ,
0-
b0 .
b0 /
#100
1!
1(
#200
0!
0(
#300
1!
1(
#400
0!
0"
0(
#500
1!
#600
0!
1&
1'
#700
1!
1%
#800
0!
0%
#900
1!
1%
#1000
0!
0%
#1100
1!
1%
#1200
0!
0%
#1300
1!
1%
#1400
0!
0%
#1500
1!
1%
#1600
0!
0%
#1700
1!
1%
#1800
0!
0%
#1900
1!
1%
#2000
0!
0%
#2100
1!
1%
#2200
0!
0%
#2300
1!
1%
#2400
0!
0%
#2500
1!
1%
#2600
0!
0%
#2700
1!
1%
#2800
0!
0%
#2900
1!
1%
#3000
0!
0%
#3100
1!
1%
#3200
0!
0%
#3300
1!
1%
#3400
0!
0%
#3500
1!
1%
#3600
0!
0%
#3700
1!
1%
#3800
0!
0%
#3900
1!
1%
#4000
0!
0%
#4100
1!
1%
#4200
0!
0%
#4300
1!
1%
#4400
0!
0%
#4500
1!
1%
#4600
0!
0%
#4700
1!
1%
#4800
0!
0%
#4900
1!
1%
#5000
0!
0%
#5100
1!
1%
#5200
0!
0%
#5300
1!
1%
#5400
0!
0%
#5500
1!
1%
#5600
0!
0%
#5700
1!
1%
#5800
0!
0%
#5900
1!
1%
#6000
0!
0%
#6100
1!
1%
#6200
0!
0%
#6300
1!
1%
#6400
0!
0%
#6500
1!
1%
#6600
0!
0%
#6700
1!
1%
#6800
0!
0%
#6900
1!
1%
#7000
0!
0%
#7100
1!
1%
#7200
0!
0%
#7300
1!
1%
#7400
0!
0%
#7500
1!
1%
#7600
0!
0%
#7700
1!
1%
#7800
0!
0%
#7900
1!
1%
#8000
0!
0%
#8100
1!
1%
#8200
0!
0%
#8300
1!
1%
#8400
0!
0%
#8500
1!
1%
#8600
0!
0%
#8700
1!
1%
#8800
0!
0%
#8900
1!
1%
#9000
0!
0%
#9100
1!
1%
#9200
0!
0%
#9300
1!
1%
#9400
0!
0%
#9500
1!
1%
#9600
0!
0%
#9700
1!
1%
#9800
0!
0%
#9900
1!
1%
#10000
0!
0%
#10100
1!
1%
#10200
0!
0%
#10300
1!
1%
#10400
0!
0%
#10500
1!
1%
#10600
0!
0%
#10700
1!
1%
#10800
0!
0%
#10900
1!
1%
#11000
0!
0%
#11100
1!
1%
#11200
0!
0%
#11300
1!
1%
#11400
0!
0%
#11500
1!
1%
#11600
0!
0%
#11700
1!
1%
#11800
0!
0%
#11900
1!
1%
#12000
0!
0%
#12100
1!
1%
#12200
0!
0%
#12300
1!
1%
#12400
0!
0%
#12500
1!
1%
#12600
0!
0%
#12700
1!
1%
#12800
0!
0%
#12900
1!
1%
#13000
0!
0%
#13100
1!
1%
#13200
0!
0%
#13300
1!
1%
#13400
0!
0%
#13500
1!
1%
#13600
0!
0%
#13700
1!
1%
#13800
0!
0%
#13900
1!
1%
#14000
0!
0%
#14100
1!
1%
#14200
0!
0%
#14300
1!
1%
#14400
0!
0%
#14500
1!
1%
#14600
0!
0%
#14700
1!
1%
#14800
0!
0%
#14900
1!
1%
#15000
0!
0%
#15100
1!
1%
#15200
0!
0%
#15300
1!
1%
#15400
0!
0%
#15500
1!
1%
#15600
0!
0%
#15700
1!
1%
#15800
0!
0%
#15900
1!
1%
#16000
0!
0%
#16100
1!
1%
#16200
0!
0%
#16300
1!
1%
#16400
0!
0%
#16500
1!
1%
#16600
0!
0%
#16700
1!
1%
#16800
0!
0%
#16900
1!
1%
#17000
0!
0%
#17100
1!
1%
#17200
0!
0%
#17300
1!
1%
#17400
0!
0%
#17500
1!
1%
#17600
0!
0%
#17700
1!
1%
#17800
0!
0%
#17900
1!
1%
#18000
0!
0%
#18100
1!
1%
#18200
0!
0%
#18300
1!
1%
#18400
0!
0%
#18500
1!
1%
#18600
0!
0%
#18700
1!
1%
#18800
0!
0%
#18900
1!
1%
#19000
0!
0%
#19100
1!
1%
#19200
0!
0%
#19300
1!
1%
#19400
0!
0%
#19500
1!
1%
#19600
0!
0%
#19700
1!
1%
#19800
0!
0%
#19900
1!
1%
#20000
0!
0%
#20100
1!
1%
#20200
0!
0%
#20300
1!
1%
#20400
0!
0%
#20500
1!
1%
#20600
0!
0%
#20700
1!
1%
#20800
0!
0%
#20900
1!
1%
#21000
0!
0%
#21100
1!
1%
#21200
0!
0%
#21300
1!
1%
#21400
0!
0%
#21500
1!
1%
#21600
0!
0%
#21700
1!
1%
#21800
0!
0%
#21900
1!
1%
#22000
0!
0%
#22100
1!
1%
#22200
0!
0%
#22300
1!
1%
#22400
0!
0%
#22500
1!
1%
#22600
0!
0%
#22700
1!
1%
#22800
0!
0%
#22900
1!
1%
#23000
0!
0%
#23100
1!
1%
#23200
0!
0%
#23300
1!
1%
#23400
0!
0%
#23500
1!
1%
#23600
0!
0%
#23700
1!
1%
#23800
0!
0%
#23900
1!
1%
#24000
0!
0%
#24100
1!
1%
#24200
0!
0%
#24300
1!
1%
#24400
0!
0%
#24500
1!
1%
#24600
0!
0%
#24700
1!
1%
#24800
0!
0%
#24900
1!
1%
#25000
0!
0%
#25100
1!
1%
#25200
0!
0%
#25300
1!
1%
#25400
0!
0%
#25500
1!
1%
#25600
0!
0%
#25700
1!
1%
#25800
0!
0%
#25900
1!
1%
#26000
0!
0%
#26100
1!
1%
#26200
0!
0%
0&
0'
#26300
1!
1(
b1011100001111010100001011011001 )
#26400
0!
0(
#26500
1!
#26600
0!
#26700
1!
#26800
0!
#26900
1!
#27000
0!
#27100
1!
#27200
0!
#27300
1!
#27400
0!
#27500
1!
#27600
0!
#27700
1!
#27800
0!
#27900
1!
#28000
0!
#28100
1!
#28200
0!
#28300
1!
#28400
0!
#28500
1!
#28600
0!
#28700
1!
#28800
0!
#28900
1!
#29000
0!
#29100
1!
#29200
0!
#29300
1!
#29400
0!
#29500
1!
#29600
0!
#29700
1!
#29800
0!
#29900
1!
#30000
0!
#30100
1!
#30200
0!
#30300
1!
#30400
0!
#30500
1!
#30600
0!
#30700
1!
#30800
0!
#30900
1!
#31000
0!
#31100
1!
#31200
0!
#31300
1!
#31400
0!
#31500
1!
#31600
0!
#31700
1!
#31800
0!
#31900
1!
#32000
0!
#32100
1!
#32200
0!
#32300
1!
#32400
0!
#32500
1!
#32600
0!
#32700
1!
#32800
0!
#32900
1!
#33000
0!
#33100
1!
#33200
0!
#33300
1!
#33400
0!
#33500
1!
#33600
0!
#33700
1!
#33800
0!
#33900
1!
#34000
0!
#34100
1!
#34200
0!
#34300
1!
#34400
0!
#34500
1!
#34600
0!
#34700
1!
#34800
0!
#34900
1!
#35000
0!
#35100
1!
#35200
0!
#35300
1!
#35400
0!
#35500
1!
#35600
0!
#35700
1!
#35800
0!
#35900
1!
#36000
0!
#36100
1!
#36200
0!
#36300
1!
#36400
0!
#36500
1!
#36600
0!
#36700
1!
#36800
0!
#36900
1!
#37000
0!
#37100
1!
#37200
0!
#37300
1!
#37400
0!
#37500
1!
#37600
0!
#37700
1!
#37800
0!
#37900
1!
#38000
0!
#38100
1!
#38200
0!
#38300
1!
#38400
0!
#38500
1!
#38600
0!
#38700
1!
#38800
0!
#38900
1!
#39000
0!
#39100
1!
#39200
0!
#39300
1!
#39400
0!
#39500
1!
#39600
0!
#39700
1!
#39800
0!
#39900
1!
#40000
0!
#40100
1!
#40200
0!
#40300
1!
#40400
0!
#40500
1!
#40600
0!
#40700
1!
#40800
0!
#40900
1!
#41000
0!
#41100
1!
#41200
0!
#41300
1!
#41400
0!
#41500
1!
#41600
0!
#41700
1!
#41800
0!
#41900
1!
#42000
0!
#42100
1!
#42200
0!
#42300
1!
#42400
0!
#42500
1!
#42600
0!
#42700
1!
#42800
0!
#42900
1!
#43000
0!
#43100
1!
#43200
0!
#43300
1!
#43400
0!
#43500
1!
#43600
0!
#43700
1!
#43800
0!
#43900
1!
#44000
0!
#44100
1!
#44200
0!
#44300
1!
#44400
0!
#44500
1!
#44600
0!
#44700
1!
#44800
0!
#44900
1!
#45000
0!
#45100
1!
#45200
0!
#45300
1!
#45400
0!
#45500
1!
#45600
0!
#45700
1!
#45800
0!
#45900
1!
#46000
0!
#46100
1!
#46200
0!
#46300
1!
#46400
0!
#46500
1!
#46600
0!
#46700
1!
#46800
0!
#46900
1!
#47000
0!
#47100
1!
#47200
0!
#47300
1!
#47400
0!
#47500
1!
#47600
0!
#47700
1!
#47800
0!
#47900
1!
#48000
0!
#48100
1!
#48200
0!
#48300
1!
#48400
0!
#48500
1!
#48600
0!
#48700
1!
#48800
0!
#48900
1!
#49000
0!
#49100
1!
#49200
0!
#49300
1!
#49400
0!
#49500
1!
#49600
0!
#49700
1!
#49800
0!
#49900
1!
#50000
0!
#50100
1!
#50200
0!
#50300
1!
#50400
0!
#50500
1!
#50600
0!
#50700
1!
#50800
0!
#50900
1!
#51000
0!
#51100
1!
#51200
0!
#51300
1!
#51400
0!
#51500
1!
#51600
0!
#51700
1!
#51800
0!
#51900
1!
#52000
0!
#52100
1!
#52200
0!
#52300
1!
#52400
0!
#52500
1!
#52600
0!
#52700
1!
#52800
0!
1$
#52900
1!
1&
#53000
0!
#53100
1!
1%
0&
#53200
0!
0%
#53300
1!
1&
b1 ,
#53400
0!
#53500
1!
1%
0&
#53600
0!
0%
#53700
1!
1&
b10 ,
#53800
0!
#53900
1!
1%
0&
#54000
0!
0%
#54100
1!
1&
b11 ,
#54200
0!
#54300
1!
1%
0&
#54400
0!
0%
#54500
1!
1&
b100 ,
#54600
0!
#54700
1!
1%
0&
#54800
0!
0%
#54900
1!
1&
b101 ,
#55000
0!
#55100
1!
1%
0&
#55200
0!
0%
#55300
1!
1&
b110 ,
#55400
0!
#55500
1!
1%
0&
#55600
0!
0%
#55700
1!
1&
b111 ,
#55800
0!
#55900
1!
1%
0&
#56000
0!
0%
#56100
1!
1&
b1000 ,
#56200
0!
#56300
1!
1%
0&
#56400
0!
0%
#56500
1!
1&
b1001 ,
#56600
0!
#56700
1!
1%
0&
#56800
0!
0%
#56900
1!
1&
b1010 ,
#57000
0!
#57100
1!
1%
0&
#57200
0!
0%
#57300
1!
1&
b1011 ,
#57400
0!
#57500
1!
1%
0&
#57600
0!
0%
#57700
1!
1&
b1100 ,
#57800
0!
#57900
1!
1%
0&
#58000
0!
0%
#58100
1!
1&
b1101 ,
#58200
0!
#58300
1!
1%
0&
#58400
0!
0%
#58500
1!
1&
b1110 ,
#58600
0!
#58700
1!
1%
0&
#58800
0!
0%
#58900
1!
1&
b1111 ,
#59000
0!
#59100
1!
1%
0&
#59200
0!
0%
#59300
1!
1&
b10000 ,
#59400
0!
#59500
1!
1%
0&
#59600
0!
0%
#59700
1!
1&
b10001 ,
#59800
0!
#59900
1!
1%
0&
#60000
0!
0%
#60100
1!
1&
b10010 ,
#60200
0!
#60300
1!
1%
0&
#60400
0!
0%
#60500
1!
1&
b10011 ,
#60600
0!
#60700
1!
1%
0&
#60800
0!
0%
#60900
1!
1&
b10100 ,
#61000
0!
#61100
1!
1%
0&
#61200
0!
0%
#61300
1!
1&
b10101 ,
#61400
0!
#61500
1!
1%
0&
#61600
0!
0%
#61700
1!
1&
b10110 ,
#61800
0!
#61900
1!
1%
0&
#62000
0!
0%
#62100
1!
1&
b10111 ,
#62200
0!
#62300
1!
1%
0&
#62400
0!
0%
#62500
1!
1&
b11000 ,
#62600
0!
#62700
1!
1%
0&
#62800
0!
0%
#62900
1!
1&
b11001 ,
#63000
0!
#63100
1!
1%
0&
#63200
0!
0%
#63300
1!
1&
b11010 ,
#63400
0!
#63500
1!
1%
0&
#63600
0!
0%
#63700
1!
1&
b11011 ,
#63800
0!
#63900
1!
1%
0&
#64000
0!
0%
#64100
1!
1&
b11100 ,
#64200
0!
#64300
1!
1%
0&
#64400
0!
0%
#64500
1!
1&
b11101 ,
#64600
0!
#64700
1!
1%
0&
#64800
0!
0%
#64900
1!
1&
b11110 ,
#65000
0!
#65100
1!
1%
0&
#65200
0!
0%
#65300
1!
1&
b11111 ,
#65400
0!
#65500
1!
1%
0&
#65600
0!
0%
#65700
1!
1&
b100000 ,
#65800
0!
#65900
1!
1%
0&
#66000
0!
0%
#66100
1!
1&
b100001 ,
#66200
0!
#66300
1!
1%
0&
#66400
0!
0%
#66500
1!
1&
b100010 ,
#66600
0!
#66700
1!
1%
0&
#66800
0!
0%
#66900
1!
1&
b100011 ,
#67000
0!
#67100
1!
1%
0&
#67200
0!
0%
#67300
1!
1&
b100100 ,
#67400
0!
#67500
1!
1%
0&
#67600
0!
0%
#67700
1!
1&
b100101 ,
#67800
0!
#67900
1!
1%
0&
#68000
0!
0%
#68100
1!
1&
b100110 ,
#68200
0!
#68300
1!
1%
0&
#68400
0!
0%
#68500
1!
1&
b100111 ,
#68600
0!
#68700
1!
1%
0&
#68800
0!
0%
#68900
1!
1&
b101000 ,
#69000
0!
#69100
1!
1%
0&
#69200
0!
0%
#69300
1!
1&
b101001 ,
#69400
0!
#69500
1!
1%
0&
#69600
0!
0%
#69700
1!
1&
b101010 ,
#69800
0!
#69900
1!
1%
0&
#70000
0!
0%
#70100
1!
1&
b101011 ,
#70200
0!
#70300
1!
1%
0&
#70400
0!
0%
#70500
1!
1&
b101100 ,
#70600
0!
#70700
1!
1%
0&
#70800
0!
0%
#70900
1!
1&
b101101 ,
#71000
0!
#71100
1!
1%
0&
#71200
0!
0%
#71300
1!
1&
b101110 ,
#71400
0!
#71500
1!
1%
0&
#71600
0!
0%
#71700
1!
1&
b101111 ,
#71800
0!
#71900
1!
1%
0&
#72000
0!
0%
#72100
1!
1&
b110000 ,
#72200
0!
#72300
1!
1%
0&
#72400
0!
0%
#72500
1!
1&
b110001 ,
#72600
0!
#72700
1!
1%
0&
#72800
0!
0%
#72900
1!
1&
b110010 ,
#73000
0!
#73100
1!
1%
0&
#73200
0!
0%
#73300
1!
1&
b110011 ,
#73400
0!
#73500
1!
1%
0&
#73600
0!
0%
#73700
1!
1&
b110100 ,
#73800
0!
#73900
1!
1%
0&
#74000
0!
0%
#74100
1!
1&
b110101 ,
#74200
0!
#74300
1!
1%
0&
#74400
0!
0%
#74500
1!
1&
b110110 ,
#74600
0!
#74700
1!
1%
0&
#74800
0!
0%
#74900
1!
1&
b110111 ,
#75000
0!
#75100
1!
1%
0&
#75200
0!
0%
#75300
1!
1&
b111000 ,
#75400
0!
#75500
1!
1%
0&
#75600
0!
0%
#75700
1!
1&
b111001 ,
#75800
0!
#75900
1!
1%
0&
#76000
0!
0%
#76100
1!
1&
b111010 ,
#76200
0!
#76300
1!
1%
0&
#76400
0!
0%
#76500
1!
1&
b111011 ,
#76600
0!
#76700
1!
1%
0&
#76800
0!
0%
#76900
1!
1&
b111100 ,
#77000
0!
#77100
1!
1%
0&
#77200
0!
0%
#77300
1!
1&
b111101 ,
#77400
0!
#77500
1!
1%
0&
#77600
0!
0%
#77700
1!
1&
b111110 ,
#77800
0!
#77900
1!
1%
0&
#78000
0!
0%
#78100
1!
1&
b111111 ,
#78200
0!
#78300
1!
1%
0&
#78400
0!
0%
#78500
1!
1&
b1000000 ,
#78600
0!
#78700
1!
1%
0&
#78800
0!
0%
#78900
1!
1&
b1000001 ,
#79000
0!
#79100
1!
1%
0&
#79200
0!
0%
#79300
1!
1&
b1000010 ,
#79400
0!
#79500
1!
1%
0&
#79600
0!
0%
#79700
1!
1&
b1000011 ,
#79800
0!
#79900
1!
1%
0&
#80000
0!
0%
#80100
1!
1&
b1000100 ,
#80200
0!
#80300
1!
1%
0&
#80400
0!
0%
#80500
1!
1&
b1000101 ,
#80600
0!
#80700
1!
1%
0&
#80800
0!
0%
#80900
1!
1&
b1000110 ,
#81000
0!
#81100
1!
1%
0&
#81200
0!
0%
#81300
1!
1&
b1000111 ,
#81400
0!
#81500
1!
1%
0&
#81600
0!
0%
#81700
1!
1&
b1001000 ,
#81800
0!
#81900
1!
1%
0&
#82000
0!
0%
#82100
1!
1&
b1001001 ,
#82200
0!
#82300
1!
1%
0&
#82400
0!
0%
#82500
1!
1&
b1001010 ,
#82600
0!
#82700
1!
1%
0&
#82800
0!
0%
#82900
1!
1&
b1001011 ,
#83000
0!
#83100
1!
1%
0&
#83200
0!
0%
#83300
1!
1&
b1001100 ,
#83400
0!
#83500
1!
1%
0&
#83600
0!
0%
#83700
1!
1&
b1001101 ,
#83800
0!
#83900
1!
1%
0&
#84000
0!
0%
#84100
1!
1&
b1001110 ,
#84200
0!
#84300
1!
1%
0&
#84400
0!
0%
#84500
1!
1&
b1001111 ,
#84600
0!
#84700
1!
1%
0&
#84800
0!
0%
#84900
1!
1&
b1010000 ,
#85000
0!
#85100
1!
1%
0&
#85200
0!
0%
#85300
1!
1&
b1010001 ,
#85400
0!
#85500
1!
1%
0&
#85600
0!
0%
#85700
1!
1&
b1010010 ,
#85800
0!
#85900
1!
1%
0&
#86000
0!
0%
#86100
1!
1&
b1010011 ,
#86200
0!
#86300
1!
1%
0&
#86400
0!
0%
#86500
1!
1&
b1010100 ,
#86600
0!
#86700
1!
1%
0&
#86800
0!
0%
#86900
1!
1&
b1010101 ,
#87000
0!
#87100
1!
1%
0&
#87200
0!
0%
#87300
1!
1&
b1010110 ,
#87400
0!
#87500
1!
1%
0&
#87600
0!
0%
#87700
1!
1&
b1010111 ,
#87800
0!
#87900
1!
1%
0&
#88000
0!
0%
#88100
1!
1&
b1011000 ,
#88200
0!
#88300
1!
1%
0&
#88400
0!
0%
#88500
1!
1&
b1011001 ,
#88600
0!
#88700
1!
1%
0&
#88800
0!
0%
#88900
1!
1&
b1011010 ,
#89000
0!
#89100
1!
1%
0&
#89200
0!
0%
#89300
1!
1&
b1011011 ,
#89400
0!
#89500
1!
1%
0&
#89600
0!
0%
#89700
1!
1&
b1011100 ,
#89800
0!
#89900
1!
1%
0&
#90000
0!
0%
#90100
1!
1&
b1011101 ,
#90200
0!
#90300
1!
1%
0&
#90400
0!
0%
#90500
1!
1&
b1011110 ,
#90600
0!
#90700
1!
1%
0&
#90800
0!
0%
#90900
1!
1&
b1011111 ,
#91000
0!
#91100
1!
1%
0&
#91200
0!
0%
#91300
1!
1&
b1100000 ,
#91400
0!
#91500
1!
1%
0&
#91600
0!
0%
#91700
1!
1&
b1100001 ,
#91800
0!
#91900
1!
1%
0&
#92000
0!
0%
#92100
1!
1&
b1100010 ,
#92200
0!
#92300
1!
1%
0&
#92400
0!
0%
#92500
1!
1&
b1100011 ,
#92600
0!
#92700
1!
1%
0&
#92800
0!
0%
#92900
1!
1&
b1100100 ,
#93000
0!
#93100
1!
1%
0&
#93200
0!
0%
#93300
1!
1&
b1100101 ,
#93400
0!
#93500
1!
1%
0&
#93600
0!
0%
#93700
1!
1&
b1100110 ,
#93800
0!
#93900
1!
1%
0&
#94000
0!
0%
#94100
1!
1&
b1100111 ,
#94200
0!
#94300
1!
1%
0&
#94400
0!
0%
#94500
1!
1&
b1101000 ,
#94600
0!
#94700
1!
1%
0&
#94800
0!
0%
#94900
1!
1&
b1101001 ,
#95000
0!
#95100
1!
1%
0&
#95200
0!
0%
#95300
1!
1&
b1101010 ,
#95400
0!
#95500
1!
1%
0&
#95600
0!
0%
#95700
1!
1&
b1101011 ,
#95800
0!
#95900
1!
1%
0&
#96000
0!
0%
#96100
1!
1&
b1101100 ,
#96200
0!
#96300
1!
1%
0&
#96400
0!
0%
#96500
1!
1&
b1101101 ,
#96600
0!
#96700
1!
1%
0&
#96800
0!
0%
#96900
1!
1&
b1101110 ,
#97000
0!
#97100
1!
1%
0&
#97200
0!
0%
#97300
1!
1&
b1101111 ,
#97400
0!
#97500
1!
1%
0&
#97600
0!
0%
#97700
1!
1&
b1110000 ,
#97800
0!
#97900
1!
1%
0&
#98000
0!
0%
#98100
1!
1&
b1110001 ,
#98200
0!
#98300
1!
1%
0&
#98400
0!
0%
#98500
1!
1&
b1110010 ,
#98600
0!
#98700
1!
1%
0&
#98800
0!
0%
#98900
1!
1&
b1110011 ,
#99000
0!
#99100
1!
1%
0&
#99200
0!
0%
#99300
1!
1&
b1110100 ,
#99400
0!
#99500
1!
1%
0&
#99600
0!
0%
#99700
1!
1&
b1110101 ,
#99800
0!
#99900
1!
1%
0&
#100000
0!
0%
#100100
1!
1&
b1110110 ,
#100200
0!
#100300
1!
1%
0&
#100400
0!
0%
#100500
1!
1&
b1110111 ,
#100600
0!
#100700
1!
1%
0&
#100800
0!
0%
#100900
1!
1&
b1111000 ,
#101000
0!
#101100
1!
1%
0&
#101200
0!
0%
#101300
1!
1&
b1111001 ,
#101400
0!
#101500
1!
1%
0&
#101600
0!
0%
#101700
1!
1&
b1111010 ,
#101800
0!
#101900
1!
1%
0&
#102000
0!
0%
#102100
1!
1&
b1111011 ,
#102200
0!
#102300
1!
1%
0&
#102400
0!
0%
#102500
1!
1&
b1111100 ,
#102600
0!
#102700
1!
1%
0&
#102800
0!
0%
#102900
1!
1&
b1111101 ,
#103000
0!
#103100
1!
1%
0&
#103200
0!
0%
#103300
1!
1&
b1111110 ,
#103400
0!
#103500
1!
1%
0&
#103600
0!
0%
#103700
1!
1&
b1111111 ,
#103800
0!
#103900
1!
1%
0&
#104000
0!
0%
#104100
1!
#104200
0!
#104300
1!
#104400
0!
#104500
1!
1&
b0 ,
#104600
0!
#104700
1!
1%
0&
#104800
0!
0%
#104900
1!
1*
1+
#105000
0!
#105100
1!
0*
0+
1-
#105200
0!
#105300
1!
1&
1(
b11000101000011001010001101000011 )
b1 ,
0-
#105400
0!
0(
#105500
1!
1%
0&
#105600
0!
0%
#105700
1!
1*
1+
#105800
0!
#105900
1!
0*
0+
#106000
0!
#106100
1!
1&
b10 ,
#106200
0!
#106300
1!
1%
0&
#106400
0!
0%
#106500
1!
1*
1+
#106600
0!
#106700
1!
0*
0+
#106800
0!
#106900
1!
1&
b11 ,
#107000
0!
#107100
1!
1%
0&
#107200
0!
0%
#107300
1!
1*
1+
#107400
0!
#107500
1!
0*
0+
#107600
0!
#107700
1!
b100 ,
#107800
0!
#107900
1!
b101 ,
#108000
0!
#108100
1!
b110 ,
#108200
0!
#108300
1!
b111 ,
#108400
0!
#108500
1!
b1000 ,
#108600
0!
#108700
1!
b1001 ,
#108800
0!
#108900
1!
b1010 ,
#109000
0!
#109100
1!
b1011 ,
#109200
0!
#109300
1!
1&
b1100 ,
#109400
0!
#109500
1!
1%
0&
#109600
0!
0%
#109700
1!
1*
1+
#109800
0!
#109900
1!
0*
0+
#110000
0!
#110100
1!
1&
b1101 ,
#110200
0!
#110300
1!
1%
0&
#110400
0!
0%
#110500
1!
1*
1+
#110600
0!
#110700
1!
0*
0+
#110800
0!
#110900
1!
1&
b1110 ,
#111000
0!
#111100
1!
1%
0&
#111200
0!
0%
#111300
1!
1*
1+
#111400
0!
#111500
1!
0*
0+
#111600
0!
#111700
1!
1&
b1111 ,
#111800
0!
#111900
1!
1%
0&
#112000
0!
0%
#112100
1!
1*
1+
#112200
0!
#112300
1!
0*
0+
#112400
0!
#112500
1!
1&
b10000 ,
#112600
0!
#112700
1!
1%
0&
#112800
0!
0%
#112900
1!
1*
1+
#113000
0!
#113100
1!
0*
0+
#113200
0!
#113300
1!
1&
b10001 ,
#113400
0!
#113500
1!
1%
0&
#113600
0!
0%
#113700
1!
1*
1+
#113800
0!
#113900
1!
0*
0+
#114000
0!
#114100
1!
1&
b10010 ,
#114200
0!
#114300
1!
1%
0&
#114400
0!
0%
#114500
1!
1*
1+
#114600
0!
#114700
1!
0*
0+
#114800
0!
#114900
1!
1&
b10011 ,
#115000
0!
#115100
1!
1%
0&
#115200
0!
0%
#115300
1!
1*
1+
#115400
0!
#115500
1!
0*
0+
#115600
0!
#115700
1!
b10100 ,
#115800
0!
#115900
1!
b10101 ,
#116000
0!
#116100
1!
b10110 ,
#116200
0!
#116300
1!
b10111 ,
#116400
0!
#116500
1!
b11000 ,
#116600
0!
#116700
1!
b11001 ,
#116800
0!
#116900
1!
b11010 ,
#117000
0!
#117100
1!
b11011 ,
#117200
0!
#117300
1!
1&
b11100 ,
#117400
0!
#117500
1!
1%
0&
#117600
0!
0%
#117700
1!
1*
1+
#117800
0!
#117900
1!
0*
0+
#118000
0!
#118100
1!
1&
b11101 ,
#118200
0!
#118300
1!
1%
0&
#118400
0!
0%
#118500
1!
1*
1+
#118600
0!
#118700
1!
0*
0+
#118800
0!
#118900
1!
1&
b11110 ,
#119000
0!
#119100
1!
1%
0&
#119200
0!
0%
#119300
1!
1*
1+
#119400
0!
#119500
1!
0*
0+
#119600
0!
#119700
1!
1&
b11111 ,
#119800
0!
#119900
1!
1%
0&
#120000
0!
0%
#120100
1!
1*
1+
#120200
0!
#120300
1!
0*
0+
#120400
0!
#120500
1!
b100000 ,
#120600
0!
#120700
1!
b100001 ,
#120800
0!
#120900
1!
b100010 ,
#121000
0!
#121100
1!
b100011 ,
#121200
0!
#121300
1!
1&
b100100 ,
#121400
0!
#121500
1!
1%
0&
#121600
0!
0%
#121700
1!
1*
1+
#121800
0!
#121900
1!
0*
0+
#122000
0!
#122100
1!
1&
b100101 ,
#122200
0!
#122300
1!
1%
0&
#122400
0!
0%
#122500
1!
1*
1+
#122600
0!
#122700
1!
0*
0+
#122800
0!
#122900
1!
1&
b100110 ,
#123000
0!
#123100
1!
1%
0&
#123200
0!
0%
#123300
1!
1*
1+
#123400
0!
#123500
1!
0*
0+
#123600
0!
#123700
1!
1&
b100111 ,
#123800
0!
#123900
1!
1%
0&
#124000
0!
0%
#124100
1!
1*
1+
#124200
0!
#124300
1!
0*
0+
#124400
0!
#124500
1!
1&
b101000 ,
#124600
0!
#124700
1!
1%
0&
#124800
0!
0%
#124900
1!
1*
1+
#125000
0!
#125100
1!
0*
0+
#125200
0!
#125300
1!
1&
b101001 ,
#125400
0!
#125500
1!
1%
0&
#125600
0!
0%
#125700
1!
1*
1+
#125800
0!
#125900
1!
0*
0+
#126000
0!
#126100
1!
1&
b101010 ,
#126200
0!
#126300
1!
1%
0&
#126400
0!
0%
#126500
1!
1*
1+
#126600
0!
#126700
1!
0*
0+
#126800
0!
#126900
1!
1&
b101011 ,
#127000
0!
#127100
1!
1%
0&
#127200
0!
0%
#127300
1!
1*
1+
#127400
0!
#127500
1!
0*
0+
#127600
0!
#127700
1!
b101100 ,
#127800
0!
#127900
1!
b101101 ,
#128000
0!
#128100
1!
b101110 ,
#128200
0!
#128300
1!
b101111 ,
#128400
0!
#128500
1!
b110000 ,
#128600
0!
#128700
1!
b110001 ,
#128800
0!
#128900
1!
b110010 ,
#129000
0!
#129100
1!
b110011 ,
#129200
0!
#129300
1!
1&
b110100 ,
#129400
0!
#129500
1!
1%
0&
#129600
0!
0%
#129700
1!
1*
1+
#129800
0!
#129900
1!
0*
0+
#130000
0!
#130100
1!
1&
b110101 ,
#130200
0!
#130300
1!
1%
0&
#130400
0!
0%
#130500
1!
1*
1+
#130600
0!
#130700
1!
0*
0+
#130800
0!
#130900
1!
1&
b110110 ,
#131000
0!
#131100
1!
1%
0&
#131200
0!
0%
#131300
1!
1*
1+
#131400
0!
#131500
1!
0*
0+
#131600
0!
#131700
1!
1&
b110111 ,
#131800
0!
#131900
1!
1%
0&
#132000
0!
0%
#132100
1!
1*
1+
#132200
0!
#132300
1!
0*
0+
#132400
0!
#132500
1!
1&
b111000 ,
#132600
0!
#132700
1!
1%
0&
#132800
0!
0%
#132900
1!
1*
1+
#133000
0!
#133100
1!
0*
0+
#133200
0!
#133300
1!
1&
b111001 ,
#133400
0!
#133500
1!
1%
0&
#133600
0!
0%
#133700
1!
1*
1+
#133800
0!
#133900
1!
0*
0+
#134000
0!
#134100
1!
1&
b111010 ,
#134200
0!
#134300
1!
1%
0&
#134400
0!
0%
#134500
1!
1*
1+
#134600
0!
#134700
1!
0*
0+
#134800
0!
#134900
1!
1&
b111011 ,
#135000
0!
#135100
1!
1%
0&
#135200
0!
0%
#135300
1!
1*
1+
#135400
0!
#135500
1!
0*
0+
#135600
0!
#135700
1!
b111100 ,
#135800
0!
#135900
1!
b111101 ,
#136000
0!
#136100
1!
b111110 ,
#136200
0!
#136300
1!
b111111 ,
#136400
0!
#136500
1!
1&
b1000000 ,
#136600
0!
#136700
1!
1%
0&
#136800
0!
0%
#136900
1!
1*
1+
#137000
0!
#137100
1!
0*
0+
#137200
0!
#137300
1!
1&
b1000001 ,
#137400
0!
#137500
1!
1%
0&
#137600
0!
0%
#137700
1!
1*
1+
#137800
0!
#137900
1!
0*
0+
#138000
0!
#138100
1!
1&
b1000010 ,
#138200
0!
#138300
1!
1%
0&
#138400
0!
0%
#138500
1!
1*
1+
#138600
0!
#138700
1!
0*
0+
#138800
0!
#138900
1!
1&
b1000011 ,
#139000
0!
#139100
1!
1%
0&
#139200
0!
0%
#139300
1!
1*
1+
#139400
0!
#139500
1!
0*
0+
#139600
0!
#139700
1!
b1000100 ,
#139800
0!
#139900
1!
b1000101 ,
#140000
0!
#140100
1!
b1000110 ,
#140200
0!
#140300
1!
b1000111 ,
#140400
0!
#140500
1!
b1001000 ,
#140600
0!
#140700
1!
b1001001 ,
#140800
0!
#140900
1!
b1001010 ,
#141000
0!
#141100
1!
b1001011 ,
#141200
0!
#141300
1!
1&
b1001100 ,
#141400
0!
#141500
1!
1%
0&
#141600
0!
0%
#141700
1!
1*
1+
#141800
0!
#141900
1!
0*
0+
#142000
0!
#142100
1!
1&
b1001101 ,
#142200
0!
#142300
1!
1%
0&
#142400
0!
0%
#142500
1!
1*
1+
#142600
0!
#142700
1!
0*
0+
#142800
0!
#142900
1!
1&
b1001110 ,
#143000
0!
#143100
1!
1%
0&
#143200
0!
0%
#143300
1!
1*
1+
#143400
0!
#143500
1!
0*
0+
#143600
0!
#143700
1!
1&
b1001111 ,
#143800
0!
#143900
1!
1%
0&
#144000
0!
0%
#144100
1!
1*
1+
#144200
0!
#144300
1!
0*
0+
#144400
0!
#144500
1!
1&
b1010000 ,
#144600
0!
#144700
1!
1%
0&
#144800
0!
0%
#144900
1!
1*
1+
#145000
0!
#145100
1!
0*
0+
#145200
0!
#145300
1!
1&
b1010001 ,
#145400
0!
#145500
1!
1%
0&
#145600
0!
0%
#145700
1!
1*
1+
#145800
0!
#145900
1!
0*
0+
#146000
0!
#146100
1!
1&
b1010010 ,
#146200
0!
#146300
1!
1%
0&
#146400
0!
0%
#146500
1!
1*
1+
#146600
0!
#146700
1!
0*
0+
#146800
0!
#146900
1!
1&
b1010011 ,
#147000
0!
#147100
1!
1%
0&
#147200
0!
0%
#147300
1!
1*
1+
#147400
0!
#147500
1!
0*
0+
#147600
0!
#147700
1!
b1010100 ,
#147800
0!
#147900
1!
b1010101 ,
#148000
0!
#148100
1!
b1010110 ,
#148200
0!
#148300
1!
b1010111 ,
#148400
0!
#148500
1!
b1011000 ,
#148600
0!
#148700
1!
b1011001 ,
#148800
0!
#148900
1!
b1011010 ,
#149000
0!
#149100
1!
b1011011 ,
#149200
0!
#149300
1!
1&
b1011100 ,
#149400
0!
#149500
1!
1%
0&
#149600
0!
0%
#149700
1!
1*
1+
#149800
0!
#149900
1!
0*
0+
#150000
0!
#150100
1!
1&
b1011101 ,
#150200
0!
#150300
1!
1%
0&
#150400
0!
0%
#150500
1!
1*
1+
#150600
0!
#150700
1!
0*
0+
#150800
0!
#150900
1!
1&
b1011110 ,
#151000
0!
#151100
1!
1%
0&
#151200
0!
0%
#151300
1!
1*
1+
#151400
0!
#151500
1!
0*
0+
#151600
0!
#151700
1!
1&
b1011111 ,
#151800
0!
#151900
1!
1%
0&
#152000
0!
0%
#152100
1!
1*
1+
#152200
0!
#152300
1!
0*
0+
#152400
0!
#152500
1!
b1100000 ,
#152600
0!
#152700
1!
b1100001 ,
#152800
0!
#152900
1!
b1100010 ,
#153000
0!
#153100
1!
b1100011 ,
#153200
0!
#153300
1!
1&
b1100100 ,
#153400
0!
#153500
1!
1%
0&
#153600
0!
0%
#153700
1!
1*
1+
#153800
0!
#153900
1!
0*
0+
#154000
0!
#154100
1!
1&
b1100101 ,
#154200
0!
#154300
1!
1%
0&
#154400
0!
0%
#154500
1!
1*
1+
#154600
0!
#154700
1!
0*
0+
#154800
0!
#154900
1!
1&
b1100110 ,
#155000
0!
#155100
1!
1%
0&
#155200
0!
0%
#155300
1!
1*
1+
#155400
0!
#155500
1!
0*
0+
#155600
0!
#155700
1!
1&
b1100111 ,
#155800
0!
#155900
1!
1%
0&
#156000
0!
0%
#156100
1!
1*
1+
#156200
0!
#156300
1!
0*
0+
#156400
0!
#156500
1!
1&
b1101000 ,
#156600
0!
#156700
1!
1%
0&
#156800
0!
0%
#156900
1!
1*
1+
#157000
0!
#157100
1!
0*
0+
#157200
0!
#157300
1!
1&
b1101001 ,
#157400
0!
#157500
1!
1%
0&
#157600
0!
0%
#157700
1!
1*
1+
#157800
0!
#157900
1!
0*
0+
#158000
0!
#158100
1!
1&
b1101010 ,
#158200
0!
#158300
1!
1%
0&
#158400
0!
0%
#158500
1!
1*
1+
#158600
0!
#158700
1!
0*
0+
#158800
0!
#158900
1!
1&
b1101011 ,
#159000
0!
#159100
1!
1%
0&
#159200
0!
0%
#159300
1!
1*
1+
#159400
0!
#159500
1!
0*
0+
#159600
0!
#159700
1!
b1101100 ,
#159800
0!
#159900
1!
b1101101 ,
#160000
0!
#160100
1!
b1101110 ,
#160200
0!
#160300
1!
b1101111 ,
#160400
0!
#160500
1!
b1110000 ,
#160600
0!
#160700
1!
b1110001 ,
#160800
0!
#160900
1!
b1110010 ,
#161000
0!
#161100
1!
b1110011 ,
#161200
0!
#161300
1!
1&
b1110100 ,
#161400
0!
#161500
1!
1%
0&
#161600
0!
0%
#161700
1!
1*
1+
#161800
0!
#161900
1!
0*
0+
#162000
0!
#162100
1!
1&
b1110101 ,
#162200
0!
#162300
1!
1%
0&
#162400
0!
0%
#162500
1!
1*
1+
#162600
0!
#162700
1!
0*
0+
#162800
0!
#162900
1!
1&
b1110110 ,
#163000
0!
#163100
1!
1%
0&
#163200
0!
0%
#163300
1!
1*
1+
#163400
0!
#163500
1!
0*
0+
#163600
0!
#163700
1!
1&
b1110111 ,
#163800
0!
#163900
1!
1%
0&
#164000
0!
0%
#164100
1!
1*
1+
#164200
0!
#164300
1!
0*
0+
#164400
0!
#164500
1!
1&
b1111000 ,
#164600
0!
#164700
1!
1%
0&
#164800
0!
0%
#164900
1!
1*
1+
#165000
0!
#165100
1!
0*
0+
#165200
0!
#165300
1!
1&
b1111001 ,
#165400
0!
#165500
1!
1%
0&
#165600
0!
0%
#165700
1!
1*
1+
#165800
0!
#165900
1!
0*
0+
#166000
0!
#166100
1!
1&
b1111010 ,
#166200
0!
#166300
1!
1%
0&
#166400
0!
0%
#166500
1!
1*
1+
#166600
0!
#166700
1!
0*
0+
#166800
0!
#166900
1!
1&
b1111011 ,
#167000
0!
#167100
1!
1%
0&
#167200
0!
0%
#167300
1!
1*
1+
#167400
0!
#167500
1!
0*
0+
#167600
0!
#167700
1!
b1111100 ,
#167800
0!
#167900
1!
b1111101 ,
#168000
0!
#168100
1!
b1111110 ,
#168200
0!
#168300
1!
b1111111 ,
#168400
0!
#168500
1!
#168600
0!
#168700
1!
b1000000 .
b1000000 /
#168800
0!
#168900
1!
#169000
0!
#169100
1!
b0 ,
#169200
0!
#169300
1!
b1 ,
#169400
0!
#169500
1!
b10 ,
#169600
0!
#169700
1!
b11 ,
#169800
0!
#169900
1!
1&
b100 ,
#170000
0!
#170100
1!
1%
0&
#170200
0!
0%
#170300
1!
1*
1+
#170400
0!
#170500
1!
0*
0+
#170600
0!
#170700
1!
1&
b101 ,
#170800
0!
#170900
1!
1%
0&
#171000
0!
0%
#171100
1!
1*
1+
#171200
0!
#171300
1!
0*
0+
#171400
0!
#171500
1!
1&
b110 ,
#171600
0!
#171700
1!
1%
0&
#171800
0!
0%
#171900
1!
1*
1+
#172000
0!
#172100
1!
0*
0+
#172200
0!
#172300
1!
1&
b111 ,
#172400
0!
#172500
1!
1%
0&
#172600
0!
0%
#172700
1!
1*
1+
#172800
0!
#172900
1!
0*
0+
#173000
0!
#173100
1!
1&
b1000 ,
#173200
0!
#173300
1!
1%
0&
#173400
0!
0%
#173500
1!
1*
1+
#173600
0!
#173700
1!
0*
0+
#173800
0!
#173900
1!
1&
b1001 ,
#174000
0!
#174100
1!
1%
0&
#174200
0!
0%
#174300
1!
1*
1+
#174400
0!
#174500
1!
0*
0+
#174600
0!
#174700
1!
1&
b1010 ,
#174800
0!
#174900
1!
1%
0&
#175000
0!
0%
#175100
1!
1*
1+
#175200
0!
#175300
1!
0*
0+
#175400
0!
#175500
1!
1&
b1011 ,
#175600
0!
#175700
1!
1%
0&
#175800
0!
0%
#175900
1!
1*
1+
#176000
0!
#176100
1!
0*
0+
#176200
0!
#176300
1!
b1100 ,
#176400
0!
#176500
1!
b1101 ,
#176600
0!
#176700
1!
b1110 ,
#176800
0!
#176900
1!
b1111 ,
#177000
0!
#177100
1!
b10000 ,
#177200
0!
#177300
1!
b10001 ,
#177400
0!
#177500
1!
b10010 ,
#177600
0!
#177700
1!
b10011 ,
#177800
0!
#177900
1!
1&
b10100 ,
#178000
0!
#178100
1!
1%
0&
#178200
0!
0%
#178300
1!
1*
1+
#178400
0!
#178500
1!
0*
0+
#178600
0!
#178700
1!
1&
b10101 ,
#178800
0!
#178900
1!
1%
0&
#179000
0!
0%
#179100
1!
1*
1+
#179200
0!
#179300
1!
0*
0+
#179400
0!
#179500
1!
1&
b10110 ,
#179600
0!
#179700
1!
1%
0&
#179800
0!
0%
#179900
1!
1*
1+
#180000
0!
#180100
1!
0*
0+
#180200
0!
#180300
1!
1&
b10111 ,
#180400
0!
#180500
1!
1%
0&
#180600
0!
0%
#180700
1!
1*
1+
#180800
0!
#180900
1!
0*
0+
#181000
0!
#181100
1!
1&
b11000 ,
#181200
0!
#181300
1!
1%
0&
#181400
0!
0%
#181500
1!
1*
1+
#181600
0!
#181700
1!
0*
0+
#181800
0!
#181900
1!
1&
b11001 ,
#182000
0!
#182100
1!
1%
0&
#182200
0!
0%
#182300
1!
1*
1+
#182400
0!
#182500
1!
0*
0+
#182600
0!
#182700
1!
1&
b11010 ,
#182800
0!
#182900
1!
1%
0&
#183000
0!
0%
#183100
1!
1*
1+
#183200
0!
#183300
1!
0*
0+
#183400
0!
#183500
1!
1&
b11011 ,
#183600
0!
#183700
1!
1%
0&
#183800
0!
0%
#183900
1!
1*
1+
#184000
0!
#184100
1!
0*
0+
#184200
0!
#184300
1!
b11100 ,
#184400
0!
#184500
1!
b11101 ,
#184600
0!
#184700
1!
b11110 ,
#184800
0!
#184900
1!
b11111 ,
#185000
0!
#185100
1!
1&
b100000 ,
#185200
0!
#185300
1!
1%
0&
#185400
0!
0%
#185500
1!
1*
1+
#185600
0!
#185700
1!
0*
0+
#185800
0!
#185900
1!
1&
b100001 ,
#186000
0!
#186100
1!
1%
0&
#186200
0!
0%
#186300
1!
1*
1+
#186400
0!
#186500
1!
0*
0+
#186600
0!
#186700
1!
1&
b100010 ,
#186800
0!
#186900
1!
1%
0&
#187000
0!
0%
#187100
1!
1*
1+
#187200
0!
#187300
1!
0*
0+
#187400
0!
#187500
1!
1&
b100011 ,
#187600
0!
#187700
1!
1%
0&
#187800
0!
0%
#187900
1!
1*
1+
#188000
0!
#188100
1!
0*
0+
#188200
0!
#188300
1!
b100100 ,
#188400
0!
#188500
1!
b100101 ,
#188600
0!
#188700
1!
b100110 ,
#188800
0!
#188900
1!
b100111 ,
#189000
0!
#189100
1!
b101000 ,
#189200
0!
#189300
1!
b101001 ,
#189400
0!
#189500
1!
b101010 ,
#189600
0!
#189700
1!
b101011 ,
#189800
0!
#189900
1!
1&
b101100 ,
#190000
0!
#190100
1!
1%
0&
#190200
0!
0%
#190300
1!
1*
1+
#190400
0!
#190500
1!
0*
0+
#190600
0!
#190700
1!
1&
b101101 ,
#190800
0!
#190900
1!
1%
0&
#191000
0!
0%
#191100
1!
1*
1+
#191200
0!
#191300
1!
0*
0+
#191400
0!
#191500
1!
1&
b101110 ,
#191600
0!
#191700
1!
1%
0&
#191800
0!
0%
#191900
1!
1*
1+
#192000
0!
#192100
1!
0*
0+
#192200
0!
#192300
1!
1&
b101111 ,
#192400
0!
#192500
1!
1%
0&
#192600
0!
0%
#192700
1!
1*
1+
#192800
0!
#192900
1!
0*
0+
#193000
0!
#193100
1!
1&
b110000 ,
#193200
0!
#193300
1!
1%
0&
#193400
0!
0%
#193500
1!
1*
1+
#193600
0!
#193700
1!
0*
0+
#193800
0!
#193900
1!
1&
b110001 ,
#194000
0!
#194100
1!
1%
0&
#194200
0!
0%
#194300
1!
1*
1+
#194400
0!
#194500
1!
0*
0+
#194600
0!
#194700
1!
1&
b110010 ,
#194800
0!
#194900
1!
1%
0&
#195000
0!
0%
#195100
1!
1*
1+
#195200
0!
#195300
1!
0*
0+
#195400
0!
#195500
1!
1&
b110011 ,
#195600
0!
#195700
1!
1%
0&
#195800
0!
0%
#195900
1!
1*
1+
#196000
0!
#196100
1!
0*
0+
#196200
0!
#196300
1!
b110100 ,
#196400
0!
#196500
1!
b110101 ,
#196600
0!
#196700
1!
b110110 ,
#196800
0!
#196900
1!
b110111 ,
#197000
0!
#197100
1!
b111000 ,
#197200
0!
#197300
1!
b111001 ,
#197400
0!
#197500
1!
b111010 ,
#197600
0!
#197700
1!
b111011 ,
#197800
0!
#197900
1!
1&
b111100 ,
#198000
0!
#198100
1!
1%
0&
#198200
0!
0%
#198300
1!
1*
1+
#198400
0!
#198500
1!
0*
0+
#198600
0!
#198700
1!
1&
b111101 ,
#198800
0!
#198900
1!
1%
0&
#199000
0!
0%
#199100
1!
1*
1+
#199200
0!
#199300
1!
0*
0+
#199400
0!
#199500
1!
1&
b111110 ,
#199600
0!
#199700
1!
1%
0&
#199800
0!
0%
#199900
1!
1*
1+
#200000
0!
#200100
1!
0*
0+
#200200
0!
#200300
1!
1&
b111111 ,
#200400
0!
#200500
1!
1%
0&
#200600
0!
0%
#200700
1!
1*
1+
#200800
0!
#200900
1!
0*
0+
#201000
0!
#201100
1!
b1000000 ,
#201200
0!
#201300
1!
b1000001 ,
#201400
0!
#201500
1!
b1000010 ,
#201600
0!
#201700
1!
b1000011 ,
#201800
0!
#201900
1!
1&
b1000100 ,
#202000
0!
#202100
1!
1%
0&
#202200
0!
0%
#202300
1!
1*
1+
#202400
0!
#202500
1!
0*
0+
#202600
0!
#202700
1!
1&
b1000101 ,
#202800
0!
#202900
1!
1%
0&
#203000
0!
0%
#203100
1!
1*
1+
#203200
0!
#203300
1!
0*
0+
#203400
0!
#203500
1!
1&
b1000110 ,
#203600
0!
#203700
1!
1%
0&
#203800
0!
0%
#203900
1!
1*
1+
#204000
0!
#204100
1!
0*
0+
#204200
0!
#204300
1!
1&
b1000111 ,
#204400
0!
#204500
1!
1%
0&
#204600
0!
0%
#204700
1!
1*
1+
#204800
0!
#204900
1!
0*
0+
#205000
0!
#205100
1!
1&
b1001000 ,
#205200
0!
#205300
1!
1%
0&
#205400
0!
0%
#205500
1!
1*
1+
#205600
0!
#205700
1!
0*
0+
#205800
0!
#205900
1!
1&
b1001001 ,
#206000
0!
#206100
1!
1%
0&
#206200
0!
0%
#206300
1!
1*
1+
#206400
0!
#206500
1!
0*
0+
#206600
0!
#206700
1!
1&
b1001010 ,
#206800
0!
#206900
1!
1%
0&
#207000
0!
0%
#207100
1!
1*
1+
#207200
0!
#207300
1!
0*
0+
#207400
0!
#207500
1!
1&
b1001011 ,
#207600
0!
#207700
1!
1%
0&
#207800
0!
0%
#207900
1!
1*
1+
#208000
0!
#208100
1!
0*
0+
#208200
0!
#208300
1!
b1001100 ,
#208400
0!
#208500
1!
b1001101 ,
#208600
0!
#208700
1!
b1001110 ,
#208800
0!
#208900
1!
b1001111 ,
#209000
0!
#209100
1!
b1010000 ,
#209200
0!
#209300
1!
b1010001 ,
#209400
0!
#209500
1!
b1010010 ,
#209600
0!
#209700
1!
b1010011 ,
#209800
0!
#209900
1!
1&
b1010100 ,
#210000
0!
#210100
1!
1%
0&
#210200
0!
0%
#210300
1!
1*
1+
#210400
0!
#210500
1!
0*
0+
#210600
0!
#210700
1!
1&
b1010101 ,
#210800
0!
#210900
1!
1%
0&
#211000
0!
0%
#211100
1!
1*
1+
#211200
0!
#211300
1!
0*
0+
#211400
0!
#211500
1!
1&
b1010110 ,
#211600
0!
#211700
1!
1%
0&
#211800
0!
0%
#211900
1!
1*
1+
#212000
0!
#212100
1!
0*
0+
#212200
0!
#212300
1!
1&
b1010111 ,
#212400
0!
#212500
1!
1%
0&
#212600
0!
0%
#212700
1!
1*
1+
#212800
0!
#212900
1!
0*
0+
#213000
0!
#213100
1!
1&
b1011000 ,
#213200
0!
#213300
1!
1%
0&
#213400
0!
0%
#213500
1!
1*
1+
#213600
0!
#213700
1!
0*
0+
#213800
0!
#213900
1!
1&
b1011001 ,
#214000
0!
#214100
1!
1%
0&
#214200
0!
0%
#214300
1!
1*
1+
#214400
0!
#214500
1!
0*
0+
#214600
0!
#214700
1!
1&
b1011010 ,
#214800
0!
#214900
1!
1%
0&
#215000
0!
0%
#215100
1!
1*
1+
#215200
0!
#215300
1!
0*
0+
#215400
0!
#215500
1!
1&
b1011011 ,
#215600
0!
#215700
1!
1%
0&
#215800
0!
0%
#215900
1!
1*
1+
#216000
0!
#216100
1!
0*
0+
#216200
0!
#216300
1!
b1011100 ,
#216400
0!
#216500
1!
b1011101 ,
#216600
0!
#216700
1!
b1011110 ,
#216800
0!
#216900
1!
b1011111 ,
#217000
0!
#217100
1!
1&
b1100000 ,
#217200
0!
#217300
1!
1%
0&
#217400
0!
0%
#217500
1!
1*
1+
#217600
0!
#217700
1!
0*
0+
#217800
0!
#217900
1!
1&
b1100001 ,
#218000
0!
#218100
1!
1%
0&
#218200
0!
0%
#218300
1!
1*
1+
#218400
0!
#218500
1!
0*
0+
#218600
0!
#218700
1!
1&
b1100010 ,
#218800
0!
#218900
1!
1%
0&
#219000
0!
0%
#219100
1!
1*
1+
#219200
0!
#219300
1!
0*
0+
#219400
0!
#219500
1!
1&
b1100011 ,
#219600
0!
#219700
1!
1%
0&
#219800
0!
0%
#219900
1!
1*
1+
#220000
0!
#220100
1!
0*
0+
#220200
0!
#220300
1!
b1100100 ,
#220400
0!
#220500
1!
b1100101 ,
#220600
0!
#220700
1!
b1100110 ,
#220800
0!
#220900
1!
b1100111 ,
#221000
0!
#221100
1!
b1101000 ,
#221200
0!
#221300
1!
b1101001 ,
#221400
0!
#221500
1!
b1101010 ,
#221600
0!
#221700
1!
b1101011 ,
#221800
0!
#221900
1!
1&
b1101100 ,
#222000
0!
#222100
1!
1%
0&
#222200
0!
0%
#222300
1!
1*
1+
#222400
0!
#222500
1!
0*
0+
#222600
0!
#222700
1!
1&
b1101101 ,
#222800
0!
#222900
1!
1%
0&
#223000
0!
0%
#223100
1!
1*
1+
#223200
0!
#223300
1!
0*
0+
#223400
0!
#223500
1!
1&
b1101110 ,
#223600
0!
#223700
1!
1%
0&
#223800
0!
0%
#223900
1!
1*
1+
#224000
0!
#224100
1!
0*
0+
#224200
0!
#224300
1!
1&
b1101111 ,
#224400
0!
#224500
1!
1%
0&
#224600
0!
0%
#224700
1!
1*
1+
#224800
0!
#224900
1!
0*
0+
#225000
0!
#225100
1!
1&
b1110000 ,
#225200
0!
#225300
1!
1%
0&
#225400
0!
0%
#225500
1!
1*
1+
#225600
0!
#225700
1!
0*
0+
#225800
0!
#225900
1!
1&
b1110001 ,
#226000
0!
#226100
1!
1%
0&
#226200
0!
0%
#226300
1!
1*
1+
#226400
0!
#226500
1!
0*
0+
#226600
0!
#226700
1!
1&
b1110010 ,
#226800
0!
#226900
1!
1%
0&
#227000
0!
0%
#227100
1!
1*
1+
#227200
0!
#227300
1!
0*
0+
#227400
0!
#227500
1!
1&
b1110011 ,
#227600
0!
#227700
1!
1%
0&
#227800
0!
0%
#227900
1!
1*
1+
#228000
0!
#228100
1!
0*
0+
#228200
0!
#228300
1!
b1110100 ,
#228400
0!
#228500
1!
b1110101 ,
#228600
0!
#228700
1!
b1110110 ,
#228800
0!
#228900
1!
b1110111 ,
#229000
0!
#229100
1!
b1111000 ,
#229200
0!
#229300
1!
b1111001 ,
#229400
0!
#229500
1!
b1111010 ,
#229600
0!
#229700
1!
b1111011 ,
#229800
0!
#229900
1!
1&
b1111100 ,
#230000
0!
#230100
1!
1%
0&
#230200
0!
0%
#230300
1!
1*
1+
#230400
0!
#230500
1!
0*
0+
#230600
0!
#230700
1!
1&
b1111101 ,
#230800
0!
#230900
1!
1%
0&
#231000
0!
0%
#231100
1!
1*
1+
#231200
0!
#231300
1!
0*
0+
#231400
0!
#231500
1!
1&
b1111110 ,
#231600
0!
#231700
1!
1%
0&
#231800
0!
0%
#231900
1!
1*
1+
#232000
0!
#232100
1!
0*
0+
#232200
0!
#232300
1!
1&
b1111111 ,
#232400
0!
#232500
1!
1%
0&
#232600
0!
0%
#232700
1!
1*
1+
#232800
0!
#232900
1!
0*
0+
#233000
0!
#233100
1!
#233200
0!
#233300
1!
b10000000 .
b10000000 /
#233400
0!
#233500
1!
#233600
0!
#233700
1!
1&
b0 ,
#233800
0!
#233900
1!
1%
0&
#234000
0!
0%
#234100
1!
1*
1+
#234200
0!
#234300
1!
0*
0+
1-
#234400
0!
#234500
1!
1&
1(
b1100000010010000111011101001010 )
b1 ,
0-
#234600
0!
0(
#234700
1!
1%
0&
#234800
0!
0%
#234900
1!
1*
1+
#235000
0!
#235100
1!
0*
0+
#235200
0!
#235300
1!
1&
b10 ,
#235400
0!
#235500
1!
1%
0&
#235600
0!
0%
#235700
1!
1*
1+
#235800
0!
#235900
1!
0*
0+
#236000
0!
#236100
1!
1&
b11 ,
#236200
0!
#236300
1!
1%
0&
#236400
0!
0%
#236500
1!
1*
1+
#236600
0!
#236700
1!
0*
0+
#236800
0!
#236900
1!
b100 ,
#237000
0!
#237100
1!
b101 ,
#237200
0!
#237300
1!
b110 ,
#237400
0!
#237500
1!
b111 ,
#237600
0!
#237700
1!
b1000 ,
#237800
0!
#237900
1!
b1001 ,
#238000
0!
#238100
1!
b1010 ,
#238200
0!
#238300
1!
b1011 ,
#238400
0!
#238500
1!
1&
b1100 ,
#238600
0!
#238700
1!
1%
0&
#238800
0!
0%
#238900
1!
1*
#239000
0!
#239100
1!
1&
0*
b1101 ,
#239200
0!
#239300
1!
1%
0&
#239400
0!
0%
#239500
1!
1*
1+
#239600
0!
#239700
1!
0*
0+
#239800
0!
#239900
1!
1&
b1110 ,
#240000
0!
#240100
1!
1%
0&
#240200
0!
0%
#240300
1!
1*
1+
#240400
0!
#240500
1!
0*
0+
#240600
0!
#240700
1!
1&
b1111 ,
#240800
0!
#240900
1!
1%
0&
#241000
0!
0%
#241100
1!
1*
1+
#241200
0!
#241300
1!
0*
0+
#241400
0!
#241500
1!
1&
b10000 ,
#241600
0!
#241700
1!
1%
0&
#241800
0!
0%
#241900
1!
1*
1+
#242000
0!
#242100
1!
0*
0+
#242200
0!
#242300
1!
1&
b10001 ,
#242400
0!
#242500
1!
1%
0&
#242600
0!
0%
#242700
1!
1*
1+
#242800
0!
#242900
1!
0*
0+
#243000
0!
#243100
1!
1&
b10010 ,
#243200
0!
#243300
1!
1%
0&
#243400
0!
0%
#243500
1!
1*
1+
#243600
0!
#243700
1!
0*
0+
#243800
0!
#243900
1!
1&
b10011 ,
#244000
0!
#244100
1!
1%
0&
#244200
0!
0%
#244300
1!
1*
1+
#244400
0!
#244500
1!
0*
0+
#244600
0!
#244700
1!
b10100 ,
#244800
0!
#244900
1!
b10101 ,
#245000
0!
#245100
1!
b10110 ,
#245200
0!
#245300
1!
b10111 ,
#245400
0!
#245500
1!
b11000 ,
#245600
0!
#245700
1!
b11001 ,
#245800
0!
#245900
1!
b11010 ,
#246000
0!
#246100
1!
b11011 ,
#246200
0!
#246300
1!
1&
b11100 ,
#246400
0!
#246500
1!
1%
0&
#246600
0!
0%
#246700
1!
1*
#246800
0!
#246900
1!
1&
0*
b11101 ,
#247000
0!
#247100
1!
1%
0&
#247200
0!
0%
#247300
1!
1*
1+
#247400
0!
#247500
1!
0*
0+
#247600
0!
#247700
1!
1&
b11110 ,
#247800
0!
#247900
1!
1%
0&
#248000
0!
0%
#248100
1!
1*
#248200
0!
#248300
1!
1&
0*
b11111 ,
#248400
0!
#248500
1!
1%
0&
#248600
0!
0%
#248700
1!
1*
1+
#248800
0!
#248900
1!
0*
0+
#249000
0!
#249100
1!
b100000 ,
#249200
0!
#249300
1!
b100001 ,
#249400
0!
#249500
1!
b100010 ,
#249600
0!
#249700
1!
b100011 ,
#249800
0!
#249900
1!
1&
b100100 ,
#250000
0!
#250100
1!
1%
0&
#250200
0!
0%
#250300
1!
1*
1+
#250400
0!
#250500
1!
0*
0+
#250600
0!
#250700
1!
1&
b100101 ,
#250800
0!
#250900
1!
1%
0&
#251000
0!
0%
#251100
1!
1*
1+
#251200
0!
#251300
1!
0*
0+
#251400
0!
#251500
1!
1&
b100110 ,
#251600
0!
#251700
1!
1%
0&
#251800
0!
0%
#251900
1!
1*
1+
#252000
0!
#252100
1!
0*
0+
#252200
0!
#252300
1!
1&
b100111 ,
#252400
0!
#252500
1!
1%
0&
#252600
0!
0%
#252700
1!
1*
#252800
0!
#252900
1!
1&
0*
b101000 ,
#253000
0!
#253100
1!
1%
0&
#253200
0!
0%
#253300
1!
1*
1+
#253400
0!
#253500
1!
0*
0+
#253600
0!
#253700
1!
1&
b101001 ,
#253800
0!
#253900
1!
1%
0&
#254000
0!
0%
#254100
1!
1*
1+
#254200
0!
#254300
1!
0*
0+
#254400
0!
#254500
1!
1&
b101010 ,
#254600
0!
#254700
1!
1%
0&
#254800
0!
0%
#254900
1!
1*
1+
#255000
0!
#255100
1!
0*
0+
#255200
0!
#255300
1!
1&
b101011 ,
#255400
0!
#255500
1!
1%
0&
#255600
0!
0%
#255700
1!
1*
#255800
0!
#255900
1!
0*
b101100 ,
#256000
0!
#256100
1!
b101101 ,
#256200
0!
#256300
1!
b101110 ,
#256400
0!
#256500
1!
b101111 ,
#256600
0!
#256700
1!
b110000 ,
#256800
0!
#256900
1!
b110001 ,
#257000
0!
#257100
1!
b110010 ,
#257200
0!
#257300
1!
b110011 ,
#257400
0!
#257500
1!
1&
b110100 ,
#257600
0!
#257700
1!
1%
0&
#257800
0!
0%
#257900
1!
1*
1+
#258000
0!
#258100
1!
0*
0+
#258200
0!
#258300
1!
1&
b110101 ,
#258400
0!
#258500
1!
1%
0&
#258600
0!
0%
#258700
1!
1*
1+
#258800
0!
#258900
1!
0*
0+
#259000
0!
#259100
1!
1&
b110110 ,
#259200
0!
#259300
1!
1%
0&
#259400
0!
0%
#259500
1!
1*
1+
#259600
0!
#259700
1!
0*
0+
#259800
0!
#259900
1!
1&
b110111 ,
#260000
0!
#260100
1!
1%
0&
#260200
0!
0%
#260300
1!
1*
1+
#260400
0!
#260500
1!
0*
0+
#260600
0!
#260700
1!
1&
b111000 ,
#260800
0!
#260900
1!
1%
0&
#261000
0!
0%
#261100
1!
1*
#261200
0!
#261300
1!
1&
0*
b111001 ,
#261400
0!
#261500
1!
1%
0&
#261600
0!
0%
#261700
1!
1*
1+
#261800
0!
#261900
1!
0*
0+
#262000
0!
#262100
1!
1&
b111010 ,
#262200
0!
#262300
1!
1%
0&
#262400
0!
0%
#262500
1!
1*
#262600
0!
#262700
1!
1&
0*
b111011 ,
#262800
0!
#262900
1!
1%
0&
#263000
0!
0%
#263100
1!
1*
#263200
0!
#263300
1!
0*
b111100 ,
#263400
0!
#263500
1!
b111101 ,
#263600
0!
#263700
1!
b111110 ,
#263800
0!
#263900
1!
b111111 ,
#264000
0!
#264100
1!
1&
b1000000 ,
#264200
0!
#264300
1!
1%
0&
#264400
0!
0%
#264500
1!
1*
1+
#264600
0!
#264700
1!
0*
0+
#264800
0!
#264900
1!
1&
b1000001 ,
#265000
0!
#265100
1!
1%
0&
#265200
0!
0%
#265300
1!
1*
#265400
0!
#265500
1!
1&
0*
b1000010 ,
#265600
0!
#265700
1!
1%
0&
#265800
0!
0%
#265900
1!
1*
1+
#266000
0!
#266100
1!
0*
0+
#266200
0!
#266300
1!
1&
b1000011 ,
#266400
0!
#266500
1!
1%
0&
#266600
0!
0%
#266700
1!
1*
1+
#266800
0!
#266900
1!
0*
0+
#267000
0!
#267100
1!
b1000100 ,
#267200
0!
#267300
1!
b1000101 ,
#267400
0!
#267500
1!
b1000110 ,
#267600
0!
#267700
1!
b1000111 ,
#267800
0!
#267900
1!
b1001000 ,
#268000
0!
#268100
1!
b1001001 ,
#268200
0!
#268300
1!
b1001010 ,
#268400
0!
#268500
1!
b1001011 ,
#268600
0!
#268700
1!
1&
b1001100 ,
#268800
0!
#268900
1!
1%
0&
#269000
0!
0%
#269100
1!
1*
1+
#269200
0!
#269300
1!
0*
0+
#269400
0!
#269500
1!
1&
b1001101 ,
#269600
0!
#269700
1!
1%
0&
#269800
0!
0%
#269900
1!
1*
1+
#270000
0!
#270100
1!
0*
0+
#270200
0!
#270300
1!
1&
b1001110 ,
#270400
0!
#270500
1!
1%
0&
#270600
0!
0%
#270700
1!
1*
#270800
0!
#270900
1!
1&
0*
b1001111 ,
#271000
0!
#271100
1!
1%
0&
#271200
0!
0%
#271300
1!
1*
1+
#271400
0!
#271500
1!
0*
0+
#271600
0!
#271700
1!
1&
b1010000 ,
#271800
0!
#271900
1!
1%
0&
#272000
0!
0%
#272100
1!
1*
1+
#272200
0!
#272300
1!
0*
0+
#272400
0!
#272500
1!
1&
b1010001 ,
#272600
0!
#272700
1!
1%
0&
#272800
0!
0%
#272900
1!
1*
1+
#273000
0!
#273100
1!
0*
0+
#273200
0!
#273300
1!
1&
b1010010 ,
#273400
0!
#273500
1!
1%
0&
#273600
0!
0%
#273700
1!
1*
#273800
0!
#273900
1!
1&
0*
b1010011 ,
#274000
0!
#274100
1!
1%
0&
#274200
0!
0%
#274300
1!
1*
1+
#274400
0!
#274500
1!
0*
0+
#274600
0!
#274700
1!
b1010100 ,
#274800
0!
#274900
1!
b1010101 ,
#275000
0!
#275100
1!
b1010110 ,
#275200
0!
#275300
1!
b1010111 ,
#275400
0!
#275500
1!
b1011000 ,
#275600
0!
#275700
1!
b1011001 ,
#275800
0!
#275900
1!
b1011010 ,
#276000
0!
#276100
1!
b1011011 ,
#276200
0!
#276300
1!
1&
b1011100 ,
#276400
0!
#276500
1!
1%
0&
#276600
0!
0%
#276700
1!
1*
1+
#276800
0!
#276900
1!
0*
0+
#277000
0!
#277100
1!
1&
b1011101 ,
#277200
0!
#277300
1!
1%
0&
#277400
0!
0%
#277500
1!
1*
1+
#277600
0!
#277700
1!
0*
0+
#277800
0!
#277900
1!
1&
b1011110 ,
#278000
0!
#278100
1!
1%
0&
#278200
0!
0%
#278300
1!
1*
1+
#278400
0!
#278500
1!
0*
0+
#278600
0!
#278700
1!
1&
b1011111 ,
#278800
0!
#278900
1!
1%
0&
#279000
0!
0%
#279100
1!
1*
1+
#279200
0!
#279300
1!
0*
0+
#279400
0!
#279500
1!
b1100000 ,
#279600
0!
#279700
1!
b1100001 ,
#279800
0!
#279900
1!
b1100010 ,
#280000
0!
#280100
1!
b1100011 ,
#280200
0!
#280300
1!
1&
b1100100 ,
#280400
0!
#280500
1!
1%
0&
#280600
0!
0%
#280700
1!
1*
#280800
0!
#280900
1!
1&
0*
b1100101 ,
#281000
0!
#281100
1!
1%
0&
#281200
0!
0%
#281300
1!
1*
#281400
0!
#281500
1!
1&
0*
b1100110 ,
#281600
0!
#281700
1!
1%
0&
#281800
0!
0%
#281900
1!
1*
#282000
0!
#282100
1!
1&
0*
b1100111 ,
#282200
0!
#282300
1!
1%
0&
#282400
0!
0%
#282500
1!
1*
1+
#282600
0!
#282700
1!
0*
0+
#282800
0!
#282900
1!
1&
b1101000 ,
#283000
0!
#283100
1!
1%
0&
#283200
0!
0%
#283300
1!
1*
1+
#283400
0!
#283500
1!
0*
0+
#283600
0!
#283700
1!
1&
b1101001 ,
#283800
0!
#283900
1!
1%
0&
#284000
0!
0%
#284100
1!
1*
1+
#284200
0!
#284300
1!
0*
0+
#284400
0!
#284500
1!
1&
b1101010 ,
#284600
0!
#284700
1!
1%
0&
#284800
0!
0%
#284900
1!
1*
#285000
0!
#285100
1!
1&
0*
b1101011 ,
#285200
0!
#285300
1!
1%
0&
#285400
0!
0%
#285500
1!
1*
#285600
0!
#285700
1!
0*
b1101100 ,
#285800
0!
#285900
1!
b1101101 ,
#286000
0!
#286100
1!
b1101110 ,
#286200
0!
#286300
1!
b1101111 ,
#286400
0!
#286500
1!
b1110000 ,
#286600
0!
#286700
1!
b1110001 ,
#286800
0!
#286900
1!
b1110010 ,
#287000
0!
#287100
1!
b1110011 ,
#287200
0!
#287300
1!
1&
b1110100 ,
#287400
0!
#287500
1!
1%
0&
#287600
0!
0%
#287700
1!
1*
1+
#287800
0!
#287900
1!
0*
0+
#288000
0!
#288100
1!
1&
b1110101 ,
#288200
0!
#288300
1!
1%
0&
#288400
0!
0%
#288500
1!
1*
1+
#288600
0!
#288700
1!
0*
0+
#288800
0!
#288900
1!
1&
b1110110 ,
#289000
0!
#289100
1!
1%
0&
#289200
0!
0%
#289300
1!
1*
#289400
0!
#289500
1!
1&
0*
b1110111 ,
#289600
0!
#289700
1!
1%
0&
#289800
0!
0%
#289900
1!
1*
#290000
0!
#290100
1!
1&
0*
b1111000 ,
#290200
0!
#290300
1!
1%
0&
#290400
0!
0%
#290500
1!
1*
1+
#290600
0!
#290700
1!
0*
0+
#290800
0!
#290900
1!
1&
b1111001 ,
#291000
0!
#291100
1!
1%
0&
#291200
0!
0%
#291300
1!
1*
#291400
0!
#291500
1!
1&
0*
b1111010 ,
#291600
0!
#291700
1!
1%
0&
#291800
0!
0%
#291900
1!
1*
1+
#292000
0!
#292100
1!
0*
0+
#292200
0!
#292300
1!
1&
b1111011 ,
#292400
0!
#292500
1!
1%
0&
#292600
0!
0%
#292700
1!
1*
1+
#292800
0!
#292900
1!
0*
0+
#293000
0!
#293100
1!
b1111100 ,
#293200
0!
#293300
1!
b1111101 ,
#293400
0!
#293500
1!
b1111110 ,
#293600
0!
#293700
1!
b1111111 ,
#293800
0!
#293900
1!
#294000
0!
#294100
1!
b10101101 .
b11000000 /
#294200
0!
#294300
1!
#294400
0!
#294500
1!
b0 ,
#294600
0!
#294700
1!
b1 ,
#294800
0!
#294900
1!
b10 ,
#295000
0!
#295100
1!
b11 ,
#295200
0!
#295300
1!
1&
b100 ,
#295400
0!
#295500
1!
1%
0&
#295600
0!
0%
#295700
1!
1*
1+
#295800
0!
#295900
1!
0*
0+
#296000
0!
#296100
1!
1&
b101 ,
#296200
0!
#296300
1!
1%
0&
#296400
0!
0%
#296500
1!
1*
1+
#296600
0!
#296700
1!
0*
0+
#296800
0!
#296900
1!
1&
b110 ,
#297000
0!
#297100
1!
1%
0&
#297200
0!
0%
#297300
1!
1*
1+
#297400
0!
#297500
1!
0*
0+
#297600
0!
#297700
1!
1&
b111 ,
#297800
0!
#297900
1!
1%
0&
#298000
0!
0%
#298100
1!
1*
1+
#298200
0!
#298300
1!
0*
0+
#298400
0!
#298500
1!
1&
b1000 ,
#298600
0!
#298700
1!
1%
0&
#298800
0!
0%
#298900
1!
1*
1+
#299000
0!
#299100
1!
0*
0+
#299200
0!
#299300
1!
1&
b1001 ,
#299400
0!
#299500
1!
1%
0&
#299600
0!
0%
#299700
1!
1*
1+
#299800
0!
#299900
1!
0*
0+
#300000
0!
#300100
1!
1&
b1010 ,
#300200
0!
#300300
1!
1%
0&
#300400
0!
0%
#300500
1!
1*
1+
#300600
0!
#300700
1!
0*
0+
#300800
0!
#300900
1!
1&
b1011 ,
#301000
0!
#301100
1!
1%
0&
#301200
0!
0%
#301300
1!
1*
1+
#301400
0!
#301500
1!
0*
0+
#301600
0!
#301700
1!
b1100 ,
#301800
0!
#301900
1!
b1101 ,
#302000
0!
#302100
1!
b1110 ,
#302200
0!
#302300
1!
b1111 ,
#302400
0!
#302500
1!
b10000 ,
#302600
0!
#302700
1!
b10001 ,
#302800
0!
#302900
1!
b10010 ,
#303000
0!
#303100
1!
b10011 ,
#303200
0!
#303300
1!
1&
b10100 ,
#303400
0!
#303500
1!
1%
0&
#303600
0!
0%
#303700
1!
1*
1+
#303800
0!
#303900
1!
0*
0+
#304000
0!
#304100
1!
1&
b10101 ,
#304200
0!
#304300
1!
1%
0&
#304400
0!
0%
#304500
1!
1*
1+
#304600
0!
#304700
1!
0*
0+
#304800
0!
#304900
1!
1&
b10110 ,
#305000
0!
#305100
1!
1%
0&
#305200
0!
0%
#305300
1!
1*
1+
#305400
0!
#305500
1!
0*
0+
#305600
0!
#305700
1!
1&
b10111 ,
#305800
0!
#305900
1!
1%
0&
#306000
0!
0%
#306100
1!
1*
#306200
0!
#306300
1!
1&
0*
b11000 ,
#306400
0!
#306500
1!
1%
0&
#306600
0!
0%
#306700
1!
1*
1+
#306800
0!
#306900
1!
0*
0+
#307000
0!
#307100
1!
1&
b11001 ,
#307200
0!
#307300
1!
1%
0&
#307400
0!
0%
#307500
1!
1*
1+
#307600
0!
#307700
1!
0*
0+
#307800
0!
#307900
1!
1&
b11010 ,
#308000
0!
#308100
1!
1%
0&
#308200
0!
0%
#308300
1!
1*
#308400
0!
#308500
1!
1&
0*
b11011 ,
#308600
0!
#308700
1!
1%
0&
#308800
0!
0%
#308900
1!
1*
1+
#309000
0!
#309100
1!
0*
0+
#309200
0!
#309300
1!
b11100 ,
#309400
0!
#309500
1!
b11101 ,
#309600
0!
#309700
1!
b11110 ,
#309800
0!
#309900
1!
b11111 ,
#310000
0!
#310100
1!
1&
b100000 ,
#310200
0!
#310300
1!
1%
0&
#310400
0!
0%
#310500
1!
1*
1+
#310600
0!
#310700
1!
0*
0+
#310800
0!
#310900
1!
1&
b100001 ,
#311000
0!
#311100
1!
1%
0&
#311200
0!
0%
#311300
1!
1*
1+
#311400
0!
#311500
1!
0*
0+
#311600
0!
#311700
1!
1&
b100010 ,
#311800
0!
#311900
1!
1%
0&
#312000
0!
0%
#312100
1!
1*
1+
#312200
0!
#312300
1!
0*
0+
#312400
0!
#312500
1!
1&
b100011 ,
#312600
0!
#312700
1!
1%
0&
#312800
0!
0%
#312900
1!
1*
1+
#313000
0!
#313100
1!
0*
0+
#313200
0!
#313300
1!
b100100 ,
#313400
0!
#313500
1!
b100101 ,
#313600
0!
#313700
1!
b100110 ,
#313800
0!
#313900
1!
b100111 ,
#314000
0!
#314100
1!
b101000 ,
#314200
0!
#314300
1!
b101001 ,
#314400
0!
#314500
1!
b101010 ,
#314600
0!
#314700
1!
b101011 ,
#314800
0!
#314900
1!
1&
b101100 ,
#315000
0!
#315100
1!
1%
0&
#315200
0!
0%
#315300
1!
1*
#315400
0!
#315500
1!
1&
0*
b101101 ,
#315600
0!
#315700
1!
1%
0&
#315800
0!
0%
#315900
1!
1*
#316000
0!
#316100
1!
1&
0*
b101110 ,
#316200
0!
#316300
1!
1%
0&
#316400
0!
0%
#316500
1!
1*
#316600
0!
#316700
1!
1&
0*
b101111 ,
#316800
0!
#316900
1!
1%
0&
#317000
0!
0%
#317100
1!
1*
1+
#317200
0!
#317300
1!
0*
0+
#317400
0!
#317500
1!
1&
b110000 ,
#317600
0!
#317700
1!
1%
0&
#317800
0!
0%
#317900
1!
1*
1+
#318000
0!
#318100
1!
0*
0+
#318200
0!
#318300
1!
1&
b110001 ,
#318400
0!
#318500
1!
1%
0&
#318600
0!
0%
#318700
1!
1*
#318800
0!
#318900
1!
1&
0*
b110010 ,
#319000
0!
#319100
1!
1%
0&
#319200
0!
0%
#319300
1!
1*
1+
#319400
0!
#319500
1!
0*
0+
#319600
0!
#319700
1!
1&
b110011 ,
#319800
0!
#319900
1!
1%
0&
#320000
0!
0%
#320100
1!
1*
#320200
0!
#320300
1!
0*
b110100 ,
#320400
0!
#320500
1!
b110101 ,
#320600
0!
#320700
1!
b110110 ,
#320800
0!
#320900
1!
b110111 ,
#321000
0!
#321100
1!
b111000 ,
#321200
0!
#321300
1!
b111001 ,
#321400
0!
#321500
1!
b111010 ,
#321600
0!
#321700
1!
b111011 ,
#321800
0!
#321900
1!
1&
b111100 ,
#322000
0!
#322100
1!
1%
0&
#322200
0!
0%
#322300
1!
1*
1+
#322400
0!
#322500
1!
0*
0+
#322600
0!
#322700
1!
1&
b111101 ,
#322800
0!
#322900
1!
1%
0&
#323000
0!
0%
#323100
1!
1*
#323200
0!
#323300
1!
1&
0*
b111110 ,
#323400
0!
#323500
1!
1%
0&
#323600
0!
0%
#323700
1!
1*
1+
#323800
0!
#323900
1!
0*
0+
#324000
0!
#324100
1!
1&
b111111 ,
#324200
0!
#324300
1!
1%
0&
#324400
0!
0%
#324500
1!
1*
#324600
0!
#324700
1!
0*
b1000000 ,
#324800
0!
#324900
1!
b1000001 ,
#325000
0!
#325100
1!
b1000010 ,
#325200
0!
#325300
1!
b1000011 ,
#325400
0!
#325500
1!
1&
b1000100 ,
#325600
0!
#325700
1!
1%
0&
#325800
0!
0%
#325900
1!
1*
1+
#326000
0!
#326100
1!
0*
0+
#326200
0!
#326300
1!
1&
b1000101 ,
#326400
0!
#326500
1!
1%
0&
#326600
0!
0%
#326700
1!
1*
1+
#326800
0!
#326900
1!
0*
0+
#327000
0!
#327100
1!
1&
b1000110 ,
#327200
0!
#327300
1!
1%
0&
#327400
0!
0%
#327500
1!
1*
1+
#327600
0!
#327700
1!
0*
0+
#327800
0!
#327900
1!
1&
b1000111 ,
#328000
0!
#328100
1!
1%
0&
#328200
0!
0%
#328300
1!
1*
1+
#328400
0!
#328500
1!
0*
0+
#328600
0!
#328700
1!
1&
b1001000 ,
#328800
0!
#328900
1!
1%
0&
#329000
0!
0%
#329100
1!
1*
1+
#329200
0!
#329300
1!
0*
0+
#329400
0!
#329500
1!
1&
b1001001 ,
#329600
0!
#329700
1!
1%
0&
#329800
0!
0%
#329900
1!
1*
#330000
0!
#330100
1!
1&
0*
b1001010 ,
#330200
0!
#330300
1!
1%
0&
#330400
0!
0%
#330500
1!
1*
1+
#330600
0!
#330700
1!
0*
0+
#330800
0!
#330900
1!
1&
b1001011 ,
#331000
0!
#331100
1!
1%
0&
#331200
0!
0%
#331300
1!
1*
1+
#331400
0!
#331500
1!
0*
0+
#331600
0!
#331700
1!
b1001100 ,
#331800
0!
#331900
1!
b1001101 ,
#332000
0!
#332100
1!
b1001110 ,
#332200
0!
#332300
1!
b1001111 ,
#332400
0!
#332500
1!
b1010000 ,
#332600
0!
#332700
1!
b1010001 ,
#332800
0!
#332900
1!
b1010010 ,
#333000
0!
#333100
1!
b1010011 ,
#333200
0!
#333300
1!
1&
b1010100 ,
#333400
0!
#333500
1!
1%
0&
#333600
0!
0%
#333700
1!
1*
1+
#333800
0!
#333900
1!
0*
0+
#334000
0!
#334100
1!
1&
b1010101 ,
#334200
0!
#334300
1!
1%
0&
#334400
0!
0%
#334500
1!
1*
1+
#334600
0!
#334700
1!
0*
0+
#334800
0!
#334900
1!
1&
b1010110 ,
#335000
0!
#335100
1!
1%
0&
#335200
0!
0%
#335300
1!
1*
1+
#335400
0!
#335500
1!
0*
0+
#335600
0!
#335700
1!
1&
b1010111 ,
#335800
0!
#335900
1!
1%
0&
#336000
0!
0%
#336100
1!
1*
1+
#336200
0!
#336300
1!
0*
0+
#336400
0!
#336500
1!
1&
b1011000 ,
#336600
0!
#336700
1!
1%
0&
#336800
0!
0%
#336900
1!
1*
1+
#337000
0!
#337100
1!
0*
0+
#337200
0!
#337300
1!
1&
b1011001 ,
#337400
0!
#337500
1!
1%
0&
#337600
0!
0%
#337700
1!
1*
1+
#337800
0!
#337900
1!
0*
0+
#338000
0!
#338100
1!
1&
b1011010 ,
#338200
0!
#338300
1!
1%
0&
#338400
0!
0%
#338500
1!
1*
1+
#338600
0!
#338700
1!
0*
0+
#338800
0!
#338900
1!
1&
b1011011 ,
#339000
0!
#339100
1!
1%
0&
#339200
0!
0%
#339300
1!
1*
1+
#339400
0!
#339500
1!
0*
0+
#339600
0!
#339700
1!
b1011100 ,
#339800
0!
#339900
1!
b1011101 ,
#340000
0!
#340100
1!
b1011110 ,
#340200
0!
#340300
1!
b1011111 ,
#340400
0!
#340500
1!
1&
b1100000 ,
#340600
0!
#340700
1!
1%
0&
#340800
0!
0%
#340900
1!
1*
#341000
0!
#341100
1!
1&
0*
b1100001 ,
#341200
0!
#341300
1!
1%
0&
#341400
0!
0%
#341500
1!
1*
1+
#341600
0!
#341700
1!
0*
0+
#341800
0!
#341900
1!
1&
b1100010 ,
#342000
0!
#342100
1!
1%
0&
#342200
0!
0%
#342300
1!
1*
1+
#342400
0!
#342500
1!
0*
0+
#342600
0!
#342700
1!
1&
b1100011 ,
#342800
0!
#342900
1!
1%
0&
#343000
0!
0%
#343100
1!
1*
#343200
0!
#343300
1!
0*
b1100100 ,
#343400
0!
#343500
1!
b1100101 ,
#343600
0!
#343700
1!
b1100110 ,
#343800
0!
#343900
1!
b1100111 ,
#344000
0!
#344100
1!
b1101000 ,
#344200
0!
#344300
1!
b1101001 ,
#344400
0!
#344500
1!
b1101010 ,
#344600
0!
#344700
1!
b1101011 ,
#344800
0!
#344900
1!
1&
b1101100 ,
#345000
0!
#345100
1!
1%
0&
#345200
0!
0%
#345300
1!
1*
1+
#345400
0!
#345500
1!
0*
0+
#345600
0!
#345700
1!
1&
b1101101 ,
#345800
0!
#345900
1!
1%
0&
#346000
0!
0%
#346100
1!
1*
1+
#346200
0!
#346300
1!
0*
0+
#346400
0!
#346500
1!
1&
b1101110 ,
#346600
0!
#346700
1!
1%
0&
#346800
0!
0%
#346900
1!
1*
1+
#347000
0!
#347100
1!
0*
0+
#347200
0!
#347300
1!
1&
b1101111 ,
#347400
0!
#347500
1!
1%
0&
#347600
0!
0%
#347700
1!
1*
#347800
0!
#347900
1!
1&
0*
b1110000 ,
#348000
0!
#348100
1!
1%
0&
#348200
0!
0%
#348300
1!
1*
1+
#348400
0!
#348500
1!
0*
0+
#348600
0!
#348700
1!
1&
b1110001 ,
#348800
0!
#348900
1!
1%
0&
#349000
0!
0%
#349100
1!
1*
1+
#349200
0!
#349300
1!
0*
0+
#349400
0!
#349500
1!
1&
b1110010 ,
#349600
0!
#349700
1!
1%
0&
#349800
0!
0%
#349900
1!
1*
#350000
0!
#350100
1!
1&
0*
b1110011 ,
#350200
0!
#350300
1!
1%
0&
#350400
0!
0%
#350500
1!
1*
1+
#350600
0!
#350700
1!
0*
0+
#350800
0!
#350900
1!
b1110100 ,
#351000
0!
#351100
1!
b1110101 ,
#351200
0!
#351300
1!
b1110110 ,
#351400
0!
#351500
1!
b1110111 ,
#351600
0!
#351700
1!
b1111000 ,
#351800
0!
#351900
1!
b1111001 ,
#352000
0!
#352100
1!
b1111010 ,
#352200
0!
#352300
1!
b1111011 ,
#352400
0!
#352500
1!
1&
b1111100 ,
#352600
0!
#352700
1!
1%
0&
#352800
0!
0%
#352900
1!
1*
1+
#353000
0!
#353100
1!
0*
0+
#353200
0!
#353300
1!
1&
b1111101 ,
#353400
0!
#353500
1!
1%
0&
#353600
0!
0%
#353700
1!
1*
1+
#353800
0!
#353900
1!
0*
0+
#354000
0!
#354100
1!
1&
b1111110 ,
#354200
0!
#354300
1!
1%
0&
#354400
0!
0%
#354500
1!
1*
1+
#354600
0!
#354700
1!
0*
0+
#354800
0!
#354900
1!
1&
b1111111 ,
#355000
0!
#355100
1!
1%
0&
#355200
0!
0%
#355300
1!
1*
#355400
0!
#355500
1!
0*
#355600
0!
#355700
1!
b11011110 .
b100000000 /
#355800
0!
#355900
1!
#356000
0!
#356100
1!
1&
b0 ,
#356200
0!
#356300
1!
1%
0&
#356400
0!
0%
#356500
1!
1*
1+
#356600
0!
#356700
1!
0*
0+
1-
#356800
0!
#356900
1!
1&
1(
b100101111000111000000000110101 )
b1 ,
0-
#357000
0!
0(
#357100
1!
1%
0&
#357200
0!
0%
#357300
1!
1*
1+
#357400
0!
#357500
1!
0*
0+
#357600
0!
#357700
1!
1&
b10 ,
#357800
0!
#357900
1!
1%
0&
#358000
0!
0%
#358100
1!
1*
1+
#358200
0!
#358300
1!
0*
0+
#358400
0!
#358500
1!
1&
b11 ,
#358600
0!
#358700
1!
1%
0&
#358800
0!
0%
#358900
1!
1*
1+
#359000
0!
#359100
1!
0*
0+
#359200
0!
#359300
1!
b100 ,
#359400
0!
#359500
1!
b101 ,
#359600
0!
#359700
1!
b110 ,
#359800
0!
#359900
1!
b111 ,
#360000
0!
#360100
1!
b1000 ,
#360200
0!
#360300
1!
b1001 ,
#360400
0!
#360500
1!
b1010 ,
#360600
0!
#360700
1!
b1011 ,
#360800
0!
#360900
1!
1&
b1100 ,
#361000
0!
#361100
1!
1%
0&
#361200
0!
0%
#361300
1!
1*
1+
#361400
0!
#361500
1!
0*
0+
#361600
0!
#361700
1!
1&
b1101 ,
#361800
0!
#361900
1!
1%
0&
#362000
0!
0%
#362100
1!
1*
1+
#362200
0!
#362300
1!
0*
0+
#362400
0!
#362500
1!
1&
b1110 ,
#362600
0!
#362700
1!
1%
0&
#362800
0!
0%
#362900
1!
1*
1+
#363000
0!
#363100
1!
0*
0+
#363200
0!
#363300
1!
1&
b1111 ,
#363400
0!
#363500
1!
1%
0&
#363600
0!
0%
#363700
1!
1*
1+
#363800
0!
#363900
1!
0*
0+
#364000
0!
#364100
1!
1&
b10000 ,
#364200
0!
#364300
1!
1%
0&
#364400
0!
0%
#364500
1!
1*
1+
#364600
0!
#364700
1!
0*
0+
#364800
0!
#364900
1!
1&
b10001 ,
#365000
0!
#365100
1!
1%
0&
#365200
0!
0%
#365300
1!
1*
1+
#365400
0!
#365500
1!
0*
0+
#365600
0!
#365700
1!
1&
b10010 ,
#365800
0!
#365900
1!
1%
0&
#366000
0!
0%
#366100
1!
1*
1+
#366200
0!
#366300
1!
0*
0+
#366400
0!
#366500
1!
1&
b10011 ,
#366600
0!
#366700
1!
1%
0&
#366800
0!
0%
#366900
1!
1*
1+
#367000
0!
#367100
1!
0*
0+
#367200
0!
#367300
1!
b10100 ,
#367400
0!
#367500
1!
b10101 ,
#367600
0!
#367700
1!
b10110 ,
#367800
0!
#367900
1!
b10111 ,
#368000
0!
#368100
1!
b11000 ,
#368200
0!
#368300
1!
b11001 ,
#368400
0!
#368500
1!
b11010 ,
#368600
0!
#368700
1!
b11011 ,
#368800
0!
#368900
1!
1&
b11100 ,
#369000
0!
#369100
1!
1%
0&
#369200
0!
0%
#369300
1!
1*
1+
#369400
0!
#369500
1!
0*
0+
#369600
0!
#369700
1!
1&
b11101 ,
#369800
0!
#369900
1!
1%
0&
#370000
0!
0%
#370100
1!
1*
1+
#370200
0!
#370300
1!
0*
0+
#370400
0!
#370500
1!
1&
b11110 ,
#370600
0!
#370700
1!
1%
0&
#370800
0!
0%
#370900
1!
1*
1+
#371000
0!
#371100
1!
0*
0+
#371200
0!
#371300
1!
1&
b11111 ,
#371400
0!
#371500
1!
1%
0&
#371600
0!
0%
#371700
1!
1*
1+
#371800
0!
#371900
1!
0*
0+
#372000
0!
#372100
1!
b100000 ,
#372200
0!
#372300
1!
b100001 ,
#372400
0!
#372500
1!
b100010 ,
#372600
0!
#372700
1!
b100011 ,
#372800
0!
#372900
1!
1&
b100100 ,
#373000
0!
#373100
1!
1%
0&
#373200
0!
0%
#373300
1!
1*
1+
#373400
0!
#373500
1!
0*
0+
#373600
0!
#373700
1!
1&
b100101 ,
#373800
0!
#373900
1!
1%
0&
#374000
0!
0%
#374100
1!
1*
1+
#374200
0!
#374300
1!
0*
0+
#374400
0!
#374500
1!
1&
b100110 ,
#374600
0!
#374700
1!
1%
0&
#374800
0!
0%
#374900
1!
1*
#375000
0!
#375100
1!
1&
0*
b100111 ,
#375200
0!
#375300
1!
1%
0&
#375400
0!
0%
#375500
1!
1*
#375600
0!
#375700
1!
1&
0*
b101000 ,
#375800
0!
#375900
1!
1%
0&
#376000
0!
0%
#376100
1!
1*
1+
#376200
0!
#376300
1!
0*
0+
#376400
0!
#376500
1!
1&
b101001 ,
#376600
0!
#376700
1!
1%
0&
#376800
0!
0%
#376900
1!
1*
#377000
0!
#377100
1!
1&
0*
b101010 ,
#377200
0!
#377300
1!
1%
0&
#377400
0!
0%
#377500
1!
1*
1+
#377600
0!
#377700
1!
0*
0+
#377800
0!
#377900
1!
1&
b101011 ,
#378000
0!
#378100
1!
1%
0&
#378200
0!
0%
#378300
1!
1*
#378400
0!
#378500
1!
0*
b101100 ,
#378600
0!
#378700
1!
b101101 ,
#378800
0!
#378900
1!
b101110 ,
#379000
0!
#379100
1!
b101111 ,
#379200
0!
#379300
1!
b110000 ,
#379400
0!
#379500
1!
b110001 ,
#379600
0!
#379700
1!
b110010 ,
#379800
0!
#379900
1!
b110011 ,
#380000
0!
#380100
1!
1&
b110100 ,
#380200
0!
#380300
1!
1%
0&
#380400
0!
0%
#380500
1!
1*
1+
#380600
0!
#380700
1!
0*
0+
#380800
0!
#380900
1!
1&
b110101 ,
#381000
0!
#381100
1!
1%
0&
#381200
0!
0%
#381300
1!
1*
1+
#381400
0!
#381500
1!
0*
0+
#381600
0!
#381700
1!
1&
b110110 ,
#381800
0!
#381900
1!
1%
0&
#382000
0!
0%
#382100
1!
1*
1+
#382200
0!
#382300
1!
0*
0+
#382400
0!
#382500
1!
1&
b110111 ,
#382600
0!
#382700
1!
1%
0&
#382800
0!
0%
#382900
1!
1*
1+
#383000
0!
#383100
1!
0*
0+
#383200
0!
#383300
1!
1&
b111000 ,
#383400
0!
#383500
1!
1%
0&
#383600
0!
0%
#383700
1!
1*
#383800
0!
#383900
1!
1&
0*
b111001 ,
#384000
0!
#384100
1!
1%
0&
#384200
0!
0%
#384300
1!
1*
1+
#384400
0!
#384500
1!
0*
0+
#384600
0!
#384700
1!
1&
b111010 ,
#384800
0!
#384900
1!
1%
0&
#385000
0!
0%
#385100
1!
1*
#385200
0!
#385300
1!
1&
0*
b111011 ,
#385400
0!
#385500
1!
1%
0&
#385600
0!
0%
#385700
1!
1*
#385800
0!
#385900
1!
0*
b111100 ,
#386000
0!
#386100
1!
b111101 ,
#386200
0!
#386300
1!
b111110 ,
#386400
0!
#386500
1!
b111111 ,
#386600
0!
#386700
1!
1&
b1000000 ,
#386800
0!
#386900
1!
1%
0&
#387000
0!
0%
#387100
1!
1*
1+
#387200
0!
#387300
1!
0*
0+
#387400
0!
#387500
1!
1&
b1000001 ,
#387600
0!
#387700
1!
1%
0&
#387800
0!
0%
#387900
1!
1*
#388000
0!
#388100
1!
1&
0*
b1000010 ,
#388200
0!
#388300
1!
1%
0&
#388400
0!
0%
#388500
1!
1*
1+
#388600
0!
#388700
1!
0*
0+
#388800
0!
#388900
1!
1&
b1000011 ,
#389000
0!
#389100
1!
1%
0&
#389200
0!
0%
#389300
1!
1*
1+
#389400
0!
#389500
1!
0*
0+
#389600
0!
#389700
1!
b1000100 ,
#389800
0!
#389900
1!
b1000101 ,
#390000
0!
#390100
1!
b1000110 ,
#390200
0!
#390300
1!
b1000111 ,
#390400
0!
#390500
1!
b1001000 ,
#390600
0!
#390700
1!
b1001001 ,
#390800
0!
#390900
1!
b1001010 ,
#391000
0!
#391100
1!
b1001011 ,
#391200
0!
#391300
1!
1&
b1001100 ,
#391400
0!
#391500
1!
1%
0&
#391600
0!
0%
#391700
1!
1*
1+
#391800
0!
#391900
1!
0*
0+
#392000
0!
#392100
1!
1&
b1001101 ,
#392200
0!
#392300
1!
1%
0&
#392400
0!
0%
#392500
1!
1*
1+
#392600
0!
#392700
1!
0*
0+
#392800
0!
#392900
1!
1&
b1001110 ,
#393000
0!
#393100
1!
1%
0&
#393200
0!
0%
#393300
1!
1*
#393400
0!
#393500
1!
1&
0*
b1001111 ,
#393600
0!
#393700
1!
1%
0&
#393800
0!
0%
#393900
1!
1*
1+
#394000
0!
#394100
1!
0*
0+
#394200
0!
#394300
1!
1&
b1010000 ,
#394400
0!
#394500
1!
1%
0&
#394600
0!
0%
#394700
1!
1*
#394800
0!
#394900
1!
1&
0*
b1010001 ,
#395000
0!
#395100
1!
1%
0&
#395200
0!
0%
#395300
1!
1*
#395400
0!
#395500
1!
1&
0*
b1010010 ,
#395600
0!
#395700
1!
1%
0&
#395800
0!
0%
#395900
1!
1*
#396000
0!
#396100
1!
1&
0*
b1010011 ,
#396200
0!
#396300
1!
1%
0&
#396400
0!
0%
#396500
1!
1*
#396600
0!
#396700
1!
0*
b1010100 ,
#396800
0!
#396900
1!
b1010101 ,
#397000
0!
#397100
1!
b1010110 ,
#397200
0!
#397300
1!
b1010111 ,
#397400
0!
#397500
1!
b1011000 ,
#397600
0!
#397700
1!
b1011001 ,
#397800
0!
#397900
1!
b1011010 ,
#398000
0!
#398100
1!
b1011011 ,
#398200
0!
#398300
1!
1&
b1011100 ,
#398400
0!
#398500
1!
1%
0&
#398600
0!
0%
#398700
1!
1*
#398800
0!
#398900
1!
1&
0*
b1011101 ,
#399000
0!
#399100
1!
1%
0&
#399200
0!
0%
#399300
1!
1*
#399400
0!
#399500
1!
1&
0*
b1011110 ,
#399600
0!
#399700
1!
1%
0&
#399800
0!
0%
#399900
1!
1*
1+
#400000
0!
#400100
1!
0*
0+
#400200
0!
#400300
1!
1&
b1011111 ,
#400400
0!
#400500
1!
1%
0&
#400600
0!
0%
#400700
1!
1*
#400800
0!
#400900
1!
0*
b1100000 ,
#401000
0!
#401100
1!
b1100001 ,
#401200
0!
#401300
1!
b1100010 ,
#401400
0!
#401500
1!
b1100011 ,
#401600
0!
#401700
1!
1&
b1100100 ,
#401800
0!
#401900
1!
1%
0&
#402000
0!
0%
#402100
1!
1*
#402200
0!
#402300
1!
1&
0*
b1100101 ,
#402400
0!
#402500
1!
1%
0&
#402600
0!
0%
#402700
1!
1*
#402800
0!
#402900
1!
1&
0*
b1100110 ,
#403000
0!
#403100
1!
1%
0&
#403200
0!
0%
#403300
1!
1*
#403400
0!
#403500
1!
1&
0*
b1100111 ,
#403600
0!
#403700
1!
1%
0&
#403800
0!
0%
#403900
1!
1*
#404000
0!
#404100
1!
1&
0*
b1101000 ,
#404200
0!
#404300
1!
1%
0&
#404400
0!
0%
#404500
1!
1*
1+
#404600
0!
#404700
1!
0*
0+
#404800
0!
#404900
1!
1&
b1101001 ,
#405000
0!
#405100
1!
1%
0&
#405200
0!
0%
#405300
1!
1*
1+
#405400
0!
#405500
1!
0*
0+
#405600
0!
#405700
1!
1&
b1101010 ,
#405800
0!
#405900
1!
1%
0&
#406000
0!
0%
#406100
1!
1*
1+
#406200
0!
#406300
1!
0*
0+
#406400
0!
#406500
1!
1&
b1101011 ,
#406600
0!
#406700
1!
1%
0&
#406800
0!
0%
#406900
1!
1*
1+
#407000
0!
#407100
1!
0*
0+
#407200
0!
#407300
1!
b1101100 ,
#407400
0!
#407500
1!
b1101101 ,
#407600
0!
#407700
1!
b1101110 ,
#407800
0!
#407900
1!
b1101111 ,
#408000
0!
#408100
1!
b1110000 ,
#408200
0!
#408300
1!
b1110001 ,
#408400
0!
#408500
1!
b1110010 ,
#408600
0!
#408700
1!
b1110011 ,
#408800
0!
#408900
1!
1&
b1110100 ,
#409000
0!
#409100
1!
1%
0&
#409200
0!
0%
#409300
1!
1*
#409400
0!
#409500
1!
1&
0*
b1110101 ,
#409600
0!
#409700
1!
1%
0&
#409800
0!
0%
#409900
1!
1*
1+
#410000
0!
#410100
1!
0*
0+
#410200
0!
#410300
1!
1&
b1110110 ,
#410400
0!
#410500
1!
1%
0&
#410600
0!
0%
#410700
1!
1*
#410800
0!
#410900
1!
1&
0*
b1110111 ,
#411000
0!
#411100
1!
1%
0&
#411200
0!
0%
#411300
1!
1*
1+
#411400
0!
#411500
1!
0*
0+
#411600
0!
#411700
1!
1&
b1111000 ,
#411800
0!
#411900
1!
1%
0&
#412000
0!
0%
#412100
1!
1*
1+
#412200
0!
#412300
1!
0*
0+
#412400
0!
#412500
1!
1&
b1111001 ,
#412600
0!
#412700
1!
1%
0&
#412800
0!
0%
#412900
1!
1*
#413000
0!
#413100
1!
1&
0*
b1111010 ,
#413200
0!
#413300
1!
1%
0&
#413400
0!
0%
#413500
1!
1*
#413600
0!
#413700
1!
1&
0*
b1111011 ,
#413800
0!
#413900
1!
1%
0&
#414000
0!
0%
#414100
1!
1*
#414200
0!
#414300
1!
0*
b1111100 ,
#414400
0!
#414500
1!
b1111101 ,
#414600
0!
#414700
1!
b1111110 ,
#414800
0!
#414900
1!
b1111111 ,
#415000
0!
#415100
1!
#415200
0!
#415300
1!
b100000101 .
b101000000 /
#415400
0!
#415500
1!
#415600
0!
#415700
1!
b0 ,
#415800
0!
#415900
1!
b1 ,
#416000
0!
#416100
1!
b10 ,
#416200
0!
#416300
1!
b11 ,
#416400
0!
#416500
1!
1&
b100 ,
#416600
0!
#416700
1!
1%
0&
#416800
0!
0%
#416900
1!
1*
1+
#417000
0!
#417100
1!
0*
0+
#417200
0!
#417300
1!
1&
b101 ,
#417400
0!
#417500
1!
1%
0&
#417600
0!
0%
#417700
1!
1*
1+
#417800
0!
#417900
1!
0*
0+
#418000
0!
#418100
1!
1&
b110 ,
#418200
0!
#418300
1!
1%
0&
#418400
0!
0%
#418500
1!
1*
#418600
0!
#418700
1!
1&
0*
b111 ,
#418800
0!
#418900
1!
1%
0&
#419000
0!
0%
#419100
1!
1*
1+
#419200
0!
#419300
1!
0*
0+
#419400
0!
#419500
1!
1&
b1000 ,
#419600
0!
#419700
1!
1%
0&
#419800
0!
0%
#419900
1!
1*
1+
#420000
0!
#420100
1!
0*
0+
#420200
0!
#420300
1!
1&
b1001 ,
#420400
0!
#420500
1!
1%
0&
#420600
0!
0%
#420700
1!
1*
1+
#420800
0!
#420900
1!
0*
0+
#421000
0!
#421100
1!
1&
b1010 ,
#421200
0!
#421300
1!
1%
0&
#421400
0!
0%
#421500
1!
1*
1+
#421600
0!
#421700
1!
0*
0+
#421800
0!
#421900
1!
1&
b1011 ,
#422000
0!
#422100
1!
1%
0&
#422200
0!
0%
#422300
1!
1*
1+
#422400
0!
#422500
1!
0*
0+
#422600
0!
#422700
1!
b1100 ,
#422800
0!
#422900
1!
b1101 ,
#423000
0!
#423100
1!
b1110 ,
#423200
0!
#423300
1!
b1111 ,
#423400
0!
#423500
1!
b10000 ,
#423600
0!
#423700
1!
b10001 ,
#423800
0!
#423900
1!
b10010 ,
#424000
0!
#424100
1!
b10011 ,
#424200
0!
#424300
1!
1&
b10100 ,
#424400
0!
#424500
1!
1%
0&
#424600
0!
0%
#424700
1!
1*
#424800
0!
#424900
1!
1&
0*
b10101 ,
#425000
0!
#425100
1!
1%
0&
#425200
0!
0%
#425300
1!
1*
1+
#425400
0!
#425500
1!
0*
0+
#425600
0!
#425700
1!
1&
b10110 ,
#425800
0!
#425900
1!
1%
0&
#426000
0!
0%
#426100
1!
1*
1+
#426200
0!
#426300
1!
0*
0+
#426400
0!
#426500
1!
1&
b10111 ,
#426600
0!
#426700
1!
1%
0&
#426800
0!
0%
#426900
1!
1*
#427000
0!
#427100
1!
1&
0*
b11000 ,
#427200
0!
#427300
1!
1%
0&
#427400
0!
0%
#427500
1!
1*
1+
#427600
0!
#427700
1!
0*
0+
#427800
0!
#427900
1!
1&
b11001 ,
#428000
0!
#428100
1!
1%
0&
#428200
0!
0%
#428300
1!
1*
1+
#428400
0!
#428500
1!
0*
0+
#428600
0!
#428700
1!
1&
b11010 ,
#428800
0!
#428900
1!
1%
0&
#429000
0!
0%
#429100
1!
1*
#429200
0!
#429300
1!
1&
0*
b11011 ,
#429400
0!
#429500
1!
1%
0&
#429600
0!
0%
#429700
1!
1*
1+
#429800
0!
#429900
1!
0*
0+
#430000
0!
#430100
1!
b11100 ,
#430200
0!
#430300
1!
b11101 ,
#430400
0!
#430500
1!
b11110 ,
#430600
0!
#430700
1!
b11111 ,
#430800
0!
#430900
1!
1&
b100000 ,
#431000
0!
#431100
1!
1%
0&
#431200
0!
0%
#431300
1!
1*
1+
#431400
0!
#431500
1!
0*
0+
#431600
0!
#431700
1!
1&
b100001 ,
#431800
0!
#431900
1!
1%
0&
#432000
0!
0%
#432100
1!
1*
1+
#432200
0!
#432300
1!
0*
0+
#432400
0!
#432500
1!
1&
b100010 ,
#432600
0!
#432700
1!
1%
0&
#432800
0!
0%
#432900
1!
1*
1+
#433000
0!
#433100
1!
0*
0+
#433200
0!
#433300
1!
1&
b100011 ,
#433400
0!
#433500
1!
1%
0&
#433600
0!
0%
#433700
1!
1*
1+
#433800
0!
#433900
1!
0*
0+
#434000
0!
#434100
1!
b100100 ,
#434200
0!
#434300
1!
b100101 ,
#434400
0!
#434500
1!
b100110 ,
#434600
0!
#434700
1!
b100111 ,
#434800
0!
#434900
1!
b101000 ,
#435000
0!
#435100
1!
b101001 ,
#435200
0!
#435300
1!
b101010 ,
#435400
0!
#435500
1!
b101011 ,
#435600
0!
#435700
1!
1&
b101100 ,
#435800
0!
#435900
1!
1%
0&
#436000
0!
0%
#436100
1!
1*
#436200
0!
#436300
1!
1&
0*
b101101 ,
#436400
0!
#436500
1!
1%
0&
#436600
0!
0%
#436700
1!
1*
#436800
0!
#436900
1!
1&
0*
b101110 ,
#437000
0!
#437100
1!
1%
0&
#437200
0!
0%
#437300
1!
1*
#437400
0!
#437500
1!
1&
0*
b101111 ,
#437600
0!
#437700
1!
1%
0&
#437800
0!
0%
#437900
1!
1*
#438000
0!
#438100
1!
1&
0*
b110000 ,
#438200
0!
#438300
1!
1%
0&
#438400
0!
0%
#438500
1!
1*
#438600
0!
#438700
1!
1&
0*
b110001 ,
#438800
0!
#438900
1!
1%
0&
#439000
0!
0%
#439100
1!
1*
#439200
0!
#439300
1!
1&
0*
b110010 ,
#439400
0!
#439500
1!
1%
0&
#439600
0!
0%
#439700
1!
1*
1+
#439800
0!
#439900
1!
0*
0+
#440000
0!
#440100
1!
1&
b110011 ,
#440200
0!
#440300
1!
1%
0&
#440400
0!
0%
#440500
1!
1*
1+
#440600
0!
#440700
1!
0*
0+
#440800
0!
#440900
1!
b110100 ,
#441000
0!
#441100
1!
b110101 ,
#441200
0!
#441300
1!
b110110 ,
#441400
0!
#441500
1!
b110111 ,
#441600
0!
#441700
1!
b111000 ,
#441800
0!
#441900
1!
b111001 ,
#442000
0!
#442100
1!
b111010 ,
#442200
0!
#442300
1!
b111011 ,
#442400
0!
#442500
1!
1&
b111100 ,
#442600
0!
#442700
1!
1%
0&
#442800
0!
0%
#442900
1!
1*
#443000
0!
#443100
1!
1&
0*
b111101 ,
#443200
0!
#443300
1!
1%
0&
#443400
0!
0%
#443500
1!
1*
#443600
0!
#443700
1!
1&
0*
b111110 ,
#443800
0!
#443900
1!
1%
0&
#444000
0!
0%
#444100
1!
1*
1+
#444200
0!
#444300
1!
0*
0+
#444400
0!
#444500
1!
1&
b111111 ,
#444600
0!
#444700
1!
1%
0&
#444800
0!
0%
#444900
1!
1*
#445000
0!
#445100
1!
0*
b1000000 ,
#445200
0!
#445300
1!
b1000001 ,
#445400
0!
#445500
1!
b1000010 ,
#445600
0!
#445700
1!
b1000011 ,
#445800
0!
#445900
1!
1&
b1000100 ,
#446000
0!
#446100
1!
1%
0&
#446200
0!
0%
#446300
1!
1*
1+
#446400
0!
#446500
1!
0*
0+
#446600
0!
#446700
1!
1&
b1000101 ,
#446800
0!
#446900
1!
1%
0&
#447000
0!
0%
#447100
1!
1*
1+
#447200
0!
#447300
1!
0*
0+
#447400
0!
#447500
1!
1&
b1000110 ,
#447600
0!
#447700
1!
1%
0&
#447800
0!
0%
#447900
1!
1*
1+
#448000
0!
#448100
1!
0*
0+
#448200
0!
#448300
1!
1&
b1000111 ,
#448400
0!
#448500
1!
1%
0&
#448600
0!
0%
#448700
1!
1*
1+
#448800
0!
#448900
1!
0*
0+
#449000
0!
#449100
1!
1&
b1001000 ,
#449200
0!
#449300
1!
1%
0&
#449400
0!
0%
#449500
1!
1*
1+
#449600
0!
#449700
1!
0*
0+
#449800
0!
#449900
1!
1&
b1001001 ,
#450000
0!
#450100
1!
1%
0&
#450200
0!
0%
#450300
1!
1*
1+
#450400
0!
#450500
1!
0*
0+
#450600
0!
#450700
1!
1&
b1001010 ,
#450800
0!
#450900
1!
1%
0&
#451000
0!
0%
#451100
1!
1*
1+
#451200
0!
#451300
1!
0*
0+
#451400
0!
#451500
1!
1&
b1001011 ,
#451600
0!
#451700
1!
1%
0&
#451800
0!
0%
#451900
1!
1*
1+
#452000
0!
#452100
1!
0*
0+
#452200
0!
#452300
1!
b1001100 ,
#452400
0!
#452500
1!
b1001101 ,
#452600
0!
#452700
1!
b1001110 ,
#452800
0!
#452900
1!
b1001111 ,
#453000
0!
#453100
1!
b1010000 ,
#453200
0!
#453300
1!
b1010001 ,
#453400
0!
#453500
1!
b1010010 ,
#453600
0!
#453700
1!
b1010011 ,
#453800
0!
#453900
1!
1&
b1010100 ,
#454000
0!
#454100
1!
1%
0&
#454200
0!
0%
#454300
1!
1*
#454400
0!
#454500
1!
1&
0*
b1010101 ,
#454600
0!
#454700
1!
1%
0&
#454800
0!
0%
#454900
1!
1*
#455000
0!
#455100
1!
1&
0*
b1010110 ,
#455200
0!
#455300
1!
1%
0&
#455400
0!
0%
#455500
1!
1*
#455600
0!
#455700
1!
1&
0*
b1010111 ,
#455800
0!
#455900
1!
1%
0&
#456000
0!
0%
#456100
1!
1*
#456200
0!
#456300
1!
1&
0*
b1011000 ,
#456400
0!
#456500
1!
1%
0&
#456600
0!
0%
#456700
1!
1*
1+
#456800
0!
#456900
1!
0*
0+
#457000
0!
#457100
1!
1&
b1011001 ,
#457200
0!
#457300
1!
1%
0&
#457400
0!
0%
#457500
1!
1*
1+
#457600
0!
#457700
1!
0*
0+
#457800
0!
#457900
1!
1&
b1011010 ,
#458000
0!
#458100
1!
1%
0&
#458200
0!
0%
#458300
1!
1*
1+
#458400
0!
#458500
1!
0*
0+
#458600
0!
#458700
1!
1&
b1011011 ,
#458800
0!
#458900
1!
1%
0&
#459000
0!
0%
#459100
1!
1*
#459200
0!
#459300
1!
0*
b1011100 ,
#459400
0!
#459500
1!
b1011101 ,
#459600
0!
#459700
1!
b1011110 ,
#459800
0!
#459900
1!
b1011111 ,
#460000
0!
#460100
1!
1&
b1100000 ,
#460200
0!
#460300
1!
1%
0&
#460400
0!
0%
#460500
1!
1*
#460600
0!
#460700
1!
1&
0*
b1100001 ,
#460800
0!
#460900
1!
1%
0&
#461000
0!
0%
#461100
1!
1*
#461200
0!
#461300
1!
1&
0*
b1100010 ,
#461400
0!
#461500
1!
1%
0&
#461600
0!
0%
#461700
1!
1*
1+
#461800
0!
#461900
1!
0*
0+
#462000
0!
#462100
1!
1&
b1100011 ,
#462200
0!
#462300
1!
1%
0&
#462400
0!
0%
#462500
1!
1*
#462600
0!
#462700
1!
0*
b1100100 ,
#462800
0!
#462900
1!
b1100101 ,
#463000
0!
#463100
1!
b1100110 ,
#463200
0!
#463300
1!
b1100111 ,
#463400
0!
#463500
1!
b1101000 ,
#463600
0!
#463700
1!
b1101001 ,
#463800
0!
#463900
1!
b1101010 ,
#464000
0!
#464100
1!
b1101011 ,
#464200
0!
#464300
1!
1&
b1101100 ,
#464400
0!
#464500
1!
1%
0&
#464600
0!
0%
#464700
1!
1*
1+
#464800
0!
#464900
1!
0*
0+
#465000
0!
#465100
1!
1&
b1101101 ,
#465200
0!
#465300
1!
1%
0&
#465400
0!
0%
#465500
1!
1*
#465600
0!
#465700
1!
1&
0*
b1101110 ,
#465800
0!
#465900
1!
1%
0&
#466000
0!
0%
#466100
1!
1*
1+
#466200
0!
#466300
1!
0*
0+
#466400
0!
#466500
1!
1&
b1101111 ,
#466600
0!
#466700
1!
1%
0&
#466800
0!
0%
#466900
1!
1*
1+
#467000
0!
#467100
1!
0*
0+
#467200
0!
#467300
1!
1&
b1110000 ,
#467400
0!
#467500
1!
1%
0&
#467600
0!
0%
#467700
1!
1*
1+
#467800
0!
#467900
1!
0*
0+
#468000
0!
#468100
1!
1&
b1110001 ,
#468200
0!
#468300
1!
1%
0&
#468400
0!
0%
#468500
1!
1*
#468600
0!
#468700
1!
1&
0*
b1110010 ,
#468800
0!
#468900
1!
1%
0&
#469000
0!
0%
#469100
1!
1*
#469200
0!
#469300
1!
1&
0*
b1110011 ,
#469400
0!
#469500
1!
1%
0&
#469600
0!
0%
#469700
1!
1*
#469800
0!
#469900
1!
0*
b1110100 ,
#470000
0!
#470100
1!
b1110101 ,
#470200
0!
#470300
1!
b1110110 ,
#470400
0!
#470500
1!
b1110111 ,
#470600
0!
#470700
1!
b1111000 ,
#470800
0!
#470900
1!
b1111001 ,
#471000
0!
#471100
1!
b1111010 ,
#471200
0!
#471300
1!
b1111011 ,
#471400
0!
#471500
1!
1&
b1111100 ,
#471600
0!
#471700
1!
1%
0&
#471800
0!
0%
#471900
1!
1*
1+
#472000
0!
#472100
1!
0*
0+
#472200
0!
#472300
1!
1&
b1111101 ,
#472400
0!
#472500
1!
1%
0&
#472600
0!
0%
#472700
1!
1*
#472800
0!
#472900
1!
1&
0*
b1111110 ,
#473000
0!
#473100
1!
1%
0&
#473200
0!
0%
#473300
1!
1*
1+
#473400
0!
#473500
1!
0*
0+
#473600
0!
#473700
1!
1&
b1111111 ,
#473800
0!
#473900
1!
1%
0&
#474000
0!
0%
#474100
1!
1*
#474200
0!
#474300
1!
0*
#474400
0!
#474500
1!
b100101010 .
b110000000 /
#474600
0!
#474700
1!
#474800
0!
#474900
1!
1&
b0 ,
#475000
0!
#475100
1!
1%
0&
#475200
0!
0%
#475300
1!
1*
1+
#475400
0!
#475500
1!
0*
0+
1-
#475600
0!
#475700
1!
1&
1(
b11000110110010111000110100011010 )
b1 ,
0-
#475800
0!
0(
#475900
1!
1%
0&
#476000
0!
0%
#476100
1!
1*
1+
#476200
0!
#476300
1!
0*
0+
#476400
0!
#476500
1!
1&
b10 ,
#476600
0!
#476700
1!
1%
0&
#476800
0!
0%
#476900
1!
1*
1+
#477000
0!
#477100
1!
0*
0+
#477200
0!
#477300
1!
1&
b11 ,
#477400
0!
#477500
1!
1%
0&
#477600
0!
0%
#477700
1!
1*
1+
#477800
0!
#477900
1!
0*
0+
#478000
0!
#478100
1!
b100 ,
#478200
0!
#478300
1!
b101 ,
#478400
0!
#478500
1!
b110 ,
#478600
0!
#478700
1!
b111 ,
#478800
0!
#478900
1!
b1000 ,
#479000
0!
#479100
1!
b1001 ,
#479200
0!
#479300
1!
b1010 ,
#479400
0!
#479500
1!
b1011 ,
#479600
0!
#479700
1!
1&
b1100 ,
#479800
0!
#479900
1!
1%
0&
#480000
0!
0%
#480100
1!
1*
1+
#480200
0!
#480300
1!
0*
0+
#480400
0!
#480500
1!
1&
b1101 ,
#480600
0!
#480700
1!
1%
0&
#480800
0!
0%
#480900
1!
1*
#481000
0!
#481100
1!
1&
0*
b1110 ,
#481200
0!
#481300
1!
1%
0&
#481400
0!
0%
#481500
1!
1*
1+
#481600
0!
#481700
1!
0*
0+
#481800
0!
#481900
1!
1&
b1111 ,
#482000
0!
#482100
1!
1%
0&
#482200
0!
0%
#482300
1!
1*
1+
#482400
0!
#482500
1!
0*
0+
#482600
0!
#482700
1!
1&
b10000 ,
#482800
0!
#482900
1!
1%
0&
#483000
0!
0%
#483100
1!
1*
#483200
0!
#483300
1!
1&
0*
b10001 ,
#483400
0!
#483500
1!
1%
0&
#483600
0!
0%
#483700
1!
1*
#483800
0!
#483900
1!
1&
0*
b10010 ,
#484000
0!
#484100
1!
1%
0&
#484200
0!
0%
#484300
1!
1*
#484400
0!
#484500
1!
1&
0*
b10011 ,
#484600
0!
#484700
1!
1%
0&
#484800
0!
0%
#484900
1!
1*
#485000
0!
#485100
1!
0*
b10100 ,
#485200
0!
#485300
1!
b10101 ,
#485400
0!
#485500
1!
b10110 ,
#485600
0!
#485700
1!
b10111 ,
#485800
0!
#485900
1!
b11000 ,
#486000
0!
#486100
1!
b11001 ,
#486200
0!
#486300
1!
b11010 ,
#486400
0!
#486500
1!
b11011 ,
#486600
0!
#486700
1!
1&
b11100 ,
#486800
0!
#486900
1!
1%
0&
#487000
0!
0%
#487100
1!
1*
1+
#487200
0!
#487300
1!
0*
0+
#487400
0!
#487500
1!
1&
b11101 ,
#487600
0!
#487700
1!
1%
0&
#487800
0!
0%
#487900
1!
1*
1+
#488000
0!
#488100
1!
0*
0+
#488200
0!
#488300
1!
1&
b11110 ,
#488400
0!
#488500
1!
1%
0&
#488600
0!
0%
#488700
1!
1*
1+
#488800
0!
#488900
1!
0*
0+
#489000
0!
#489100
1!
1&
b11111 ,
#489200
0!
#489300
1!
1%
0&
#489400
0!
0%
#489500
1!
1*
1+
#489600
0!
#489700
1!
0*
0+
#489800
0!
#489900
1!
b100000 ,
#490000
0!
#490100
1!
b100001 ,
#490200
0!
#490300
1!
b100010 ,
#490400
0!
#490500
1!
b100011 ,
#490600
0!
#490700
1!
1&
b100100 ,
#490800
0!
#490900
1!
1%
0&
#491000
0!
0%
#491100
1!
1*
1+
#491200
0!
#491300
1!
0*
0+
#491400
0!
#491500
1!
1&
b100101 ,
#491600
0!
#491700
1!
1%
0&
#491800
0!
0%
#491900
1!
1*
1+
#492000
0!
#492100
1!
0*
0+
#492200
0!
#492300
1!
1&
b100110 ,
#492400
0!
#492500
1!
1%
0&
#492600
0!
0%
#492700
1!
1*
#492800
0!
#492900
1!
1&
0*
b100111 ,
#493000
0!
#493100
1!
1%
0&
#493200
0!
0%
#493300
1!
1*
1+
#493400
0!
#493500
1!
0*
0+
#493600
0!
#493700
1!
1&
b101000 ,
#493800
0!
#493900
1!
1%
0&
#494000
0!
0%
#494100
1!
1*
1+
#494200
0!
#494300
1!
0*
0+
#494400
0!
#494500
1!
1&
b101001 ,
#494600
0!
#494700
1!
1%
0&
#494800
0!
0%
#494900
1!
1*
#495000
0!
#495100
1!
1&
0*
b101010 ,
#495200
0!
#495300
1!
1%
0&
#495400
0!
0%
#495500
1!
1*
1+
#495600
0!
#495700
1!
0*
0+
#495800
0!
#495900
1!
1&
b101011 ,
#496000
0!
#496100
1!
1%
0&
#496200
0!
0%
#496300
1!
1*
1+
#496400
0!
#496500
1!
0*
0+
#496600
0!
#496700
1!
b101100 ,
#496800
0!
#496900
1!
b101101 ,
#497000
0!
#497100
1!
b101110 ,
#497200
0!
#497300
1!
b101111 ,
#497400
0!
#497500
1!
b110000 ,
#497600
0!
#497700
1!
b110001 ,
#497800
0!
#497900
1!
b110010 ,
#498000
0!
#498100
1!
b110011 ,
#498200
0!
#498300
1!
1&
b110100 ,
#498400
0!
#498500
1!
1%
0&
#498600
0!
0%
#498700
1!
1*
1+
#498800
0!
#498900
1!
0*
0+
#499000
0!
#499100
1!
1&
b110101 ,
#499200
0!
#499300
1!
1%
0&
#499400
0!
0%
#499500
1!
1*
#499600
0!
#499700
1!
1&
0*
b110110 ,
#499800
0!
#499900
1!
1%
0&
#500000
0!
0%
#500100
1!
1*
1+
#500200
0!
#500300
1!
0*
0+
#500400
0!
#500500
1!
1&
b110111 ,
#500600
0!
#500700
1!
1%
0&
#500800
0!
0%
#500900
1!
1*
1+
#501000
0!
#501100
1!
0*
0+
#501200
0!
#501300
1!
1&
b111000 ,
#501400
0!
#501500
1!
1%
0&
#501600
0!
0%
#501700
1!
1*
1+
#501800
0!
#501900
1!
0*
0+
#502000
0!
#502100
1!
1&
b111001 ,
#502200
0!
#502300
1!
1%
0&
#502400
0!
0%
#502500
1!
1*
#502600
0!
#502700
1!
1&
0*
b111010 ,
#502800
0!
#502900
1!
1%
0&
#503000
0!
0%
#503100
1!
1*
1+
#503200
0!
#503300
1!
0*
0+
#503400
0!
#503500
1!
1&
b111011 ,
#503600
0!
#503700
1!
1%
0&
#503800
0!
0%
#503900
1!
1*
1+
#504000
0!
#504100
1!
0*
0+
#504200
0!
#504300
1!
b111100 ,
#504400
0!
#504500
1!
b111101 ,
#504600
0!
#504700
1!
b111110 ,
#504800
0!
#504900
1!
b111111 ,
#505000
0!
#505100
1!
1&
b1000000 ,
#505200
0!
#505300
1!
1%
0&
#505400
0!
0%
#505500
1!
1*
1+
#505600
0!
#505700
1!
0*
0+
#505800
0!
#505900
1!
1&
b1000001 ,
#506000
0!
#506100
1!
1%
0&
#506200
0!
0%
#506300
1!
1*
1+
#506400
0!
#506500
1!
0*
0+
#506600
0!
#506700
1!
1&
b1000010 ,
#506800
0!
#506900
1!
1%
0&
#507000
0!
0%
#507100
1!
1*
1+
#507200
0!
#507300
1!
0*
0+
#507400
0!
#507500
1!
1&
b1000011 ,
#507600
0!
#507700
1!
1%
0&
#507800
0!
0%
#507900
1!
1*
1+
#508000
0!
#508100
1!
0*
0+
#508200
0!
#508300
1!
b1000100 ,
#508400
0!
#508500
1!
b1000101 ,
#508600
0!
#508700
1!
b1000110 ,
#508800
0!
#508900
1!
b1000111 ,
#509000
0!
#509100
1!
b1001000 ,
#509200
0!
#509300
1!
b1001001 ,
#509400
0!
#509500
1!
b1001010 ,
#509600
0!
#509700
1!
b1001011 ,
#509800
0!
#509900
1!
1&
b1001100 ,
#510000
0!
#510100
1!
1%
0&
#510200
0!
0%
#510300
1!
1*
1+
#510400
0!
#510500
1!
0*
0+
#510600
0!
#510700
1!
1&
b1001101 ,
#510800
0!
#510900
1!
1%
0&
#511000
0!
0%
#511100
1!
1*
#511200
0!
#511300
1!
1&
0*
b1001110 ,
#511400
0!
#511500
1!
1%
0&
#511600
0!
0%
#511700
1!
1*
1+
#511800
0!
#511900
1!
0*
0+
#512000
0!
#512100
1!
1&
b1001111 ,
#512200
0!
#512300
1!
1%
0&
#512400
0!
0%
#512500
1!
1*
1+
#512600
0!
#512700
1!
0*
0+
#512800
0!
#512900
1!
1&
b1010000 ,
#513000
0!
#513100
1!
1%
0&
#513200
0!
0%
#513300
1!
1*
#513400
0!
#513500
1!
1&
0*
b1010001 ,
#513600
0!
#513700
1!
1%
0&
#513800
0!
0%
#513900
1!
1*
#514000
0!
#514100
1!
1&
0*
b1010010 ,
#514200
0!
#514300
1!
1%
0&
#514400
0!
0%
#514500
1!
1*
1+
#514600
0!
#514700
1!
0*
0+
#514800
0!
#514900
1!
1&
b1010011 ,
#515000
0!
#515100
1!
1%
0&
#515200
0!
0%
#515300
1!
1*
#515400
0!
#515500
1!
0*
b1010100 ,
#515600
0!
#515700
1!
b1010101 ,
#515800
0!
#515900
1!
b1010110 ,
#516000
0!
#516100
1!
b1010111 ,
#516200
0!
#516300
1!
b1011000 ,
#516400
0!
#516500
1!
b1011001 ,
#516600
0!
#516700
1!
b1011010 ,
#516800
0!
#516900
1!
b1011011 ,
#517000
0!
#517100
1!
1&
b1011100 ,
#517200
0!
#517300
1!
1%
0&
#517400
0!
0%
#517500
1!
1*
1+
#517600
0!
#517700
1!
0*
0+
#517800
0!
#517900
1!
1&
b1011101 ,
#518000
0!
#518100
1!
1%
0&
#518200
0!
0%
#518300
1!
1*
1+
#518400
0!
#518500
1!
0*
0+
#518600
0!
#518700
1!
1&
b1011110 ,
#518800
0!
#518900
1!
1%
0&
#519000
0!
0%
#519100
1!
1*
1+
#519200
0!
#519300
1!
0*
0+
#519400
0!
#519500
1!
1&
b1011111 ,
#519600
0!
#519700
1!
1%
0&
#519800
0!
0%
#519900
1!
1*
1+
#520000
0!
#520100
1!
0*
0+
#520200
0!
#520300
1!
b1100000 ,
#520400
0!
#520500
1!
b1100001 ,
#520600
0!
#520700
1!
b1100010 ,
#520800
0!
#520900
1!
b1100011 ,
#521000
0!
#521100
1!
1&
b1100100 ,
#521200
0!
#521300
1!
1%
0&
#521400
0!
0%
#521500
1!
1*
1+
#521600
0!
#521700
1!
0*
0+
#521800
0!
#521900
1!
1&
b1100101 ,
#522000
0!
#522100
1!
1%
0&
#522200
0!
0%
#522300
1!
1*
1+
#522400
0!
#522500
1!
0*
0+
#522600
0!
#522700
1!
1&
b1100110 ,
#522800
0!
#522900
1!
1%
0&
#523000
0!
0%
#523100
1!
1*
1+
#523200
0!
#523300
1!
0*
0+
#523400
0!
#523500
1!
1&
b1100111 ,
#523600
0!
#523700
1!
1%
0&
#523800
0!
0%
#523900
1!
1*
#524000
0!
#524100
1!
1&
0*
b1101000 ,
#524200
0!
#524300
1!
1%
0&
#524400
0!
0%
#524500
1!
1*
1+
#524600
0!
#524700
1!
0*
0+
#524800
0!
#524900
1!
1&
b1101001 ,
#525000
0!
#525100
1!
1%
0&
#525200
0!
0%
#525300
1!
1*
#525400
0!
#525500
1!
1&
0*
b1101010 ,
#525600
0!
#525700
1!
1%
0&
#525800
0!
0%
#525900
1!
1*
1+
#526000
0!
#526100
1!
0*
0+
#526200
0!
#526300
1!
1&
b1101011 ,
#526400
0!
#526500
1!
1%
0&
#526600
0!
0%
#526700
1!
1*
1+
#526800
0!
#526900
1!
0*
0+
#527000
0!
#527100
1!
b1101100 ,
#527200
0!
#527300
1!
b1101101 ,
#527400
0!
#527500
1!
b1101110 ,
#527600
0!
#527700
1!
b1101111 ,
#527800
0!
#527900
1!
b1110000 ,
#528000
0!
#528100
1!
b1110001 ,
#528200
0!
#528300
1!
b1110010 ,
#528400
0!
#528500
1!
b1110011 ,
#528600
0!
#528700
1!
1&
b1110100 ,
#528800
0!
#528900
1!
1%
0&
#529000
0!
0%
#529100
1!
1*
#529200
0!
#529300
1!
1&
0*
b1110101 ,
#529400
0!
#529500
1!
1%
0&
#529600
0!
0%
#529700
1!
1*
#529800
0!
#529900
1!
1&
0*
b1110110 ,
#530000
0!
#530100
1!
1%
0&
#530200
0!
0%
#530300
1!
1*
1+
#530400
0!
#530500
1!
0*
0+
#530600
0!
#530700
1!
1&
b1110111 ,
#530800
0!
#530900
1!
1%
0&
#531000
0!
0%
#531100
1!
1*
1+
#531200
0!
#531300
1!
0*
0+
#531400
0!
#531500
1!
1&
b1111000 ,
#531600
0!
#531700
1!
1%
0&
#531800
0!
0%
#531900
1!
1*
1+
#532000
0!
#532100
1!
0*
0+
#532200
0!
#532300
1!
1&
b1111001 ,
#532400
0!
#532500
1!
1%
0&
#532600
0!
0%
#532700
1!
1*
1+
#532800
0!
#532900
1!
0*
0+
#533000
0!
#533100
1!
1&
b1111010 ,
#533200
0!
#533300
1!
1%
0&
#533400
0!
0%
#533500
1!
1*
1+
#533600
0!
#533700
1!
0*
0+
#533800
0!
#533900
1!
1&
b1111011 ,
#534000
0!
#534100
1!
1%
0&
#534200
0!
0%
#534300
1!
1*
1+
#534400
0!
#534500
1!
0*
0+
#534600
0!
#534700
1!
b1111100 ,
#534800
0!
#534900
1!
b1111101 ,
#535000
0!
#535100
1!
b1111110 ,
#535200
0!
#535300
1!
b1111111 ,
#535400
0!
#535500
1!
#535600
0!
#535700
1!
b101011001 .
b111000000 /
#535800
0!
#535900
1!
#536000
0!
#536100
1!
b0 ,
#536200
0!
#536300
1!
b1 ,
#536400
0!
#536500
1!
b10 ,
#536600
0!
#536700
1!
b11 ,
#536800
0!
#536900
1!
1&
b100 ,
#537000
0!
#537100
1!
1%
0&
#537200
0!
0%
#537300
1!
1*
1+
#537400
0!
#537500
1!
0*
0+
#537600
0!
#537700
1!
1&
b101 ,
#537800
0!
#537900
1!
1%
0&
#538000
0!
0%
#538100
1!
1*
1+
#538200
0!
#538300
1!
0*
0+
#538400
0!
#538500
1!
1&
b110 ,
#538600
0!
#538700
1!
1%
0&
#538800
0!
0%
#538900
1!
1*
#539000
0!
#539100
1!
1&
0*
b111 ,
#539200
0!
#539300
1!
1%
0&
#539400
0!
0%
#539500
1!
1*
#539600
0!
#539700
1!
1&
0*
b1000 ,
#539800
0!
#539900
1!
1%
0&
#540000
0!
0%
#540100
1!
1*
#540200
0!
#540300
1!
1&
0*
b1001 ,
#540400
0!
#540500
1!
1%
0&
#540600
0!
0%
#540700
1!
1*
1+
#540800
0!
#540900
1!
0*
0+
#541000
0!
#541100
1!
1&
b1010 ,
#541200
0!
#541300
1!
1%
0&
#541400
0!
0%
#541500
1!
1*
1+
#541600
0!
#541700
1!
0*
0+
#541800
0!
#541900
1!
1&
b1011 ,
#542000
0!
#542100
1!
1%
0&
#542200
0!
0%
#542300
1!
1*
1+
#542400
0!
#542500
1!
0*
0+
#542600
0!
#542700
1!
b1100 ,
#542800
0!
#542900
1!
b1101 ,
#543000
0!
#543100
1!
b1110 ,
#543200
0!
#543300
1!
b1111 ,
#543400
0!
#543500
1!
b10000 ,
#543600
0!
#543700
1!
b10001 ,
#543800
0!
#543900
1!
b10010 ,
#544000
0!
#544100
1!
b10011 ,
#544200
0!
#544300
1!
1&
b10100 ,
#544400
0!
#544500
1!
1%
0&
#544600
0!
0%
#544700
1!
1*
1+
#544800
0!
#544900
1!
0*
0+
#545000
0!
#545100
1!
1&
b10101 ,
#545200
0!
#545300
1!
1%
0&
#545400
0!
0%
#545500
1!
1*
#545600
0!
#545700
1!
1&
0*
b10110 ,
#545800
0!
#545900
1!
1%
0&
#546000
0!
0%
#546100
1!
1*
#546200
0!
#546300
1!
1&
0*
b10111 ,
#546400
0!
#546500
1!
1%
0&
#546600
0!
0%
#546700
1!
1*
1+
#546800
0!
#546900
1!
0*
0+
#547000
0!
#547100
1!
1&
b11000 ,
#547200
0!
#547300
1!
1%
0&
#547400
0!
0%
#547500
1!
1*
1+
#547600
0!
#547700
1!
0*
0+
#547800
0!
#547900
1!
1&
b11001 ,
#548000
0!
#548100
1!
1%
0&
#548200
0!
0%
#548300
1!
1*
#548400
0!
#548500
1!
1&
0*
b11010 ,
#548600
0!
#548700
1!
1%
0&
#548800
0!
0%
#548900
1!
1*
1+
#549000
0!
#549100
1!
0*
0+
#549200
0!
#549300
1!
1&
b11011 ,
#549400
0!
#549500
1!
1%
0&
#549600
0!
0%
#549700
1!
1*
1+
#549800
0!
#549900
1!
0*
0+
#550000
0!
#550100
1!
b11100 ,
#550200
0!
#550300
1!
b11101 ,
#550400
0!
#550500
1!
b11110 ,
#550600
0!
#550700
1!
b11111 ,
#550800
0!
#550900
1!
1&
b100000 ,
#551000
0!
#551100
1!
1%
0&
#551200
0!
0%
#551300
1!
1*
#551400
0!
#551500
1!
1&
0*
b100001 ,
#551600
0!
#551700
1!
1%
0&
#551800
0!
0%
#551900
1!
1*
1+
#552000
0!
#552100
1!
0*
0+
#552200
0!
#552300
1!
1&
b100010 ,
#552400
0!
#552500
1!
1%
0&
#552600
0!
0%
#552700
1!
1*
1+
#552800
0!
#552900
1!
0*
0+
#553000
0!
#553100
1!
1&
b100011 ,
#553200
0!
#553300
1!
1%
0&
#553400
0!
0%
#553500
1!
1*
1+
#553600
0!
#553700
1!
0*
0+
#553800
0!
#553900
1!
b100100 ,
#554000
0!
#554100
1!
b100101 ,
#554200
0!
#554300
1!
b100110 ,
#554400
0!
#554500
1!
b100111 ,
#554600
0!
#554700
1!
b101000 ,
#554800
0!
#554900
1!
b101001 ,
#555000
0!
#555100
1!
b101010 ,
#555200
0!
#555300
1!
b101011 ,
#555400
0!
#555500
1!
1&
b101100 ,
#555600
0!
#555700
1!
1%
0&
#555800
0!
0%
#555900
1!
1*
1+
#556000
0!
#556100
1!
0*
0+
#556200
0!
#556300
1!
1&
b101101 ,
#556400
0!
#556500
1!
1%
0&
#556600
0!
0%
#556700
1!
1*
1+
#556800
0!
#556900
1!
0*
0+
#557000
0!
#557100
1!
1&
b101110 ,
#557200
0!
#557300
1!
1%
0&
#557400
0!
0%
#557500
1!
1*
1+
#557600
0!
#557700
1!
0*
0+
#557800
0!
#557900
1!
1&
b101111 ,
#558000
0!
#558100
1!
1%
0&
#558200
0!
0%
#558300
1!
1*
#558400
0!
#558500
1!
1&
0*
b110000 ,
#558600
0!
#558700
1!
1%
0&
#558800
0!
0%
#558900
1!
1*
1+
#559000
0!
#559100
1!
0*
0+
#559200
0!
#559300
1!
1&
b110001 ,
#559400
0!
#559500
1!
1%
0&
#559600
0!
0%
#559700
1!
1*
1+
#559800
0!
#559900
1!
0*
0+
#560000
0!
#560100
1!
1&
b110010 ,
#560200
0!
#560300
1!
1%
0&
#560400
0!
0%
#560500
1!
1*
1+
#560600
0!
#560700
1!
0*
0+
#560800
0!
#560900
1!
1&
b110011 ,
#561000
0!
#561100
1!
1%
0&
#561200
0!
0%
#561300
1!
1*
1+
#561400
0!
#561500
1!
0*
0+
#561600
0!
#561700
1!
b110100 ,
#561800
0!
#561900
1!
b110101 ,
#562000
0!
#562100
1!
b110110 ,
#562200
0!
#562300
1!
b110111 ,
#562400
0!
#562500
1!
b111000 ,
#562600
0!
#562700
1!
b111001 ,
#562800
0!
#562900
1!
b111010 ,
#563000
0!
#563100
1!
b111011 ,
#563200
0!
#563300
1!
1&
b111100 ,
#563400
0!
#563500
1!
1%
0&
#563600
0!
0%
#563700
1!
1*
#563800
0!
#563900
1!
1&
0*
b111101 ,
#564000
0!
#564100
1!
1%
0&
#564200
0!
0%
#564300
1!
1*
1+
#564400
0!
#564500
1!
0*
0+
#564600
0!
#564700
1!
1&
b111110 ,
#564800
0!
#564900
1!
1%
0&
#565000
0!
0%
#565100
1!
1*
#565200
0!
#565300
1!
1&
0*
b111111 ,
#565400
0!
#565500
1!
1%
0&
#565600
0!
0%
#565700
1!
1*
1+
#565800
0!
#565900
1!
0*
0+
#566000
0!
#566100
1!
b1000000 ,
#566200
0!
#566300
1!
b1000001 ,
#566400
0!
#566500
1!
b1000010 ,
#566600
0!
#566700
1!
b1000011 ,
#566800
0!
#566900
1!
1&
b1000100 ,
#567000
0!
#567100
1!
1%
0&
#567200
0!
0%
#567300
1!
1*
1+
#567400
0!
#567500
1!
0*
0+
#567600
0!
#567700
1!
1&
b1000101 ,
#567800
0!
#567900
1!
1%
0&
#568000
0!
0%
#568100
1!
1*
1+
#568200
0!
#568300
1!
0*
0+
#568400
0!
#568500
1!
1&
b1000110 ,
#568600
0!
#568700
1!
1%
0&
#568800
0!
0%
#568900
1!
1*
1+
#569000
0!
#569100
1!
0*
0+
#569200
0!
#569300
1!
1&
b1000111 ,
#569400
0!
#569500
1!
1%
0&
#569600
0!
0%
#569700
1!
1*
1+
#569800
0!
#569900
1!
0*
0+
#570000
0!
#570100
1!
1&
b1001000 ,
#570200
0!
#570300
1!
1%
0&
#570400
0!
0%
#570500
1!
1*
1+
#570600
0!
#570700
1!
0*
0+
#570800
0!
#570900
1!
1&
b1001001 ,
#571000
0!
#571100
1!
1%
0&
#571200
0!
0%
#571300
1!
1*
1+
#571400
0!
#571500
1!
0*
0+
#571600
0!
#571700
1!
1&
b1001010 ,
#571800
0!
#571900
1!
1%
0&
#572000
0!
0%
#572100
1!
1*
1+
#572200
0!
#572300
1!
0*
0+
#572400
0!
#572500
1!
1&
b1001011 ,
#572600
0!
#572700
1!
1%
0&
#572800
0!
0%
#572900
1!
1*
1+
#573000
0!
#573100
1!
0*
0+
#573200
0!
#573300
1!
b1001100 ,
#573400
0!
#573500
1!
b1001101 ,
#573600
0!
#573700
1!
b1001110 ,
#573800
0!
#573900
1!
b1001111 ,
#574000
0!
#574100
1!
b1010000 ,
#574200
0!
#574300
1!
b1010001 ,
#574400
0!
#574500
1!
b1010010 ,
#574600
0!
#574700
1!
b1010011 ,
#574800
0!
#574900
1!
1&
b1010100 ,
#575000
0!
#575100
1!
1%
0&
#575200
0!
0%
#575300
1!
1*
#575400
0!
#575500
1!
1&
0*
b1010101 ,
#575600
0!
#575700
1!
1%
0&
#575800
0!
0%
#575900
1!
1*
#576000
0!
#576100
1!
1&
0*
b1010110 ,
#576200
0!
#576300
1!
1%
0&
#576400
0!
0%
#576500
1!
1*
#576600
0!
#576700
1!
1&
0*
b1010111 ,
#576800
0!
#576900
1!
1%
0&
#577000
0!
0%
#577100
1!
1*
#577200
0!
#577300
1!
1&
0*
b1011000 ,
#577400
0!
#577500
1!
1%
0&
#577600
0!
0%
#577700
1!
1*
#577800
0!
#577900
1!
1&
0*
b1011001 ,
#578000
0!
#578100
1!
1%
0&
#578200
0!
0%
#578300
1!
1*
#578400
0!
#578500
1!
1&
0*
b1011010 ,
#578600
0!
#578700
1!
1%
0&
#578800
0!
0%
#578900
1!
1*
#579000
0!
#579100
1!
1&
0*
b1011011 ,
#579200
0!
#579300
1!
1%
0&
#579400
0!
0%
#579500
1!
1*
1+
#579600
0!
#579700
1!
0*
0+
#579800
0!
#579900
1!
b1011100 ,
#580000
0!
#580100
1!
b1011101 ,
#580200
0!
#580300
1!
b1011110 ,
#580400
0!
#580500
1!
b1011111 ,
#580600
0!
#580700
1!
1&
b1100000 ,
#580800
0!
#580900
1!
1%
0&
#581000
0!
0%
#581100
1!
1*
1+
#581200
0!
#581300
1!
0*
0+
#581400
0!
#581500
1!
1&
b1100001 ,
#581600
0!
#581700
1!
1%
0&
#581800
0!
0%
#581900
1!
1*
#582000
0!
#582100
1!
1&
0*
b1100010 ,
#582200
0!
#582300
1!
1%
0&
#582400
0!
0%
#582500
1!
1*
1+
#582600
0!
#582700
1!
0*
0+
#582800
0!
#582900
1!
1&
b1100011 ,
#583000
0!
#583100
1!
1%
0&
#583200
0!
0%
#583300
1!
1*
1+
#583400
0!
#583500
1!
0*
0+
#583600
0!
#583700
1!
b1100100 ,
#583800
0!
#583900
1!
b1100101 ,
#584000
0!
#584100
1!
b1100110 ,
#584200
0!
#584300
1!
b1100111 ,
#584400
0!
#584500
1!
b1101000 ,
#584600
0!
#584700
1!
b1101001 ,
#584800
0!
#584900
1!
b1101010 ,
#585000
0!
#585100
1!
b1101011 ,
#585200
0!
#585300
1!
1&
b1101100 ,
#585400
0!
#585500
1!
1%
0&
#585600
0!
0%
#585700
1!
1*
1+
#585800
0!
#585900
1!
0*
0+
#586000
0!
#586100
1!
1&
b1101101 ,
#586200
0!
#586300
1!
1%
0&
#586400
0!
0%
#586500
1!
1*
#586600
0!
#586700
1!
1&
0*
b1101110 ,
#586800
0!
#586900
1!
1%
0&
#587000
0!
0%
#587100
1!
1*
1+
#587200
0!
#587300
1!
0*
0+
#587400
0!
#587500
1!
1&
b1101111 ,
#587600
0!
#587700
1!
1%
0&
#587800
0!
0%
#587900
1!
1*
1+
#588000
0!
#588100
1!
0*
0+
#588200
0!
#588300
1!
1&
b1110000 ,
#588400
0!
#588500
1!
1%
0&
#588600
0!
0%
#588700
1!
1*
#588800
0!
#588900
1!
1&
0*
b1110001 ,
#589000
0!
#589100
1!
1%
0&
#589200
0!
0%
#589300
1!
1*
#589400
0!
#589500
1!
1&
0*
b1110010 ,
#589600
0!
#589700
1!
1%
0&
#589800
0!
0%
#589900
1!
1*
1+
#590000
0!
#590100
1!
0*
0+
#590200
0!
#590300
1!
1&
b1110011 ,
#590400
0!
#590500
1!
1%
0&
#590600
0!
0%
#590700
1!
1*
#590800
0!
#590900
1!
0*
b1110100 ,
#591000
0!
#591100
1!
b1110101 ,
#591200
0!
#591300
1!
b1110110 ,
#591400
0!
#591500
1!
b1110111 ,
#591600
0!
#591700
1!
b1111000 ,
#591800
0!
#591900
1!
b1111001 ,
#592000
0!
#592100
1!
b1111010 ,
#592200
0!
#592300
1!
b1111011 ,
#592400
0!
#592500
1!
1&
b1111100 ,
#592600
0!
#592700
1!
1%
0&
#592800
0!
0%
#592900
1!
1*
#593000
0!
#593100
1!
1&
0*
b1111101 ,
#593200
0!
#593300
1!
1%
0&
#593400
0!
0%
#593500
1!
1*
#593600
0!
#593700
1!
1&
0*
b1111110 ,
#593800
0!
#593900
1!
1%
0&
#594000
0!
0%
#594100
1!
1*
1+
#594200
0!
#594300
1!
0*
0+
#594400
0!
#594500
1!
1&
b1111111 ,
#594600
0!
#594700
1!
1%
0&
#594800
0!
0%
#594900
1!
1*
1+
#595000
0!
#595100
1!
0*
0+
#595200
0!
#595300
1!
#595400
0!
#595500
1!
b110000001 .
b1000000000 /
#595600
0!
#595700
1!
#595800
0!
#595900
1!
1&
b0 ,
#596000
0!
#596100
1!
1%
0&
#596200
0!
0%
#596300
1!
1*
1+
#596400
0!
#596500
1!
0*
0+
1-
#596600
0!
#596700
1!
1&
1(
b11000100000000000001011111110001 )
b1 ,
0-
#596800
0!
0(
#596900
1!
1%
0&
#597000
0!
0%
#597100
1!
1*
#597200
0!
#597300
1!
1&
0*
b10 ,
#597400
0!
#597500
1!
1%
0&
#597600
0!
0%
#597700
1!
1*
1+
#597800
0!
#597900
1!
0*
0+
#598000
0!
#598100
1!
1&
b11 ,
#598200
0!
#598300
1!
1%
0&
#598400
0!
0%
#598500
1!
1*
1+
#598600
0!
#598700
1!
0*
0+
#598800
0!
#598900
1!
b100 ,
#599000
0!
#599100
1!
b101 ,
#599200
0!
#599300
1!
b110 ,
#599400
0!
#599500
1!
b111 ,
#599600
0!
#599700
1!
b1000 ,
#599800
0!
#599900
1!
b1001 ,
#600000
0!
#600100
1!
b1010 ,
#600200
0!
#600300
1!
b1011 ,
#600400
0!
#600500
1!
1&
b1100 ,
#600600
0!
#600700
1!
1%
0&
#600800
0!
0%
#600900
1!
1*
1+
#601000
0!
#601100
1!
0*
0+
#601200
0!
#601300
1!
1&
b1101 ,
#601400
0!
#601500
1!
1%
0&
#601600
0!
0%
#601700
1!
1*
1+
#601800
0!
#601900
1!
0*
0+
#602000
0!
#602100
1!
1&
b1110 ,
#602200
0!
#602300
1!
1%
0&
#602400
0!
0%
#602500
1!
1*
#602600
0!
#602700
1!
1&
0*
b1111 ,
#602800
0!
#602900
1!
1%
0&
#603000
0!
0%
#603100
1!
1*
1+
#603200
0!
#603300
1!
0*
0+
#603400
0!
#603500
1!
1&
b10000 ,
#603600
0!
#603700
1!
1%
0&
#603800
0!
0%
#603900
1!
1*
1+
#604000
0!
#604100
1!
0*
0+
#604200
0!
#604300
1!
1&
b10001 ,
#604400
0!
#604500
1!
1%
0&
#604600
0!
0%
#604700
1!
1*
1+
#604800
0!
#604900
1!
0*
0+
#605000
0!
#605100
1!
1&
b10010 ,
#605200
0!
#605300
1!
1%
0&
#605400
0!
0%
#605500
1!
1*
#605600
0!
#605700
1!
1&
0*
b10011 ,
#605800
0!
#605900
1!
1%
0&
#606000
0!
0%
#606100
1!
1*
#606200
0!
#606300
1!
0*
b10100 ,
#606400
0!
#606500
1!
b10101 ,
#606600
0!
#606700
1!
b10110 ,
#606800
0!
#606900
1!
b10111 ,
#607000
0!
#607100
1!
b11000 ,
#607200
0!
#607300
1!
b11001 ,
#607400
0!
#607500
1!
b11010 ,
#607600
0!
#607700
1!
b11011 ,
#607800
0!
#607900
1!
1&
b11100 ,
#608000
0!
#608100
1!
1%
0&
#608200
0!
0%
#608300
1!
1*
#608400
0!
#608500
1!
1&
0*
b11101 ,
#608600
0!
#608700
1!
1%
0&
#608800
0!
0%
#608900
1!
1*
1+
#609000
0!
#609100
1!
0*
0+
#609200
0!
#609300
1!
1&
b11110 ,
#609400
0!
#609500
1!
1%
0&
#609600
0!
0%
#609700
1!
1*
1+
#609800
0!
#609900
1!
0*
0+
#610000
0!
#610100
1!
1&
b11111 ,
#610200
0!
#610300
1!
1%
0&
#610400
0!
0%
#610500
1!
1*
1+
#610600
0!
#610700
1!
0*
0+
#610800
0!
#610900
1!
b100000 ,
#611000
0!
#611100
1!
b100001 ,
#611200
0!
#611300
1!
b100010 ,
#611400
0!
#611500
1!
b100011 ,
#611600
0!
#611700
1!
1&
b100100 ,
#611800
0!
#611900
1!
1%
0&
#612000
0!
0%
#612100
1!
1*
1+
#612200
0!
#612300
1!
0*
0+
#612400
0!
#612500
1!
1&
b100101 ,
#612600
0!
#612700
1!
1%
0&
#612800
0!
0%
#612900
1!
1*
1+
#613000
0!
#613100
1!
0*
0+
#613200
0!
#613300
1!
1&
b100110 ,
#613400
0!
#613500
1!
1%
0&
#613600
0!
0%
#613700
1!
1*
1+
#613800
0!
#613900
1!
0*
0+
#614000
0!
#614100
1!
1&
b100111 ,
#614200
0!
#614300
1!
1%
0&
#614400
0!
0%
#614500
1!
1*
#614600
0!
#614700
1!
1&
0*
b101000 ,
#614800
0!
#614900
1!
1%
0&
#615000
0!
0%
#615100
1!
1*
1+
#615200
0!
#615300
1!
0*
0+
#615400
0!
#615500
1!
1&
b101001 ,
#615600
0!
#615700
1!
1%
0&
#615800
0!
0%
#615900
1!
1*
1+
#616000
0!
#616100
1!
0*
0+
#616200
0!
#616300
1!
1&
b101010 ,
#616400
0!
#616500
1!
1%
0&
#616600
0!
0%
#616700
1!
1*
1+
#616800
0!
#616900
1!
0*
0+
#617000
0!
#617100
1!
1&
b101011 ,
#617200
0!
#617300
1!
1%
0&
#617400
0!
0%
#617500
1!
1*
1+
#617600
0!
#617700
1!
0*
0+
#617800
0!
#617900
1!
b101100 ,
#618000
0!
#618100
1!
b101101 ,
#618200
0!
#618300
1!
b101110 ,
#618400
0!
#618500
1!
b101111 ,
#618600
0!
#618700
1!
b110000 ,
#618800
0!
#618900
1!
b110001 ,
#619000
0!
#619100
1!
b110010 ,
#619200
0!
#619300
1!
b110011 ,
#619400
0!
#619500
1!
1&
b110100 ,
#619600
0!
#619700
1!
1%
0&
#619800
0!
0%
#619900
1!
1*
1+
#620000
0!
#620100
1!
0*
0+
#620200
0!
#620300
1!
1&
b110101 ,
#620400
0!
#620500
1!
1%
0&
#620600
0!
0%
#620700
1!
1*
1+
#620800
0!
#620900
1!
0*
0+
#621000
0!
#621100
1!
1&
b110110 ,
#621200
0!
#621300
1!
1%
0&
#621400
0!
0%
#621500
1!
1*
#621600
0!
#621700
1!
1&
0*
b110111 ,
#621800
0!
#621900
1!
1%
0&
#622000
0!
0%
#622100
1!
1*
1+
#622200
0!
#622300
1!
0*
0+
#622400
0!
#622500
1!
1&
b111000 ,
#622600
0!
#622700
1!
1%
0&
#622800
0!
0%
#622900
1!
1*
1+
#623000
0!
#623100
1!
0*
0+
#623200
0!
#623300
1!
1&
b111001 ,
#623400
0!
#623500
1!
1%
0&
#623600
0!
0%
#623700
1!
1*
#623800
0!
#623900
1!
1&
0*
b111010 ,
#624000
0!
#624100
1!
1%
0&
#624200
0!
0%
#624300
1!
1*
1+
#624400
0!
#624500
1!
0*
0+
#624600
0!
#624700
1!
1&
b111011 ,
#624800
0!
#624900
1!
1%
0&
#625000
0!
0%
#625100
1!
1*
#625200
0!
#625300
1!
0*
b111100 ,
#625400
0!
#625500
1!
b111101 ,
#625600
0!
#625700
1!
b111110 ,
#625800
0!
#625900
1!
b111111 ,
#626000
0!
#626100
1!
1&
b1000000 ,
#626200
0!
#626300
1!
1%
0&
#626400
0!
0%
#626500
1!
1*
1+
#626600
0!
#626700
1!
0*
0+
#626800
0!
#626900
1!
1&
b1000001 ,
#627000
0!
#627100
1!
1%
0&
#627200
0!
0%
#627300
1!
1*
1+
#627400
0!
#627500
1!
0*
0+
#627600
0!
#627700
1!
1&
b1000010 ,
#627800
0!
#627900
1!
1%
0&
#628000
0!
0%
#628100
1!
1*
1+
#628200
0!
#628300
1!
0*
0+
#628400
0!
#628500
1!
1&
b1000011 ,
#628600
0!
#628700
1!
1%
0&
#628800
0!
0%
#628900
1!
1*
1+
#629000
0!
#629100
1!
0*
0+
#629200
0!
#629300
1!
b1000100 ,
#629400
0!
#629500
1!
b1000101 ,
#629600
0!
#629700
1!
b1000110 ,
#629800
0!
#629900
1!
b1000111 ,
#630000
0!
#630100
1!
b1001000 ,
#630200
0!
#630300
1!
b1001001 ,
#630400
0!
#630500
1!
b1001010 ,
#630600
0!
#630700
1!
b1001011 ,
#630800
0!
#630900
1!
1&
b1001100 ,
#631000
0!
#631100
1!
1%
0&
#631200
0!
0%
#631300
1!
1*
1+
#631400
0!
#631500
1!
0*
0+
#631600
0!
#631700
1!
1&
b1001101 ,
#631800
0!
#631900
1!
1%
0&
#632000
0!
0%
#632100
1!
1*
#632200
0!
#632300
1!
1&
0*
b1001110 ,
#632400
0!
#632500
1!
1%
0&
#632600
0!
0%
#632700
1!
1*
1+
#632800
0!
#632900
1!
0*
0+
#633000
0!
#633100
1!
1&
b1001111 ,
#633200
0!
#633300
1!
1%
0&
#633400
0!
0%
#633500
1!
1*
#633600
0!
#633700
1!
1&
0*
b1010000 ,
#633800
0!
#633900
1!
1%
0&
#634000
0!
0%
#634100
1!
1*
1+
#634200
0!
#634300
1!
0*
0+
#634400
0!
#634500
1!
1&
b1010001 ,
#634600
0!
#634700
1!
1%
0&
#634800
0!
0%
#634900
1!
1*
1+
#635000
0!
#635100
1!
0*
0+
#635200
0!
#635300
1!
1&
b1010010 ,
#635400
0!
#635500
1!
1%
0&
#635600
0!
0%
#635700
1!
1*
1+
#635800
0!
#635900
1!
0*
0+
#636000
0!
#636100
1!
1&
b1010011 ,
#636200
0!
#636300
1!
1%
0&
#636400
0!
0%
#636500
1!
1*
1+
#636600
0!
#636700
1!
0*
0+
#636800
0!
#636900
1!
b1010100 ,
#637000
0!
#637100
1!
b1010101 ,
#637200
0!
#637300
1!
b1010110 ,
#637400
0!
#637500
1!
b1010111 ,
#637600
0!
#637700
1!
b1011000 ,
#637800
0!
#637900
1!
b1011001 ,
#638000
0!
#638100
1!
b1011010 ,
#638200
0!
#638300
1!
b1011011 ,
#638400
0!
#638500
1!
1&
b1011100 ,
#638600
0!
#638700
1!
1%
0&
#638800
0!
0%
#638900
1!
1*
1+
#639000
0!
#639100
1!
0*
0+
#639200
0!
#639300
1!
1&
b1011101 ,
#639400
0!
#639500
1!
1%
0&
#639600
0!
0%
#639700
1!
1*
#639800
0!
#639900
1!
1&
0*
b1011110 ,
#640000
0!
#640100
1!
1%
0&
#640200
0!
0%
#640300
1!
1*
1+
#640400
0!
#640500
1!
0*
0+
#640600
0!
#640700
1!
1&
b1011111 ,
#640800
0!
#640900
1!
1%
0&
#641000
0!
0%
#641100
1!
1*
#641200
0!
#641300
1!
0*
b1100000 ,
#641400
0!
#641500
1!
b1100001 ,
#641600
0!
#641700
1!
b1100010 ,
#641800
0!
#641900
1!
b1100011 ,
#642000
0!
#642100
1!
1&
b1100100 ,
#642200
0!
#642300
1!
1%
0&
#642400
0!
0%
#642500
1!
1*
#642600
0!
#642700
1!
1&
0*
b1100101 ,
#642800
0!
#642900
1!
1%
0&
#643000
0!
0%
#643100
1!
1*
#643200
0!
#643300
1!
1&
0*
b1100110 ,
#643400
0!
#643500
1!
1%
0&
#643600
0!
0%
#643700
1!
1*
#643800
0!
#643900
1!
1&
0*
b1100111 ,
#644000
0!
#644100
1!
1%
0&
#644200
0!
0%
#644300
1!
1*
1+
#644400
0!
#644500
1!
0*
0+
#644600
0!
#644700
1!
1&
b1101000 ,
#644800
0!
#644900
1!
1%
0&
#645000
0!
0%
#645100
1!
1*
1+
#645200
0!
#645300
1!
0*
0+
#645400
0!
#645500
1!
1&
b1101001 ,
#645600
0!
#645700
1!
1%
0&
#645800
0!
0%
#645900
1!
1*
1+
#646000
0!
#646100
1!
0*
0+
#646200
0!
#646300
1!
1&
b1101010 ,
#646400
0!
#646500
1!
1%
0&
#646600
0!
0%
#646700
1!
1*
1+
#646800
0!
#646900
1!
0*
0+
#647000
0!
#647100
1!
1&
b1101011 ,
#647200
0!
#647300
1!
1%
0&
#647400
0!
0%
#647500
1!
1*
1+
#647600
0!
#647700
1!
0*
0+
#647800
0!
#647900
1!
b1101100 ,
#648000
0!
#648100
1!
b1101101 ,
#648200
0!
#648300
1!
b1101110 ,
#648400
0!
#648500
1!
b1101111 ,
#648600
0!
#648700
1!
b1110000 ,
#648800
0!
#648900
1!
b1110001 ,
#649000
0!
#649100
1!
b1110010 ,
#649200
0!
#649300
1!
b1110011 ,
#649400
0!
#649500
1!
1&
b1110100 ,
#649600
0!
#649700
1!
1%
0&
#649800
0!
0%
#649900
1!
1*
1+
#650000
0!
#650100
1!
0*
0+
#650200
0!
#650300
1!
1&
b1110101 ,
#650400
0!
#650500
1!
1%
0&
#650600
0!
0%
#650700
1!
1*
#650800
0!
#650900
1!
1&
0*
b1110110 ,
#651000
0!
#651100
1!
1%
0&
#651200
0!
0%
#651300
1!
1*
1+
#651400
0!
#651500
1!
0*
0+
#651600
0!
#651700
1!
1&
b1110111 ,
#651800
0!
#651900
1!
1%
0&
#652000
0!
0%
#652100
1!
1*
1+
#652200
0!
#652300
1!
0*
0+
#652400
0!
#652500
1!
1&
b1111000 ,
#652600
0!
#652700
1!
1%
0&
#652800
0!
0%
#652900
1!
1*
1+
#653000
0!
#653100
1!
0*
0+
#653200
0!
#653300
1!
1&
b1111001 ,
#653400
0!
#653500
1!
1%
0&
#653600
0!
0%
#653700
1!
1*
#653800
0!
#653900
1!
1&
0*
b1111010 ,
#654000
0!
#654100
1!
1%
0&
#654200
0!
0%
#654300
1!
1*
1+
#654400
0!
#654500
1!
0*
0+
#654600
0!
#654700
1!
1&
b1111011 ,
#654800
0!
#654900
1!
1%
0&
#655000
0!
0%
#655100
1!
1*
1+
#655200
0!
#655300
1!
0*
0+
#655400
0!
#655500
1!
b1111100 ,
#655600
0!
#655700
1!
b1111101 ,
#655800
0!
#655900
1!
b1111110 ,
#656000
0!
#656100
1!
b1111111 ,
#656200
0!
#656300
1!
#656400
0!
#656500
1!
b110101111 .
b1001000000 /
#656600
0!
#656700
1!
#656800
0!
#656900
1!
b0 ,
#657000
0!
#657100
1!
b1 ,
#657200
0!
#657300
1!
b10 ,
#657400
0!
#657500
1!
b11 ,
#657600
0!
#657700
1!
1&
b100 ,
#657800
0!
#657900
1!
1%
0&
#658000
0!
0%
#658100
1!
1*
1+
#658200
0!
#658300
1!
0*
0+
#658400
0!
#658500
1!
1&
b101 ,
#658600
0!
#658700
1!
1%
0&
#658800
0!
0%
#658900
1!
1*
1+
#659000
0!
#659100
1!
0*
0+
#659200
0!
#659300
1!
1&
b110 ,
#659400
0!
#659500
1!
1%
0&
#659600
0!
0%
#659700
1!
1*
1+
#659800
0!
#659900
1!
0*
0+
#660000
0!
#660100
1!
1&
b111 ,
#660200
0!
#660300
1!
1%
0&
#660400
0!
0%
#660500
1!
1*
#660600
0!
#660700
1!
1&
0*
b1000 ,
#660800
0!
#660900
1!
1%
0&
#661000
0!
0%
#661100
1!
1*
1+
#661200
0!
#661300
1!
0*
0+
#661400
0!
#661500
1!
1&
b1001 ,
#661600
0!
#661700
1!
1%
0&
#661800
0!
0%
#661900
1!
1*
1+
#662000
0!
#662100
1!
0*
0+
#662200
0!
#662300
1!
1&
b1010 ,
#662400
0!
#662500
1!
1%
0&
#662600
0!
0%
#662700
1!
1*
1+
#662800
0!
#662900
1!
0*
0+
#663000
0!
#663100
1!
1&
b1011 ,
#663200
0!
#663300
1!
1%
0&
#663400
0!
0%
#663500
1!
1*
1+
#663600
0!
#663700
1!
0*
0+
#663800
0!
#663900
1!
b1100 ,
#664000
0!
#664100
1!
b1101 ,
#664200
0!
#664300
1!
b1110 ,
#664400
0!
#664500
1!
b1111 ,
#664600
0!
#664700
1!
b10000 ,
#664800
0!
#664900
1!
b10001 ,
#665000
0!
#665100
1!
b10010 ,
#665200
0!
#665300
1!
b10011 ,
#665400
0!
#665500
1!
1&
b10100 ,
#665600
0!
#665700
1!
1%
0&
#665800
0!
0%
#665900
1!
1*
1+
#666000
0!
#666100
1!
0*
0+
#666200
0!
#666300
1!
1&
b10101 ,
#666400
0!
#666500
1!
1%
0&
#666600
0!
0%
#666700
1!
1*
1+
#666800
0!
#666900
1!
0*
0+
#667000
0!
#667100
1!
1&
b10110 ,
#667200
0!
#667300
1!
1%
0&
#667400
0!
0%
#667500
1!
1*
1+
#667600
0!
#667700
1!
0*
0+
#667800
0!
#667900
1!
1&
b10111 ,
#668000
0!
#668100
1!
1%
0&
#668200
0!
0%
#668300
1!
1*
1+
#668400
0!
#668500
1!
0*
0+
#668600
0!
#668700
1!
1&
b11000 ,
#668800
0!
#668900
1!
1%
0&
#669000
0!
0%
#669100
1!
1*
#669200
0!
#669300
1!
1&
0*
b11001 ,
#669400
0!
#669500
1!
1%
0&
#669600
0!
0%
#669700
1!
1*
#669800
0!
#669900
1!
1&
0*
b11010 ,
#670000
0!
#670100
1!
1%
0&
#670200
0!
0%
#670300
1!
1*
#670400
0!
#670500
1!
1&
0*
b11011 ,
#670600
0!
#670700
1!
1%
0&
#670800
0!
0%
#670900
1!
1*
#671000
0!
#671100
1!
0*
b11100 ,
#671200
0!
#671300
1!
b11101 ,
#671400
0!
#671500
1!
b11110 ,
#671600
0!
#671700
1!
b11111 ,
#671800
0!
#671900
1!
1&
b100000 ,
#672000
0!
#672100
1!
1%
0&
#672200
0!
0%
#672300
1!
1*
1+
#672400
0!
#672500
1!
0*
0+
#672600
0!
#672700
1!
1&
b100001 ,
#672800
0!
#672900
1!
1%
0&
#673000
0!
0%
#673100
1!
1*
1+
#673200
0!
#673300
1!
0*
0+
#673400
0!
#673500
1!
1&
b100010 ,
#673600
0!
#673700
1!
1%
0&
#673800
0!
0%
#673900
1!
1*
#674000
0!
#674100
1!
1&
0*
b100011 ,
#674200
0!
#674300
1!
1%
0&
#674400
0!
0%
#674500
1!
1*
#674600
0!
#674700
1!
0*
b100100 ,
#674800
0!
#674900
1!
b100101 ,
#675000
0!
#675100
1!
b100110 ,
#675200
0!
#675300
1!
b100111 ,
#675400
0!
#675500
1!
b101000 ,
#675600
0!
#675700
1!
b101001 ,
#675800
0!
#675900
1!
b101010 ,
#676000
0!
#676100
1!
b101011 ,
#676200
0!
#676300
1!
1&
b101100 ,
#676400
0!
#676500
1!
1%
0&
#676600
0!
0%
#676700
1!
1*
#676800
0!
#676900
1!
1&
0*
b101101 ,
#677000
0!
#677100
1!
1%
0&
#677200
0!
0%
#677300
1!
1*
1+
#677400
0!
#677500
1!
0*
0+
#677600
0!
#677700
1!
1&
b101110 ,
#677800
0!
#677900
1!
1%
0&
#678000
0!
0%
#678100
1!
1*
1+
#678200
0!
#678300
1!
0*
0+
#678400
0!
#678500
1!
1&
b101111 ,
#678600
0!
#678700
1!
1%
0&
#678800
0!
0%
#678900
1!
1*
1+
#679000
0!
#679100
1!
0*
0+
#679200
0!
#679300
1!
1&
b110000 ,
#679400
0!
#679500
1!
1%
0&
#679600
0!
0%
#679700
1!
1*
#679800
0!
#679900
1!
1&
0*
b110001 ,
#680000
0!
#680100
1!
1%
0&
#680200
0!
0%
#680300
1!
1*
1+
#680400
0!
#680500
1!
0*
0+
#680600
0!
#680700
1!
1&
b110010 ,
#680800
0!
#680900
1!
1%
0&
#681000
0!
0%
#681100
1!
1*
1+
#681200
0!
#681300
1!
0*
0+
#681400
0!
#681500
1!
1&
b110011 ,
#681600
0!
#681700
1!
1%
0&
#681800
0!
0%
#681900
1!
1*
1+
#682000
0!
#682100
1!
0*
0+
#682200
0!
#682300
1!
b110100 ,
#682400
0!
#682500
1!
b110101 ,
#682600
0!
#682700
1!
b110110 ,
#682800
0!
#682900
1!
b110111 ,
#683000
0!
#683100
1!
b111000 ,
#683200
0!
#683300
1!
b111001 ,
#683400
0!
#683500
1!
b111010 ,
#683600
0!
#683700
1!
b111011 ,
#683800
0!
#683900
1!
1&
b111100 ,
#684000
0!
#684100
1!
1%
0&
#684200
0!
0%
#684300
1!
1*
1+
#684400
0!
#684500
1!
0*
0+
#684600
0!
#684700
1!
1&
b111101 ,
#684800
0!
#684900
1!
1%
0&
#685000
0!
0%
#685100
1!
1*
1+
#685200
0!
#685300
1!
0*
0+
#685400
0!
#685500
1!
1&
b111110 ,
#685600
0!
#685700
1!
1%
0&
#685800
0!
0%
#685900
1!
1*
#686000
0!
#686100
1!
1&
0*
b111111 ,
#686200
0!
#686300
1!
1%
0&
#686400
0!
0%
#686500
1!
1*
#686600
0!
#686700
1!
0*
b1000000 ,
#686800
0!
#686900
1!
b1000001 ,
#687000
0!
#687100
1!
b1000010 ,
#687200
0!
#687300
1!
b1000011 ,
#687400
0!
#687500
1!
1&
b1000100 ,
#687600
0!
#687700
1!
1%
0&
#687800
0!
0%
#687900
1!
1*
1+
#688000
0!
#688100
1!
0*
0+
#688200
0!
#688300
1!
1&
b1000101 ,
#688400
0!
#688500
1!
1%
0&
#688600
0!
0%
#688700
1!
1*
1+
#688800
0!
#688900
1!
0*
0+
#689000
0!
#689100
1!
1&
b1000110 ,
#689200
0!
#689300
1!
1%
0&
#689400
0!
0%
#689500
1!
1*
1+
#689600
0!
#689700
1!
0*
0+
#689800
0!
#689900
1!
1&
b1000111 ,
#690000
0!
#690100
1!
1%
0&
#690200
0!
0%
#690300
1!
1*
1+
#690400
0!
#690500
1!
0*
0+
#690600
0!
#690700
1!
1&
b1001000 ,
#690800
0!
#690900
1!
1%
0&
#691000
0!
0%
#691100
1!
1*
1+
#691200
0!
#691300
1!
0*
0+
#691400
0!
#691500
1!
1&
b1001001 ,
#691600
0!
#691700
1!
1%
0&
#691800
0!
0%
#691900
1!
1*
1+
#692000
0!
#692100
1!
0*
0+
#692200
0!
#692300
1!
1&
b1001010 ,
#692400
0!
#692500
1!
1%
0&
#692600
0!
0%
#692700
1!
1*
1+
#692800
0!
#692900
1!
0*
0+
#693000
0!
#693100
1!
1&
b1001011 ,
#693200
0!
#693300
1!
1%
0&
#693400
0!
0%
#693500
1!
1*
1+
#693600
0!
#693700
1!
0*
0+
#693800
0!
#693900
1!
b1001100 ,
#694000
0!
#694100
1!
b1001101 ,
#694200
0!
#694300
1!
b1001110 ,
#694400
0!
#694500
1!
b1001111 ,
#694600
0!
#694700
1!
b1010000 ,
#694800
0!
#694900
1!
b1010001 ,
#695000
0!
#695100
1!
b1010010 ,
#695200
0!
#695300
1!
b1010011 ,
#695400
0!
#695500
1!
1&
b1010100 ,
#695600
0!
#695700
1!
1%
0&
#695800
0!
0%
#695900
1!
1*
1+
#696000
0!
#696100
1!
0*
0+
#696200
0!
#696300
1!
1&
b1010101 ,
#696400
0!
#696500
1!
1%
0&
#696600
0!
0%
#696700
1!
1*
1+
#696800
0!
#696900
1!
0*
0+
#697000
0!
#697100
1!
1&
b1010110 ,
#697200
0!
#697300
1!
1%
0&
#697400
0!
0%
#697500
1!
1*
1+
#697600
0!
#697700
1!
0*
0+
#697800
0!
#697900
1!
1&
b1010111 ,
#698000
0!
#698100
1!
1%
0&
#698200
0!
0%
#698300
1!
1*
1+
#698400
0!
#698500
1!
0*
0+
#698600
0!
#698700
1!
1&
b1011000 ,
#698800
0!
#698900
1!
1%
0&
#699000
0!
0%
#699100
1!
1*
#699200
0!
#699300
1!
1&
0*
b1011001 ,
#699400
0!
#699500
1!
1%
0&
#699600
0!
0%
#699700
1!
1*
1+
#699800
0!
#699900
1!
0*
0+
#700000
0!
#700100
1!
1&
b1011010 ,
#700200
0!
#700300
1!
1%
0&
#700400
0!
0%
#700500
1!
1*
1+
#700600
0!
#700700
1!
0*
0+
#700800
0!
#700900
1!
1&
b1011011 ,
#701000
0!
#701100
1!
1%
0&
#701200
0!
0%
#701300
1!
1*
#701400
0!
#701500
1!
0*
b1011100 ,
#701600
0!
#701700
1!
b1011101 ,
#701800
0!
#701900
1!
b1011110 ,
#702000
0!
#702100
1!
b1011111 ,
#702200
0!
#702300
1!
1&
b1100000 ,
#702400
0!
#702500
1!
1%
0&
#702600
0!
0%
#702700
1!
1*
#702800
0!
#702900
1!
1&
0*
b1100001 ,
#703000
0!
#703100
1!
1%
0&
#703200
0!
0%
#703300
1!
1*
1+
#703400
0!
#703500
1!
0*
0+
#703600
0!
#703700
1!
1&
b1100010 ,
#703800
0!
#703900
1!
1%
0&
#704000
0!
0%
#704100
1!
1*
#704200
0!
#704300
1!
1&
0*
b1100011 ,
#704400
0!
#704500
1!
1%
0&
#704600
0!
0%
#704700
1!
1*
#704800
0!
#704900
1!
0*
b1100100 ,
#705000
0!
#705100
1!
b1100101 ,
#705200
0!
#705300
1!
b1100110 ,
#705400
0!
#705500
1!
b1100111 ,
#705600
0!
#705700
1!
b1101000 ,
#705800
0!
#705900
1!
b1101001 ,
#706000
0!
#706100
1!
b1101010 ,
#706200
0!
#706300
1!
b1101011 ,
#706400
0!
#706500
1!
1&
b1101100 ,
#706600
0!
#706700
1!
1%
0&
#706800
0!
0%
#706900
1!
1*
#707000
0!
#707100
1!
1&
0*
b1101101 ,
#707200
0!
#707300
1!
1%
0&
#707400
0!
0%
#707500
1!
1*
1+
#707600
0!
#707700
1!
0*
0+
#707800
0!
#707900
1!
1&
b1101110 ,
#708000
0!
#708100
1!
1%
0&
#708200
0!
0%
#708300
1!
1*
1+
#708400
0!
#708500
1!
0*
0+
#708600
0!
#708700
1!
1&
b1101111 ,
#708800
0!
#708900
1!
1%
0&
#709000
0!
0%
#709100
1!
1*
1+
#709200
0!
#709300
1!
0*
0+
#709400
0!
#709500
1!
1&
b1110000 ,
#709600
0!
#709700
1!
1%
0&
#709800
0!
0%
#709900
1!
1*
1+
#710000
0!
#710100
1!
0*
0+
#710200
0!
#710300
1!
1&
b1110001 ,
#710400
0!
#710500
1!
1%
0&
#710600
0!
0%
#710700
1!
1*
1+
#710800
0!
#710900
1!
0*
0+
#711000
0!
#711100
1!
1&
b1110010 ,
#711200
0!
#711300
1!
1%
0&
#711400
0!
0%
#711500
1!
1*
1+
#711600
0!
#711700
1!
0*
0+
#711800
0!
#711900
1!
1&
b1110011 ,
#712000
0!
#712100
1!
1%
0&
#712200
0!
0%
#712300
1!
1*
1+
#712400
0!
#712500
1!
0*
0+
#712600
0!
#712700
1!
b1110100 ,
#712800
0!
#712900
1!
b1110101 ,
#713000
0!
#713100
1!
b1110110 ,
#713200
0!
#713300
1!
b1110111 ,
#713400
0!
#713500
1!
b1111000 ,
#713600
0!
#713700
1!
b1111001 ,
#713800
0!
#713900
1!
b1111010 ,
#714000
0!
#714100
1!
b1111011 ,
#714200
0!
#714300
1!
1&
b1111100 ,
#714400
0!
#714500
1!
1%
0&
#714600
0!
0%
#714700
1!
1*
1+
#714800
0!
#714900
1!
0*
0+
#715000
0!
#715100
1!
1&
b1111101 ,
#715200
0!
#715300
1!
1%
0&
#715400
0!
0%
#715500
1!
1*
1+
#715600
0!
#715700
1!
0*
0+
#715800
0!
#715900
1!
1&
b1111110 ,
#716000
0!
#716100
1!
1%
0&
#716200
0!
0%
#716300
1!
1*
#716400
0!
#716500
1!
1&
0*
b1111111 ,
#716600
0!
#716700
1!
1%
0&
#716800
0!
0%
#716900
1!
1*
1+
#717000
0!
#717100
1!
0*
0+
#717200
0!
#717300
1!
#717400
0!
#717500
1!
b111011101 .
b1010000000 /
#717600
0!
#717700
1!
#717800
0!
#717900
1!
1&
b0 ,
#718000
0!
#718100
1!
1%
0&
#718200
0!
0%
#718300
1!
1*
1+
#718400
0!
#718500
1!
0*
0+
1-
#718600
0!
#718700
1!
1&
1(
b10010100111011011000100001111100 )
b1 ,
0-
#718800
0!
0(
#718900
1!
1%
0&
#719000
0!
0%
#719100
1!
1*
1+
#719200
0!
#719300
1!
0*
0+
#719400
0!
#719500
1!
1&
b10 ,
#719600
0!
#719700
1!
1%
0&
#719800
0!
0%
#719900
1!
1*
1+
#720000
0!
#720100
1!
0*
0+
#720200
0!
#720300
1!
1&
b11 ,
#720400
0!
#720500
1!
1%
0&
#720600
0!
0%
#720700
1!
1*
1+
#720800
0!
#720900
1!
0*
0+
#721000
0!
#721100
1!
b100 ,
#721200
0!
#721300
1!
b101 ,
#721400
0!
#721500
1!
b110 ,
#721600
0!
#721700
1!
b111 ,
#721800
0!
#721900
1!
b1000 ,
#722000
0!
#722100
1!
b1001 ,
#722200
0!
#722300
1!
b1010 ,
#722400
0!
#722500
1!
b1011 ,
#722600
0!
#722700
1!
1&
b1100 ,
#722800
0!
#722900
1!
1%
0&
#723000
0!
0%
#723100
1!
1*
#723200
0!
#723300
1!
1&
0*
b1101 ,
#723400
0!
#723500
1!
1%
0&
#723600
0!
0%
#723700
1!
1*
1+
#723800
0!
#723900
1!
0*
0+
#724000
0!
#724100
1!
1&
b1110 ,
#724200
0!
#724300
1!
1%
0&
#724400
0!
0%
#724500
1!
1*
#724600
0!
#724700
1!
1&
0*
b1111 ,
#724800
0!
#724900
1!
1%
0&
#725000
0!
0%
#725100
1!
1*
1+
#725200
0!
#725300
1!
0*
0+
#725400
0!
#725500
1!
1&
b10000 ,
#725600
0!
#725700
1!
1%
0&
#725800
0!
0%
#725900
1!
1*
1+
#726000
0!
#726100
1!
0*
0+
#726200
0!
#726300
1!
1&
b10001 ,
#726400
0!
#726500
1!
1%
0&
#726600
0!
0%
#726700
1!
1*
1+
#726800
0!
#726900
1!
0*
0+
#727000
0!
#727100
1!
1&
b10010 ,
#727200
0!
#727300
1!
1%
0&
#727400
0!
0%
#727500
1!
1*
1+
#727600
0!
#727700
1!
0*
0+
#727800
0!
#727900
1!
1&
b10011 ,
#728000
0!
#728100
1!
1%
0&
#728200
0!
0%
#728300
1!
1*
1+
#728400
0!
#728500
1!
0*
0+
#728600
0!
#728700
1!
b10100 ,
#728800
0!
#728900
1!
b10101 ,
#729000
0!
#729100
1!
b10110 ,
#729200
0!
#729300
1!
b10111 ,
#729400
0!
#729500
1!
b11000 ,
#729600
0!
#729700
1!
b11001 ,
#729800
0!
#729900
1!
b11010 ,
#730000
0!
#730100
1!
b11011 ,
#730200
0!
#730300
1!
1&
b11100 ,
#730400
0!
#730500
1!
1%
0&
#730600
0!
0%
#730700
1!
1*
1+
#730800
0!
#730900
1!
0*
0+
#731000
0!
#731100
1!
1&
b11101 ,
#731200
0!
#731300
1!
1%
0&
#731400
0!
0%
#731500
1!
1*
#731600
0!
#731700
1!
1&
0*
b11110 ,
#731800
0!
#731900
1!
1%
0&
#732000
0!
0%
#732100
1!
1*
#732200
0!
#732300
1!
1&
0*
b11111 ,
#732400
0!
#732500
1!
1%
0&
#732600
0!
0%
#732700
1!
1*
#732800
0!
#732900
1!
0*
b100000 ,
#733000
0!
#733100
1!
b100001 ,
#733200
0!
#733300
1!
b100010 ,
#733400
0!
#733500
1!
b100011 ,
#733600
0!
#733700
1!
1&
b100100 ,
#733800
0!
#733900
1!
1%
0&
#734000
0!
0%
#734100
1!
1*
1+
#734200
0!
#734300
1!
0*
0+
#734400
0!
#734500
1!
1&
b100101 ,
#734600
0!
#734700
1!
1%
0&
#734800
0!
0%
#734900
1!
1*
1+
#735000
0!
#735100
1!
0*
0+
#735200
0!
#735300
1!
1&
b100110 ,
#735400
0!
#735500
1!
1%
0&
#735600
0!
0%
#735700
1!
1*
1+
#735800
0!
#735900
1!
0*
0+
#736000
0!
#736100
1!
1&
b100111 ,
#736200
0!
#736300
1!
1%
0&
#736400
0!
0%
#736500
1!
1*
#736600
0!
#736700
1!
1&
0*
b101000 ,
#736800
0!
#736900
1!
1%
0&
#737000
0!
0%
#737100
1!
1*
#737200
0!
#737300
1!
1&
0*
b101001 ,
#737400
0!
#737500
1!
1%
0&
#737600
0!
0%
#737700
1!
1*
#737800
0!
#737900
1!
1&
0*
b101010 ,
#738000
0!
#738100
1!
1%
0&
#738200
0!
0%
#738300
1!
1*
1+
#738400
0!
#738500
1!
0*
0+
#738600
0!
#738700
1!
1&
b101011 ,
#738800
0!
#738900
1!
1%
0&
#739000
0!
0%
#739100
1!
1*
#739200
0!
#739300
1!
0*
b101100 ,
#739400
0!
#739500
1!
b101101 ,
#739600
0!
#739700
1!
b101110 ,
#739800
0!
#739900
1!
b101111 ,
#740000
0!
#740100
1!
b110000 ,
#740200
0!
#740300
1!
b110001 ,
#740400
0!
#740500
1!
b110010 ,
#740600
0!
#740700
1!
b110011 ,
#740800
0!
#740900
1!
1&
b110100 ,
#741000
0!
#741100
1!
1%
0&
#741200
0!
0%
#741300
1!
1*
1+
#741400
0!
#741500
1!
0*
0+
#741600
0!
#741700
1!
1&
b110101 ,
#741800
0!
#741900
1!
1%
0&
#742000
0!
0%
#742100
1!
1*
1+
#742200
0!
#742300
1!
0*
0+
#742400
0!
#742500
1!
1&
b110110 ,
#742600
0!
#742700
1!
1%
0&
#742800
0!
0%
#742900
1!
1*
1+
#743000
0!
#743100
1!
0*
0+
#743200
0!
#743300
1!
1&
b110111 ,
#743400
0!
#743500
1!
1%
0&
#743600
0!
0%
#743700
1!
1*
#743800
0!
#743900
1!
1&
0*
b111000 ,
#744000
0!
#744100
1!
1%
0&
#744200
0!
0%
#744300
1!
1*
1+
#744400
0!
#744500
1!
0*
0+
#744600
0!
#744700
1!
1&
b111001 ,
#744800
0!
#744900
1!
1%
0&
#745000
0!
0%
#745100
1!
1*
1+
#745200
0!
#745300
1!
0*
0+
#745400
0!
#745500
1!
1&
b111010 ,
#745600
0!
#745700
1!
1%
0&
#745800
0!
0%
#745900
1!
1*
1+
#746000
0!
#746100
1!
0*
0+
#746200
0!
#746300
1!
1&
b111011 ,
#746400
0!
#746500
1!
1%
0&
#746600
0!
0%
#746700
1!
1*
#746800
0!
#746900
1!
0*
b111100 ,
#747000
0!
#747100
1!
b111101 ,
#747200
0!
#747300
1!
b111110 ,
#747400
0!
#747500
1!
b111111 ,
#747600
0!
#747700
1!
1&
b1000000 ,
#747800
0!
#747900
1!
1%
0&
#748000
0!
0%
#748100
1!
1*
1+
#748200
0!
#748300
1!
0*
0+
#748400
0!
#748500
1!
1&
b1000001 ,
#748600
0!
#748700
1!
1%
0&
#748800
0!
0%
#748900
1!
1*
#749000
0!
#749100
1!
1&
0*
b1000010 ,
#749200
0!
#749300
1!
1%
0&
#749400
0!
0%
#749500
1!
1*
1+
#749600
0!
#749700
1!
0*
0+
#749800
0!
#749900
1!
1&
b1000011 ,
#750000
0!
#750100
1!
1%
0&
#750200
0!
0%
#750300
1!
1*
1+
#750400
0!
#750500
1!
0*
0+
#750600
0!
#750700
1!
b1000100 ,
#750800
0!
#750900
1!
b1000101 ,
#751000
0!
#751100
1!
b1000110 ,
#751200
0!
#751300
1!
b1000111 ,
#751400
0!
#751500
1!
b1001000 ,
#751600
0!
#751700
1!
b1001001 ,
#751800
0!
#751900
1!
b1001010 ,
#752000
0!
#752100
1!
b1001011 ,
#752200
0!
#752300
1!
1&
b1001100 ,
#752400
0!
#752500
1!
1%
0&
#752600
0!
0%
#752700
1!
1*
#752800
0!
#752900
1!
1&
0*
b1001101 ,
#753000
0!
#753100
1!
1%
0&
#753200
0!
0%
#753300
1!
1*
1+
#753400
0!
#753500
1!
0*
0+
#753600
0!
#753700
1!
1&
b1001110 ,
#753800
0!
#753900
1!
1%
0&
#754000
0!
0%
#754100
1!
1*
1+
#754200
0!
#754300
1!
0*
0+
#754400
0!
#754500
1!
1&
b1001111 ,
#754600
0!
#754700
1!
1%
0&
#754800
0!
0%
#754900
1!
1*
1+
#755000
0!
#755100
1!
0*
0+
#755200
0!
#755300
1!
1&
b1010000 ,
#755400
0!
#755500
1!
1%
0&
#755600
0!
0%
#755700
1!
1*
#755800
0!
#755900
1!
1&
0*
b1010001 ,
#756000
0!
#756100
1!
1%
0&
#756200
0!
0%
#756300
1!
1*
1+
#756400
0!
#756500
1!
0*
0+
#756600
0!
#756700
1!
1&
b1010010 ,
#756800
0!
#756900
1!
1%
0&
#757000
0!
0%
#757100
1!
1*
1+
#757200
0!
#757300
1!
0*
0+
#757400
0!
#757500
1!
1&
b1010011 ,
#757600
0!
#757700
1!
1%
0&
#757800
0!
0%
#757900
1!
1*
#758000
0!
#758100
1!
0*
b1010100 ,
#758200
0!
#758300
1!
b1010101 ,
#758400
0!
#758500
1!
b1010110 ,
#758600
0!
#758700
1!
b1010111 ,
#758800
0!
#758900
1!
b1011000 ,
#759000
0!
#759100
1!
b1011001 ,
#759200
0!
#759300
1!
b1011010 ,
#759400
0!
#759500
1!
b1011011 ,
#759600
0!
#759700
1!
1&
b1011100 ,
#759800
0!
#759900
1!
1%
0&
#760000
0!
0%
#760100
1!
1*
1+
#760200
0!
#760300
1!
0*
0+
#760400
0!
#760500
1!
1&
b1011101 ,
#760600
0!
#760700
1!
1%
0&
#760800
0!
0%
#760900
1!
1*
#761000
0!
#761100
1!
1&
0*
b1011110 ,
#761200
0!
#761300
1!
1%
0&
#761400
0!
0%
#761500
1!
1*
1+
#761600
0!
#761700
1!
0*
0+
#761800
0!
#761900
1!
1&
b1011111 ,
#762000
0!
#762100
1!
1%
0&
#762200
0!
0%
#762300
1!
1*
#762400
0!
#762500
1!
0*
b1100000 ,
#762600
0!
#762700
1!
b1100001 ,
#762800
0!
#762900
1!
b1100010 ,
#763000
0!
#763100
1!
b1100011 ,
#763200
0!
#763300
1!
1&
b1100100 ,
#763400
0!
#763500
1!
1%
0&
#763600
0!
0%
#763700
1!
1*
#763800
0!
#763900
1!
1&
0*
b1100101 ,
#764000
0!
#764100
1!
1%
0&
#764200
0!
0%
#764300
1!
1*
#764400
0!
#764500
1!
1&
0*
b1100110 ,
#764600
0!
#764700
1!
1%
0&
#764800
0!
0%
#764900
1!
1*
#765000
0!
#765100
1!
1&
0*
b1100111 ,
#765200
0!
#765300
1!
1%
0&
#765400
0!
0%
#765500
1!
1*
1+
#765600
0!
#765700
1!
0*
0+
#765800
0!
#765900
1!
1&
b1101000 ,
#766000
0!
#766100
1!
1%
0&
#766200
0!
0%
#766300
1!
1*
1+
#766400
0!
#766500
1!
0*
0+
#766600
0!
#766700
1!
1&
b1101001 ,
#766800
0!
#766900
1!
1%
0&
#767000
0!
0%
#767100
1!
1*
1+
#767200
0!
#767300
1!
0*
0+
#767400
0!
#767500
1!
1&
b1101010 ,
#767600
0!
#767700
1!
1%
0&
#767800
0!
0%
#767900
1!
1*
1+
#768000
0!
#768100
1!
0*
0+
#768200
0!
#768300
1!
1&
b1101011 ,
#768400
0!
#768500
1!
1%
0&
#768600
0!
0%
#768700
1!
1*
1+
#768800
0!
#768900
1!
0*
0+
#769000
0!
#769100
1!
b1101100 ,
#769200
0!
#769300
1!
b1101101 ,
#769400
0!
#769500
1!
b1101110 ,
#769600
0!
#769700
1!
b1101111 ,
#769800
0!
#769900
1!
b1110000 ,
#770000
0!
#770100
1!
b1110001 ,
#770200
0!
#770300
1!
b1110010 ,
#770400
0!
#770500
1!
b1110011 ,
#770600
0!
#770700
1!
1&
b1110100 ,
#770800
0!
#770900
1!
1%
0&
#771000
0!
0%
#771100
1!
1*
1+
#771200
0!
#771300
1!
0*
0+
#771400
0!
#771500
1!
1&
b1110101 ,
#771600
0!
#771700
1!
1%
0&
#771800
0!
0%
#771900
1!
1*
1+
#772000
0!
#772100
1!
0*
0+
#772200
0!
#772300
1!
1&
b1110110 ,
#772400
0!
#772500
1!
1%
0&
#772600
0!
0%
#772700
1!
1*
1+
#772800
0!
#772900
1!
0*
0+
#773000
0!
#773100
1!
1&
b1110111 ,
#773200
0!
#773300
1!
1%
0&
#773400
0!
0%
#773500
1!
1*
1+
#773600
0!
#773700
1!
0*
0+
#773800
0!
#773900
1!
1&
b1111000 ,
#774000
0!
#774100
1!
1%
0&
#774200
0!
0%
#774300
1!
1*
1+
#774400
0!
#774500
1!
0*
0+
#774600
0!
#774700
1!
1&
b1111001 ,
#774800
0!
#774900
1!
1%
0&
#775000
0!
0%
#775100
1!
1*
#775200
0!
#775300
1!
1&
0*
b1111010 ,
#775400
0!
#775500
1!
1%
0&
#775600
0!
0%
#775700
1!
1*
1+
#775800
0!
#775900
1!
0*
0+
#776000
0!
#776100
1!
1&
b1111011 ,
#776200
0!
#776300
1!
1%
0&
#776400
0!
0%
#776500
1!
1*
1+
#776600
0!
#776700
1!
0*
0+
#776800
0!
#776900
1!
b1111100 ,
#777000
0!
#777100
1!
b1111101 ,
#777200
0!
#777300
1!
b1111110 ,
#777400
0!
#777500
1!
b1111111 ,
#777600
0!
#777700
1!
#777800
0!
#777900
1!
b1000001000 .
b1011000000 /
#778000
0!
#778100
1!
#778200
0!
#778300
1!
b0 ,
#778400
0!
#778500
1!
b1 ,
#778600
0!
#778700
1!
b10 ,
#778800
0!
#778900
1!
b11 ,
#779000
0!
#779100
1!
1&
b100 ,
#779200
0!
#779300
1!
1%
0&
#779400
0!
0%
#779500
1!
1*
1+
#779600
0!
#779700
1!
0*
0+
#779800
0!
#779900
1!
1&
b101 ,
#780000
0!
#780100
1!
1%
0&
#780200
0!
0%
#780300
1!
1*
1+
#780400
0!
#780500
1!
0*
0+
#780600
0!
#780700
1!
1&
b110 ,
#780800
0!
#780900
1!
1%
0&
#781000
0!
0%
#781100
1!
1*
#781200
0!
#781300
1!
1&
0*
b111 ,
#781400
0!
#781500
1!
1%
0&
#781600
0!
0%
#781700
1!
1*
1+
#781800
0!
#781900
1!
0*
0+
#782000
0!
#782100
1!
1&
b1000 ,
#782200
0!
#782300
1!
1%
0&
#782400
0!
0%
#782500
1!
1*
#782600
0!
#782700
1!
1&
0*
b1001 ,
#782800
0!
#782900
1!
1%
0&
#783000
0!
0%
#783100
1!
1*
1+
#783200
0!
#783300
1!
0*
0+
#783400
0!
#783500
1!
1&
b1010 ,
#783600
0!
#783700
1!
1%
0&
#783800
0!
0%
#783900
1!
1*
1+
#784000
0!
#784100
1!
0*
0+
#784200
0!
#784300
1!
1&
b1011 ,
#784400
0!
#784500
1!
1%
0&
#784600
0!
0%
#784700
1!
1*
1+
#784800
0!
#784900
1!
0*
0+
#785000
0!
#785100
1!
b1100 ,
#785200
0!
#785300
1!
b1101 ,
#785400
0!
#785500
1!
b1110 ,
#785600
0!
#785700
1!
b1111 ,
#785800
0!
#785900
1!
b10000 ,
#786000
0!
#786100
1!
b10001 ,
#786200
0!
#786300
1!
b10010 ,
#786400
0!
#786500
1!
b10011 ,
#786600
0!
#786700
1!
1&
b10100 ,
#786800
0!
#786900
1!
1%
0&
#787000
0!
0%
#787100
1!
1*
#787200
0!
#787300
1!
1&
0*
b10101 ,
#787400
0!
#787500
1!
1%
0&
#787600
0!
0%
#787700
1!
1*
1+
#787800
0!
#787900
1!
0*
0+
#788000
0!
#788100
1!
1&
b10110 ,
#788200
0!
#788300
1!
1%
0&
#788400
0!
0%
#788500
1!
1*
#788600
0!
#788700
1!
1&
0*
b10111 ,
#788800
0!
#788900
1!
1%
0&
#789000
0!
0%
#789100
1!
1*
1+
#789200
0!
#789300
1!
0*
0+
#789400
0!
#789500
1!
1&
b11000 ,
#789600
0!
#789700
1!
1%
0&
#789800
0!
0%
#789900
1!
1*
#790000
0!
#790100
1!
1&
0*
b11001 ,
#790200
0!
#790300
1!
1%
0&
#790400
0!
0%
#790500
1!
1*
1+
#790600
0!
#790700
1!
0*
0+
#790800
0!
#790900
1!
1&
b11010 ,
#791000
0!
#791100
1!
1%
0&
#791200
0!
0%
#791300
1!
1*
#791400
0!
#791500
1!
1&
0*
b11011 ,
#791600
0!
#791700
1!
1%
0&
#791800
0!
0%
#791900
1!
1*
#792000
0!
#792100
1!
0*
b11100 ,
#792200
0!
#792300
1!
b11101 ,
#792400
0!
#792500
1!
b11110 ,
#792600
0!
#792700
1!
b11111 ,
#792800
0!
#792900
1!
1&
b100000 ,
#793000
0!
#793100
1!
1%
0&
#793200
0!
0%
#793300
1!
1*
1+
#793400
0!
#793500
1!
0*
0+
#793600
0!
#793700
1!
1&
b100001 ,
#793800
0!
#793900
1!
1%
0&
#794000
0!
0%
#794100
1!
1*
1+
#794200
0!
#794300
1!
0*
0+
#794400
0!
#794500
1!
1&
b100010 ,
#794600
0!
#794700
1!
1%
0&
#794800
0!
0%
#794900
1!
1*
#795000
0!
#795100
1!
1&
0*
b100011 ,
#795200
0!
#795300
1!
1%
0&
#795400
0!
0%
#795500
1!
1*
1+
#795600
0!
#795700
1!
0*
0+
#795800
0!
#795900
1!
b100100 ,
#796000
0!
#796100
1!
b100101 ,
#796200
0!
#796300
1!
b100110 ,
#796400
0!
#796500
1!
b100111 ,
#796600
0!
#796700
1!
b101000 ,
#796800
0!
#796900
1!
b101001 ,
#797000
0!
#797100
1!
b101010 ,
#797200
0!
#797300
1!
b101011 ,
#797400
0!
#797500
1!
1&
b101100 ,
#797600
0!
#797700
1!
1%
0&
#797800
0!
0%
#797900
1!
1*
#798000
0!
#798100
1!
1&
0*
b101101 ,
#798200
0!
#798300
1!
1%
0&
#798400
0!
0%
#798500
1!
1*
1+
#798600
0!
#798700
1!
0*
0+
#798800
0!
#798900
1!
1&
b101110 ,
#799000
0!
#799100
1!
1%
0&
#799200
0!
0%
#799300
1!
1*
1+
#799400
0!
#799500
1!
0*
0+
#799600
0!
#799700
1!
1&
b101111 ,
#799800
0!
#799900
1!
1%
0&
#800000
0!
0%
#800100
1!
1*
1+
#800200
0!
#800300
1!
0*
0+
#800400
0!
#800500
1!
1&
b110000 ,
#800600
0!
#800700
1!
1%
0&
#800800
0!
0%
#800900
1!
1*
1+
#801000
0!
#801100
1!
0*
0+
#801200
0!
#801300
1!
1&
b110001 ,
#801400
0!
#801500
1!
1%
0&
#801600
0!
0%
#801700
1!
1*
#801800
0!
#801900
1!
1&
0*
b110010 ,
#802000
0!
#802100
1!
1%
0&
#802200
0!
0%
#802300
1!
1*
1+
#802400
0!
#802500
1!
0*
0+
#802600
0!
#802700
1!
1&
b110011 ,
#802800
0!
#802900
1!
1%
0&
#803000
0!
0%
#803100
1!
1*
#803200
0!
#803300
1!
0*
b110100 ,
#803400
0!
#803500
1!
b110101 ,
#803600
0!
#803700
1!
b110110 ,
#803800
0!
#803900
1!
b110111 ,
#804000
0!
#804100
1!
b111000 ,
#804200
0!
#804300
1!
b111001 ,
#804400
0!
#804500
1!
b111010 ,
#804600
0!
#804700
1!
b111011 ,
#804800
0!
#804900
1!
1&
b111100 ,
#805000
0!
#805100
1!
1%
0&
#805200
0!
0%
#805300
1!
1*
1+
#805400
0!
#805500
1!
0*
0+
#805600
0!
#805700
1!
1&
b111101 ,
#805800
0!
#805900
1!
1%
0&
#806000
0!
0%
#806100
1!
1*
1+
#806200
0!
#806300
1!
0*
0+
#806400
0!
#806500
1!
1&
b111110 ,
#806600
0!
#806700
1!
1%
0&
#806800
0!
0%
#806900
1!
1*
1+
#807000
0!
#807100
1!
0*
0+
#807200
0!
#807300
1!
1&
b111111 ,
#807400
0!
#807500
1!
1%
0&
#807600
0!
0%
#807700
1!
1*
#807800
0!
#807900
1!
0*
b1000000 ,
#808000
0!
#808100
1!
b1000001 ,
#808200
0!
#808300
1!
b1000010 ,
#808400
0!
#808500
1!
b1000011 ,
#808600
0!
#808700
1!
1&
b1000100 ,
#808800
0!
#808900
1!
1%
0&
#809000
0!
0%
#809100
1!
1*
#809200
0!
#809300
1!
1&
0*
b1000101 ,
#809400
0!
#809500
1!
1%
0&
#809600
0!
0%
#809700
1!
1*
1+
#809800
0!
#809900
1!
0*
0+
#810000
0!
#810100
1!
1&
b1000110 ,
#810200
0!
#810300
1!
1%
0&
#810400
0!
0%
#810500
1!
1*
1+
#810600
0!
#810700
1!
0*
0+
#810800
0!
#810900
1!
1&
b1000111 ,
#811000
0!
#811100
1!
1%
0&
#811200
0!
0%
#811300
1!
1*
#811400
0!
#811500
1!
1&
0*
b1001000 ,
#811600
0!
#811700
1!
1%
0&
#811800
0!
0%
#811900
1!
1*
1+
#812000
0!
#812100
1!
0*
0+
#812200
0!
#812300
1!
1&
b1001001 ,
#812400
0!
#812500
1!
1%
0&
#812600
0!
0%
#812700
1!
1*
1+
#812800
0!
#812900
1!
0*
0+
#813000
0!
#813100
1!
1&
b1001010 ,
#813200
0!
#813300
1!
1%
0&
#813400
0!
0%
#813500
1!
1*
1+
#813600
0!
#813700
1!
0*
0+
#813800
0!
#813900
1!
1&
b1001011 ,
#814000
0!
#814100
1!
1%
0&
#814200
0!
0%
#814300
1!
1*
#814400
0!
#814500
1!
0*
b1001100 ,
#814600
0!
#814700
1!
b1001101 ,
#814800
0!
#814900
1!
b1001110 ,
#815000
0!
#815100
1!
b1001111 ,
#815200
0!
#815300
1!
b1010000 ,
#815400
0!
#815500
1!
b1010001 ,
#815600
0!
#815700
1!
b1010010 ,
#815800
0!
#815900
1!
b1010011 ,
#816000
0!
#816100
1!
1&
b1010100 ,
#816200
0!
#816300
1!
1%
0&
#816400
0!
0%
#816500
1!
1*
#816600
0!
#816700
1!
1&
0*
b1010101 ,
#816800
0!
#816900
1!
1%
0&
#817000
0!
0%
#817100
1!
1*
1+
#817200
0!
#817300
1!
0*
0+
#817400
0!
#817500
1!
1&
b1010110 ,
#817600
0!
#817700
1!
1%
0&
#817800
0!
0%
#817900
1!
1*
1+
#818000
0!
#818100
1!
0*
0+
#818200
0!
#818300
1!
1&
b1010111 ,
#818400
0!
#818500
1!
1%
0&
#818600
0!
0%
#818700
1!
1*
1+
#818800
0!
#818900
1!
0*
0+
#819000
0!
#819100
1!
1&
b1011000 ,
#819200
0!
#819300
1!
1%
0&
#819400
0!
0%
#819500
1!
1*
1+
#819600
0!
#819700
1!
0*
0+
#819800
0!
#819900
1!
1&
b1011001 ,
#820000
0!
#820100
1!
1%
0&
#820200
0!
0%
#820300
1!
1*
1+
#820400
0!
#820500
1!
0*
0+
#820600
0!
#820700
1!
1&
b1011010 ,
#820800
0!
#820900
1!
1%
0&
#821000
0!
0%
#821100
1!
1*
1+
#821200
0!
#821300
1!
0*
0+
#821400
0!
#821500
1!
1&
b1011011 ,
#821600
0!
#821700
1!
1%
0&
#821800
0!
0%
#821900
1!
1*
1+
#822000
0!
#822100
1!
0*
0+
#822200
0!
#822300
1!
b1011100 ,
#822400
0!
#822500
1!
b1011101 ,
#822600
0!
#822700
1!
b1011110 ,
#822800
0!
#822900
1!
b1011111 ,
#823000
0!
#823100
1!
1&
b1100000 ,
#823200
0!
#823300
1!
1%
0&
#823400
0!
0%
#823500
1!
1*
#823600
0!
#823700
1!
1&
0*
b1100001 ,
#823800
0!
#823900
1!
1%
0&
#824000
0!
0%
#824100
1!
1*
1+
#824200
0!
#824300
1!
0*
0+
#824400
0!
#824500
1!
1&
b1100010 ,
#824600
0!
#824700
1!
1%
0&
#824800
0!
0%
#824900
1!
1*
#825000
0!
#825100
1!
1&
0*
b1100011 ,
#825200
0!
#825300
1!
1%
0&
#825400
0!
0%
#825500
1!
1*
#825600
0!
#825700
1!
0*
b1100100 ,
#825800
0!
#825900
1!
b1100101 ,
#826000
0!
#826100
1!
b1100110 ,
#826200
0!
#826300
1!
b1100111 ,
#826400
0!
#826500
1!
b1101000 ,
#826600
0!
#826700
1!
b1101001 ,
#826800
0!
#826900
1!
b1101010 ,
#827000
0!
#827100
1!
b1101011 ,
#827200
0!
#827300
1!
1&
b1101100 ,
#827400
0!
#827500
1!
1%
0&
#827600
0!
0%
#827700
1!
1*
1+
#827800
0!
#827900
1!
0*
0+
#828000
0!
#828100
1!
1&
b1101101 ,
#828200
0!
#828300
1!
1%
0&
#828400
0!
0%
#828500
1!
1*
1+
#828600
0!
#828700
1!
0*
0+
#828800
0!
#828900
1!
1&
b1101110 ,
#829000
0!
#829100
1!
1%
0&
#829200
0!
0%
#829300
1!
1*
#829400
0!
#829500
1!
1&
0*
b1101111 ,
#829600
0!
#829700
1!
1%
0&
#829800
0!
0%
#829900
1!
1*
1+
#830000
0!
#830100
1!
0*
0+
#830200
0!
#830300
1!
1&
b1110000 ,
#830400
0!
#830500
1!
1%
0&
#830600
0!
0%
#830700
1!
1*
#830800
0!
#830900
1!
1&
0*
b1110001 ,
#831000
0!
#831100
1!
1%
0&
#831200
0!
0%
#831300
1!
1*
1+
#831400
0!
#831500
1!
0*
0+
#831600
0!
#831700
1!
1&
b1110010 ,
#831800
0!
#831900
1!
1%
0&
#832000
0!
0%
#832100
1!
1*
1+
#832200
0!
#832300
1!
0*
0+
#832400
0!
#832500
1!
1&
b1110011 ,
#832600
0!
#832700
1!
1%
0&
#832800
0!
0%
#832900
1!
1*
1+
#833000
0!
#833100
1!
0*
0+
#833200
0!
#833300
1!
b1110100 ,
#833400
0!
#833500
1!
b1110101 ,
#833600
0!
#833700
1!
b1110110 ,
#833800
0!
#833900
1!
b1110111 ,
#834000
0!
#834100
1!
b1111000 ,
#834200
0!
#834300
1!
b1111001 ,
#834400
0!
#834500
1!
b1111010 ,
#834600
0!
#834700
1!
b1111011 ,
#834800
0!
#834900
1!
1&
b1111100 ,
#835000
0!
#835100
1!
1%
0&
#835200
0!
0%
#835300
1!
1*
1+
#835400
0!
#835500
1!
0*
0+
#835600
0!
#835700
1!
1&
b1111101 ,
#835800
0!
#835900
1!
1%
0&
#836000
0!
0%
#836100
1!
1*
1+
#836200
0!
#836300
1!
0*
0+
#836400
0!
#836500
1!
1&
b1111110 ,
#836600
0!
#836700
1!
1%
0&
#836800
0!
0%
#836900
1!
1*
1+
#837000
0!
#837100
1!
0*
0+
#837200
0!
#837300
1!
1&
b1111111 ,
#837400
0!
#837500
1!
1%
0&
#837600
0!
0%
#837700
1!
1*
1+
#837800
0!
#837900
1!
0*
0+
#838000
0!
#838100
1!
#838200
0!
#838300
1!
b1000110011 .
b1100000000 /
#838400
0!
#838500
1!
#838600
0!
#838700
1!
1&
b0 ,
#838800
0!
#838900
1!
1%
0&
#839000
0!
0%
#839100
1!
1*
1+
#839200
0!
#839300
1!
0*
0+
1-
#839400
0!
#839500
1!
1&
1(
b10100111010000100000011101111110 )
b1 ,
0-
#839600
0!
0(
#839700
1!
1%
0&
#839800
0!
0%
#839900
1!
1*
1+
#840000
0!
#840100
1!
0*
0+
#840200
0!
#840300
1!
1&
b10 ,
#840400
0!
#840500
1!
1%
0&
#840600
0!
0%
#840700
1!
1*
1+
#840800
0!
#840900
1!
0*
0+
#841000
0!
#841100
1!
1&
b11 ,
#841200
0!
#841300
1!
1%
0&
#841400
0!
0%
#841500
1!
1*
1+
#841600
0!
#841700
1!
0*
0+
#841800
0!
#841900
1!
b100 ,
#842000
0!
#842100
1!
b101 ,
#842200
0!
#842300
1!
b110 ,
#842400
0!
#842500
1!
b111 ,
#842600
0!
#842700
1!
b1000 ,
#842800
0!
#842900
1!
b1001 ,
#843000
0!
#843100
1!
b1010 ,
#843200
0!
#843300
1!
b1011 ,
#843400
0!
#843500
1!
1&
b1100 ,
#843600
0!
#843700
1!
1%
0&
#843800
0!
0%
#843900
1!
1*
1+
#844000
0!
#844100
1!
0*
0+
#844200
0!
#844300
1!
1&
b1101 ,
#844400
0!
#844500
1!
1%
0&
#844600
0!
0%
#844700
1!
1*
1+
#844800
0!
#844900
1!
0*
0+
#845000
0!
#845100
1!
1&
b1110 ,
#845200
0!
#845300
1!
1%
0&
#845400
0!
0%
#845500
1!
1*
1+
#845600
0!
#845700
1!
0*
0+
#845800
0!
#845900
1!
1&
b1111 ,
#846000
0!
#846100
1!
1%
0&
#846200
0!
0%
#846300
1!
1*
1+
#846400
0!
#846500
1!
0*
0+
#846600
0!
#846700
1!
1&
b10000 ,
#846800
0!
#846900
1!
1%
0&
#847000
0!
0%
#847100
1!
1*
1+
#847200
0!
#847300
1!
0*
0+
#847400
0!
#847500
1!
1&
b10001 ,
#847600
0!
#847700
1!
1%
0&
#847800
0!
0%
#847900
1!
1*
#848000
0!
#848100
1!
1&
0*
b10010 ,
#848200
0!
#848300
1!
1%
0&
#848400
0!
0%
#848500
1!
1*
1+
#848600
0!
#848700
1!
0*
0+
#848800
0!
#848900
1!
1&
b10011 ,
#849000
0!
#849100
1!
1%
0&
#849200
0!
0%
#849300
1!
1*
1+
#849400
0!
#849500
1!
0*
0+
#849600
0!
#849700
1!
b10100 ,
#849800
0!
#849900
1!
b10101 ,
#850000
0!
#850100
1!
b10110 ,
#850200
0!
#850300
1!
b10111 ,
#850400
0!
#850500
1!
b11000 ,
#850600
0!
#850700
1!
b11001 ,
#850800
0!
#850900
1!
b11010 ,
#851000
0!
#851100
1!
b11011 ,
#851200
0!
#851300
1!
1&
b11100 ,
#851400
0!
#851500
1!
1%
0&
#851600
0!
0%
#851700
1!
1*
1+
#851800
0!
#851900
1!
0*
0+
#852000
0!
#852100
1!
1&
b11101 ,
#852200
0!
#852300
1!
1%
0&
#852400
0!
0%
#852500
1!
1*
#852600
0!
#852700
1!
1&
0*
b11110 ,
#852800
0!
#852900
1!
1%
0&
#853000
0!
0%
#853100
1!
1*
#853200
0!
#853300
1!
1&
0*
b11111 ,
#853400
0!
#853500
1!
1%
0&
#853600
0!
0%
#853700
1!
1*
#853800
0!
#853900
1!
0*
b100000 ,
#854000
0!
#854100
1!
b100001 ,
#854200
0!
#854300
1!
b100010 ,
#854400
0!
#854500
1!
b100011 ,
#854600
0!
#854700
1!
1&
b100100 ,
#854800
0!
#854900
1!
1%
0&
#855000
0!
0%
#855100
1!
1*
1+
#855200
0!
#855300
1!
0*
0+
#855400
0!
#855500
1!
1&
b100101 ,
#855600
0!
#855700
1!
1%
0&
#855800
0!
0%
#855900
1!
1*
1+
#856000
0!
#856100
1!
0*
0+
#856200
0!
#856300
1!
1&
b100110 ,
#856400
0!
#856500
1!
1%
0&
#856600
0!
0%
#856700
1!
1*
#856800
0!
#856900
1!
1&
0*
b100111 ,
#857000
0!
#857100
1!
1%
0&
#857200
0!
0%
#857300
1!
1*
1+
#857400
0!
#857500
1!
0*
0+
#857600
0!
#857700
1!
1&
b101000 ,
#857800
0!
#857900
1!
1%
0&
#858000
0!
0%
#858100
1!
1*
#858200
0!
#858300
1!
1&
0*
b101001 ,
#858400
0!
#858500
1!
1%
0&
#858600
0!
0%
#858700
1!
1*
#858800
0!
#858900
1!
1&
0*
b101010 ,
#859000
0!
#859100
1!
1%
0&
#859200
0!
0%
#859300
1!
1*
1+
#859400
0!
#859500
1!
0*
0+
#859600
0!
#859700
1!
1&
b101011 ,
#859800
0!
#859900
1!
1%
0&
#860000
0!
0%
#860100
1!
1*
1+
#860200
0!
#860300
1!
0*
0+
#860400
0!
#860500
1!
b101100 ,
#860600
0!
#860700
1!
b101101 ,
#860800
0!
#860900
1!
b101110 ,
#861000
0!
#861100
1!
b101111 ,
#861200
0!
#861300
1!
b110000 ,
#861400
0!
#861500
1!
b110001 ,
#861600
0!
#861700
1!
b110010 ,
#861800
0!
#861900
1!
b110011 ,
#862000
0!
#862100
1!
1&
b110100 ,
#862200
0!
#862300
1!
1%
0&
#862400
0!
0%
#862500
1!
1*
1+
#862600
0!
#862700
1!
0*
0+
#862800
0!
#862900
1!
1&
b110101 ,
#863000
0!
#863100
1!
1%
0&
#863200
0!
0%
#863300
1!
1*
1+
#863400
0!
#863500
1!
0*
0+
#863600
0!
#863700
1!
1&
b110110 ,
#863800
0!
#863900
1!
1%
0&
#864000
0!
0%
#864100
1!
1*
1+
#864200
0!
#864300
1!
0*
0+
#864400
0!
#864500
1!
1&
b110111 ,
#864600
0!
#864700
1!
1%
0&
#864800
0!
0%
#864900
1!
1*
1+
#865000
0!
#865100
1!
0*
0+
#865200
0!
#865300
1!
1&
b111000 ,
#865400
0!
#865500
1!
1%
0&
#865600
0!
0%
#865700
1!
1*
#865800
0!
#865900
1!
1&
0*
b111001 ,
#866000
0!
#866100
1!
1%
0&
#866200
0!
0%
#866300
1!
1*
1+
#866400
0!
#866500
1!
0*
0+
#866600
0!
#866700
1!
1&
b111010 ,
#866800
0!
#866900
1!
1%
0&
#867000
0!
0%
#867100
1!
1*
1+
#867200
0!
#867300
1!
0*
0+
#867400
0!
#867500
1!
1&
b111011 ,
#867600
0!
#867700
1!
1%
0&
#867800
0!
0%
#867900
1!
1*
1+
#868000
0!
#868100
1!
0*
0+
#868200
0!
#868300
1!
b111100 ,
#868400
0!
#868500
1!
b111101 ,
#868600
0!
#868700
1!
b111110 ,
#868800
0!
#868900
1!
b111111 ,
#869000
0!
#869100
1!
1&
b1000000 ,
#869200
0!
#869300
1!
1%
0&
#869400
0!
0%
#869500
1!
1*
#869600
0!
#869700
1!
1&
0*
b1000001 ,
#869800
0!
#869900
1!
1%
0&
#870000
0!
0%
#870100
1!
1*
#870200
0!
#870300
1!
1&
0*
b1000010 ,
#870400
0!
#870500
1!
1%
0&
#870600
0!
0%
#870700
1!
1*
1+
#870800
0!
#870900
1!
0*
0+
#871000
0!
#871100
1!
1&
b1000011 ,
#871200
0!
#871300
1!
1%
0&
#871400
0!
0%
#871500
1!
1*
#871600
0!
#871700
1!
0*
b1000100 ,
#871800
0!
#871900
1!
b1000101 ,
#872000
0!
#872100
1!
b1000110 ,
#872200
0!
#872300
1!
b1000111 ,
#872400
0!
#872500
1!
b1001000 ,
#872600
0!
#872700
1!
b1001001 ,
#872800
0!
#872900
1!
b1001010 ,
#873000
0!
#873100
1!
b1001011 ,
#873200
0!
#873300
1!
1&
b1001100 ,
#873400
0!
#873500
1!
1%
0&
#873600
0!
0%
#873700
1!
1*
#873800
0!
#873900
1!
1&
0*
b1001101 ,
#874000
0!
#874100
1!
1%
0&
#874200
0!
0%
#874300
1!
1*
1+
#874400
0!
#874500
1!
0*
0+
#874600
0!
#874700
1!
1&
b1001110 ,
#874800
0!
#874900
1!
1%
0&
#875000
0!
0%
#875100
1!
1*
1+
#875200
0!
#875300
1!
0*
0+
#875400
0!
#875500
1!
1&
b1001111 ,
#875600
0!
#875700
1!
1%
0&
#875800
0!
0%
#875900
1!
1*
1+
#876000
0!
#876100
1!
0*
0+
#876200
0!
#876300
1!
1&
b1010000 ,
#876400
0!
#876500
1!
1%
0&
#876600
0!
0%
#876700
1!
1*
1+
#876800
0!
#876900
1!
0*
0+
#877000
0!
#877100
1!
1&
b1010001 ,
#877200
0!
#877300
1!
1%
0&
#877400
0!
0%
#877500
1!
1*
1+
#877600
0!
#877700
1!
0*
0+
#877800
0!
#877900
1!
1&
b1010010 ,
#878000
0!
#878100
1!
1%
0&
#878200
0!
0%
#878300
1!
1*
#878400
0!
#878500
1!
1&
0*
b1010011 ,
#878600
0!
#878700
1!
1%
0&
#878800
0!
0%
#878900
1!
1*
#879000
0!
#879100
1!
0*
b1010100 ,
#879200
0!
#879300
1!
b1010101 ,
#879400
0!
#879500
1!
b1010110 ,
#879600
0!
#879700
1!
b1010111 ,
#879800
0!
#879900
1!
b1011000 ,
#880000
0!
#880100
1!
b1011001 ,
#880200
0!
#880300
1!
b1011010 ,
#880400
0!
#880500
1!
b1011011 ,
#880600
0!
#880700
1!
1&
b1011100 ,
#880800
0!
#880900
1!
1%
0&
#881000
0!
0%
#881100
1!
1*
#881200
0!
#881300
1!
1&
0*
b1011101 ,
#881400
0!
#881500
1!
1%
0&
#881600
0!
0%
#881700
1!
1*
1+
#881800
0!
#881900
1!
0*
0+
#882000
0!
#882100
1!
1&
b1011110 ,
#882200
0!
#882300
1!
1%
0&
#882400
0!
0%
#882500
1!
1*
1+
#882600
0!
#882700
1!
0*
0+
#882800
0!
#882900
1!
1&
b1011111 ,
#883000
0!
#883100
1!
1%
0&
#883200
0!
0%
#883300
1!
1*
1+
#883400
0!
#883500
1!
0*
0+
#883600
0!
#883700
1!
b1100000 ,
#883800
0!
#883900
1!
b1100001 ,
#884000
0!
#884100
1!
b1100010 ,
#884200
0!
#884300
1!
b1100011 ,
#884400
0!
#884500
1!
1&
b1100100 ,
#884600
0!
#884700
1!
1%
0&
#884800
0!
0%
#884900
1!
1*
1+
#885000
0!
#885100
1!
0*
0+
#885200
0!
#885300
1!
1&
b1100101 ,
#885400
0!
#885500
1!
1%
0&
#885600
0!
0%
#885700
1!
1*
1+
#885800
0!
#885900
1!
0*
0+
#886000
0!
#886100
1!
1&
b1100110 ,
#886200
0!
#886300
1!
1%
0&
#886400
0!
0%
#886500
1!
1*
1+
#886600
0!
#886700
1!
0*
0+
#886800
0!
#886900
1!
1&
b1100111 ,
#887000
0!
#887100
1!
1%
0&
#887200
0!
0%
#887300
1!
1*
#887400
0!
#887500
1!
1&
0*
b1101000 ,
#887600
0!
#887700
1!
1%
0&
#887800
0!
0%
#887900
1!
1*
1+
#888000
0!
#888100
1!
0*
0+
#888200
0!
#888300
1!
1&
b1101001 ,
#888400
0!
#888500
1!
1%
0&
#888600
0!
0%
#888700
1!
1*
1+
#888800
0!
#888900
1!
0*
0+
#889000
0!
#889100
1!
1&
b1101010 ,
#889200
0!
#889300
1!
1%
0&
#889400
0!
0%
#889500
1!
1*
1+
#889600
0!
#889700
1!
0*
0+
#889800
0!
#889900
1!
1&
b1101011 ,
#890000
0!
#890100
1!
1%
0&
#890200
0!
0%
#890300
1!
1*
#890400
0!
#890500
1!
0*
b1101100 ,
#890600
0!
#890700
1!
b1101101 ,
#890800
0!
#890900
1!
b1101110 ,
#891000
0!
#891100
1!
b1101111 ,
#891200
0!
#891300
1!
b1110000 ,
#891400
0!
#891500
1!
b1110001 ,
#891600
0!
#891700
1!
b1110010 ,
#891800
0!
#891900
1!
b1110011 ,
#892000
0!
#892100
1!
1&
b1110100 ,
#892200
0!
#892300
1!
1%
0&
#892400
0!
0%
#892500
1!
1*
#892600
0!
#892700
1!
1&
0*
b1110101 ,
#892800
0!
#892900
1!
1%
0&
#893000
0!
0%
#893100
1!
1*
#893200
0!
#893300
1!
1&
0*
b1110110 ,
#893400
0!
#893500
1!
1%
0&
#893600
0!
0%
#893700
1!
1*
1+
#893800
0!
#893900
1!
0*
0+
#894000
0!
#894100
1!
1&
b1110111 ,
#894200
0!
#894300
1!
1%
0&
#894400
0!
0%
#894500
1!
1*
#894600
0!
#894700
1!
1&
0*
b1111000 ,
#894800
0!
#894900
1!
1%
0&
#895000
0!
0%
#895100
1!
1*
1+
#895200
0!
#895300
1!
0*
0+
#895400
0!
#895500
1!
1&
b1111001 ,
#895600
0!
#895700
1!
1%
0&
#895800
0!
0%
#895900
1!
1*
1+
#896000
0!
#896100
1!
0*
0+
#896200
0!
#896300
1!
1&
b1111010 ,
#896400
0!
#896500
1!
1%
0&
#896600
0!
0%
#896700
1!
1*
1+
#896800
0!
#896900
1!
0*
0+
#897000
0!
#897100
1!
1&
b1111011 ,
#897200
0!
#897300
1!
1%
0&
#897400
0!
0%
#897500
1!
1*
1+
#897600
0!
#897700
1!
0*
0+
#897800
0!
#897900
1!
b1111100 ,
#898000
0!
#898100
1!
b1111101 ,
#898200
0!
#898300
1!
b1111110 ,
#898400
0!
#898500
1!
b1111111 ,
#898600
0!
#898700
1!
#898800
0!
#898900
1!
b1001011111 .
b1101000000 /
#899000
0!
#899100
1!
#899200
0!
#899300
1!
b0 ,
#899400
0!
#899500
1!
b1 ,
#899600
0!
#899700
1!
b10 ,
#899800
0!
#899900
1!
b11 ,
#900000
0!
#900100
1!
1&
b100 ,
#900200
0!
#900300
1!
1%
0&
#900400
0!
0%
#900500
1!
1*
1+
#900600
0!
#900700
1!
0*
0+
#900800
0!
#900900
1!
1&
b101 ,
#901000
0!
#901100
1!
1%
0&
#901200
0!
0%
#901300
1!
1*
1+
#901400
0!
#901500
1!
0*
0+
#901600
0!
#901700
1!
1&
b110 ,
#901800
0!
#901900
1!
1%
0&
#902000
0!
0%
#902100
1!
1*
#902200
0!
#902300
1!
1&
0*
b111 ,
#902400
0!
#902500
1!
1%
0&
#902600
0!
0%
#902700
1!
1*
#902800
0!
#902900
1!
1&
0*
b1000 ,
#903000
0!
#903100
1!
1%
0&
#903200
0!
0%
#903300
1!
1*
1+
#903400
0!
#903500
1!
0*
0+
#903600
0!
#903700
1!
1&
b1001 ,
#903800
0!
#903900
1!
1%
0&
#904000
0!
0%
#904100
1!
1*
#904200
0!
#904300
1!
1&
0*
b1010 ,
#904400
0!
#904500
1!
1%
0&
#904600
0!
0%
#904700
1!
1*
1+
#904800
0!
#904900
1!
0*
0+
#905000
0!
#905100
1!
1&
b1011 ,
#905200
0!
#905300
1!
1%
0&
#905400
0!
0%
#905500
1!
1*
1+
#905600
0!
#905700
1!
0*
0+
#905800
0!
#905900
1!
b1100 ,
#906000
0!
#906100
1!
b1101 ,
#906200
0!
#906300
1!
b1110 ,
#906400
0!
#906500
1!
b1111 ,
#906600
0!
#906700
1!
b10000 ,
#906800
0!
#906900
1!
b10001 ,
#907000
0!
#907100
1!
b10010 ,
#907200
0!
#907300
1!
b10011 ,
#907400
0!
#907500
1!
1&
b10100 ,
#907600
0!
#907700
1!
1%
0&
#907800
0!
0%
#907900
1!
1*
1+
#908000
0!
#908100
1!
0*
0+
#908200
0!
#908300
1!
1&
b10101 ,
#908400
0!
#908500
1!
1%
0&
#908600
0!
0%
#908700
1!
1*
1+
#908800
0!
#908900
1!
0*
0+
#909000
0!
#909100
1!
1&
b10110 ,
#909200
0!
#909300
1!
1%
0&
#909400
0!
0%
#909500
1!
1*
1+
#909600
0!
#909700
1!
0*
0+
#909800
0!
#909900
1!
1&
b10111 ,
#910000
0!
#910100
1!
1%
0&
#910200
0!
0%
#910300
1!
1*
1+
#910400
0!
#910500
1!
0*
0+
#910600
0!
#910700
1!
1&
b11000 ,
#910800
0!
#910900
1!
1%
0&
#911000
0!
0%
#911100
1!
1*
1+
#911200
0!
#911300
1!
0*
0+
#911400
0!
#911500
1!
1&
b11001 ,
#911600
0!
#911700
1!
1%
0&
#911800
0!
0%
#911900
1!
1*
1+
#912000
0!
#912100
1!
0*
0+
#912200
0!
#912300
1!
1&
b11010 ,
#912400
0!
#912500
1!
1%
0&
#912600
0!
0%
#912700
1!
1*
1+
#912800
0!
#912900
1!
0*
0+
#913000
0!
#913100
1!
1&
b11011 ,
#913200
0!
#913300
1!
1%
0&
#913400
0!
0%
#913500
1!
1*
1+
#913600
0!
#913700
1!
0*
0+
#913800
0!
#913900
1!
b11100 ,
#914000
0!
#914100
1!
b11101 ,
#914200
0!
#914300
1!
b11110 ,
#914400
0!
#914500
1!
b11111 ,
#914600
0!
#914700
1!
1&
b100000 ,
#914800
0!
#914900
1!
1%
0&
#915000
0!
0%
#915100
1!
1*
1+
#915200
0!
#915300
1!
0*
0+
#915400
0!
#915500
1!
1&
b100001 ,
#915600
0!
#915700
1!
1%
0&
#915800
0!
0%
#915900
1!
1*
1+
#916000
0!
#916100
1!
0*
0+
#916200
0!
#916300
1!
1&
b100010 ,
#916400
0!
#916500
1!
1%
0&
#916600
0!
0%
#916700
1!
1*
1+
#916800
0!
#916900
1!
0*
0+
#917000
0!
#917100
1!
1&
b100011 ,
#917200
0!
#917300
1!
1%
0&
#917400
0!
0%
#917500
1!
1*
1+
#917600
0!
#917700
1!
0*
0+
#917800
0!
#917900
1!
b100100 ,
#918000
0!
#918100
1!
b100101 ,
#918200
0!
#918300
1!
b100110 ,
#918400
0!
#918500
1!
b100111 ,
#918600
0!
#918700
1!
b101000 ,
#918800
0!
#918900
1!
b101001 ,
#919000
0!
#919100
1!
b101010 ,
#919200
0!
#919300
1!
b101011 ,
#919400
0!
#919500
1!
1&
b101100 ,
#919600
0!
#919700
1!
1%
0&
#919800
0!
0%
#919900
1!
1*
1+
#920000
0!
#920100
1!
0*
0+
#920200
0!
#920300
1!
1&
b101101 ,
#920400
0!
#920500
1!
1%
0&
#920600
0!
0%
#920700
1!
1*
1+
#920800
0!
#920900
1!
0*
0+
#921000
0!
#921100
1!
1&
b101110 ,
#921200
0!
#921300
1!
1%
0&
#921400
0!
0%
#921500
1!
1*
1+
#921600
0!
#921700
1!
0*
0+
#921800
0!
#921900
1!
1&
b101111 ,
#922000
0!
#922100
1!
1%
0&
#922200
0!
0%
#922300
1!
1*
1+
#922400
0!
#922500
1!
0*
0+
#922600
0!
#922700
1!
1&
b110000 ,
#922800
0!
#922900
1!
1%
0&
#923000
0!
0%
#923100
1!
1*
1+
#923200
0!
#923300
1!
0*
0+
#923400
0!
#923500
1!
1&
b110001 ,
#923600
0!
#923700
1!
1%
0&
#923800
0!
0%
#923900
1!
1*
1+
#924000
0!
#924100
1!
0*
0+
#924200
0!
#924300
1!
1&
b110010 ,
#924400
0!
#924500
1!
1%
0&
#924600
0!
0%
#924700
1!
1*
1+
#924800
0!
#924900
1!
0*
0+
#925000
0!
#925100
1!
1&
b110011 ,
#925200
0!
#925300
1!
1%
0&
#925400
0!
0%
#925500
1!
1*
#925600
0!
#925700
1!
0*
b110100 ,
#925800
0!
#925900
1!
b110101 ,
#926000
0!
#926100
1!
b110110 ,
#926200
0!
#926300
1!
b110111 ,
#926400
0!
#926500
1!
b111000 ,
#926600
0!
#926700
1!
b111001 ,
#926800
0!
#926900
1!
b111010 ,
#927000
0!
#927100
1!
b111011 ,
#927200
0!
#927300
1!
1&
b111100 ,
#927400
0!
#927500
1!
1%
0&
#927600
0!
0%
#927700
1!
1*
1+
#927800
0!
#927900
1!
0*
0+
#928000
0!
#928100
1!
1&
b111101 ,
#928200
0!
#928300
1!
1%
0&
#928400
0!
0%
#928500
1!
1*
1+
#928600
0!
#928700
1!
0*
0+
#928800
0!
#928900
1!
1&
b111110 ,
#929000
0!
#929100
1!
1%
0&
#929200
0!
0%
#929300
1!
1*
#929400
0!
#929500
1!
1&
0*
b111111 ,
#929600
0!
#929700
1!
1%
0&
#929800
0!
0%
#929900
1!
1*
1+
#930000
0!
#930100
1!
0*
0+
#930200
0!
#930300
1!
b1000000 ,
#930400
0!
#930500
1!
b1000001 ,
#930600
0!
#930700
1!
b1000010 ,
#930800
0!
#930900
1!
b1000011 ,
#931000
0!
#931100
1!
1&
b1000100 ,
#931200
0!
#931300
1!
1%
0&
#931400
0!
0%
#931500
1!
1*
#931600
0!
#931700
1!
1&
0*
b1000101 ,
#931800
0!
#931900
1!
1%
0&
#932000
0!
0%
#932100
1!
1*
1+
#932200
0!
#932300
1!
0*
0+
#932400
0!
#932500
1!
1&
b1000110 ,
#932600
0!
#932700
1!
1%
0&
#932800
0!
0%
#932900
1!
1*
#933000
0!
#933100
1!
1&
0*
b1000111 ,
#933200
0!
#933300
1!
1%
0&
#933400
0!
0%
#933500
1!
1*
#933600
0!
#933700
1!
1&
0*
b1001000 ,
#933800
0!
#933900
1!
1%
0&
#934000
0!
0%
#934100
1!
1*
1+
#934200
0!
#934300
1!
0*
0+
#934400
0!
#934500
1!
1&
b1001001 ,
#934600
0!
#934700
1!
1%
0&
#934800
0!
0%
#934900
1!
1*
1+
#935000
0!
#935100
1!
0*
0+
#935200
0!
#935300
1!
1&
b1001010 ,
#935400
0!
#935500
1!
1%
0&
#935600
0!
0%
#935700
1!
1*
1+
#935800
0!
#935900
1!
0*
0+
#936000
0!
#936100
1!
1&
b1001011 ,
#936200
0!
#936300
1!
1%
0&
#936400
0!
0%
#936500
1!
1*
1+
#936600
0!
#936700
1!
0*
0+
#936800
0!
#936900
1!
b1001100 ,
#937000
0!
#937100
1!
b1001101 ,
#937200
0!
#937300
1!
b1001110 ,
#937400
0!
#937500
1!
b1001111 ,
#937600
0!
#937700
1!
b1010000 ,
#937800
0!
#937900
1!
b1010001 ,
#938000
0!
#938100
1!
b1010010 ,
#938200
0!
#938300
1!
b1010011 ,
#938400
0!
#938500
1!
1&
b1010100 ,
#938600
0!
#938700
1!
1%
0&
#938800
0!
0%
#938900
1!
1*
1+
#939000
0!
#939100
1!
0*
0+
#939200
0!
#939300
1!
1&
b1010101 ,
#939400
0!
#939500
1!
1%
0&
#939600
0!
0%
#939700
1!
1*
1+
#939800
0!
#939900
1!
0*
0+
#940000
0!
#940100
1!
1&
b1010110 ,
#940200
0!
#940300
1!
1%
0&
#940400
0!
0%
#940500
1!
1*
1+
#940600
0!
#940700
1!
0*
0+
#940800
0!
#940900
1!
1&
b1010111 ,
#941000
0!
#941100
1!
1%
0&
#941200
0!
0%
#941300
1!
1*
#941400
0!
#941500
1!
1&
0*
b1011000 ,
#941600
0!
#941700
1!
1%
0&
#941800
0!
0%
#941900
1!
1*
1+
#942000
0!
#942100
1!
0*
0+
#942200
0!
#942300
1!
1&
b1011001 ,
#942400
0!
#942500
1!
1%
0&
#942600
0!
0%
#942700
1!
1*
1+
#942800
0!
#942900
1!
0*
0+
#943000
0!
#943100
1!
1&
b1011010 ,
#943200
0!
#943300
1!
1%
0&
#943400
0!
0%
#943500
1!
1*
1+
#943600
0!
#943700
1!
0*
0+
#943800
0!
#943900
1!
1&
b1011011 ,
#944000
0!
#944100
1!
1%
0&
#944200
0!
0%
#944300
1!
1*
1+
#944400
0!
#944500
1!
0*
0+
#944600
0!
#944700
1!
b1011100 ,
#944800
0!
#944900
1!
b1011101 ,
#945000
0!
#945100
1!
b1011110 ,
#945200
0!
#945300
1!
b1011111 ,
#945400
0!
#945500
1!
1&
b1100000 ,
#945600
0!
#945700
1!
1%
0&
#945800
0!
0%
#945900
1!
1*
1+
#946000
0!
#946100
1!
0*
0+
#946200
0!
#946300
1!
1&
b1100001 ,
#946400
0!
#946500
1!
1%
0&
#946600
0!
0%
#946700
1!
1*
#946800
0!
#946900
1!
1&
0*
b1100010 ,
#947000
0!
#947100
1!
1%
0&
#947200
0!
0%
#947300
1!
1*
1+
#947400
0!
#947500
1!
0*
0+
#947600
0!
#947700
1!
1&
b1100011 ,
#947800
0!
#947900
1!
1%
0&
#948000
0!
0%
#948100
1!
1*
1+
#948200
0!
#948300
1!
0*
0+
#948400
0!
#948500
1!
b1100100 ,
#948600
0!
#948700
1!
b1100101 ,
#948800
0!
#948900
1!
b1100110 ,
#949000
0!
#949100
1!
b1100111 ,
#949200
0!
#949300
1!
b1101000 ,
#949400
0!
#949500
1!
b1101001 ,
#949600
0!
#949700
1!
b1101010 ,
#949800
0!
#949900
1!
b1101011 ,
#950000
0!
#950100
1!
1&
b1101100 ,
#950200
0!
#950300
1!
1%
0&
#950400
0!
0%
#950500
1!
1*
#950600
0!
#950700
1!
1&
0*
b1101101 ,
#950800
0!
#950900
1!
1%
0&
#951000
0!
0%
#951100
1!
1*
#951200
0!
#951300
1!
1&
0*
b1101110 ,
#951400
0!
#951500
1!
1%
0&
#951600
0!
0%
#951700
1!
1*
1+
#951800
0!
#951900
1!
0*
0+
#952000
0!
#952100
1!
1&
b1101111 ,
#952200
0!
#952300
1!
1%
0&
#952400
0!
0%
#952500
1!
1*
1+
#952600
0!
#952700
1!
0*
0+
#952800
0!
#952900
1!
1&
b1110000 ,
#953000
0!
#953100
1!
1%
0&
#953200
0!
0%
#953300
1!
1*
#953400
0!
#953500
1!
1&
0*
b1110001 ,
#953600
0!
#953700
1!
1%
0&
#953800
0!
0%
#953900
1!
1*
#954000
0!
#954100
1!
1&
0*
b1110010 ,
#954200
0!
#954300
1!
1%
0&
#954400
0!
0%
#954500
1!
1*
1+
#954600
0!
#954700
1!
0*
0+
#954800
0!
#954900
1!
1&
b1110011 ,
#955000
0!
#955100
1!
1%
0&
#955200
0!
0%
#955300
1!
1*
1+
#955400
0!
#955500
1!
0*
0+
#955600
0!
#955700
1!
b1110100 ,
#955800
0!
#955900
1!
b1110101 ,
#956000
0!
#956100
1!
b1110110 ,
#956200
0!
#956300
1!
b1110111 ,
#956400
0!
#956500
1!
b1111000 ,
#956600
0!
#956700
1!
b1111001 ,
#956800
0!
#956900
1!
b1111010 ,
#957000
0!
#957100
1!
b1111011 ,
#957200
0!
#957300
1!
1&
b1111100 ,
#957400
0!
#957500
1!
1%
0&
#957600
0!
0%
#957700
1!
1*
1+
#957800
0!
#957900
1!
0*
0+
#958000
0!
#958100
1!
1&
b1111101 ,
#958200
0!
#958300
1!
1%
0&
#958400
0!
0%
#958500
1!
1*
1+
#958600
0!
#958700
1!
0*
0+
#958800
0!
#958900
1!
1&
b1111110 ,
#959000
0!
#959100
1!
1%
0&
#959200
0!
0%
#959300
1!
1*
1+
#959400
0!
#959500
1!
0*
0+
#959600
0!
#959700
1!
1&
b1111111 ,
#959800
0!
#959900
1!
1%
0&
#960000
0!
0%
#960100
1!
1*
#960200
0!
#960300
1!
0*
#960400
0!
#960500
1!
b1010010000 .
b1110000000 /
#960600
0!
#960700
1!
#960800
0!
#960900
1!
1&
b0 ,
#961000
0!
#961100
1!
1%
0&
#961200
0!
0%
#961300
1!
1*
1+
#961400
0!
#961500
1!
0*
0+
1-
#961600
0!
#961700
1!
1&
1(
b10101101010110110110111011110000 )
b1 ,
0-
#961800
0!
0(
#961900
1!
1%
0&
#962000
0!
0%
#962100
1!
1*
1+
#962200
0!
#962300
1!
0*
0+
#962400
0!
#962500
1!
1&
b10 ,
#962600
0!
#962700
1!
1%
0&
#962800
0!
0%
#962900
1!
1*
1+
#963000
0!
#963100
1!
0*
0+
#963200
0!
#963300
1!
1&
b11 ,
#963400
0!
#963500
1!
1%
0&
#963600
0!
0%
#963700
1!
1*
1+
#963800
0!
#963900
1!
0*
0+
#964000
0!
#964100
1!
b100 ,
#964200
0!
#964300
1!
b101 ,
#964400
0!
#964500
1!
b110 ,
#964600
0!
#964700
1!
b111 ,
#964800
0!
#964900
1!
b1000 ,
#965000
0!
#965100
1!
b1001 ,
#965200
0!
#965300
1!
b1010 ,
#965400
0!
#965500
1!
b1011 ,
#965600
0!
#965700
1!
1&
b1100 ,
#965800
0!
#965900
1!
1%
0&
#966000
0!
0%
#966100
1!
1*
#966200
0!
#966300
1!
1&
0*
b1101 ,
#966400
0!
#966500
1!
1%
0&
#966600
0!
0%
#966700
1!
1*
1+
#966800
0!
#966900
1!
0*
0+
#967000
0!
#967100
1!
1&
b1110 ,
#967200
0!
#967300
1!
1%
0&
#967400
0!
0%
#967500
1!
1*
1+
#967600
0!
#967700
1!
0*
0+
#967800
0!
#967900
1!
1&
b1111 ,
#968000
0!
#968100
1!
1%
0&
#968200
0!
0%
#968300
1!
1*
1+
#968400
0!
#968500
1!
0*
0+
#968600
0!
#968700
1!
1&
b10000 ,
#968800
0!
#968900
1!
1%
0&
#969000
0!
0%
#969100
1!
1*
#969200
0!
#969300
1!
1&
0*
b10001 ,
#969400
0!
#969500
1!
1%
0&
#969600
0!
0%
#969700
1!
1*
#969800
0!
#969900
1!
1&
0*
b10010 ,
#970000
0!
#970100
1!
1%
0&
#970200
0!
0%
#970300
1!
1*
1+
#970400
0!
#970500
1!
0*
0+
#970600
0!
#970700
1!
1&
b10011 ,
#970800
0!
#970900
1!
1%
0&
#971000
0!
0%
#971100
1!
1*
1+
#971200
0!
#971300
1!
0*
0+
#971400
0!
#971500
1!
b10100 ,
#971600
0!
#971700
1!
b10101 ,
#971800
0!
#971900
1!
b10110 ,
#972000
0!
#972100
1!
b10111 ,
#972200
0!
#972300
1!
b11000 ,
#972400
0!
#972500
1!
b11001 ,
#972600
0!
#972700
1!
b11010 ,
#972800
0!
#972900
1!
b11011 ,
#973000
0!
#973100
1!
1&
b11100 ,
#973200
0!
#973300
1!
1%
0&
#973400
0!
0%
#973500
1!
1*
1+
#973600
0!
#973700
1!
0*
0+
#973800
0!
#973900
1!
1&
b11101 ,
#974000
0!
#974100
1!
1%
0&
#974200
0!
0%
#974300
1!
1*
1+
#974400
0!
#974500
1!
0*
0+
#974600
0!
#974700
1!
1&
b11110 ,
#974800
0!
#974900
1!
1%
0&
#975000
0!
0%
#975100
1!
1*
1+
#975200
0!
#975300
1!
0*
0+
#975400
0!
#975500
1!
1&
b11111 ,
#975600
0!
#975700
1!
1%
0&
#975800
0!
0%
#975900
1!
1*
1+
#976000
0!
#976100
1!
0*
0+
#976200
0!
#976300
1!
b100000 ,
#976400
0!
#976500
1!
b100001 ,
#976600
0!
#976700
1!
b100010 ,
#976800
0!
#976900
1!
b100011 ,
#977000
0!
#977100
1!
1&
b100100 ,
#977200
0!
#977300
1!
1%
0&
#977400
0!
0%
#977500
1!
1*
1+
#977600
0!
#977700
1!
0*
0+
#977800
0!
#977900
1!
1&
b100101 ,
#978000
0!
#978100
1!
1%
0&
#978200
0!
0%
#978300
1!
1*
1+
#978400
0!
#978500
1!
0*
0+
#978600
0!
#978700
1!
1&
b100110 ,
#978800
0!
#978900
1!
1%
0&
#979000
0!
0%
#979100
1!
1*
1+
#979200
0!
#979300
1!
0*
0+
#979400
0!
#979500
1!
1&
b100111 ,
#979600
0!
#979700
1!
1%
0&
#979800
0!
0%
#979900
1!
1*
1+
#980000
0!
#980100
1!
0*
0+
#980200
0!
#980300
1!
1&
b101000 ,
#980400
0!
#980500
1!
1%
0&
#980600
0!
0%
#980700
1!
1*
1+
#980800
0!
#980900
1!
0*
0+
#981000
0!
#981100
1!
1&
b101001 ,
#981200
0!
#981300
1!
1%
0&
#981400
0!
0%
#981500
1!
1*
1+
#981600
0!
#981700
1!
0*
0+
#981800
0!
#981900
1!
1&
b101010 ,
#982000
0!
#982100
1!
1%
0&
#982200
0!
0%
#982300
1!
1*
1+
#982400
0!
#982500
1!
0*
0+
#982600
0!
#982700
1!
1&
b101011 ,
#982800
0!
#982900
1!
1%
0&
#983000
0!
0%
#983100
1!
1*
1+
#983200
0!
#983300
1!
0*
0+
#983400
0!
#983500
1!
b101100 ,
#983600
0!
#983700
1!
b101101 ,
#983800
0!
#983900
1!
b101110 ,
#984000
0!
#984100
1!
b101111 ,
#984200
0!
#984300
1!
b110000 ,
#984400
0!
#984500
1!
b110001 ,
#984600
0!
#984700
1!
b110010 ,
#984800
0!
#984900
1!
b110011 ,
#985000
0!
#985100
1!
1&
b110100 ,
#985200
0!
#985300
1!
1%
0&
#985400
0!
0%
#985500
1!
1*
1+
#985600
0!
#985700
1!
0*
0+
#985800
0!
#985900
1!
1&
b110101 ,
#986000
0!
#986100
1!
1%
0&
#986200
0!
0%
#986300
1!
1*
1+
#986400
0!
#986500
1!
0*
0+
#986600
0!
#986700
1!
1&
b110110 ,
#986800
0!
#986900
1!
1%
0&
#987000
0!
0%
#987100
1!
1*
1+
#987200
0!
#987300
1!
0*
0+
#987400
0!
#987500
1!
1&
b110111 ,
#987600
0!
#987700
1!
1%
0&
#987800
0!
0%
#987900
1!
1*
#988000
0!
#988100
1!
1&
0*
b111000 ,
#988200
0!
#988300
1!
1%
0&
#988400
0!
0%
#988500
1!
1*
#988600
0!
#988700
1!
1&
0*
b111001 ,
#988800
0!
#988900
1!
1%
0&
#989000
0!
0%
#989100
1!
1*
1+
#989200
0!
#989300
1!
0*
0+
#989400
0!
#989500
1!
1&
b111010 ,
#989600
0!
#989700
1!
1%
0&
#989800
0!
0%
#989900
1!
1*
#990000
0!
#990100
1!
1&
0*
b111011 ,
#990200
0!
#990300
1!
1%
0&
#990400
0!
0%
#990500
1!
1*
1+
#990600
0!
#990700
1!
0*
0+
#990800
0!
#990900
1!
b111100 ,
#991000
0!
#991100
1!
b111101 ,
#991200
0!
#991300
1!
b111110 ,
#991400
0!
#991500
1!
b111111 ,
#991600
0!
#991700
1!
1&
b1000000 ,
#991800
0!
#991900
1!
1%
0&
#992000
0!
0%
#992100
1!
1*
1+
#992200
0!
#992300
1!
0*
0+
#992400
0!
#992500
1!
1&
b1000001 ,
#992600
0!
#992700
1!
1%
0&
#992800
0!
0%
#992900
1!
1*
1+
#993000
0!
#993100
1!
0*
0+
#993200
0!
#993300
1!
1&
b1000010 ,
#993400
0!
#993500
1!
1%
0&
#993600
0!
0%
#993700
1!
1*
1+
#993800
0!
#993900
1!
0*
0+
#994000
0!
#994100
1!
1&
b1000011 ,
#994200
0!
#994300
1!
1%
0&
#994400
0!
0%
#994500
1!
1*
1+
#994600
0!
#994700
1!
0*
0+
#994800
0!
#994900
1!
b1000100 ,
#995000
0!
#995100
1!
b1000101 ,
#995200
0!
#995300
1!
b1000110 ,
#995400
0!
#995500
1!
b1000111 ,
#995600
0!
#995700
1!
b1001000 ,
#995800
0!
#995900
1!
b1001001 ,
#996000
0!
#996100
1!
b1001010 ,
#996200
0!
#996300
1!
b1001011 ,
#996400
0!
#996500
1!
1&
b1001100 ,
#996600
0!
#996700
1!
1%
0&
#996800
0!
0%
#996900
1!
1*
1+
#997000
0!
#997100
1!
0*
0+
#997200
0!
#997300
1!
1&
b1001101 ,
#997400
0!
#997500
1!
1%
0&
#997600
0!
0%
#997700
1!
1*
1+
#997800
0!
#997900
1!
0*
0+
#998000
0!
#998100
1!
1&
b1001110 ,
#998200
0!
#998300
1!
1%
0&
#998400
0!
0%
#998500
1!
1*
1+
#998600
0!
#998700
1!
0*
0+
#998800
0!
#998900
1!
1&
b1001111 ,
#999000
0!
#999100
1!
1%
0&
#999200
0!
0%
#999300
1!
1*
1+
#999400
0!
#999500
1!
0*
0+
#999600
0!
#999700
1!
1&
b1010000 ,
#999800
0!
#999900
1!
1%
0&
#1000000
0!
0%
#1000100
1!
1*
1+
#1000200
0!
#1000300
1!
0*
0+
#1000400
0!
#1000500
1!
1&
b1010001 ,
#1000600
0!
#1000700
1!
1%
0&
#1000800
0!
0%
#1000900
1!
1*
1+
#1001000
0!
#1001100
1!
0*
0+
#1001200
0!
#1001300
1!
1&
b1010010 ,
#1001400
0!
#1001500
1!
1%
0&
#1001600
0!
0%
#1001700
1!
1*
#1001800
0!
#1001900
1!
1&
0*
b1010011 ,
#1002000
0!
#1002100
1!
1%
0&
#1002200
0!
0%
#1002300
1!
1*
1+
#1002400
0!
#1002500
1!
0*
0+
#1002600
0!
#1002700
1!
b1010100 ,
#1002800
0!
#1002900
1!
b1010101 ,
#1003000
0!
#1003100
1!
b1010110 ,
#1003200
0!
#1003300
1!
b1010111 ,
#1003400
0!
#1003500
1!
b1011000 ,
#1003600
0!
#1003700
1!
b1011001 ,
#1003800
0!
#1003900
1!
b1011010 ,
#1004000
0!
#1004100
1!
b1011011 ,
#1004200
0!
#1004300
1!
1&
b1011100 ,
#1004400
0!
#1004500
1!
1%
0&
#1004600
0!
0%
#1004700
1!
1*
1+
#1004800
0!
#1004900
1!
0*
0+
#1005000
0!
#1005100
1!
1&
b1011101 ,
#1005200
0!
#1005300
1!
1%
0&
#1005400
0!
0%
#1005500
1!
1*
1+
#1005600
0!
#1005700
1!
0*
0+
#1005800
0!
#1005900
1!
1&
b1011110 ,
#1006000
0!
#1006100
1!
1%
0&
#1006200
0!
0%
#1006300
1!
1*
1+
#1006400
0!
#1006500
1!
0*
0+
#1006600
0!
#1006700
1!
1&
b1011111 ,
#1006800
0!
#1006900
1!
1%
0&
#1007000
0!
0%
#1007100
1!
1*
1+
#1007200
0!
#1007300
1!
0*
0+
#1007400
0!
#1007500
1!
b1100000 ,
#1007600
0!
#1007700
1!
b1100001 ,
#1007800
0!
#1007900
1!
b1100010 ,
#1008000
0!
#1008100
1!
b1100011 ,
#1008200
0!
#1008300
1!
1&
b1100100 ,
#1008400
0!
#1008500
1!
1%
0&
#1008600
0!
0%
#1008700
1!
1*
1+
#1008800
0!
#1008900
1!
0*
0+
#1009000
0!
#1009100
1!
1&
b1100101 ,
#1009200
0!
#1009300
1!
1%
0&
#1009400
0!
0%
#1009500
1!
1*
1+
#1009600
0!
#1009700
1!
0*
0+
#1009800
0!
#1009900
1!
1&
b1100110 ,
#1010000
0!
#1010100
1!
1%
0&
#1010200
0!
0%
#1010300
1!
1*
1+
#1010400
0!
#1010500
1!
0*
0+
#1010600
0!
#1010700
1!
1&
b1100111 ,
#1010800
0!
#1010900
1!
1%
0&
#1011000
0!
0%
#1011100
1!
1*
#1011200
0!
#1011300
1!
1&
0*
b1101000 ,
#1011400
0!
#1011500
1!
1%
0&
#1011600
0!
0%
#1011700
1!
1*
1+
#1011800
0!
#1011900
1!
0*
0+
#1012000
0!
#1012100
1!
1&
b1101001 ,
#1012200
0!
#1012300
1!
1%
0&
#1012400
0!
0%
#1012500
1!
1*
1+
#1012600
0!
#1012700
1!
0*
0+
#1012800
0!
#1012900
1!
1&
b1101010 ,
#1013000
0!
#1013100
1!
1%
0&
#1013200
0!
0%
#1013300
1!
1*
1+
#1013400
0!
#1013500
1!
0*
0+
#1013600
0!
#1013700
1!
1&
b1101011 ,
#1013800
0!
#1013900
1!
1%
0&
#1014000
0!
0%
#1014100
1!
1*
#1014200
0!
#1014300
1!
0*
b1101100 ,
#1014400
0!
#1014500
1!
b1101101 ,
#1014600
0!
#1014700
1!
b1101110 ,
#1014800
0!
#1014900
1!
b1101111 ,
#1015000
0!
#1015100
1!
b1110000 ,
#1015200
0!
#1015300
1!
b1110001 ,
#1015400
0!
#1015500
1!
b1110010 ,
#1015600
0!
#1015700
1!
b1110011 ,
#1015800
0!
#1015900
1!
1&
b1110100 ,
#1016000
0!
#1016100
1!
1%
0&
#1016200
0!
0%
#1016300
1!
1*
#1016400
0!
#1016500
1!
1&
0*
b1110101 ,
#1016600
0!
#1016700
1!
1%
0&
#1016800
0!
0%
#1016900
1!
1*
#1017000
0!
#1017100
1!
1&
0*
b1110110 ,
#1017200
0!
#1017300
1!
1%
0&
#1017400
0!
0%
#1017500
1!
1*
#1017600
0!
#1017700
1!
1&
0*
b1110111 ,
#1017800
0!
#1017900
1!
1%
0&
#1018000
0!
0%
#1018100
1!
1*
#1018200
0!
#1018300
1!
1&
0*
b1111000 ,
#1018400
0!
#1018500
1!
1%
0&
#1018600
0!
0%
#1018700
1!
1*
1+
#1018800
0!
#1018900
1!
0*
0+
#1019000
0!
#1019100
1!
1&
b1111001 ,
#1019200
0!
#1019300
1!
1%
0&
#1019400
0!
0%
#1019500
1!
1*
1+
#1019600
0!
#1019700
1!
0*
0+
#1019800
0!
#1019900
1!
1&
b1111010 ,
#1020000
0!
#1020100
1!
1%
0&
#1020200
0!
0%
#1020300
1!
1*
1+
#1020400
0!
#1020500
1!
0*
0+
#1020600
0!
#1020700
1!
1&
b1111011 ,
#1020800
0!
#1020900
1!
1%
0&
#1021000
0!
0%
#1021100
1!
1*
1+
#1021200
0!
#1021300
1!
0*
0+
#1021400
0!
#1021500
1!
b1111100 ,
#1021600
0!
#1021700
1!
b1111101 ,
#1021800
0!
#1021900
1!
b1111110 ,
#1022000
0!
#1022100
1!
b1111111 ,
#1022200
0!
#1022300
1!
#1022400
0!
#1022500
1!
b1011000011 .
b1111000000 /
#1022600
0!
#1022700
1!
#1022800
0!
#1022900
1!
b0 ,
#1023000
0!
#1023100
1!
b1 ,
#1023200
0!
#1023300
1!
b10 ,
#1023400
0!
#1023500
1!
b11 ,
#1023600
0!
#1023700
1!
1&
b100 ,
#1023800
0!
#1023900
1!
1%
0&
#1024000
0!
0%
#1024100
1!
1*
1+
#1024200
0!
#1024300
1!
0*
0+
#1024400
0!
#1024500
1!
1&
b101 ,
#1024600
0!
#1024700
1!
1%
0&
#1024800
0!
0%
#1024900
1!
1*
1+
#1025000
0!
#1025100
1!
0*
0+
#1025200
0!
#1025300
1!
1&
b110 ,
#1025400
0!
#1025500
1!
1%
0&
#1025600
0!
0%
#1025700
1!
1*
1+
#1025800
0!
#1025900
1!
0*
0+
#1026000
0!
#1026100
1!
1&
b111 ,
#1026200
0!
#1026300
1!
1%
0&
#1026400
0!
0%
#1026500
1!
1*
#1026600
0!
#1026700
1!
1&
0*
b1000 ,
#1026800
0!
#1026900
1!
1%
0&
#1027000
0!
0%
#1027100
1!
1*
1+
#1027200
0!
#1027300
1!
0*
0+
#1027400
0!
#1027500
1!
1&
b1001 ,
#1027600
0!
#1027700
1!
1%
0&
#1027800
0!
0%
#1027900
1!
1*
#1028000
0!
#1028100
1!
1&
0*
b1010 ,
#1028200
0!
#1028300
1!
1%
0&
#1028400
0!
0%
#1028500
1!
1*
#1028600
0!
#1028700
1!
1&
0*
b1011 ,
#1028800
0!
#1028900
1!
1%
0&
#1029000
0!
0%
#1029100
1!
1*
#1029200
0!
#1029300
1!
0*
b1100 ,
#1029400
0!
#1029500
1!
b1101 ,
#1029600
0!
#1029700
1!
b1110 ,
#1029800
0!
#1029900
1!
b1111 ,
#1030000
0!
#1030100
1!
b10000 ,
#1030200
0!
#1030300
1!
b10001 ,
#1030400
0!
#1030500
1!
b10010 ,
#1030600
0!
#1030700
1!
b10011 ,
#1030800
0!
#1030900
1!
1&
b10100 ,
#1031000
0!
#1031100
1!
1%
0&
#1031200
0!
0%
#1031300
1!
1*
1+
#1031400
0!
#1031500
1!
0*
0+
#1031600
0!
#1031700
1!
1&
b10101 ,
#1031800
0!
#1031900
1!
1%
0&
#1032000
0!
0%
#1032100
1!
1*
#1032200
0!
#1032300
1!
1&
0*
b10110 ,
#1032400
0!
#1032500
1!
1%
0&
#1032600
0!
0%
#1032700
1!
1*
#1032800
0!
#1032900
1!
1&
0*
b10111 ,
#1033000
0!
#1033100
1!
1%
0&
#1033200
0!
0%
#1033300
1!
1*
#1033400
0!
#1033500
1!
1&
0*
b11000 ,
#1033600
0!
#1033700
1!
1%
0&
#1033800
0!
0%
#1033900
1!
1*
1+
#1034000
0!
#1034100
1!
0*
0+
#1034200
0!
#1034300
1!
1&
b11001 ,
#1034400
0!
#1034500
1!
1%
0&
#1034600
0!
0%
#1034700
1!
1*
1+
#1034800
0!
#1034900
1!
0*
0+
#1035000
0!
#1035100
1!
1&
b11010 ,
#1035200
0!
#1035300
1!
1%
0&
#1035400
0!
0%
#1035500
1!
1*
#1035600
0!
#1035700
1!
1&
0*
b11011 ,
#1035800
0!
#1035900
1!
1%
0&
#1036000
0!
0%
#1036100
1!
1*
1+
#1036200
0!
#1036300
1!
0*
0+
#1036400
0!
#1036500
1!
b11100 ,
#1036600
0!
#1036700
1!
b11101 ,
#1036800
0!
#1036900
1!
b11110 ,
#1037000
0!
#1037100
1!
b11111 ,
#1037200
0!
#1037300
1!
1&
b100000 ,
#1037400
0!
#1037500
1!
1%
0&
#1037600
0!
0%
#1037700
1!
1*
1+
#1037800
0!
#1037900
1!
0*
0+
#1038000
0!
#1038100
1!
1&
b100001 ,
#1038200
0!
#1038300
1!
1%
0&
#1038400
0!
0%
#1038500
1!
1*
1+
#1038600
0!
#1038700
1!
0*
0+
#1038800
0!
#1038900
1!
1&
b100010 ,
#1039000
0!
#1039100
1!
1%
0&
#1039200
0!
0%
#1039300
1!
1*
1+
#1039400
0!
#1039500
1!
0*
0+
#1039600
0!
#1039700
1!
1&
b100011 ,
#1039800
0!
#1039900
1!
1%
0&
#1040000
0!
0%
#1040100
1!
1*
1+
#1040200
0!
#1040300
1!
0*
0+
#1040400
0!
#1040500
1!
b100100 ,
#1040600
0!
#1040700
1!
b100101 ,
#1040800
0!
#1040900
1!
b100110 ,
#1041000
0!
#1041100
1!
b100111 ,
#1041200
0!
#1041300
1!
b101000 ,
#1041400
0!
#1041500
1!
b101001 ,
#1041600
0!
#1041700
1!
b101010 ,
#1041800
0!
#1041900
1!
b101011 ,
#1042000
0!
#1042100
1!
1&
b101100 ,
#1042200
0!
#1042300
1!
1%
0&
#1042400
0!
0%
#1042500
1!
1*
1+
#1042600
0!
#1042700
1!
0*
0+
#1042800
0!
#1042900
1!
1&
b101101 ,
#1043000
0!
#1043100
1!
1%
0&
#1043200
0!
0%
#1043300
1!
1*
1+
#1043400
0!
#1043500
1!
0*
0+
#1043600
0!
#1043700
1!
1&
b101110 ,
#1043800
0!
#1043900
1!
1%
0&
#1044000
0!
0%
#1044100
1!
1*
1+
#1044200
0!
#1044300
1!
0*
0+
#1044400
0!
#1044500
1!
1&
b101111 ,
#1044600
0!
#1044700
1!
1%
0&
#1044800
0!
0%
#1044900
1!
1*
#1045000
0!
#1045100
1!
1&
0*
b110000 ,
#1045200
0!
#1045300
1!
1%
0&
#1045400
0!
0%
#1045500
1!
1*
#1045600
0!
#1045700
1!
1&
0*
b110001 ,
#1045800
0!
#1045900
1!
1%
0&
#1046000
0!
0%
#1046100
1!
1*
1+
#1046200
0!
#1046300
1!
0*
0+
#1046400
0!
#1046500
1!
1&
b110010 ,
#1046600
0!
#1046700
1!
1%
0&
#1046800
0!
0%
#1046900
1!
1*
1+
#1047000
0!
#1047100
1!
0*
0+
#1047200
0!
#1047300
1!
1&
b110011 ,
#1047400
0!
#1047500
1!
1%
0&
#1047600
0!
0%
#1047700
1!
1*
1+
#1047800
0!
#1047900
1!
0*
0+
#1048000
0!
#1048100
1!
b110100 ,
#1048200
0!
#1048300
1!
b110101 ,
#1048400
0!
#1048500
1!
b110110 ,
#1048600
0!
#1048700
1!
b110111 ,
#1048800
0!
#1048900
1!
b111000 ,
#1049000
0!
#1049100
1!
b111001 ,
#1049200
0!
#1049300
1!
b111010 ,
#1049400
0!
#1049500
1!
b111011 ,
#1049600
0!
#1049700
1!
1&
b111100 ,
#1049800
0!
#1049900
1!
1%
0&
#1050000
0!
0%
#1050100
1!
1*
1+
#1050200
0!
#1050300
1!
0*
0+
#1050400
0!
#1050500
1!
1&
b111101 ,
#1050600
0!
#1050700
1!
1%
0&
#1050800
0!
0%
#1050900
1!
1*
1+
#1051000
0!
#1051100
1!
0*
0+
#1051200
0!
#1051300
1!
1&
b111110 ,
#1051400
0!
#1051500
1!
1%
0&
#1051600
0!
0%
#1051700
1!
1*
#1051800
0!
#1051900
1!
1&
0*
b111111 ,
#1052000
0!
#1052100
1!
1%
0&
#1052200
0!
0%
#1052300
1!
1*
1+
#1052400
0!
#1052500
1!
0*
0+
#1052600
0!
#1052700
1!
b1000000 ,
#1052800
0!
#1052900
1!
b1000001 ,
#1053000
0!
#1053100
1!
b1000010 ,
#1053200
0!
#1053300
1!
b1000011 ,
#1053400
0!
#1053500
1!
1&
b1000100 ,
#1053600
0!
#1053700
1!
1%
0&
#1053800
0!
0%
#1053900
1!
1*
1+
#1054000
0!
#1054100
1!
0*
0+
#1054200
0!
#1054300
1!
1&
b1000101 ,
#1054400
0!
#1054500
1!
1%
0&
#1054600
0!
0%
#1054700
1!
1*
1+
#1054800
0!
#1054900
1!
0*
0+
#1055000
0!
#1055100
1!
1&
b1000110 ,
#1055200
0!
#1055300
1!
1%
0&
#1055400
0!
0%
#1055500
1!
1*
1+
#1055600
0!
#1055700
1!
0*
0+
#1055800
0!
#1055900
1!
1&
b1000111 ,
#1056000
0!
#1056100
1!
1%
0&
#1056200
0!
0%
#1056300
1!
1*
1+
#1056400
0!
#1056500
1!
0*
0+
#1056600
0!
#1056700
1!
1&
b1001000 ,
#1056800
0!
#1056900
1!
1%
0&
#1057000
0!
0%
#1057100
1!
1*
1+
#1057200
0!
#1057300
1!
0*
0+
#1057400
0!
#1057500
1!
1&
b1001001 ,
#1057600
0!
#1057700
1!
1%
0&
#1057800
0!
0%
#1057900
1!
1*
1+
#1058000
0!
#1058100
1!
0*
0+
#1058200
0!
#1058300
1!
1&
b1001010 ,
#1058400
0!
#1058500
1!
1%
0&
#1058600
0!
0%
#1058700
1!
1*
#1058800
0!
#1058900
1!
1&
0*
b1001011 ,
#1059000
0!
#1059100
1!
1%
0&
#1059200
0!
0%
#1059300
1!
1*
1+
#1059400
0!
#1059500
1!
0*
0+
#1059600
0!
#1059700
1!
b1001100 ,
#1059800
0!
#1059900
1!
b1001101 ,
#1060000
0!
#1060100
1!
b1001110 ,
#1060200
0!
#1060300
1!
b1001111 ,
#1060400
0!
#1060500
1!
b1010000 ,
#1060600
0!
#1060700
1!
b1010001 ,
#1060800
0!
#1060900
1!
b1010010 ,
#1061000
0!
#1061100
1!
b1010011 ,
#1061200
0!
#1061300
1!
1&
b1010100 ,
#1061400
0!
#1061500
1!
1%
0&
#1061600
0!
0%
#1061700
1!
1*
1+
#1061800
0!
#1061900
1!
0*
0+
#1062000
0!
#1062100
1!
1&
b1010101 ,
#1062200
0!
#1062300
1!
1%
0&
#1062400
0!
0%
#1062500
1!
1*
1+
#1062600
0!
#1062700
1!
0*
0+
#1062800
0!
#1062900
1!
1&
b1010110 ,
#1063000
0!
#1063100
1!
1%
0&
#1063200
0!
0%
#1063300
1!
1*
1+
#1063400
0!
#1063500
1!
0*
0+
#1063600
0!
#1063700
1!
1&
b1010111 ,
#1063800
0!
#1063900
1!
1%
0&
#1064000
0!
0%
#1064100
1!
1*
#1064200
0!
#1064300
1!
1&
0*
b1011000 ,
#1064400
0!
#1064500
1!
1%
0&
#1064600
0!
0%
#1064700
1!
1*
1+
#1064800
0!
#1064900
1!
0*
0+
#1065000
0!
#1065100
1!
1&
b1011001 ,
#1065200
0!
#1065300
1!
1%
0&
#1065400
0!
0%
#1065500
1!
1*
1+
#1065600
0!
#1065700
1!
0*
0+
#1065800
0!
#1065900
1!
1&
b1011010 ,
#1066000
0!
#1066100
1!
1%
0&
#1066200
0!
0%
#1066300
1!
1*
1+
#1066400
0!
#1066500
1!
0*
0+
#1066600
0!
#1066700
1!
1&
b1011011 ,
#1066800
0!
#1066900
1!
1%
0&
#1067000
0!
0%
#1067100
1!
1*
1+
#1067200
0!
#1067300
1!
0*
0+
#1067400
0!
#1067500
1!
b1011100 ,
#1067600
0!
#1067700
1!
b1011101 ,
#1067800
0!
#1067900
1!
b1011110 ,
#1068000
0!
#1068100
1!
b1011111 ,
#1068200
0!
#1068300
1!
1&
b1100000 ,
#1068400
0!
#1068500
1!
1%
0&
#1068600
0!
0%
#1068700
1!
1*
#1068800
0!
#1068900
1!
1&
0*
b1100001 ,
#1069000
0!
#1069100
1!
1%
0&
#1069200
0!
0%
#1069300
1!
1*
1+
#1069400
0!
#1069500
1!
0*
0+
#1069600
0!
#1069700
1!
1&
b1100010 ,
#1069800
0!
#1069900
1!
1%
0&
#1070000
0!
0%
#1070100
1!
1*
1+
#1070200
0!
#1070300
1!
0*
0+
#1070400
0!
#1070500
1!
1&
b1100011 ,
#1070600
0!
#1070700
1!
1%
0&
#1070800
0!
0%
#1070900
1!
1*
1+
#1071000
0!
#1071100
1!
0*
0+
#1071200
0!
#1071300
1!
b1100100 ,
#1071400
0!
#1071500
1!
b1100101 ,
#1071600
0!
#1071700
1!
b1100110 ,
#1071800
0!
#1071900
1!
b1100111 ,
#1072000
0!
#1072100
1!
b1101000 ,
#1072200
0!
#1072300
1!
b1101001 ,
#1072400
0!
#1072500
1!
b1101010 ,
#1072600
0!
#1072700
1!
b1101011 ,
#1072800
0!
#1072900
1!
1&
b1101100 ,
#1073000
0!
#1073100
1!
1%
0&
#1073200
0!
0%
#1073300
1!
1*
1+
#1073400
0!
#1073500
1!
0*
0+
#1073600
0!
#1073700
1!
1&
b1101101 ,
#1073800
0!
#1073900
1!
1%
0&
#1074000
0!
0%
#1074100
1!
1*
1+
#1074200
0!
#1074300
1!
0*
0+
#1074400
0!
#1074500
1!
1&
b1101110 ,
#1074600
0!
#1074700
1!
1%
0&
#1074800
0!
0%
#1074900
1!
1*
1+
#1075000
0!
#1075100
1!
0*
0+
#1075200
0!
#1075300
1!
1&
b1101111 ,
#1075400
0!
#1075500
1!
1%
0&
#1075600
0!
0%
#1075700
1!
1*
1+
#1075800
0!
#1075900
1!
0*
0+
#1076000
0!
#1076100
1!
1&
b1110000 ,
#1076200
0!
#1076300
1!
1%
0&
#1076400
0!
0%
#1076500
1!
1*
1+
#1076600
0!
#1076700
1!
0*
0+
#1076800
0!
#1076900
1!
1&
b1110001 ,
#1077000
0!
#1077100
1!
1%
0&
#1077200
0!
0%
#1077300
1!
1*
#1077400
0!
#1077500
1!
1&
0*
b1110010 ,
#1077600
0!
#1077700
1!
1%
0&
#1077800
0!
0%
#1077900
1!
1*
1+
#1078000
0!
#1078100
1!
0*
0+
#1078200
0!
#1078300
1!
1&
b1110011 ,
#1078400
0!
#1078500
1!
1%
0&
#1078600
0!
0%
#1078700
1!
1*
1+
#1078800
0!
#1078900
1!
0*
0+
#1079000
0!
#1079100
1!
b1110100 ,
#1079200
0!
#1079300
1!
b1110101 ,
#1079400
0!
#1079500
1!
b1110110 ,
#1079600
0!
#1079700
1!
b1110111 ,
#1079800
0!
#1079900
1!
b1111000 ,
#1080000
0!
#1080100
1!
b1111001 ,
#1080200
0!
#1080300
1!
b1111010 ,
#1080400
0!
#1080500
1!
b1111011 ,
#1080600
0!
#1080700
1!
1&
b1111100 ,
#1080800
0!
#1080900
1!
1%
0&
#1081000
0!
0%
#1081100
1!
1*
1+
#1081200
0!
#1081300
1!
0*
0+
#1081400
0!
#1081500
1!
1&
b1111101 ,
#1081600
0!
#1081700
1!
1%
0&
#1081800
0!
0%
#1081900
1!
1*
1+
#1082000
0!
#1082100
1!
0*
0+
#1082200
0!
#1082300
1!
1&
b1111110 ,
#1082400
0!
#1082500
1!
1%
0&
#1082600
0!
0%
#1082700
1!
1*
1+
#1082800
0!
#1082900
1!
0*
0+
#1083000
0!
#1083100
1!
1&
b1111111 ,
#1083200
0!
#1083300
1!
1%
0&
#1083400
0!
0%
#1083500
1!
1*
#1083600
0!
#1083700
1!
0*
#1083800
0!
#1083900
1!
b1011110011 .
b10000000000 /
#1084000
0!
#1084100
1!
#1084200
0!
#1084300
1!
1&
b0 ,
#1084400
0!
#1084500
1!
1%
0&
#1084600
0!
0%
#1084700
1!
1*
1+
#1084800
0!
#1084900
1!
0*
0+
1-
#1085000
0!
#1085100
1!
1&
1(
b100100000100101010110011001001 )
b1 ,
0-
#1085200
0!
0(
#1085300
1!
1%
0&
#1085400
0!
0%
#1085500
1!
1*
1+
#1085600
0!
#1085700
1!
0*
0+
#1085800
0!
#1085900
1!
1&
b10 ,
#1086000
0!
#1086100
1!
1%
0&
#1086200
0!
0%
#1086300
1!
1*
1+
#1086400
0!
#1086500
1!
0*
0+
#1086600
0!
#1086700
1!
1&
b11 ,
#1086800
0!
#1086900
1!
1%
0&
#1087000
0!
0%
#1087100
1!
1*
1+
#1087200
0!
#1087300
1!
0*
0+
#1087400
0!
#1087500
1!
b100 ,
#1087600
0!
#1087700
1!
b101 ,
#1087800
0!
#1087900
1!
b110 ,
#1088000
0!
#1088100
1!
b111 ,
#1088200
0!
#1088300
1!
b1000 ,
#1088400
0!
#1088500
1!
b1001 ,
#1088600
0!
#1088700
1!
b1010 ,
#1088800
0!
#1088900
1!
b1011 ,
#1089000
0!
#1089100
1!
1&
b1100 ,
#1089200
0!
#1089300
1!
1%
0&
#1089400
0!
0%
#1089500
1!
1*
1+
#1089600
0!
#1089700
1!
0*
0+
#1089800
0!
#1089900
1!
1&
b1101 ,
#1090000
0!
#1090100
1!
1%
0&
#1090200
0!
0%
#1090300
1!
1*
1+
#1090400
0!
#1090500
1!
0*
0+
#1090600
0!
#1090700
1!
1&
b1110 ,
#1090800
0!
#1090900
1!
1%
0&
#1091000
0!
0%
#1091100
1!
1*
1+
#1091200
0!
#1091300
1!
0*
0+
#1091400
0!
#1091500
1!
1&
b1111 ,
#1091600
0!
#1091700
1!
1%
0&
#1091800
0!
0%
#1091900
1!
1*
1+
#1092000
0!
#1092100
1!
0*
0+
#1092200
0!
#1092300
1!
1&
b10000 ,
#1092400
0!
#1092500
1!
1%
0&
#1092600
0!
0%
#1092700
1!
1*
1+
#1092800
0!
#1092900
1!
0*
0+
#1093000
0!
#1093100
1!
1&
b10001 ,
#1093200
0!
#1093300
1!
1%
0&
#1093400
0!
0%
#1093500
1!
1*
1+
#1093600
0!
#1093700
1!
0*
0+
#1093800
0!
#1093900
1!
1&
b10010 ,
#1094000
0!
#1094100
1!
1%
0&
#1094200
0!
0%
#1094300
1!
1*
1+
#1094400
0!
#1094500
1!
0*
0+
#1094600
0!
#1094700
1!
1&
b10011 ,
#1094800
0!
#1094900
1!
1%
0&
#1095000
0!
0%
#1095100
1!
1*
#1095200
0!
#1095300
1!
0*
b10100 ,
#1095400
0!
#1095500
1!
b10101 ,
#1095600
0!
#1095700
1!
b10110 ,
#1095800
0!
#1095900
1!
b10111 ,
#1096000
0!
#1096100
1!
b11000 ,
#1096200
0!
#1096300
1!
b11001 ,
#1096400
0!
#1096500
1!
b11010 ,
#1096600
0!
#1096700
1!
b11011 ,
#1096800
0!
#1096900
1!
1&
b11100 ,
#1097000
0!
#1097100
1!
1%
0&
#1097200
0!
0%
#1097300
1!
1*
1+
#1097400
0!
#1097500
1!
0*
0+
#1097600
0!
#1097700
1!
1&
b11101 ,
#1097800
0!
#1097900
1!
1%
0&
#1098000
0!
0%
#1098100
1!
1*
1+
#1098200
0!
#1098300
1!
0*
0+
#1098400
0!
#1098500
1!
1&
b11110 ,
#1098600
0!
#1098700
1!
1%
0&
#1098800
0!
0%
#1098900
1!
1*
#1099000
0!
#1099100
1!
1&
0*
b11111 ,
#1099200
0!
#1099300
1!
1%
0&
#1099400
0!
0%
#1099500
1!
1*
#1099600
0!
#1099700
1!
0*
b100000 ,
#1099800
0!
#1099900
1!
b100001 ,
#1100000
0!
#1100100
1!
b100010 ,
#1100200
0!
#1100300
1!
b100011 ,
#1100400
0!
#1100500
1!
1&
b100100 ,
#1100600
0!
#1100700
1!
1%
0&
#1100800
0!
0%
#1100900
1!
1*
1+
#1101000
0!
#1101100
1!
0*
0+
#1101200
0!
#1101300
1!
1&
b100101 ,
#1101400
0!
#1101500
1!
1%
0&
#1101600
0!
0%
#1101700
1!
1*
1+
#1101800
0!
#1101900
1!
0*
0+
#1102000
0!
#1102100
1!
1&
b100110 ,
#1102200
0!
#1102300
1!
1%
0&
#1102400
0!
0%
#1102500
1!
1*
1+
#1102600
0!
#1102700
1!
0*
0+
#1102800
0!
#1102900
1!
1&
b100111 ,
#1103000
0!
#1103100
1!
1%
0&
#1103200
0!
0%
#1103300
1!
1*
1+
#1103400
0!
#1103500
1!
0*
0+
#1103600
0!
#1103700
1!
1&
b101000 ,
#1103800
0!
#1103900
1!
1%
0&
#1104000
0!
0%
#1104100
1!
1*
1+
#1104200
0!
#1104300
1!
0*
0+
#1104400
0!
#1104500
1!
1&
b101001 ,
#1104600
0!
#1104700
1!
1%
0&
#1104800
0!
0%
#1104900
1!
1*
#1105000
0!
#1105100
1!
1&
0*
b101010 ,
#1105200
0!
#1105300
1!
1%
0&
#1105400
0!
0%
#1105500
1!
1*
#1105600
0!
#1105700
1!
1&
0*
b101011 ,
#1105800
0!
#1105900
1!
1%
0&
#1106000
0!
0%
#1106100
1!
1*
1+
#1106200
0!
#1106300
1!
0*
0+
#1106400
0!
#1106500
1!
b101100 ,
#1106600
0!
#1106700
1!
b101101 ,
#1106800
0!
#1106900
1!
b101110 ,
#1107000
0!
#1107100
1!
b101111 ,
#1107200
0!
#1107300
1!
b110000 ,
#1107400
0!
#1107500
1!
b110001 ,
#1107600
0!
#1107700
1!
b110010 ,
#1107800
0!
#1107900
1!
b110011 ,
#1108000
0!
#1108100
1!
1&
b110100 ,
#1108200
0!
#1108300
1!
1%
0&
#1108400
0!
0%
#1108500
1!
1*
1+
#1108600
0!
#1108700
1!
0*
0+
#1108800
0!
#1108900
1!
1&
b110101 ,
#1109000
0!
#1109100
1!
1%
0&
#1109200
0!
0%
#1109300
1!
1*
1+
#1109400
0!
#1109500
1!
0*
0+
#1109600
0!
#1109700
1!
1&
b110110 ,
#1109800
0!
#1109900
1!
1%
0&
#1110000
0!
0%
#1110100
1!
1*
#1110200
0!
#1110300
1!
1&
0*
b110111 ,
#1110400
0!
#1110500
1!
1%
0&
#1110600
0!
0%
#1110700
1!
1*
1+
#1110800
0!
#1110900
1!
0*
0+
#1111000
0!
#1111100
1!
1&
b111000 ,
#1111200
0!
#1111300
1!
1%
0&
#1111400
0!
0%
#1111500
1!
1*
1+
#1111600
0!
#1111700
1!
0*
0+
#1111800
0!
#1111900
1!
1&
b111001 ,
#1112000
0!
#1112100
1!
1%
0&
#1112200
0!
0%
#1112300
1!
1*
1+
#1112400
0!
#1112500
1!
0*
0+
#1112600
0!
#1112700
1!
1&
b111010 ,
#1112800
0!
#1112900
1!
1%
0&
#1113000
0!
0%
#1113100
1!
1*
#1113200
0!
#1113300
1!
1&
0*
b111011 ,
#1113400
0!
#1113500
1!
1%
0&
#1113600
0!
0%
#1113700
1!
1*
#1113800
0!
#1113900
1!
0*
b111100 ,
#1114000
0!
#1114100
1!
b111101 ,
#1114200
0!
#1114300
1!
b111110 ,
#1114400
0!
#1114500
1!
b111111 ,
#1114600
0!
#1114700
1!
1&
b1000000 ,
#1114800
0!
#1114900
1!
1%
0&
#1115000
0!
0%
#1115100
1!
1*
1+
#1115200
0!
#1115300
1!
0*
0+
#1115400
0!
#1115500
1!
1&
b1000001 ,
#1115600
0!
#1115700
1!
1%
0&
#1115800
0!
0%
#1115900
1!
1*
#1116000
0!
#1116100
1!
1&
0*
b1000010 ,
#1116200
0!
#1116300
1!
1%
0&
#1116400
0!
0%
#1116500
1!
1*
1+
#1116600
0!
#1116700
1!
0*
0+
#1116800
0!
#1116900
1!
1&
b1000011 ,
#1117000
0!
#1117100
1!
1%
0&
#1117200
0!
0%
#1117300
1!
1*
1+
#1117400
0!
#1117500
1!
0*
0+
#1117600
0!
#1117700
1!
b1000100 ,
#1117800
0!
#1117900
1!
b1000101 ,
#1118000
0!
#1118100
1!
b1000110 ,
#1118200
0!
#1118300
1!
b1000111 ,
#1118400
0!
#1118500
1!
b1001000 ,
#1118600
0!
#1118700
1!
b1001001 ,
#1118800
0!
#1118900
1!
b1001010 ,
#1119000
0!
#1119100
1!
b1001011 ,
#1119200
0!
#1119300
1!
1&
b1001100 ,
#1119400
0!
#1119500
1!
1%
0&
#1119600
0!
0%
#1119700
1!
1*
#1119800
0!
#1119900
1!
1&
0*
b1001101 ,
#1120000
0!
#1120100
1!
1%
0&
#1120200
0!
0%
#1120300
1!
1*
#1120400
0!
#1120500
1!
1&
0*
b1001110 ,
#1120600
0!
#1120700
1!
1%
0&
#1120800
0!
0%
#1120900
1!
1*
#1121000
0!
#1121100
1!
1&
0*
b1001111 ,
#1121200
0!
#1121300
1!
1%
0&
#1121400
0!
0%
#1121500
1!
1*
1+
#1121600
0!
#1121700
1!
0*
0+
#1121800
0!
#1121900
1!
1&
b1010000 ,
#1122000
0!
#1122100
1!
1%
0&
#1122200
0!
0%
#1122300
1!
1*
1+
#1122400
0!
#1122500
1!
0*
0+
#1122600
0!
#1122700
1!
1&
b1010001 ,
#1122800
0!
#1122900
1!
1%
0&
#1123000
0!
0%
#1123100
1!
1*
#1123200
0!
#1123300
1!
1&
0*
b1010010 ,
#1123400
0!
#1123500
1!
1%
0&
#1123600
0!
0%
#1123700
1!
1*
1+
#1123800
0!
#1123900
1!
0*
0+
#1124000
0!
#1124100
1!
1&
b1010011 ,
#1124200
0!
#1124300
1!
1%
0&
#1124400
0!
0%
#1124500
1!
1*
1+
#1124600
0!
#1124700
1!
0*
0+
#1124800
0!
#1124900
1!
b1010100 ,
#1125000
0!
#1125100
1!
b1010101 ,
#1125200
0!
#1125300
1!
b1010110 ,
#1125400
0!
#1125500
1!
b1010111 ,
#1125600
0!
#1125700
1!
b1011000 ,
#1125800
0!
#1125900
1!
b1011001 ,
#1126000
0!
#1126100
1!
b1011010 ,
#1126200
0!
#1126300
1!
b1011011 ,
#1126400
0!
#1126500
1!
1&
b1011100 ,
#1126600
0!
#1126700
1!
1%
0&
#1126800
0!
0%
#1126900
1!
1*
1+
#1127000
0!
#1127100
1!
0*
0+
#1127200
0!
#1127300
1!
1&
b1011101 ,
#1127400
0!
#1127500
1!
1%
0&
#1127600
0!
0%
#1127700
1!
1*
1+
#1127800
0!
#1127900
1!
0*
0+
#1128000
0!
#1128100
1!
1&
b1011110 ,
#1128200
0!
#1128300
1!
1%
0&
#1128400
0!
0%
#1128500
1!
1*
1+
#1128600
0!
#1128700
1!
0*
0+
#1128800
0!
#1128900
1!
1&
b1011111 ,
#1129000
0!
#1129100
1!
1%
0&
#1129200
0!
0%
#1129300
1!
1*
1+
#1129400
0!
#1129500
1!
0*
0+
#1129600
0!
#1129700
1!
b1100000 ,
#1129800
0!
#1129900
1!
b1100001 ,
#1130000
0!
#1130100
1!
b1100010 ,
#1130200
0!
#1130300
1!
b1100011 ,
#1130400
0!
#1130500
1!
1&
b1100100 ,
#1130600
0!
#1130700
1!
1%
0&
#1130800
0!
0%
#1130900
1!
1*
#1131000
0!
#1131100
1!
1&
0*
b1100101 ,
#1131200
0!
#1131300
1!
1%
0&
#1131400
0!
0%
#1131500
1!
1*
#1131600
0!
#1131700
1!
1&
0*
b1100110 ,
#1131800
0!
#1131900
1!
1%
0&
#1132000
0!
0%
#1132100
1!
1*
1+
#1132200
0!
#1132300
1!
0*
0+
#1132400
0!
#1132500
1!
1&
b1100111 ,
#1132600
0!
#1132700
1!
1%
0&
#1132800
0!
0%
#1132900
1!
1*
1+
#1133000
0!
#1133100
1!
0*
0+
#1133200
0!
#1133300
1!
1&
b1101000 ,
#1133400
0!
#1133500
1!
1%
0&
#1133600
0!
0%
#1133700
1!
1*
1+
#1133800
0!
#1133900
1!
0*
0+
#1134000
0!
#1134100
1!
1&
b1101001 ,
#1134200
0!
#1134300
1!
1%
0&
#1134400
0!
0%
#1134500
1!
1*
1+
#1134600
0!
#1134700
1!
0*
0+
#1134800
0!
#1134900
1!
1&
b1101010 ,
#1135000
0!
#1135100
1!
1%
0&
#1135200
0!
0%
#1135300
1!
1*
#1135400
0!
#1135500
1!
1&
0*
b1101011 ,
#1135600
0!
#1135700
1!
1%
0&
#1135800
0!
0%
#1135900
1!
1*
1+
#1136000
0!
#1136100
1!
0*
0+
#1136200
0!
#1136300
1!
b1101100 ,
#1136400
0!
#1136500
1!
b1101101 ,
#1136600
0!
#1136700
1!
b1101110 ,
#1136800
0!
#1136900
1!
b1101111 ,
#1137000
0!
#1137100
1!
b1110000 ,
#1137200
0!
#1137300
1!
b1110001 ,
#1137400
0!
#1137500
1!
b1110010 ,
#1137600
0!
#1137700
1!
b1110011 ,
#1137800
0!
#1137900
1!
1&
b1110100 ,
#1138000
0!
#1138100
1!
1%
0&
#1138200
0!
0%
#1138300
1!
1*
1+
#1138400
0!
#1138500
1!
0*
0+
#1138600
0!
#1138700
1!
1&
b1110101 ,
#1138800
0!
#1138900
1!
1%
0&
#1139000
0!
0%
#1139100
1!
1*
1+
#1139200
0!
#1139300
1!
0*
0+
#1139400
0!
#1139500
1!
1&
b1110110 ,
#1139600
0!
#1139700
1!
1%
0&
#1139800
0!
0%
#1139900
1!
1*
#1140000
0!
#1140100
1!
1&
0*
b1110111 ,
#1140200
0!
#1140300
1!
1%
0&
#1140400
0!
0%
#1140500
1!
1*
1+
#1140600
0!
#1140700
1!
0*
0+
#1140800
0!
#1140900
1!
1&
b1111000 ,
#1141000
0!
#1141100
1!
1%
0&
#1141200
0!
0%
#1141300
1!
1*
#1141400
0!
#1141500
1!
1&
0*
b1111001 ,
#1141600
0!
#1141700
1!
1%
0&
#1141800
0!
0%
#1141900
1!
1*
1+
#1142000
0!
#1142100
1!
0*
0+
#1142200
0!
#1142300
1!
1&
b1111010 ,
#1142400
0!
#1142500
1!
1%
0&
#1142600
0!
0%
#1142700
1!
1*
1+
#1142800
0!
#1142900
1!
0*
0+
#1143000
0!
#1143100
1!
1&
b1111011 ,
#1143200
0!
#1143300
1!
1%
0&
#1143400
0!
0%
#1143500
1!
1*
#1143600
0!
#1143700
1!
0*
b1111100 ,
#1143800
0!
#1143900
1!
b1111101 ,
#1144000
0!
#1144100
1!
b1111110 ,
#1144200
0!
#1144300
1!
b1111111 ,
#1144400
0!
#1144500
1!
#1144600
0!
#1144700
1!
b1100100000 .
b10001000000 /
#1144800
0!
#1144900
1!
#1145000
0!
#1145100
1!
b0 ,
#1145200
0!
#1145300
1!
b1 ,
#1145400
0!
#1145500
1!
b10 ,
#1145600
0!
#1145700
1!
b11 ,
#1145800
0!
#1145900
1!
1&
b100 ,
#1146000
0!
#1146100
1!
1%
0&
#1146200
0!
0%
#1146300
1!
1*
1+
#1146400
0!
#1146500
1!
0*
0+
#1146600
0!
#1146700
1!
1&
b101 ,
#1146800
0!
#1146900
1!
1%
0&
#1147000
0!
0%
#1147100
1!
1*
1+
#1147200
0!
#1147300
1!
0*
0+
#1147400
0!
#1147500
1!
1&
b110 ,
#1147600
0!
#1147700
1!
1%
0&
#1147800
0!
0%
#1147900
1!
1*
1+
#1148000
0!
#1148100
1!
0*
0+
#1148200
0!
#1148300
1!
1&
b111 ,
#1148400
0!
#1148500
1!
1%
0&
#1148600
0!
0%
#1148700
1!
1*
1+
#1148800
0!
#1148900
1!
0*
0+
#1149000
0!
#1149100
1!
1&
b1000 ,
#1149200
0!
#1149300
1!
1%
0&
#1149400
0!
0%
#1149500
1!
1*
1+
#1149600
0!
#1149700
1!
0*
0+
#1149800
0!
#1149900
1!
1&
b1001 ,
#1150000
0!
#1150100
1!
1%
0&
#1150200
0!
0%
#1150300
1!
1*
1+
#1150400
0!
#1150500
1!
0*
0+
#1150600
0!
#1150700
1!
1&
b1010 ,
#1150800
0!
#1150900
1!
1%
0&
#1151000
0!
0%
#1151100
1!
1*
1+
#1151200
0!
#1151300
1!
0*
0+
#1151400
0!
#1151500
1!
1&
b1011 ,
#1151600
0!
#1151700
1!
1%
0&
#1151800
0!
0%
#1151900
1!
1*
1+
#1152000
0!
#1152100
1!
0*
0+
#1152200
0!
#1152300
1!
b1100 ,
#1152400
0!
#1152500
1!
b1101 ,
#1152600
0!
#1152700
1!
b1110 ,
#1152800
0!
#1152900
1!
b1111 ,
#1153000
0!
#1153100
1!
b10000 ,
#1153200
0!
#1153300
1!
b10001 ,
#1153400
0!
#1153500
1!
b10010 ,
#1153600
0!
#1153700
1!
b10011 ,
#1153800
0!
#1153900
1!
1&
b10100 ,
#1154000
0!
#1154100
1!
1%
0&
#1154200
0!
0%
#1154300
1!
1*
1+
#1154400
0!
#1154500
1!
0*
0+
#1154600
0!
#1154700
1!
1&
b10101 ,
#1154800
0!
#1154900
1!
1%
0&
#1155000
0!
0%
#1155100
1!
1*
1+
#1155200
0!
#1155300
1!
0*
0+
#1155400
0!
#1155500
1!
1&
b10110 ,
#1155600
0!
#1155700
1!
1%
0&
#1155800
0!
0%
#1155900
1!
1*
1+
#1156000
0!
#1156100
1!
0*
0+
#1156200
0!
#1156300
1!
1&
b10111 ,
#1156400
0!
#1156500
1!
1%
0&
#1156600
0!
0%
#1156700
1!
1*
#1156800
0!
#1156900
1!
1&
0*
b11000 ,
#1157000
0!
#1157100
1!
1%
0&
#1157200
0!
0%
#1157300
1!
1*
1+
#1157400
0!
#1157500
1!
0*
0+
#1157600
0!
#1157700
1!
1&
b11001 ,
#1157800
0!
#1157900
1!
1%
0&
#1158000
0!
0%
#1158100
1!
1*
#1158200
0!
#1158300
1!
1&
0*
b11010 ,
#1158400
0!
#1158500
1!
1%
0&
#1158600
0!
0%
#1158700
1!
1*
#1158800
0!
#1158900
1!
1&
0*
b11011 ,
#1159000
0!
#1159100
1!
1%
0&
#1159200
0!
0%
#1159300
1!
1*
#1159400
0!
#1159500
1!
0*
b11100 ,
#1159600
0!
#1159700
1!
b11101 ,
#1159800
0!
#1159900
1!
b11110 ,
#1160000
0!
#1160100
1!
b11111 ,
#1160200
0!
#1160300
1!
1&
b100000 ,
#1160400
0!
#1160500
1!
1%
0&
#1160600
0!
0%
#1160700
1!
1*
1+
#1160800
0!
#1160900
1!
0*
0+
#1161000
0!
#1161100
1!
1&
b100001 ,
#1161200
0!
#1161300
1!
1%
0&
#1161400
0!
0%
#1161500
1!
1*
1+
#1161600
0!
#1161700
1!
0*
0+
#1161800
0!
#1161900
1!
1&
b100010 ,
#1162000
0!
#1162100
1!
1%
0&
#1162200
0!
0%
#1162300
1!
1*
#1162400
0!
#1162500
1!
1&
0*
b100011 ,
#1162600
0!
#1162700
1!
1%
0&
#1162800
0!
0%
#1162900
1!
1*
1+
#1163000
0!
#1163100
1!
0*
0+
#1163200
0!
#1163300
1!
b100100 ,
#1163400
0!
#1163500
1!
b100101 ,
#1163600
0!
#1163700
1!
b100110 ,
#1163800
0!
#1163900
1!
b100111 ,
#1164000
0!
#1164100
1!
b101000 ,
#1164200
0!
#1164300
1!
b101001 ,
#1164400
0!
#1164500
1!
b101010 ,
#1164600
0!
#1164700
1!
b101011 ,
#1164800
0!
#1164900
1!
1&
b101100 ,
#1165000
0!
#1165100
1!
1%
0&
#1165200
0!
0%
#1165300
1!
1*
1+
#1165400
0!
#1165500
1!
0*
0+
#1165600
0!
#1165700
1!
1&
b101101 ,
#1165800
0!
#1165900
1!
1%
0&
#1166000
0!
0%
#1166100
1!
1*
1+
#1166200
0!
#1166300
1!
0*
0+
#1166400
0!
#1166500
1!
1&
b101110 ,
#1166600
0!
#1166700
1!
1%
0&
#1166800
0!
0%
#1166900
1!
1*
1+
#1167000
0!
#1167100
1!
0*
0+
#1167200
0!
#1167300
1!
1&
b101111 ,
#1167400
0!
#1167500
1!
1%
0&
#1167600
0!
0%
#1167700
1!
1*
#1167800
0!
#1167900
1!
1&
0*
b110000 ,
#1168000
0!
#1168100
1!
1%
0&
#1168200
0!
0%
#1168300
1!
1*
#1168400
0!
#1168500
1!
1&
0*
b110001 ,
#1168600
0!
#1168700
1!
1%
0&
#1168800
0!
0%
#1168900
1!
1*
1+
#1169000
0!
#1169100
1!
0*
0+
#1169200
0!
#1169300
1!
1&
b110010 ,
#1169400
0!
#1169500
1!
1%
0&
#1169600
0!
0%
#1169700
1!
1*
#1169800
0!
#1169900
1!
1&
0*
b110011 ,
#1170000
0!
#1170100
1!
1%
0&
#1170200
0!
0%
#1170300
1!
1*
1+
#1170400
0!
#1170500
1!
0*
0+
#1170600
0!
#1170700
1!
b110100 ,
#1170800
0!
#1170900
1!
b110101 ,
#1171000
0!
#1171100
1!
b110110 ,
#1171200
0!
#1171300
1!
b110111 ,
#1171400
0!
#1171500
1!
b111000 ,
#1171600
0!
#1171700
1!
b111001 ,
#1171800
0!
#1171900
1!
b111010 ,
#1172000
0!
#1172100
1!
b111011 ,
#1172200
0!
#1172300
1!
1&
b111100 ,
#1172400
0!
#1172500
1!
1%
0&
#1172600
0!
0%
#1172700
1!
1*
#1172800
0!
#1172900
1!
1&
0*
b111101 ,
#1173000
0!
#1173100
1!
1%
0&
#1173200
0!
0%
#1173300
1!
1*
1+
#1173400
0!
#1173500
1!
0*
0+
#1173600
0!
#1173700
1!
1&
b111110 ,
#1173800
0!
#1173900
1!
1%
0&
#1174000
0!
0%
#1174100
1!
1*
1+
#1174200
0!
#1174300
1!
0*
0+
#1174400
0!
#1174500
1!
1&
b111111 ,
#1174600
0!
#1174700
1!
1%
0&
#1174800
0!
0%
#1174900
1!
1*
1+
#1175000
0!
#1175100
1!
0*
0+
#1175200
0!
#1175300
1!
b1000000 ,
#1175400
0!
#1175500
1!
b1000001 ,
#1175600
0!
#1175700
1!
b1000010 ,
#1175800
0!
#1175900
1!
b1000011 ,
#1176000
0!
#1176100
1!
1&
b1000100 ,
#1176200
0!
#1176300
1!
1%
0&
#1176400
0!
0%
#1176500
1!
1*
#1176600
0!
#1176700
1!
1&
0*
b1000101 ,
#1176800
0!
#1176900
1!
1%
0&
#1177000
0!
0%
#1177100
1!
1*
1+
#1177200
0!
#1177300
1!
0*
0+
#1177400
0!
#1177500
1!
1&
b1000110 ,
#1177600
0!
#1177700
1!
1%
0&
#1177800
0!
0%
#1177900
1!
1*
1+
#1178000
0!
#1178100
1!
0*
0+
#1178200
0!
#1178300
1!
1&
b1000111 ,
#1178400
0!
#1178500
1!
1%
0&
#1178600
0!
0%
#1178700
1!
1*
1+
#1178800
0!
#1178900
1!
0*
0+
#1179000
0!
#1179100
1!
1&
b1001000 ,
#1179200
0!
#1179300
1!
1%
0&
#1179400
0!
0%
#1179500
1!
1*
1+
#1179600
0!
#1179700
1!
0*
0+
#1179800
0!
#1179900
1!
1&
b1001001 ,
#1180000
0!
#1180100
1!
1%
0&
#1180200
0!
0%
#1180300
1!
1*
1+
#1180400
0!
#1180500
1!
0*
0+
#1180600
0!
#1180700
1!
1&
b1001010 ,
#1180800
0!
#1180900
1!
1%
0&
#1181000
0!
0%
#1181100
1!
1*
#1181200
0!
#1181300
1!
1&
0*
b1001011 ,
#1181400
0!
#1181500
1!
1%
0&
#1181600
0!
0%
#1181700
1!
1*
1+
#1181800
0!
#1181900
1!
0*
0+
#1182000
0!
#1182100
1!
b1001100 ,
#1182200
0!
#1182300
1!
b1001101 ,
#1182400
0!
#1182500
1!
b1001110 ,
#1182600
0!
#1182700
1!
b1001111 ,
#1182800
0!
#1182900
1!
b1010000 ,
#1183000
0!
#1183100
1!
b1010001 ,
#1183200
0!
#1183300
1!
b1010010 ,
#1183400
0!
#1183500
1!
b1010011 ,
#1183600
0!
#1183700
1!
1&
b1010100 ,
#1183800
0!
#1183900
1!
1%
0&
#1184000
0!
0%
#1184100
1!
1*
1+
#1184200
0!
#1184300
1!
0*
0+
#1184400
0!
#1184500
1!
1&
b1010101 ,
#1184600
0!
#1184700
1!
1%
0&
#1184800
0!
0%
#1184900
1!
1*
1+
#1185000
0!
#1185100
1!
0*
0+
#1185200
0!
#1185300
1!
1&
b1010110 ,
#1185400
0!
#1185500
1!
1%
0&
#1185600
0!
0%
#1185700
1!
1*
1+
#1185800
0!
#1185900
1!
0*
0+
#1186000
0!
#1186100
1!
1&
b1010111 ,
#1186200
0!
#1186300
1!
1%
0&
#1186400
0!
0%
#1186500
1!
1*
1+
#1186600
0!
#1186700
1!
0*
0+
#1186800
0!
#1186900
1!
1&
b1011000 ,
#1187000
0!
#1187100
1!
1%
0&
#1187200
0!
0%
#1187300
1!
1*
#1187400
0!
#1187500
1!
1&
0*
b1011001 ,
#1187600
0!
#1187700
1!
1%
0&
#1187800
0!
0%
#1187900
1!
1*
1+
#1188000
0!
#1188100
1!
0*
0+
#1188200
0!
#1188300
1!
1&
b1011010 ,
#1188400
0!
#1188500
1!
1%
0&
#1188600
0!
0%
#1188700
1!
1*
#1188800
0!
#1188900
1!
1&
0*
b1011011 ,
#1189000
0!
#1189100
1!
1%
0&
#1189200
0!
0%
#1189300
1!
1*
1+
#1189400
0!
#1189500
1!
0*
0+
#1189600
0!
#1189700
1!
b1011100 ,
#1189800
0!
#1189900
1!
b1011101 ,
#1190000
0!
#1190100
1!
b1011110 ,
#1190200
0!
#1190300
1!
b1011111 ,
#1190400
0!
#1190500
1!
1&
b1100000 ,
#1190600
0!
#1190700
1!
1%
0&
#1190800
0!
0%
#1190900
1!
1*
#1191000
0!
#1191100
1!
1&
0*
b1100001 ,
#1191200
0!
#1191300
1!
1%
0&
#1191400
0!
0%
#1191500
1!
1*
1+
#1191600
0!
#1191700
1!
0*
0+
#1191800
0!
#1191900
1!
1&
b1100010 ,
#1192000
0!
#1192100
1!
1%
0&
#1192200
0!
0%
#1192300
1!
1*
#1192400
0!
#1192500
1!
1&
0*
b1100011 ,
#1192600
0!
#1192700
1!
1%
0&
#1192800
0!
0%
#1192900
1!
1*
#1193000
0!
#1193100
1!
0*
b1100100 ,
#1193200
0!
#1193300
1!
b1100101 ,
#1193400
0!
#1193500
1!
b1100110 ,
#1193600
0!
#1193700
1!
b1100111 ,
#1193800
0!
#1193900
1!
b1101000 ,
#1194000
0!
#1194100
1!
b1101001 ,
#1194200
0!
#1194300
1!
b1101010 ,
#1194400
0!
#1194500
1!
b1101011 ,
#1194600
0!
#1194700
1!
1&
b1101100 ,
#1194800
0!
#1194900
1!
1%
0&
#1195000
0!
0%
#1195100
1!
1*
#1195200
0!
#1195300
1!
1&
0*
b1101101 ,
#1195400
0!
#1195500
1!
1%
0&
#1195600
0!
0%
#1195700
1!
1*
1+
#1195800
0!
#1195900
1!
0*
0+
#1196000
0!
#1196100
1!
1&
b1101110 ,
#1196200
0!
#1196300
1!
1%
0&
#1196400
0!
0%
#1196500
1!
1*
1+
#1196600
0!
#1196700
1!
0*
0+
#1196800
0!
#1196900
1!
1&
b1101111 ,
#1197000
0!
#1197100
1!
1%
0&
#1197200
0!
0%
#1197300
1!
1*
1+
#1197400
0!
#1197500
1!
0*
0+
#1197600
0!
#1197700
1!
1&
b1110000 ,
#1197800
0!
#1197900
1!
1%
0&
#1198000
0!
0%
#1198100
1!
1*
1+
#1198200
0!
#1198300
1!
0*
0+
#1198400
0!
#1198500
1!
1&
b1110001 ,
#1198600
0!
#1198700
1!
1%
0&
#1198800
0!
0%
#1198900
1!
1*
1+
#1199000
0!
#1199100
1!
0*
0+
#1199200
0!
#1199300
1!
1&
b1110010 ,
#1199400
0!
#1199500
1!
1%
0&
#1199600
0!
0%
#1199700
1!
1*
#1199800
0!
#1199900
1!
1&
0*
b1110011 ,
#1200000
0!
#1200100
1!
1%
0&
#1200200
0!
0%
#1200300
1!
1*
#1200400
0!
#1200500
1!
0*
b1110100 ,
#1200600
0!
#1200700
1!
b1110101 ,
#1200800
0!
#1200900
1!
b1110110 ,
#1201000
0!
#1201100
1!
b1110111 ,
#1201200
0!
#1201300
1!
b1111000 ,
#1201400
0!
#1201500
1!
b1111001 ,
#1201600
0!
#1201700
1!
b1111010 ,
#1201800
0!
#1201900
1!
b1111011 ,
#1202000
0!
#1202100
1!
1&
b1111100 ,
#1202200
0!
#1202300
1!
1%
0&
#1202400
0!
0%
#1202500
1!
1*
1+
#1202600
0!
#1202700
1!
0*
0+
#1202800
0!
#1202900
1!
1&
b1111101 ,
#1203000
0!
#1203100
1!
1%
0&
#1203200
0!
0%
#1203300
1!
1*
1+
#1203400
0!
#1203500
1!
0*
0+
#1203600
0!
#1203700
1!
1&
b1111110 ,
#1203800
0!
#1203900
1!
1%
0&
#1204000
0!
0%
#1204100
1!
1*
#1204200
0!
#1204300
1!
1&
0*
b1111111 ,
#1204400
0!
#1204500
1!
1%
0&
#1204600
0!
0%
#1204700
1!
1*
1+
#1204800
0!
#1204900
1!
0*
0+
#1205000
0!
#1205100
1!
#1205200
0!
#1205300
1!
b1101001100 .
b10010000000 /
#1205400
0!
#1205500
1!
#1205600
0!
#1205700
1!
1&
b0 ,
#1205800
0!
#1205900
1!
1%
0&
#1206000
0!
0%
#1206100
1!
1*
1+
#1206200
0!
#1206300
1!
0*
0+
1-
#1206400
0!
#1206500
1!
1&
1(
b1110111000100110010100010001110 )
b1 ,
0-
#1206600
0!
0(
#1206700
1!
1%
0&
#1206800
0!
0%
#1206900
1!
1*
1+
#1207000
0!
#1207100
1!
0*
0+
#1207200
0!
#1207300
1!
1&
b10 ,
#1207400
0!
#1207500
1!
1%
0&
#1207600
0!
0%
#1207700
1!
1*
1+
#1207800
0!
#1207900
1!
0*
0+
#1208000
0!
#1208100
1!
1&
b11 ,
#1208200
0!
#1208300
1!
1%
0&
#1208400
0!
0%
#1208500
1!
1*
1+
#1208600
0!
#1208700
1!
0*
0+
#1208800
0!
#1208900
1!
b100 ,
#1209000
0!
#1209100
1!
b101 ,
#1209200
0!
#1209300
1!
b110 ,
#1209400
0!
#1209500
1!
b111 ,
#1209600
0!
#1209700
1!
b1000 ,
#1209800
0!
#1209900
1!
b1001 ,
#1210000
0!
#1210100
1!
b1010 ,
#1210200
0!
#1210300
1!
b1011 ,
#1210400
0!
#1210500
1!
1&
b1100 ,
#1210600
0!
#1210700
1!
1%
0&
#1210800
0!
0%
#1210900
1!
1*
1+
#1211000
0!
#1211100
1!
0*
0+
#1211200
0!
#1211300
1!
1&
b1101 ,
#1211400
0!
#1211500
1!
1%
0&
#1211600
0!
0%
#1211700
1!
1*
#1211800
0!
#1211900
1!
1&
0*
b1110 ,
#1212000
0!
#1212100
1!
1%
0&
#1212200
0!
0%
#1212300
1!
1*
1+
#1212400
0!
#1212500
1!
0*
0+
#1212600
0!
#1212700
1!
1&
b1111 ,
#1212800
0!
#1212900
1!
1%
0&
#1213000
0!
0%
#1213100
1!
1*
1+
#1213200
0!
#1213300
1!
0*
0+
#1213400
0!
#1213500
1!
1&
b10000 ,
#1213600
0!
#1213700
1!
1%
0&
#1213800
0!
0%
#1213900
1!
1*
1+
#1214000
0!
#1214100
1!
0*
0+
#1214200
0!
#1214300
1!
1&
b10001 ,
#1214400
0!
#1214500
1!
1%
0&
#1214600
0!
0%
#1214700
1!
1*
1+
#1214800
0!
#1214900
1!
0*
0+
#1215000
0!
#1215100
1!
1&
b10010 ,
#1215200
0!
#1215300
1!
1%
0&
#1215400
0!
0%
#1215500
1!
1*
1+
#1215600
0!
#1215700
1!
0*
0+
#1215800
0!
#1215900
1!
1&
b10011 ,
#1216000
0!
#1216100
1!
1%
0&
#1216200
0!
0%
#1216300
1!
1*
#1216400
0!
#1216500
1!
0*
b10100 ,
#1216600
0!
#1216700
1!
b10101 ,
#1216800
0!
#1216900
1!
b10110 ,
#1217000
0!
#1217100
1!
b10111 ,
#1217200
0!
#1217300
1!
b11000 ,
#1217400
0!
#1217500
1!
b11001 ,
#1217600
0!
#1217700
1!
b11010 ,
#1217800
0!
#1217900
1!
b11011 ,
#1218000
0!
#1218100
1!
1&
b11100 ,
#1218200
0!
#1218300
1!
1%
0&
#1218400
0!
0%
#1218500
1!
1*
1+
#1218600
0!
#1218700
1!
0*
0+
#1218800
0!
#1218900
1!
1&
b11101 ,
#1219000
0!
#1219100
1!
1%
0&
#1219200
0!
0%
#1219300
1!
1*
1+
#1219400
0!
#1219500
1!
0*
0+
#1219600
0!
#1219700
1!
1&
b11110 ,
#1219800
0!
#1219900
1!
1%
0&
#1220000
0!
0%
#1220100
1!
1*
#1220200
0!
#1220300
1!
1&
0*
b11111 ,
#1220400
0!
#1220500
1!
1%
0&
#1220600
0!
0%
#1220700
1!
1*
#1220800
0!
#1220900
1!
0*
b100000 ,
#1221000
0!
#1221100
1!
b100001 ,
#1221200
0!
#1221300
1!
b100010 ,
#1221400
0!
#1221500
1!
b100011 ,
#1221600
0!
#1221700
1!
1&
b100100 ,
#1221800
0!
#1221900
1!
1%
0&
#1222000
0!
0%
#1222100
1!
1*
#1222200
0!
#1222300
1!
1&
0*
b100101 ,
#1222400
0!
#1222500
1!
1%
0&
#1222600
0!
0%
#1222700
1!
1*
#1222800
0!
#1222900
1!
1&
0*
b100110 ,
#1223000
0!
#1223100
1!
1%
0&
#1223200
0!
0%
#1223300
1!
1*
#1223400
0!
#1223500
1!
1&
0*
b100111 ,
#1223600
0!
#1223700
1!
1%
0&
#1223800
0!
0%
#1223900
1!
1*
1+
#1224000
0!
#1224100
1!
0*
0+
#1224200
0!
#1224300
1!
1&
b101000 ,
#1224400
0!
#1224500
1!
1%
0&
#1224600
0!
0%
#1224700
1!
1*
1+
#1224800
0!
#1224900
1!
0*
0+
#1225000
0!
#1225100
1!
1&
b101001 ,
#1225200
0!
#1225300
1!
1%
0&
#1225400
0!
0%
#1225500
1!
1*
#1225600
0!
#1225700
1!
1&
0*
b101010 ,
#1225800
0!
#1225900
1!
1%
0&
#1226000
0!
0%
#1226100
1!
1*
1+
#1226200
0!
#1226300
1!
0*
0+
#1226400
0!
#1226500
1!
1&
b101011 ,
#1226600
0!
#1226700
1!
1%
0&
#1226800
0!
0%
#1226900
1!
1*
1+
#1227000
0!
#1227100
1!
0*
0+
#1227200
0!
#1227300
1!
b101100 ,
#1227400
0!
#1227500
1!
b101101 ,
#1227600
0!
#1227700
1!
b101110 ,
#1227800
0!
#1227900
1!
b101111 ,
#1228000
0!
#1228100
1!
b110000 ,
#1228200
0!
#1228300
1!
b110001 ,
#1228400
0!
#1228500
1!
b110010 ,
#1228600
0!
#1228700
1!
b110011 ,
#1228800
0!
#1228900
1!
1&
b110100 ,
#1229000
0!
#1229100
1!
1%
0&
#1229200
0!
0%
#1229300
1!
1*
1+
#1229400
0!
#1229500
1!
0*
0+
#1229600
0!
#1229700
1!
1&
b110101 ,
#1229800
0!
#1229900
1!
1%
0&
#1230000
0!
0%
#1230100
1!
1*
1+
#1230200
0!
#1230300
1!
0*
0+
#1230400
0!
#1230500
1!
1&
b110110 ,
#1230600
0!
#1230700
1!
1%
0&
#1230800
0!
0%
#1230900
1!
1*
1+
#1231000
0!
#1231100
1!
0*
0+
#1231200
0!
#1231300
1!
1&
b110111 ,
#1231400
0!
#1231500
1!
1%
0&
#1231600
0!
0%
#1231700
1!
1*
1+
#1231800
0!
#1231900
1!
0*
0+
#1232000
0!
#1232100
1!
1&
b111000 ,
#1232200
0!
#1232300
1!
1%
0&
#1232400
0!
0%
#1232500
1!
1*
1+
#1232600
0!
#1232700
1!
0*
0+
#1232800
0!
#1232900
1!
1&
b111001 ,
#1233000
0!
#1233100
1!
1%
0&
#1233200
0!
0%
#1233300
1!
1*
#1233400
0!
#1233500
1!
1&
0*
b111010 ,
#1233600
0!
#1233700
1!
1%
0&
#1233800
0!
0%
#1233900
1!
1*
1+
#1234000
0!
#1234100
1!
0*
0+
#1234200
0!
#1234300
1!
1&
b111011 ,
#1234400
0!
#1234500
1!
1%
0&
#1234600
0!
0%
#1234700
1!
1*
#1234800
0!
#1234900
1!
0*
b111100 ,
#1235000
0!
#1235100
1!
b111101 ,
#1235200
0!
#1235300
1!
b111110 ,
#1235400
0!
#1235500
1!
b111111 ,
#1235600
0!
#1235700
1!
1&
b1000000 ,
#1235800
0!
#1235900
1!
1%
0&
#1236000
0!
0%
#1236100
1!
1*
1+
#1236200
0!
#1236300
1!
0*
0+
#1236400
0!
#1236500
1!
1&
b1000001 ,
#1236600
0!
#1236700
1!
1%
0&
#1236800
0!
0%
#1236900
1!
1*
1+
#1237000
0!
#1237100
1!
0*
0+
#1237200
0!
#1237300
1!
1&
b1000010 ,
#1237400
0!
#1237500
1!
1%
0&
#1237600
0!
0%
#1237700
1!
1*
1+
#1237800
0!
#1237900
1!
0*
0+
#1238000
0!
#1238100
1!
1&
b1000011 ,
#1238200
0!
#1238300
1!
1%
0&
#1238400
0!
0%
#1238500
1!
1*
1+
#1238600
0!
#1238700
1!
0*
0+
#1238800
0!
#1238900
1!
b1000100 ,
#1239000
0!
#1239100
1!
b1000101 ,
#1239200
0!
#1239300
1!
b1000110 ,
#1239400
0!
#1239500
1!
b1000111 ,
#1239600
0!
#1239700
1!
b1001000 ,
#1239800
0!
#1239900
1!
b1001001 ,
#1240000
0!
#1240100
1!
b1001010 ,
#1240200
0!
#1240300
1!
b1001011 ,
#1240400
0!
#1240500
1!
1&
b1001100 ,
#1240600
0!
#1240700
1!
1%
0&
#1240800
0!
0%
#1240900
1!
1*
#1241000
0!
#1241100
1!
1&
0*
b1001101 ,
#1241200
0!
#1241300
1!
1%
0&
#1241400
0!
0%
#1241500
1!
1*
1+
#1241600
0!
#1241700
1!
0*
0+
#1241800
0!
#1241900
1!
1&
b1001110 ,
#1242000
0!
#1242100
1!
1%
0&
#1242200
0!
0%
#1242300
1!
1*
1+
#1242400
0!
#1242500
1!
0*
0+
#1242600
0!
#1242700
1!
1&
b1001111 ,
#1242800
0!
#1242900
1!
1%
0&
#1243000
0!
0%
#1243100
1!
1*
1+
#1243200
0!
#1243300
1!
0*
0+
#1243400
0!
#1243500
1!
1&
b1010000 ,
#1243600
0!
#1243700
1!
1%
0&
#1243800
0!
0%
#1243900
1!
1*
1+
#1244000
0!
#1244100
1!
0*
0+
#1244200
0!
#1244300
1!
1&
b1010001 ,
#1244400
0!
#1244500
1!
1%
0&
#1244600
0!
0%
#1244700
1!
1*
#1244800
0!
#1244900
1!
1&
0*
b1010010 ,
#1245000
0!
#1245100
1!
1%
0&
#1245200
0!
0%
#1245300
1!
1*
1+
#1245400
0!
#1245500
1!
0*
0+
#1245600
0!
#1245700
1!
1&
b1010011 ,
#1245800
0!
#1245900
1!
1%
0&
#1246000
0!
0%
#1246100
1!
1*
1+
#1246200
0!
#1246300
1!
0*
0+
#1246400
0!
#1246500
1!
b1010100 ,
#1246600
0!
#1246700
1!
b1010101 ,
#1246800
0!
#1246900
1!
b1010110 ,
#1247000
0!
#1247100
1!
b1010111 ,
#1247200
0!
#1247300
1!
b1011000 ,
#1247400
0!
#1247500
1!
b1011001 ,
#1247600
0!
#1247700
1!
b1011010 ,
#1247800
0!
#1247900
1!
b1011011 ,
#1248000
0!
#1248100
1!
1&
b1011100 ,
#1248200
0!
#1248300
1!
1%
0&
#1248400
0!
0%
#1248500
1!
1*
1+
#1248600
0!
#1248700
1!
0*
0+
#1248800
0!
#1248900
1!
1&
b1011101 ,
#1249000
0!
#1249100
1!
1%
0&
#1249200
0!
0%
#1249300
1!
1*
1+
#1249400
0!
#1249500
1!
0*
0+
#1249600
0!
#1249700
1!
1&
b1011110 ,
#1249800
0!
#1249900
1!
1%
0&
#1250000
0!
0%
#1250100
1!
1*
1+
#1250200
0!
#1250300
1!
0*
0+
#1250400
0!
#1250500
1!
1&
b1011111 ,
#1250600
0!
#1250700
1!
1%
0&
#1250800
0!
0%
#1250900
1!
1*
#1251000
0!
#1251100
1!
0*
b1100000 ,
#1251200
0!
#1251300
1!
b1100001 ,
#1251400
0!
#1251500
1!
b1100010 ,
#1251600
0!
#1251700
1!
b1100011 ,
#1251800
0!
#1251900
1!
1&
b1100100 ,
#1252000
0!
#1252100
1!
1%
0&
#1252200
0!
0%
#1252300
1!
1*
#1252400
0!
#1252500
1!
1&
0*
b1100101 ,
#1252600
0!
#1252700
1!
1%
0&
#1252800
0!
0%
#1252900
1!
1*
#1253000
0!
#1253100
1!
1&
0*
b1100110 ,
#1253200
0!
#1253300
1!
1%
0&
#1253400
0!
0%
#1253500
1!
1*
1+
#1253600
0!
#1253700
1!
0*
0+
#1253800
0!
#1253900
1!
1&
b1100111 ,
#1254000
0!
#1254100
1!
1%
0&
#1254200
0!
0%
#1254300
1!
1*
#1254400
0!
#1254500
1!
1&
0*
b1101000 ,
#1254600
0!
#1254700
1!
1%
0&
#1254800
0!
0%
#1254900
1!
1*
1+
#1255000
0!
#1255100
1!
0*
0+
#1255200
0!
#1255300
1!
1&
b1101001 ,
#1255400
0!
#1255500
1!
1%
0&
#1255600
0!
0%
#1255700
1!
1*
1+
#1255800
0!
#1255900
1!
0*
0+
#1256000
0!
#1256100
1!
1&
b1101010 ,
#1256200
0!
#1256300
1!
1%
0&
#1256400
0!
0%
#1256500
1!
1*
#1256600
0!
#1256700
1!
1&
0*
b1101011 ,
#1256800
0!
#1256900
1!
1%
0&
#1257000
0!
0%
#1257100
1!
1*
1+
#1257200
0!
#1257300
1!
0*
0+
#1257400
0!
#1257500
1!
b1101100 ,
#1257600
0!
#1257700
1!
b1101101 ,
#1257800
0!
#1257900
1!
b1101110 ,
#1258000
0!
#1258100
1!
b1101111 ,
#1258200
0!
#1258300
1!
b1110000 ,
#1258400
0!
#1258500
1!
b1110001 ,
#1258600
0!
#1258700
1!
b1110010 ,
#1258800
0!
#1258900
1!
b1110011 ,
#1259000
0!
#1259100
1!
1&
b1110100 ,
#1259200
0!
#1259300
1!
1%
0&
#1259400
0!
0%
#1259500
1!
1*
#1259600
0!
#1259700
1!
1&
0*
b1110101 ,
#1259800
0!
#1259900
1!
1%
0&
#1260000
0!
0%
#1260100
1!
1*
#1260200
0!
#1260300
1!
1&
0*
b1110110 ,
#1260400
0!
#1260500
1!
1%
0&
#1260600
0!
0%
#1260700
1!
1*
1+
#1260800
0!
#1260900
1!
0*
0+
#1261000
0!
#1261100
1!
1&
b1110111 ,
#1261200
0!
#1261300
1!
1%
0&
#1261400
0!
0%
#1261500
1!
1*
1+
#1261600
0!
#1261700
1!
0*
0+
#1261800
0!
#1261900
1!
1&
b1111000 ,
#1262000
0!
#1262100
1!
1%
0&
#1262200
0!
0%
#1262300
1!
1*
1+
#1262400
0!
#1262500
1!
0*
0+
#1262600
0!
#1262700
1!
1&
b1111001 ,
#1262800
0!
#1262900
1!
1%
0&
#1263000
0!
0%
#1263100
1!
1*
1+
#1263200
0!
#1263300
1!
0*
0+
#1263400
0!
#1263500
1!
1&
b1111010 ,
#1263600
0!
#1263700
1!
1%
0&
#1263800
0!
0%
#1263900
1!
1*
1+
#1264000
0!
#1264100
1!
0*
0+
#1264200
0!
#1264300
1!
1&
b1111011 ,
#1264400
0!
#1264500
1!
1%
0&
#1264600
0!
0%
#1264700
1!
1*
#1264800
0!
#1264900
1!
0*
b1111100 ,
#1265000
0!
#1265100
1!
b1111101 ,
#1265200
0!
#1265300
1!
b1111110 ,
#1265400
0!
#1265500
1!
b1111111 ,
#1265600
0!
#1265700
1!
#1265800
0!
#1265900
1!
b1101111000 .
b10011000000 /
#1266000
0!
#1266100
1!
#1266200
0!
#1266300
1!
b0 ,
#1266400
0!
#1266500
1!
b1 ,
#1266600
0!
#1266700
1!
b10 ,
#1266800
0!
#1266900
1!
b11 ,
#1267000
0!
#1267100
1!
1&
b100 ,
#1267200
0!
#1267300
1!
1%
0&
#1267400
0!
0%
#1267500
1!
1*
1+
#1267600
0!
#1267700
1!
0*
0+
#1267800
0!
#1267900
1!
1&
b101 ,
#1268000
0!
#1268100
1!
1%
0&
#1268200
0!
0%
#1268300
1!
1*
1+
#1268400
0!
#1268500
1!
0*
0+
#1268600
0!
#1268700
1!
1&
b110 ,
#1268800
0!
#1268900
1!
1%
0&
#1269000
0!
0%
#1269100
1!
1*
1+
#1269200
0!
#1269300
1!
0*
0+
#1269400
0!
#1269500
1!
1&
b111 ,
#1269600
0!
#1269700
1!
1%
0&
#1269800
0!
0%
#1269900
1!
1*
#1270000
0!
#1270100
1!
1&
0*
b1000 ,
#1270200
0!
#1270300
1!
1%
0&
#1270400
0!
0%
#1270500
1!
1*
1+
#1270600
0!
#1270700
1!
0*
0+
#1270800
0!
#1270900
1!
1&
b1001 ,
#1271000
0!
#1271100
1!
1%
0&
#1271200
0!
0%
#1271300
1!
1*
1+
#1271400
0!
#1271500
1!
0*
0+
#1271600
0!
#1271700
1!
1&
b1010 ,
#1271800
0!
#1271900
1!
1%
0&
#1272000
0!
0%
#1272100
1!
1*
#1272200
0!
#1272300
1!
1&
0*
b1011 ,
#1272400
0!
#1272500
1!
1%
0&
#1272600
0!
0%
#1272700
1!
1*
1+
#1272800
0!
#1272900
1!
0*
0+
#1273000
0!
#1273100
1!
b1100 ,
#1273200
0!
#1273300
1!
b1101 ,
#1273400
0!
#1273500
1!
b1110 ,
#1273600
0!
#1273700
1!
b1111 ,
#1273800
0!
#1273900
1!
b10000 ,
#1274000
0!
#1274100
1!
b10001 ,
#1274200
0!
#1274300
1!
b10010 ,
#1274400
0!
#1274500
1!
b10011 ,
#1274600
0!
#1274700
1!
1&
b10100 ,
#1274800
0!
#1274900
1!
1%
0&
#1275000
0!
0%
#1275100
1!
1*
1+
#1275200
0!
#1275300
1!
0*
0+
#1275400
0!
#1275500
1!
1&
b10101 ,
#1275600
0!
#1275700
1!
1%
0&
#1275800
0!
0%
#1275900
1!
1*
#1276000
0!
#1276100
1!
1&
0*
b10110 ,
#1276200
0!
#1276300
1!
1%
0&
#1276400
0!
0%
#1276500
1!
1*
1+
#1276600
0!
#1276700
1!
0*
0+
#1276800
0!
#1276900
1!
1&
b10111 ,
#1277000
0!
#1277100
1!
1%
0&
#1277200
0!
0%
#1277300
1!
1*
1+
#1277400
0!
#1277500
1!
0*
0+
#1277600
0!
#1277700
1!
1&
b11000 ,
#1277800
0!
#1277900
1!
1%
0&
#1278000
0!
0%
#1278100
1!
1*
1+
#1278200
0!
#1278300
1!
0*
0+
#1278400
0!
#1278500
1!
1&
b11001 ,
#1278600
0!
#1278700
1!
1%
0&
#1278800
0!
0%
#1278900
1!
1*
1+
#1279000
0!
#1279100
1!
0*
0+
#1279200
0!
#1279300
1!
1&
b11010 ,
#1279400
0!
#1279500
1!
1%
0&
#1279600
0!
0%
#1279700
1!
1*
1+
#1279800
0!
#1279900
1!
0*
0+
#1280000
0!
#1280100
1!
1&
b11011 ,
#1280200
0!
#1280300
1!
1%
0&
#1280400
0!
0%
#1280500
1!
1*
1+
#1280600
0!
#1280700
1!
0*
0+
#1280800
0!
#1280900
1!
b11100 ,
#1281000
0!
#1281100
1!
b11101 ,
#1281200
0!
#1281300
1!
b11110 ,
#1281400
0!
#1281500
1!
b11111 ,
#1281600
0!
#1281700
1!
1&
b100000 ,
#1281800
0!
#1281900
1!
1%
0&
#1282000
0!
0%
#1282100
1!
1*
1+
#1282200
0!
#1282300
1!
0*
0+
#1282400
0!
#1282500
1!
1&
b100001 ,
#1282600
0!
#1282700
1!
1%
0&
#1282800
0!
0%
#1282900
1!
1*
#1283000
0!
#1283100
1!
1&
0*
b100010 ,
#1283200
0!
#1283300
1!
1%
0&
#1283400
0!
0%
#1283500
1!
1*
#1283600
0!
#1283700
1!
1&
0*
b100011 ,
#1283800
0!
#1283900
1!
1%
0&
#1284000
0!
0%
#1284100
1!
1*
1+
#1284200
0!
#1284300
1!
0*
0+
#1284400
0!
#1284500
1!
b100100 ,
#1284600
0!
#1284700
1!
b100101 ,
#1284800
0!
#1284900
1!
b100110 ,
#1285000
0!
#1285100
1!
b100111 ,
#1285200
0!
#1285300
1!
b101000 ,
#1285400
0!
#1285500
1!
b101001 ,
#1285600
0!
#1285700
1!
b101010 ,
#1285800
0!
#1285900
1!
b101011 ,
#1286000
0!
#1286100
1!
1&
b101100 ,
#1286200
0!
#1286300
1!
1%
0&
#1286400
0!
0%
#1286500
1!
1*
1+
#1286600
0!
#1286700
1!
0*
0+
#1286800
0!
#1286900
1!
1&
b101101 ,
#1287000
0!
#1287100
1!
1%
0&
#1287200
0!
0%
#1287300
1!
1*
#1287400
0!
#1287500
1!
1&
0*
b101110 ,
#1287600
0!
#1287700
1!
1%
0&
#1287800
0!
0%
#1287900
1!
1*
1+
#1288000
0!
#1288100
1!
0*
0+
#1288200
0!
#1288300
1!
1&
b101111 ,
#1288400
0!
#1288500
1!
1%
0&
#1288600
0!
0%
#1288700
1!
1*
1+
#1288800
0!
#1288900
1!
0*
0+
#1289000
0!
#1289100
1!
1&
b110000 ,
#1289200
0!
#1289300
1!
1%
0&
#1289400
0!
0%
#1289500
1!
1*
1+
#1289600
0!
#1289700
1!
0*
0+
#1289800
0!
#1289900
1!
1&
b110001 ,
#1290000
0!
#1290100
1!
1%
0&
#1290200
0!
0%
#1290300
1!
1*
#1290400
0!
#1290500
1!
1&
0*
b110010 ,
#1290600
0!
#1290700
1!
1%
0&
#1290800
0!
0%
#1290900
1!
1*
#1291000
0!
#1291100
1!
1&
0*
b110011 ,
#1291200
0!
#1291300
1!
1%
0&
#1291400
0!
0%
#1291500
1!
1*
1+
#1291600
0!
#1291700
1!
0*
0+
#1291800
0!
#1291900
1!
b110100 ,
#1292000
0!
#1292100
1!
b110101 ,
#1292200
0!
#1292300
1!
b110110 ,
#1292400
0!
#1292500
1!
b110111 ,
#1292600
0!
#1292700
1!
b111000 ,
#1292800
0!
#1292900
1!
b111001 ,
#1293000
0!
#1293100
1!
b111010 ,
#1293200
0!
#1293300
1!
b111011 ,
#1293400
0!
#1293500
1!
1&
b111100 ,
#1293600
0!
#1293700
1!
1%
0&
#1293800
0!
0%
#1293900
1!
1*
#1294000
0!
#1294100
1!
1&
0*
b111101 ,
#1294200
0!
#1294300
1!
1%
0&
#1294400
0!
0%
#1294500
1!
1*
#1294600
0!
#1294700
1!
1&
0*
b111110 ,
#1294800
0!
#1294900
1!
1%
0&
#1295000
0!
0%
#1295100
1!
1*
1+
#1295200
0!
#1295300
1!
0*
0+
#1295400
0!
#1295500
1!
1&
b111111 ,
#1295600
0!
#1295700
1!
1%
0&
#1295800
0!
0%
#1295900
1!
1*
#1296000
0!
#1296100
1!
0*
b1000000 ,
#1296200
0!
#1296300
1!
b1000001 ,
#1296400
0!
#1296500
1!
b1000010 ,
#1296600
0!
#1296700
1!
b1000011 ,
#1296800
0!
#1296900
1!
1&
b1000100 ,
#1297000
0!
#1297100
1!
1%
0&
#1297200
0!
0%
#1297300
1!
1*
#1297400
0!
#1297500
1!
1&
0*
b1000101 ,
#1297600
0!
#1297700
1!
1%
0&
#1297800
0!
0%
#1297900
1!
1*
1+
#1298000
0!
#1298100
1!
0*
0+
#1298200
0!
#1298300
1!
1&
b1000110 ,
#1298400
0!
#1298500
1!
1%
0&
#1298600
0!
0%
#1298700
1!
1*
1+
#1298800
0!
#1298900
1!
0*
0+
#1299000
0!
#1299100
1!
1&
b1000111 ,
#1299200
0!
#1299300
1!
1%
0&
#1299400
0!
0%
#1299500
1!
1*
1+
#1299600
0!
#1299700
1!
0*
0+
#1299800
0!
#1299900
1!
1&
b1001000 ,
#1300000
0!
#1300100
1!
1%
0&
#1300200
0!
0%
#1300300
1!
1*
1+
#1300400
0!
#1300500
1!
0*
0+
#1300600
0!
#1300700
1!
1&
b1001001 ,
#1300800
0!
#1300900
1!
1%
0&
#1301000
0!
0%
#1301100
1!
1*
1+
#1301200
0!
#1301300
1!
0*
0+
#1301400
0!
#1301500
1!
1&
b1001010 ,
#1301600
0!
#1301700
1!
1%
0&
#1301800
0!
0%
#1301900
1!
1*
1+
#1302000
0!
#1302100
1!
0*
0+
#1302200
0!
#1302300
1!
1&
b1001011 ,
#1302400
0!
#1302500
1!
1%
0&
#1302600
0!
0%
#1302700
1!
1*
1+
#1302800
0!
#1302900
1!
0*
0+
#1303000
0!
#1303100
1!
b1001100 ,
#1303200
0!
#1303300
1!
b1001101 ,
#1303400
0!
#1303500
1!
b1001110 ,
#1303600
0!
#1303700
1!
b1001111 ,
#1303800
0!
#1303900
1!
b1010000 ,
#1304000
0!
#1304100
1!
b1010001 ,
#1304200
0!
#1304300
1!
b1010010 ,
#1304400
0!
#1304500
1!
b1010011 ,
#1304600
0!
#1304700
1!
1&
b1010100 ,
#1304800
0!
#1304900
1!
1%
0&
#1305000
0!
0%
#1305100
1!
1*
1+
#1305200
0!
#1305300
1!
0*
0+
#1305400
0!
#1305500
1!
1&
b1010101 ,
#1305600
0!
#1305700
1!
1%
0&
#1305800
0!
0%
#1305900
1!
1*
1+
#1306000
0!
#1306100
1!
0*
0+
#1306200
0!
#1306300
1!
1&
b1010110 ,
#1306400
0!
#1306500
1!
1%
0&
#1306600
0!
0%
#1306700
1!
1*
1+
#1306800
0!
#1306900
1!
0*
0+
#1307000
0!
#1307100
1!
1&
b1010111 ,
#1307200
0!
#1307300
1!
1%
0&
#1307400
0!
0%
#1307500
1!
1*
#1307600
0!
#1307700
1!
1&
0*
b1011000 ,
#1307800
0!
#1307900
1!
1%
0&
#1308000
0!
0%
#1308100
1!
1*
#1308200
0!
#1308300
1!
1&
0*
b1011001 ,
#1308400
0!
#1308500
1!
1%
0&
#1308600
0!
0%
#1308700
1!
1*
1+
#1308800
0!
#1308900
1!
0*
0+
#1309000
0!
#1309100
1!
1&
b1011010 ,
#1309200
0!
#1309300
1!
1%
0&
#1309400
0!
0%
#1309500
1!
1*
#1309600
0!
#1309700
1!
1&
0*
b1011011 ,
#1309800
0!
#1309900
1!
1%
0&
#1310000
0!
0%
#1310100
1!
1*
1+
#1310200
0!
#1310300
1!
0*
0+
#1310400
0!
#1310500
1!
b1011100 ,
#1310600
0!
#1310700
1!
b1011101 ,
#1310800
0!
#1310900
1!
b1011110 ,
#1311000
0!
#1311100
1!
b1011111 ,
#1311200
0!
#1311300
1!
1&
b1100000 ,
#1311400
0!
#1311500
1!
1%
0&
#1311600
0!
0%
#1311700
1!
1*
1+
#1311800
0!
#1311900
1!
0*
0+
#1312000
0!
#1312100
1!
1&
b1100001 ,
#1312200
0!
#1312300
1!
1%
0&
#1312400
0!
0%
#1312500
1!
1*
#1312600
0!
#1312700
1!
1&
0*
b1100010 ,
#1312800
0!
#1312900
1!
1%
0&
#1313000
0!
0%
#1313100
1!
1*
#1313200
0!
#1313300
1!
1&
0*
b1100011 ,
#1313400
0!
#1313500
1!
1%
0&
#1313600
0!
0%
#1313700
1!
1*
#1313800
0!
#1313900
1!
0*
b1100100 ,
#1314000
0!
#1314100
1!
b1100101 ,
#1314200
0!
#1314300
1!
b1100110 ,
#1314400
0!
#1314500
1!
b1100111 ,
#1314600
0!
#1314700
1!
b1101000 ,
#1314800
0!
#1314900
1!
b1101001 ,
#1315000
0!
#1315100
1!
b1101010 ,
#1315200
0!
#1315300
1!
b1101011 ,
#1315400
0!
#1315500
1!
1&
b1101100 ,
#1315600
0!
#1315700
1!
1%
0&
#1315800
0!
0%
#1315900
1!
1*
#1316000
0!
#1316100
1!
1&
0*
b1101101 ,
#1316200
0!
#1316300
1!
1%
0&
#1316400
0!
0%
#1316500
1!
1*
1+
#1316600
0!
#1316700
1!
0*
0+
#1316800
0!
#1316900
1!
1&
b1101110 ,
#1317000
0!
#1317100
1!
1%
0&
#1317200
0!
0%
#1317300
1!
1*
1+
#1317400
0!
#1317500
1!
0*
0+
#1317600
0!
#1317700
1!
1&
b1101111 ,
#1317800
0!
#1317900
1!
1%
0&
#1318000
0!
0%
#1318100
1!
1*
1+
#1318200
0!
#1318300
1!
0*
0+
#1318400
0!
#1318500
1!
1&
b1110000 ,
#1318600
0!
#1318700
1!
1%
0&
#1318800
0!
0%
#1318900
1!
1*
1+
#1319000
0!
#1319100
1!
0*
0+
#1319200
0!
#1319300
1!
1&
b1110001 ,
#1319400
0!
#1319500
1!
1%
0&
#1319600
0!
0%
#1319700
1!
1*
#1319800
0!
#1319900
1!
1&
0*
b1110010 ,
#1320000
0!
#1320100
1!
1%
0&
#1320200
0!
0%
#1320300
1!
1*
#1320400
0!
#1320500
1!
1&
0*
b1110011 ,
#1320600
0!
#1320700
1!
1%
0&
#1320800
0!
0%
#1320900
1!
1*
#1321000
0!
#1321100
1!
0*
b1110100 ,
#1321200
0!
#1321300
1!
b1110101 ,
#1321400
0!
#1321500
1!
b1110110 ,
#1321600
0!
#1321700
1!
b1110111 ,
#1321800
0!
#1321900
1!
b1111000 ,
#1322000
0!
#1322100
1!
b1111001 ,
#1322200
0!
#1322300
1!
b1111010 ,
#1322400
0!
#1322500
1!
b1111011 ,
#1322600
0!
#1322700
1!
1&
b1111100 ,
#1322800
0!
#1322900
1!
1%
0&
#1323000
0!
0%
#1323100
1!
1*
#1323200
0!
#1323300
1!
1&
0*
b1111101 ,
#1323400
0!
#1323500
1!
1%
0&
#1323600
0!
0%
#1323700
1!
1*
1+
#1323800
0!
#1323900
1!
0*
0+
#1324000
0!
#1324100
1!
1&
b1111110 ,
#1324200
0!
#1324300
1!
1%
0&
#1324400
0!
0%
#1324500
1!
1*
1+
#1324600
0!
#1324700
1!
0*
0+
#1324800
0!
#1324900
1!
1&
b1111111 ,
#1325000
0!
#1325100
1!
1%
0&
#1325200
0!
0%
#1325300
1!
1*
1+
#1325400
0!
#1325500
1!
0*
0+
#1325600
0!
#1325700
1!
#1325800
0!
#1325900
1!
b1110100001 .
b10100000000 /
#1326000
0!
#1326100
1!
#1326200
0!
#1326300
1!
1&
b0 ,
#1326400
0!
#1326500
1!
1%
0&
#1326600
0!
0%
#1326700
1!
1*
#1326800
0!
#1326900
1!
1&
0*
b1 ,
#1327000
0!
#1327100
1!
1%
0&
#1327200
0!
0%
#1327300
1!
1*
1+
#1327400
0!
#1327500
1!
0*
0+
#1327600
0!
#1327700
1!
1&
b10 ,
#1327800
0!
#1327900
1!
1%
0&
#1328000
0!
0%
#1328100
1!
1*
#1328200
0!
#1328300
1!
1&
0*
b11 ,
#1328400
0!
#1328500
1!
1%
0&
#1328600
0!
0%
#1328700
1!
1*
#1328800
0!
#1328900
1!
0*
b100 ,
#1329000
0!
#1329100
1!
b101 ,
#1329200
0!
#1329300
1!
b110 ,
#1329400
0!
#1329500
1!
b111 ,
#1329600
0!
#1329700
1!
b1000 ,
#1329800
0!
#1329900
1!
b1001 ,
#1330000
0!
#1330100
1!
b1010 ,
#1330200
0!
#1330300
1!
b1011 ,
#1330400
0!
#1330500
1!
1&
b1100 ,
#1330600
0!
#1330700
1!
1%
0&
#1330800
0!
0%
#1330900
1!
1*
#1331000
0!
#1331100
1!
1&
0*
b1101 ,
#1331200
0!
#1331300
1!
1%
0&
#1331400
0!
0%
#1331500
1!
1*
1+
#1331600
0!
#1331700
1!
0*
0+
#1331800
0!
#1331900
1!
1&
b1110 ,
#1332000
0!
#1332100
1!
1%
0&
#1332200
0!
0%
#1332300
1!
1*
#1332400
0!
#1332500
1!
1&
0*
b1111 ,
#1332600
0!
#1332700
1!
1%
0&
#1332800
0!
0%
#1332900
1!
1*
1+
#1333000
0!
#1333100
1!
0*
0+
#1333200
0!
#1333300
1!
1&
b10000 ,
#1333400
0!
#1333500
1!
1%
0&
#1333600
0!
0%
#1333700
1!
1*
1+
#1333800
0!
#1333900
1!
0*
0+
#1334000
0!
#1334100
1!
1&
b10001 ,
#1334200
0!
#1334300
1!
1%
0&
#1334400
0!
0%
#1334500
1!
1*
1+
#1334600
0!
#1334700
1!
0*
0+
#1334800
0!
#1334900
1!
1&
b10010 ,
#1335000
0!
#1335100
1!
1%
0&
#1335200
0!
0%
#1335300
1!
1*
#1335400
0!
#1335500
1!
1&
0*
b10011 ,
#1335600
0!
#1335700
1!
1%
0&
#1335800
0!
0%
#1335900
1!
1*
1+
#1336000
0!
#1336100
1!
0*
0+
#1336200
0!
#1336300
1!
b10100 ,
#1336400
0!
#1336500
1!
b10101 ,
#1336600
0!
#1336700
1!
b10110 ,
#1336800
0!
#1336900
1!
b10111 ,
#1337000
0!
#1337100
1!
b11000 ,
#1337200
0!
#1337300
1!
b11001 ,
#1337400
0!
#1337500
1!
b11010 ,
#1337600
0!
#1337700
1!
b11011 ,
#1337800
0!
#1337900
1!
1&
b11100 ,
#1338000
0!
#1338100
1!
1%
0&
#1338200
0!
0%
#1338300
1!
1*
1+
#1338400
0!
#1338500
1!
0*
0+
#1338600
0!
#1338700
1!
1&
b11101 ,
#1338800
0!
#1338900
1!
1%
0&
#1339000
0!
0%
#1339100
1!
1*
#1339200
0!
#1339300
1!
1&
0*
b11110 ,
#1339400
0!
#1339500
1!
1%
0&
#1339600
0!
0%
#1339700
1!
1*
1+
#1339800
0!
#1339900
1!
0*
0+
#1340000
0!
#1340100
1!
1&
b11111 ,
#1340200
0!
#1340300
1!
1%
0&
#1340400
0!
0%
#1340500
1!
1*
1+
#1340600
0!
#1340700
1!
0*
0+
#1340800
0!
#1340900
1!
b100000 ,
#1341000
0!
#1341100
1!
b100001 ,
#1341200
0!
#1341300
1!
b100010 ,
#1341400
0!
#1341500
1!
b100011 ,
#1341600
0!
#1341700
1!
1&
b100100 ,
#1341800
0!
#1341900
1!
1%
0&
#1342000
0!
0%
#1342100
1!
1*
#1342200
0!
#1342300
1!
1&
0*
b100101 ,
#1342400
0!
#1342500
1!
1%
0&
#1342600
0!
0%
#1342700
1!
1*
1+
#1342800
0!
#1342900
1!
0*
0+
#1343000
0!
#1343100
1!
1&
b100110 ,
#1343200
0!
#1343300
1!
1%
0&
#1343400
0!
0%
#1343500
1!
1*
1+
#1343600
0!
#1343700
1!
0*
0+
#1343800
0!
#1343900
1!
1&
b100111 ,
#1344000
0!
#1344100
1!
1%
0&
#1344200
0!
0%
#1344300
1!
1*
#1344400
0!
#1344500
1!
1&
0*
b101000 ,
#1344600
0!
#1344700
1!
1%
0&
#1344800
0!
0%
#1344900
1!
1*
1+
#1345000
0!
#1345100
1!
0*
0+
#1345200
0!
#1345300
1!
1&
b101001 ,
#1345400
0!
#1345500
1!
1%
0&
#1345600
0!
0%
#1345700
1!
1*
1+
#1345800
0!
#1345900
1!
0*
0+
#1346000
0!
#1346100
1!
1&
b101010 ,
#1346200
0!
#1346300
1!
1%
0&
#1346400
0!
0%
#1346500
1!
1*
1+
#1346600
0!
#1346700
1!
0*
0+
#1346800
0!
#1346900
1!
1&
b101011 ,
#1347000
0!
#1347100
1!
1%
0&
#1347200
0!
0%
#1347300
1!
1*
1+
#1347400
0!
#1347500
1!
0*
0+
#1347600
0!
#1347700
1!
b101100 ,
#1347800
0!
#1347900
1!
b101101 ,
#1348000
0!
#1348100
1!
b101110 ,
#1348200
0!
#1348300
1!
b101111 ,
#1348400
0!
#1348500
1!
b110000 ,
#1348600
0!
#1348700
1!
b110001 ,
#1348800
0!
#1348900
1!
b110010 ,
#1349000
0!
#1349100
1!
b110011 ,
#1349200
0!
#1349300
1!
1&
b110100 ,
#1349400
0!
#1349500
1!
1%
0&
#1349600
0!
0%
#1349700
1!
1*
1+
#1349800
0!
#1349900
1!
0*
0+
#1350000
0!
#1350100
1!
1&
b110101 ,
#1350200
0!
#1350300
1!
1%
0&
#1350400
0!
0%
#1350500
1!
1*
#1350600
0!
#1350700
1!
1&
0*
b110110 ,
#1350800
0!
#1350900
1!
1%
0&
#1351000
0!
0%
#1351100
1!
1*
1+
#1351200
0!
#1351300
1!
0*
0+
#1351400
0!
#1351500
1!
1&
b110111 ,
#1351600
0!
#1351700
1!
1%
0&
#1351800
0!
0%
#1351900
1!
1*
1+
#1352000
0!
#1352100
1!
0*
0+
#1352200
0!
#1352300
1!
1&
b111000 ,
#1352400
0!
#1352500
1!
1%
0&
#1352600
0!
0%
#1352700
1!
1*
#1352800
0!
#1352900
1!
1&
0*
b111001 ,
#1353000
0!
#1353100
1!
1%
0&
#1353200
0!
0%
#1353300
1!
1*
#1353400
0!
#1353500
1!
1&
0*
b111010 ,
#1353600
0!
#1353700
1!
1%
0&
#1353800
0!
0%
#1353900
1!
1*
#1354000
0!
#1354100
1!
1&
0*
b111011 ,
#1354200
0!
#1354300
1!
1%
0&
#1354400
0!
0%
#1354500
1!
1*
1+
#1354600
0!
#1354700
1!
0*
0+
#1354800
0!
#1354900
1!
b111100 ,
#1355000
0!
#1355100
1!
b111101 ,
#1355200
0!
#1355300
1!
b111110 ,
#1355400
0!
#1355500
1!
b111111 ,
#1355600
0!
#1355700
1!
1&
b1000000 ,
#1355800
0!
#1355900
1!
1%
0&
#1356000
0!
0%
#1356100
1!
1*
#1356200
0!
#1356300
1!
1&
0*
b1000001 ,
#1356400
0!
#1356500
1!
1%
0&
#1356600
0!
0%
#1356700
1!
1*
1+
#1356800
0!
#1356900
1!
0*
0+
#1357000
0!
#1357100
1!
1&
b1000010 ,
#1357200
0!
#1357300
1!
1%
0&
#1357400
0!
0%
#1357500
1!
1*
#1357600
0!
#1357700
1!
1&
0*
b1000011 ,
#1357800
0!
#1357900
1!
1%
0&
#1358000
0!
0%
#1358100
1!
1*
1+
#1358200
0!
#1358300
1!
0*
0+
#1358400
0!
#1358500
1!
b1000100 ,
#1358600
0!
#1358700
1!
b1000101 ,
#1358800
0!
#1358900
1!
b1000110 ,
#1359000
0!
#1359100
1!
b1000111 ,
#1359200
0!
#1359300
1!
b1001000 ,
#1359400
0!
#1359500
1!
b1001001 ,
#1359600
0!
#1359700
1!
b1001010 ,
#1359800
0!
#1359900
1!
b1001011 ,
#1360000
0!
#1360100
1!
1&
b1001100 ,
#1360200
0!
#1360300
1!
1%
0&
#1360400
0!
0%
#1360500
1!
1*
1+
#1360600
0!
#1360700
1!
0*
0+
#1360800
0!
#1360900
1!
1&
b1001101 ,
#1361000
0!
#1361100
1!
1%
0&
#1361200
0!
0%
#1361300
1!
1*
#1361400
0!
#1361500
1!
1&
0*
b1001110 ,
#1361600
0!
#1361700
1!
1%
0&
#1361800
0!
0%
#1361900
1!
1*
1+
#1362000
0!
#1362100
1!
0*
0+
#1362200
0!
#1362300
1!
1&
b1001111 ,
#1362400
0!
#1362500
1!
1%
0&
#1362600
0!
0%
#1362700
1!
1*
#1362800
0!
#1362900
1!
1&
0*
b1010000 ,
#1363000
0!
#1363100
1!
1%
0&
#1363200
0!
0%
#1363300
1!
1*
1+
#1363400
0!
#1363500
1!
0*
0+
#1363600
0!
#1363700
1!
1&
b1010001 ,
#1363800
0!
#1363900
1!
1%
0&
#1364000
0!
0%
#1364100
1!
1*
1+
#1364200
0!
#1364300
1!
0*
0+
#1364400
0!
#1364500
1!
1&
b1010010 ,
#1364600
0!
#1364700
1!
1%
0&
#1364800
0!
0%
#1364900
1!
1*
1+
#1365000
0!
#1365100
1!
0*
0+
#1365200
0!
#1365300
1!
1&
b1010011 ,
#1365400
0!
#1365500
1!
1%
0&
#1365600
0!
0%
#1365700
1!
1*
1+
#1365800
0!
#1365900
1!
0*
0+
#1366000
0!
#1366100
1!
b1010100 ,
#1366200
0!
#1366300
1!
b1010101 ,
#1366400
0!
#1366500
1!
b1010110 ,
#1366600
0!
#1366700
1!
b1010111 ,
#1366800
0!
#1366900
1!
b1011000 ,
#1367000
0!
#1367100
1!
b1011001 ,
#1367200
0!
#1367300
1!
b1011010 ,
#1367400
0!
#1367500
1!
b1011011 ,
#1367600
0!
#1367700
1!
1&
b1011100 ,
#1367800
0!
#1367900
1!
1%
0&
#1368000
0!
0%
#1368100
1!
1*
#1368200
0!
#1368300
1!
1&
0*
b1011101 ,
#1368400
0!
#1368500
1!
1%
0&
#1368600
0!
0%
#1368700
1!
1*
#1368800
0!
#1368900
1!
1&
0*
b1011110 ,
#1369000
0!
#1369100
1!
1%
0&
#1369200
0!
0%
#1369300
1!
1*
#1369400
0!
#1369500
1!
1&
0*
b1011111 ,
#1369600
0!
#1369700
1!
1%
0&
#1369800
0!
0%
#1369900
1!
1*
#1370000
0!
#1370100
1!
0*
b1100000 ,
#1370200
0!
#1370300
1!
b1100001 ,
#1370400
0!
#1370500
1!
b1100010 ,
#1370600
0!
#1370700
1!
b1100011 ,
#1370800
0!
#1370900
1!
1&
b1100100 ,
#1371000
0!
#1371100
1!
1%
0&
#1371200
0!
0%
#1371300
1!
1*
1+
#1371400
0!
#1371500
1!
0*
0+
#1371600
0!
#1371700
1!
1&
b1100101 ,
#1371800
0!
#1371900
1!
1%
0&
#1372000
0!
0%
#1372100
1!
1*
1+
#1372200
0!
#1372300
1!
0*
0+
#1372400
0!
#1372500
1!
1&
b1100110 ,
#1372600
0!
#1372700
1!
1%
0&
#1372800
0!
0%
#1372900
1!
1*
1+
#1373000
0!
#1373100
1!
0*
0+
#1373200
0!
#1373300
1!
1&
b1100111 ,
#1373400
0!
#1373500
1!
1%
0&
#1373600
0!
0%
#1373700
1!
1*
#1373800
0!
#1373900
1!
1&
0*
b1101000 ,
#1374000
0!
#1374100
1!
1%
0&
#1374200
0!
0%
#1374300
1!
1*
#1374400
0!
#1374500
1!
1&
0*
b1101001 ,
#1374600
0!
#1374700
1!
1%
0&
#1374800
0!
0%
#1374900
1!
1*
1+
#1375000
0!
#1375100
1!
0*
0+
#1375200
0!
#1375300
1!
1&
b1101010 ,
#1375400
0!
#1375500
1!
1%
0&
#1375600
0!
0%
#1375700
1!
1*
1+
#1375800
0!
#1375900
1!
0*
0+
#1376000
0!
#1376100
1!
1&
b1101011 ,
#1376200
0!
#1376300
1!
1%
0&
#1376400
0!
0%
#1376500
1!
1*
#1376600
0!
#1376700
1!
0*
b1101100 ,
#1376800
0!
#1376900
1!
b1101101 ,
#1377000
0!
#1377100
1!
b1101110 ,
#1377200
0!
#1377300
1!
b1101111 ,
#1377400
0!
#1377500
1!
b1110000 ,
#1377600
0!
#1377700
1!
b1110001 ,
#1377800
0!
#1377900
1!
b1110010 ,
#1378000
0!
#1378100
1!
b1110011 ,
#1378200
0!
#1378300
1!
1&
b1110100 ,
#1378400
0!
#1378500
1!
1%
0&
#1378600
0!
0%
#1378700
1!
1*
#1378800
0!
#1378900
1!
1&
0*
b1110101 ,
#1379000
0!
#1379100
1!
1%
0&
#1379200
0!
0%
#1379300
1!
1*
1+
#1379400
0!
#1379500
1!
0*
0+
#1379600
0!
#1379700
1!
1&
b1110110 ,
#1379800
0!
#1379900
1!
1%
0&
#1380000
0!
0%
#1380100
1!
1*
1+
#1380200
0!
#1380300
1!
0*
0+
#1380400
0!
#1380500
1!
1&
b1110111 ,
#1380600
0!
#1380700
1!
1%
0&
#1380800
0!
0%
#1380900
1!
1*
1+
#1381000
0!
#1381100
1!
0*
0+
#1381200
0!
#1381300
1!
1&
b1111000 ,
#1381400
0!
#1381500
1!
1%
0&
#1381600
0!
0%
#1381700
1!
1*
1+
#1381800
0!
#1381900
1!
0*
0+
#1382000
0!
#1382100
1!
1&
b1111001 ,
#1382200
0!
#1382300
1!
1%
0&
#1382400
0!
0%
#1382500
1!
1*
#1382600
0!
#1382700
1!
1&
0*
b1111010 ,
#1382800
0!
#1382900
1!
1%
0&
#1383000
0!
0%
#1383100
1!
1*
1+
#1383200
0!
#1383300
1!
0*
0+
#1383400
0!
#1383500
1!
1&
b1111011 ,
#1383600
0!
#1383700
1!
1%
0&
#1383800
0!
0%
#1383900
1!
1*
1+
#1384000
0!
#1384100
1!
0*
0+
#1384200
0!
#1384300
1!
b1111100 ,
#1384400
0!
#1384500
1!
b1111101 ,
#1384600
0!
#1384700
1!
b1111110 ,
#1384800
0!
#1384900
1!
b1111111 ,
#1385000
0!
#1385100
1!
#1385200
0!
#1385300
1!
b1111000111 .
b10101000000 /
#1385400
0!
#1385500
1!
#1385600
0!
#1385700
1!
b0 ,
#1385800
0!
#1385900
1!
b1 ,
#1386000
0!
#1386100
1!
b10 ,
#1386200
0!
#1386300
1!
b11 ,
#1386400
0!
#1386500
1!
1&
b100 ,
#1386600
0!
#1386700
1!
1%
0&
#1386800
0!
0%
#1386900
1!
1*
1+
#1387000
0!
#1387100
1!
0*
0+
#1387200
0!
#1387300
1!
1&
b101 ,
#1387400
0!
#1387500
1!
1%
0&
#1387600
0!
0%
#1387700
1!
1*
#1387800
0!
#1387900
1!
1&
0*
b110 ,
#1388000
0!
#1388100
1!
1%
0&
#1388200
0!
0%
#1388300
1!
1*
1+
#1388400
0!
#1388500
1!
0*
0+
#1388600
0!
#1388700
1!
1&
b111 ,
#1388800
0!
#1388900
1!
1%
0&
#1389000
0!
0%
#1389100
1!
1*
#1389200
0!
#1389300
1!
1&
0*
b1000 ,
#1389400
0!
#1389500
1!
1%
0&
#1389600
0!
0%
#1389700
1!
1*
1+
#1389800
0!
#1389900
1!
0*
0+
#1390000
0!
#1390100
1!
1&
b1001 ,
#1390200
0!
#1390300
1!
1%
0&
#1390400
0!
0%
#1390500
1!
1*
#1390600
0!
#1390700
1!
1&
0*
b1010 ,
#1390800
0!
#1390900
1!
1%
0&
#1391000
0!
0%
#1391100
1!
1*
1+
#1391200
0!
#1391300
1!
0*
0+
#1391400
0!
#1391500
1!
1&
b1011 ,
#1391600
0!
#1391700
1!
1%
0&
#1391800
0!
0%
#1391900
1!
1*
1+
#1392000
0!
#1392100
1!
0*
0+
#1392200
0!
#1392300
1!
b1100 ,
#1392400
0!
#1392500
1!
b1101 ,
#1392600
0!
#1392700
1!
b1110 ,
#1392800
0!
#1392900
1!
b1111 ,
#1393000
0!
#1393100
1!
b10000 ,
#1393200
0!
#1393300
1!
b10001 ,
#1393400
0!
#1393500
1!
b10010 ,
#1393600
0!
#1393700
1!
b10011 ,
#1393800
0!
#1393900
1!
1&
b10100 ,
#1394000
0!
#1394100
1!
1%
0&
#1394200
0!
0%
#1394300
1!
1*
1+
#1394400
0!
#1394500
1!
0*
0+
#1394600
0!
#1394700
1!
1&
b10101 ,
#1394800
0!
#1394900
1!
1%
0&
#1395000
0!
0%
#1395100
1!
1*
1+
#1395200
0!
#1395300
1!
0*
0+
#1395400
0!
#1395500
1!
1&
b10110 ,
#1395600
0!
#1395700
1!
1%
0&
#1395800
0!
0%
#1395900
1!
1*
1+
#1396000
0!
#1396100
1!
0*
0+
#1396200
0!
#1396300
1!
1&
b10111 ,
#1396400
0!
#1396500
1!
1%
0&
#1396600
0!
0%
#1396700
1!
1*
1+
#1396800
0!
#1396900
1!
0*
0+
#1397000
0!
#1397100
1!
1&
b11000 ,
#1397200
0!
#1397300
1!
1%
0&
#1397400
0!
0%
#1397500
1!
1*
1+
#1397600
0!
#1397700
1!
0*
0+
#1397800
0!
#1397900
1!
1&
b11001 ,
#1398000
0!
#1398100
1!
1%
0&
#1398200
0!
0%
#1398300
1!
1*
1+
#1398400
0!
#1398500
1!
0*
0+
#1398600
0!
#1398700
1!
1&
b11010 ,
#1398800
0!
#1398900
1!
1%
0&
#1399000
0!
0%
#1399100
1!
1*
1+
#1399200
0!
#1399300
1!
0*
0+
#1399400
0!
#1399500
1!
1&
b11011 ,
#1399600
0!
#1399700
1!
1%
0&
#1399800
0!
0%
#1399900
1!
1*
1+
#1400000
0!
#1400100
1!
0*
0+
#1400200
0!
#1400300
1!
b11100 ,
#1400400
0!
#1400500
1!
b11101 ,
#1400600
0!
#1400700
1!
b11110 ,
#1400800
0!
#1400900
1!
b11111 ,
#1401000
0!
#1401100
1!
1&
b100000 ,
#1401200
0!
#1401300
1!
1%
0&
#1401400
0!
0%
#1401500
1!
1*
1+
#1401600
0!
#1401700
1!
0*
0+
#1401800
0!
#1401900
1!
1&
b100001 ,
#1402000
0!
#1402100
1!
1%
0&
#1402200
0!
0%
#1402300
1!
1*
1+
#1402400
0!
#1402500
1!
0*
0+
#1402600
0!
#1402700
1!
1&
b100010 ,
#1402800
0!
#1402900
1!
1%
0&
#1403000
0!
0%
#1403100
1!
1*
1+
#1403200
0!
#1403300
1!
0*
0+
#1403400
0!
#1403500
1!
1&
b100011 ,
#1403600
0!
#1403700
1!
1%
0&
#1403800
0!
0%
#1403900
1!
1*
#1404000
0!
#1404100
1!
0*
b100100 ,
#1404200
0!
#1404300
1!
b100101 ,
#1404400
0!
#1404500
1!
b100110 ,
#1404600
0!
#1404700
1!
b100111 ,
#1404800
0!
#1404900
1!
b101000 ,
#1405000
0!
#1405100
1!
b101001 ,
#1405200
0!
#1405300
1!
b101010 ,
#1405400
0!
#1405500
1!
b101011 ,
#1405600
0!
#1405700
1!
1&
b101100 ,
#1405800
0!
#1405900
1!
1%
0&
#1406000
0!
0%
#1406100
1!
1*
1+
#1406200
0!
#1406300
1!
0*
0+
#1406400
0!
#1406500
1!
1&
b101101 ,
#1406600
0!
#1406700
1!
1%
0&
#1406800
0!
0%
#1406900
1!
1*
1+
#1407000
0!
#1407100
1!
0*
0+
#1407200
0!
#1407300
1!
1&
b101110 ,
#1407400
0!
#1407500
1!
1%
0&
#1407600
0!
0%
#1407700
1!
1*
1+
#1407800
0!
#1407900
1!
0*
0+
#1408000
0!
#1408100
1!
1&
b101111 ,
#1408200
0!
#1408300
1!
1%
0&
#1408400
0!
0%
#1408500
1!
1*
#1408600
0!
#1408700
1!
1&
0*
b110000 ,
#1408800
0!
#1408900
1!
1%
0&
#1409000
0!
0%
#1409100
1!
1*
#1409200
0!
#1409300
1!
1&
0*
b110001 ,
#1409400
0!
#1409500
1!
1%
0&
#1409600
0!
0%
#1409700
1!
1*
1+
#1409800
0!
#1409900
1!
0*
0+
#1410000
0!
#1410100
1!
1&
b110010 ,
#1410200
0!
#1410300
1!
1%
0&
#1410400
0!
0%
#1410500
1!
1*
1+
#1410600
0!
#1410700
1!
0*
0+
#1410800
0!
#1410900
1!
1&
b110011 ,
#1411000
0!
#1411100
1!
1%
0&
#1411200
0!
0%
#1411300
1!
1*
1+
#1411400
0!
#1411500
1!
0*
0+
#1411600
0!
#1411700
1!
b110100 ,
#1411800
0!
#1411900
1!
b110101 ,
#1412000
0!
#1412100
1!
b110110 ,
#1412200
0!
#1412300
1!
b110111 ,
#1412400
0!
#1412500
1!
b111000 ,
#1412600
0!
#1412700
1!
b111001 ,
#1412800
0!
#1412900
1!
b111010 ,
#1413000
0!
#1413100
1!
b111011 ,
#1413200
0!
#1413300
1!
1&
b111100 ,
#1413400
0!
#1413500
1!
1%
0&
#1413600
0!
0%
#1413700
1!
1*
1+
#1413800
0!
#1413900
1!
0*
0+
#1414000
0!
#1414100
1!
1&
b111101 ,
#1414200
0!
#1414300
1!
1%
0&
#1414400
0!
0%
#1414500
1!
1*
#1414600
0!
#1414700
1!
1&
0*
b111110 ,
#1414800
0!
#1414900
1!
1%
0&
#1415000
0!
0%
#1415100
1!
1*
#1415200
0!
#1415300
1!
1&
0*
b111111 ,
#1415400
0!
#1415500
1!
1%
0&
#1415600
0!
0%
#1415700
1!
1*
#1415800
0!
#1415900
1!
0*
b1000000 ,
#1416000
0!
#1416100
1!
b1000001 ,
#1416200
0!
#1416300
1!
b1000010 ,
#1416400
0!
#1416500
1!
b1000011 ,
#1416600
0!
#1416700
1!
1&
b1000100 ,
#1416800
0!
#1416900
1!
1%
0&
#1417000
0!
0%
#1417100
1!
1*
1+
#1417200
0!
#1417300
1!
0*
0+
#1417400
0!
#1417500
1!
1&
b1000101 ,
#1417600
0!
#1417700
1!
1%
0&
#1417800
0!
0%
#1417900
1!
1*
#1418000
0!
#1418100
1!
1&
0*
b1000110 ,
#1418200
0!
#1418300
1!
1%
0&
#1418400
0!
0%
#1418500
1!
1*
#1418600
0!
#1418700
1!
1&
0*
b1000111 ,
#1418800
0!
#1418900
1!
1%
0&
#1419000
0!
0%
#1419100
1!
1*
1+
#1419200
0!
#1419300
1!
0*
0+
#1419400
0!
#1419500
1!
1&
b1001000 ,
#1419600
0!
#1419700
1!
1%
0&
#1419800
0!
0%
#1419900
1!
1*
#1420000
0!
#1420100
1!
1&
0*
b1001001 ,
#1420200
0!
#1420300
1!
1%
0&
#1420400
0!
0%
#1420500
1!
1*
#1420600
0!
#1420700
1!
1&
0*
b1001010 ,
#1420800
0!
#1420900
1!
1%
0&
#1421000
0!
0%
#1421100
1!
1*
1+
#1421200
0!
#1421300
1!
0*
0+
#1421400
0!
#1421500
1!
1&
b1001011 ,
#1421600
0!
#1421700
1!
1%
0&
#1421800
0!
0%
#1421900
1!
1*
#1422000
0!
#1422100
1!
0*
b1001100 ,
#1422200
0!
#1422300
1!
b1001101 ,
#1422400
0!
#1422500
1!
b1001110 ,
#1422600
0!
#1422700
1!
b1001111 ,
#1422800
0!
#1422900
1!
b1010000 ,
#1423000
0!
#1423100
1!
b1010001 ,
#1423200
0!
#1423300
1!
b1010010 ,
#1423400
0!
#1423500
1!
b1010011 ,
#1423600
0!
#1423700
1!
1&
b1010100 ,
#1423800
0!
#1423900
1!
1%
0&
#1424000
0!
0%
#1424100
1!
1*
1+
#1424200
0!
#1424300
1!
0*
0+
#1424400
0!
#1424500
1!
1&
b1010101 ,
#1424600
0!
#1424700
1!
1%
0&
#1424800
0!
0%
#1424900
1!
1*
1+
#1425000
0!
#1425100
1!
0*
0+
#1425200
0!
#1425300
1!
1&
b1010110 ,
#1425400
0!
#1425500
1!
1%
0&
#1425600
0!
0%
#1425700
1!
1*
1+
#1425800
0!
#1425900
1!
0*
0+
#1426000
0!
#1426100
1!
1&
b1010111 ,
#1426200
0!
#1426300
1!
1%
0&
#1426400
0!
0%
#1426500
1!
1*
#1426600
0!
#1426700
1!
1&
0*
b1011000 ,
#1426800
0!
#1426900
1!
1%
0&
#1427000
0!
0%
#1427100
1!
1*
1+
#1427200
0!
#1427300
1!
0*
0+
#1427400
0!
#1427500
1!
1&
b1011001 ,
#1427600
0!
#1427700
1!
1%
0&
#1427800
0!
0%
#1427900
1!
1*
#1428000
0!
#1428100
1!
1&
0*
b1011010 ,
#1428200
0!
#1428300
1!
1%
0&
#1428400
0!
0%
#1428500
1!
1*
1+
#1428600
0!
#1428700
1!
0*
0+
#1428800
0!
#1428900
1!
1&
b1011011 ,
#1429000
0!
#1429100
1!
1%
0&
#1429200
0!
0%
#1429300
1!
1*
#1429400
0!
#1429500
1!
0*
b1011100 ,
#1429600
0!
#1429700
1!
b1011101 ,
#1429800
0!
#1429900
1!
b1011110 ,
#1430000
0!
#1430100
1!
b1011111 ,
#1430200
0!
#1430300
1!
1&
b1100000 ,
#1430400
0!
#1430500
1!
1%
0&
#1430600
0!
0%
#1430700
1!
1*
1+
#1430800
0!
#1430900
1!
0*
0+
#1431000
0!
#1431100
1!
1&
b1100001 ,
#1431200
0!
#1431300
1!
1%
0&
#1431400
0!
0%
#1431500
1!
1*
1+
#1431600
0!
#1431700
1!
0*
0+
#1431800
0!
#1431900
1!
1&
b1100010 ,
#1432000
0!
#1432100
1!
1%
0&
#1432200
0!
0%
#1432300
1!
1*
1+
#1432400
0!
#1432500
1!
0*
0+
#1432600
0!
#1432700
1!
1&
b1100011 ,
#1432800
0!
#1432900
1!
1%
0&
#1433000
0!
0%
#1433100
1!
1*
1+
#1433200
0!
#1433300
1!
0*
0+
#1433400
0!
#1433500
1!
b1100100 ,
#1433600
0!
#1433700
1!
b1100101 ,
#1433800
0!
#1433900
1!
b1100110 ,
#1434000
0!
#1434100
1!
b1100111 ,
#1434200
0!
#1434300
1!
b1101000 ,
#1434400
0!
#1434500
1!
b1101001 ,
#1434600
0!
#1434700
1!
b1101010 ,
#1434800
0!
#1434900
1!
b1101011 ,
#1435000
0!
#1435100
1!
1&
b1101100 ,
#1435200
0!
#1435300
1!
1%
0&
#1435400
0!
0%
#1435500
1!
1*
1+
#1435600
0!
#1435700
1!
0*
0+
#1435800
0!
#1435900
1!
1&
b1101101 ,
#1436000
0!
#1436100
1!
1%
0&
#1436200
0!
0%
#1436300
1!
1*
#1436400
0!
#1436500
1!
1&
0*
b1101110 ,
#1436600
0!
#1436700
1!
1%
0&
#1436800
0!
0%
#1436900
1!
1*
#1437000
0!
#1437100
1!
1&
0*
b1101111 ,
#1437200
0!
#1437300
1!
1%
0&
#1437400
0!
0%
#1437500
1!
1*
1+
#1437600
0!
#1437700
1!
0*
0+
#1437800
0!
#1437900
1!
1&
b1110000 ,
#1438000
0!
#1438100
1!
1%
0&
#1438200
0!
0%
#1438300
1!
1*
#1438400
0!
#1438500
1!
1&
0*
b1110001 ,
#1438600
0!
#1438700
1!
1%
0&
#1438800
0!
0%
#1438900
1!
1*
#1439000
0!
#1439100
1!
1&
0*
b1110010 ,
#1439200
0!
#1439300
1!
1%
0&
#1439400
0!
0%
#1439500
1!
1*
1+
#1439600
0!
#1439700
1!
0*
0+
#1439800
0!
#1439900
1!
1&
b1110011 ,
#1440000
0!
#1440100
1!
1%
0&
#1440200
0!
0%
#1440300
1!
1*
1+
#1440400
0!
#1440500
1!
0*
0+
#1440600
0!
#1440700
1!
b1110100 ,
#1440800
0!
#1440900
1!
b1110101 ,
#1441000
0!
#1441100
1!
b1110110 ,
#1441200
0!
#1441300
1!
b1110111 ,
#1441400
0!
#1441500
1!
b1111000 ,
#1441600
0!
#1441700
1!
b1111001 ,
#1441800
0!
#1441900
1!
b1111010 ,
#1442000
0!
#1442100
1!
b1111011 ,
#1442200
0!
#1442300
1!
1&
b1111100 ,
#1442400
0!
#1442500
1!
1%
0&
#1442600
0!
0%
#1442700
1!
1*
1+
#1442800
0!
#1442900
1!
0*
0+
#1443000
0!
#1443100
1!
1&
b1111101 ,
#1443200
0!
#1443300
1!
1%
0&
#1443400
0!
0%
#1443500
1!
1*
1+
#1443600
0!
#1443700
1!
0*
0+
#1443800
0!
#1443900
1!
1&
b1111110 ,
#1444000
0!
#1444100
1!
1%
0&
#1444200
0!
0%
#1444300
1!
1*
1+
#1444400
0!
#1444500
1!
0*
0+
#1444600
0!
#1444700
1!
1&
b1111111 ,
#1444800
0!
#1444900
1!
1%
0&
#1445000
0!
0%
#1445100
1!
1*
1+
#1445200
0!
#1445300
1!
0*
0+
#1445400
0!
#1445500
1!
#1445600
0!
#1445700
1!
b1111110010 .
b10110000000 /
#1445800
0!
#1445900
1!
#1446000
0!
#1446100
1!
1&
b0 ,
#1446200
0!
#1446300
1!
1%
0&
#1446400
0!
0%
#1446500
1!
1*
1+
#1446600
0!
#1446700
1!
0*
0+
1-
#1446800
0!
#1446900
1!
1&
1(
b1101011000010001000100010100111 )
b1 ,
0-
#1447000
0!
0(
#1447100
1!
1%
0&
#1447200
0!
0%
#1447300
1!
1*
1+
#1447400
0!
#1447500
1!
0*
0+
#1447600
0!
#1447700
1!
1&
b10 ,
#1447800
0!
#1447900
1!
1%
0&
#1448000
0!
0%
#1448100
1!
1*
#1448200
0!
#1448300
1!
1&
0*
b11 ,
#1448400
0!
#1448500
1!
1%
0&
#1448600
0!
0%
#1448700
1!
1*
1+
#1448800
0!
#1448900
1!
0*
0+
#1449000
0!
#1449100
1!
b100 ,
#1449200
0!
#1449300
1!
b101 ,
#1449400
0!
#1449500
1!
b110 ,
#1449600
0!
#1449700
1!
b111 ,
#1449800
0!
#1449900
1!
b1000 ,
#1450000
0!
#1450100
1!
b1001 ,
#1450200
0!
#1450300
1!
b1010 ,
#1450400
0!
#1450500
1!
b1011 ,
#1450600
0!
#1450700
1!
1&
b1100 ,
#1450800
0!
#1450900
1!
1%
0&
#1451000
0!
0%
#1451100
1!
1*
1+
#1451200
0!
#1451300
1!
0*
0+
#1451400
0!
#1451500
1!
1&
b1101 ,
#1451600
0!
#1451700
1!
1%
0&
#1451800
0!
0%
#1451900
1!
1*
1+
#1452000
0!
#1452100
1!
0*
0+
#1452200
0!
#1452300
1!
1&
b1110 ,
#1452400
0!
#1452500
1!
1%
0&
#1452600
0!
0%
#1452700
1!
1*
#1452800
0!
#1452900
1!
1&
0*
b1111 ,
#1453000
0!
#1453100
1!
1%
0&
#1453200
0!
0%
#1453300
1!
1*
#1453400
0!
#1453500
1!
1&
0*
b10000 ,
#1453600
0!
#1453700
1!
1%
0&
#1453800
0!
0%
#1453900
1!
1*
#1454000
0!
#1454100
1!
1&
0*
b10001 ,
#1454200
0!
#1454300
1!
1%
0&
#1454400
0!
0%
#1454500
1!
1*
1+
#1454600
0!
#1454700
1!
0*
0+
#1454800
0!
#1454900
1!
1&
b10010 ,
#1455000
0!
#1455100
1!
1%
0&
#1455200
0!
0%
#1455300
1!
1*
1+
#1455400
0!
#1455500
1!
0*
0+
#1455600
0!
#1455700
1!
1&
b10011 ,
#1455800
0!
#1455900
1!
1%
0&
#1456000
0!
0%
#1456100
1!
1*
1+
#1456200
0!
#1456300
1!
0*
0+
#1456400
0!
#1456500
1!
b10100 ,
#1456600
0!
#1456700
1!
b10101 ,
#1456800
0!
#1456900
1!
b10110 ,
#1457000
0!
#1457100
1!
b10111 ,
#1457200
0!
#1457300
1!
b11000 ,
#1457400
0!
#1457500
1!
b11001 ,
#1457600
0!
#1457700
1!
b11010 ,
#1457800
0!
#1457900
1!
b11011 ,
#1458000
0!
#1458100
1!
1&
b11100 ,
#1458200
0!
#1458300
1!
1%
0&
#1458400
0!
0%
#1458500
1!
1*
1+
#1458600
0!
#1458700
1!
0*
0+
#1458800
0!
#1458900
1!
1&
b11101 ,
#1459000
0!
#1459100
1!
1%
0&
#1459200
0!
0%
#1459300
1!
1*
#1459400
0!
#1459500
1!
1&
0*
b11110 ,
#1459600
0!
#1459700
1!
1%
0&
#1459800
0!
0%
#1459900
1!
1*
1+
#1460000
0!
#1460100
1!
0*
0+
#1460200
0!
#1460300
1!
1&
b11111 ,
#1460400
0!
#1460500
1!
1%
0&
#1460600
0!
0%
#1460700
1!
1*
1+
#1460800
0!
#1460900
1!
0*
0+
#1461000
0!
#1461100
1!
b100000 ,
#1461200
0!
#1461300
1!
b100001 ,
#1461400
0!
#1461500
1!
b100010 ,
#1461600
0!
#1461700
1!
b100011 ,
#1461800
0!
#1461900
1!
1&
b100100 ,
#1462000
0!
#1462100
1!
1%
0&
#1462200
0!
0%
#1462300
1!
1*
1+
#1462400
0!
#1462500
1!
0*
0+
#1462600
0!
#1462700
1!
1&
b100101 ,
#1462800
0!
#1462900
1!
1%
0&
#1463000
0!
0%
#1463100
1!
1*
#1463200
0!
#1463300
1!
1&
0*
b100110 ,
#1463400
0!
#1463500
1!
1%
0&
#1463600
0!
0%
#1463700
1!
1*
1+
#1463800
0!
#1463900
1!
0*
0+
#1464000
0!
#1464100
1!
1&
b100111 ,
#1464200
0!
#1464300
1!
1%
0&
#1464400
0!
0%
#1464500
1!
1*
#1464600
0!
#1464700
1!
1&
0*
b101000 ,
#1464800
0!
#1464900
1!
1%
0&
#1465000
0!
0%
#1465100
1!
1*
1+
#1465200
0!
#1465300
1!
0*
0+
#1465400
0!
#1465500
1!
1&
b101001 ,
#1465600
0!
#1465700
1!
1%
0&
#1465800
0!
0%
#1465900
1!
1*
1+
#1466000
0!
#1466100
1!
0*
0+
#1466200
0!
#1466300
1!
1&
b101010 ,
#1466400
0!
#1466500
1!
1%
0&
#1466600
0!
0%
#1466700
1!
1*
#1466800
0!
#1466900
1!
1&
0*
b101011 ,
#1467000
0!
#1467100
1!
1%
0&
#1467200
0!
0%
#1467300
1!
1*
1+
#1467400
0!
#1467500
1!
0*
0+
#1467600
0!
#1467700
1!
b101100 ,
#1467800
0!
#1467900
1!
b101101 ,
#1468000
0!
#1468100
1!
b101110 ,
#1468200
0!
#1468300
1!
b101111 ,
#1468400
0!
#1468500
1!
b110000 ,
#1468600
0!
#1468700
1!
b110001 ,
#1468800
0!
#1468900
1!
b110010 ,
#1469000
0!
#1469100
1!
b110011 ,
#1469200
0!
#1469300
1!
1&
b110100 ,
#1469400
0!
#1469500
1!
1%
0&
#1469600
0!
0%
#1469700
1!
1*
1+
#1469800
0!
#1469900
1!
0*
0+
#1470000
0!
#1470100
1!
1&
b110101 ,
#1470200
0!
#1470300
1!
1%
0&
#1470400
0!
0%
#1470500
1!
1*
#1470600
0!
#1470700
1!
1&
0*
b110110 ,
#1470800
0!
#1470900
1!
1%
0&
#1471000
0!
0%
#1471100
1!
1*
1+
#1471200
0!
#1471300
1!
0*
0+
#1471400
0!
#1471500
1!
1&
b110111 ,
#1471600
0!
#1471700
1!
1%
0&
#1471800
0!
0%
#1471900
1!
1*
1+
#1472000
0!
#1472100
1!
0*
0+
#1472200
0!
#1472300
1!
1&
b111000 ,
#1472400
0!
#1472500
1!
1%
0&
#1472600
0!
0%
#1472700
1!
1*
#1472800
0!
#1472900
1!
1&
0*
b111001 ,
#1473000
0!
#1473100
1!
1%
0&
#1473200
0!
0%
#1473300
1!
1*
1+
#1473400
0!
#1473500
1!
0*
0+
#1473600
0!
#1473700
1!
1&
b111010 ,
#1473800
0!
#1473900
1!
1%
0&
#1474000
0!
0%
#1474100
1!
1*
#1474200
0!
#1474300
1!
1&
0*
b111011 ,
#1474400
0!
#1474500
1!
1%
0&
#1474600
0!
0%
#1474700
1!
1*
1+
#1474800
0!
#1474900
1!
0*
0+
#1475000
0!
#1475100
1!
b111100 ,
#1475200
0!
#1475300
1!
b111101 ,
#1475400
0!
#1475500
1!
b111110 ,
#1475600
0!
#1475700
1!
b111111 ,
#1475800
0!
#1475900
1!
1&
b1000000 ,
#1476000
0!
#1476100
1!
1%
0&
#1476200
0!
0%
#1476300
1!
1*
1+
#1476400
0!
#1476500
1!
0*
0+
#1476600
0!
#1476700
1!
1&
b1000001 ,
#1476800
0!
#1476900
1!
1%
0&
#1477000
0!
0%
#1477100
1!
1*
1+
#1477200
0!
#1477300
1!
0*
0+
#1477400
0!
#1477500
1!
1&
b1000010 ,
#1477600
0!
#1477700
1!
1%
0&
#1477800
0!
0%
#1477900
1!
1*
1+
#1478000
0!
#1478100
1!
0*
0+
#1478200
0!
#1478300
1!
1&
b1000011 ,
#1478400
0!
#1478500
1!
1%
0&
#1478600
0!
0%
#1478700
1!
1*
1+
#1478800
0!
#1478900
1!
0*
0+
#1479000
0!
#1479100
1!
b1000100 ,
#1479200
0!
#1479300
1!
b1000101 ,
#1479400
0!
#1479500
1!
b1000110 ,
#1479600
0!
#1479700
1!
b1000111 ,
#1479800
0!
#1479900
1!
b1001000 ,
#1480000
0!
#1480100
1!
b1001001 ,
#1480200
0!
#1480300
1!
b1001010 ,
#1480400
0!
#1480500
1!
b1001011 ,
#1480600
0!
#1480700
1!
1&
b1001100 ,
#1480800
0!
#1480900
1!
1%
0&
#1481000
0!
0%
#1481100
1!
1*
1+
#1481200
0!
#1481300
1!
0*
0+
#1481400
0!
#1481500
1!
1&
b1001101 ,
#1481600
0!
#1481700
1!
1%
0&
#1481800
0!
0%
#1481900
1!
1*
#1482000
0!
#1482100
1!
1&
0*
b1001110 ,
#1482200
0!
#1482300
1!
1%
0&
#1482400
0!
0%
#1482500
1!
1*
1+
#1482600
0!
#1482700
1!
0*
0+
#1482800
0!
#1482900
1!
1&
b1001111 ,
#1483000
0!
#1483100
1!
1%
0&
#1483200
0!
0%
#1483300
1!
1*
#1483400
0!
#1483500
1!
1&
0*
b1010000 ,
#1483600
0!
#1483700
1!
1%
0&
#1483800
0!
0%
#1483900
1!
1*
1+
#1484000
0!
#1484100
1!
0*
0+
#1484200
0!
#1484300
1!
1&
b1010001 ,
#1484400
0!
#1484500
1!
1%
0&
#1484600
0!
0%
#1484700
1!
1*
#1484800
0!
#1484900
1!
1&
0*
b1010010 ,
#1485000
0!
#1485100
1!
1%
0&
#1485200
0!
0%
#1485300
1!
1*
1+
#1485400
0!
#1485500
1!
0*
0+
#1485600
0!
#1485700
1!
1&
b1010011 ,
#1485800
0!
#1485900
1!
1%
0&
#1486000
0!
0%
#1486100
1!
1*
1+
#1486200
0!
#1486300
1!
0*
0+
#1486400
0!
#1486500
1!
b1010100 ,
#1486600
0!
#1486700
1!
b1010101 ,
#1486800
0!
#1486900
1!
b1010110 ,
#1487000
0!
#1487100
1!
b1010111 ,
#1487200
0!
#1487300
1!
b1011000 ,
#1487400
0!
#1487500
1!
b1011001 ,
#1487600
0!
#1487700
1!
b1011010 ,
#1487800
0!
#1487900
1!
b1011011 ,
#1488000
0!
#1488100
1!
1&
b1011100 ,
#1488200
0!
#1488300
1!
1%
0&
#1488400
0!
0%
#1488500
1!
1*
1+
#1488600
0!
#1488700
1!
0*
0+
#1488800
0!
#1488900
1!
1&
b1011101 ,
#1489000
0!
#1489100
1!
1%
0&
#1489200
0!
0%
#1489300
1!
1*
1+
#1489400
0!
#1489500
1!
0*
0+
#1489600
0!
#1489700
1!
1&
b1011110 ,
#1489800
0!
#1489900
1!
1%
0&
#1490000
0!
0%
#1490100
1!
1*
1+
#1490200
0!
#1490300
1!
0*
0+
#1490400
0!
#1490500
1!
1&
b1011111 ,
#1490600
0!
#1490700
1!
1%
0&
#1490800
0!
0%
#1490900
1!
1*
1+
#1491000
0!
#1491100
1!
0*
0+
#1491200
0!
#1491300
1!
b1100000 ,
#1491400
0!
#1491500
1!
b1100001 ,
#1491600
0!
#1491700
1!
b1100010 ,
#1491800
0!
#1491900
1!
b1100011 ,
#1492000
0!
#1492100
1!
1&
b1100100 ,
#1492200
0!
#1492300
1!
1%
0&
#1492400
0!
0%
#1492500
1!
1*
#1492600
0!
#1492700
1!
1&
0*
b1100101 ,
#1492800
0!
#1492900
1!
1%
0&
#1493000
0!
0%
#1493100
1!
1*
#1493200
0!
#1493300
1!
1&
0*
b1100110 ,
#1493400
0!
#1493500
1!
1%
0&
#1493600
0!
0%
#1493700
1!
1*
#1493800
0!
#1493900
1!
1&
0*
b1100111 ,
#1494000
0!
#1494100
1!
1%
0&
#1494200
0!
0%
#1494300
1!
1*
1+
#1494400
0!
#1494500
1!
0*
0+
#1494600
0!
#1494700
1!
1&
b1101000 ,
#1494800
0!
#1494900
1!
1%
0&
#1495000
0!
0%
#1495100
1!
1*
1+
#1495200
0!
#1495300
1!
0*
0+
#1495400
0!
#1495500
1!
1&
b1101001 ,
#1495600
0!
#1495700
1!
1%
0&
#1495800
0!
0%
#1495900
1!
1*
1+
#1496000
0!
#1496100
1!
0*
0+
#1496200
0!
#1496300
1!
1&
b1101010 ,
#1496400
0!
#1496500
1!
1%
0&
#1496600
0!
0%
#1496700
1!
1*
1+
#1496800
0!
#1496900
1!
0*
0+
#1497000
0!
#1497100
1!
1&
b1101011 ,
#1497200
0!
#1497300
1!
1%
0&
#1497400
0!
0%
#1497500
1!
1*
#1497600
0!
#1497700
1!
0*
b1101100 ,
#1497800
0!
#1497900
1!
b1101101 ,
#1498000
0!
#1498100
1!
b1101110 ,
#1498200
0!
#1498300
1!
b1101111 ,
#1498400
0!
#1498500
1!
b1110000 ,
#1498600
0!
#1498700
1!
b1110001 ,
#1498800
0!
#1498900
1!
b1110010 ,
#1499000
0!
#1499100
1!
b1110011 ,
#1499200
0!
#1499300
1!
1&
b1110100 ,
#1499400
0!
#1499500
1!
1%
0&
#1499600
0!
0%
#1499700
1!
1*
1+
#1499800
0!
#1499900
1!
0*
0+
#1500000
0!
#1500100
1!
1&
b1110101 ,
#1500200
0!
#1500300
1!
1%
0&
#1500400
0!
0%
#1500500
1!
1*
1+
#1500600
0!
#1500700
1!
0*
0+
#1500800
0!
#1500900
1!
1&
b1110110 ,
#1501000
0!
#1501100
1!
1%
0&
#1501200
0!
0%
#1501300
1!
1*
1+
#1501400
0!
#1501500
1!
0*
0+
#1501600
0!
#1501700
1!
1&
b1110111 ,
#1501800
0!
#1501900
1!
1%
0&
#1502000
0!
0%
#1502100
1!
1*
#1502200
0!
#1502300
1!
1&
0*
b1111000 ,
#1502400
0!
#1502500
1!
1%
0&
#1502600
0!
0%
#1502700
1!
1*
1+
#1502800
0!
#1502900
1!
0*
0+
#1503000
0!
#1503100
1!
1&
b1111001 ,
#1503200
0!
#1503300
1!
1%
0&
#1503400
0!
0%
#1503500
1!
1*
1+
#1503600
0!
#1503700
1!
0*
0+
#1503800
0!
#1503900
1!
1&
b1111010 ,
#1504000
0!
#1504100
1!
1%
0&
#1504200
0!
0%
#1504300
1!
1*
#1504400
0!
#1504500
1!
1&
0*
b1111011 ,
#1504600
0!
#1504700
1!
1%
0&
#1504800
0!
0%
#1504900
1!
1*
1+
#1505000
0!
#1505100
1!
0*
0+
#1505200
0!
#1505300
1!
b1111100 ,
#1505400
0!
#1505500
1!
b1111101 ,
#1505600
0!
#1505700
1!
b1111110 ,
#1505800
0!
#1505900
1!
b1111111 ,
#1506000
0!
#1506100
1!
#1506200
0!
#1506300
1!
b10000011110 .
b10111000000 /
#1506400
0!
#1506500
1!
#1506600
0!
#1506700
1!
b0 ,
#1506800
0!
#1506900
1!
b1 ,
#1507000
0!
#1507100
1!
b10 ,
#1507200
0!
#1507300
1!
b11 ,
#1507400
0!
#1507500
1!
1&
b100 ,
#1507600
0!
#1507700
1!
1%
0&
#1507800
0!
0%
#1507900
1!
1*
#1508000
0!
#1508100
1!
1&
0*
b101 ,
#1508200
0!
#1508300
1!
1%
0&
#1508400
0!
0%
#1508500
1!
1*
1+
#1508600
0!
#1508700
1!
0*
0+
#1508800
0!
#1508900
1!
1&
b110 ,
#1509000
0!
#1509100
1!
1%
0&
#1509200
0!
0%
#1509300
1!
1*
#1509400
0!
#1509500
1!
1&
0*
b111 ,
#1509600
0!
#1509700
1!
1%
0&
#1509800
0!
0%
#1509900
1!
1*
1+
#1510000
0!
#1510100
1!
0*
0+
#1510200
0!
#1510300
1!
1&
b1000 ,
#1510400
0!
#1510500
1!
1%
0&
#1510600
0!
0%
#1510700
1!
1*
#1510800
0!
#1510900
1!
1&
0*
b1001 ,
#1511000
0!
#1511100
1!
1%
0&
#1511200
0!
0%
#1511300
1!
1*
#1511400
0!
#1511500
1!
1&
0*
b1010 ,
#1511600
0!
#1511700
1!
1%
0&
#1511800
0!
0%
#1511900
1!
1*
1+
#1512000
0!
#1512100
1!
0*
0+
#1512200
0!
#1512300
1!
1&
b1011 ,
#1512400
0!
#1512500
1!
1%
0&
#1512600
0!
0%
#1512700
1!
1*
1+
#1512800
0!
#1512900
1!
0*
0+
#1513000
0!
#1513100
1!
b1100 ,
#1513200
0!
#1513300
1!
b1101 ,
#1513400
0!
#1513500
1!
b1110 ,
#1513600
0!
#1513700
1!
b1111 ,
#1513800
0!
#1513900
1!
b10000 ,
#1514000
0!
#1514100
1!
b10001 ,
#1514200
0!
#1514300
1!
b10010 ,
#1514400
0!
#1514500
1!
b10011 ,
#1514600
0!
#1514700
1!
1&
b10100 ,
#1514800
0!
#1514900
1!
1%
0&
#1515000
0!
0%
#1515100
1!
1*
1+
#1515200
0!
#1515300
1!
0*
0+
#1515400
0!
#1515500
1!
1&
b10101 ,
#1515600
0!
#1515700
1!
1%
0&
#1515800
0!
0%
#1515900
1!
1*
#1516000
0!
#1516100
1!
1&
0*
b10110 ,
#1516200
0!
#1516300
1!
1%
0&
#1516400
0!
0%
#1516500
1!
1*
#1516600
0!
#1516700
1!
1&
0*
b10111 ,
#1516800
0!
#1516900
1!
1%
0&
#1517000
0!
0%
#1517100
1!
1*
1+
#1517200
0!
#1517300
1!
0*
0+
#1517400
0!
#1517500
1!
1&
b11000 ,
#1517600
0!
#1517700
1!
1%
0&
#1517800
0!
0%
#1517900
1!
1*
1+
#1518000
0!
#1518100
1!
0*
0+
#1518200
0!
#1518300
1!
1&
b11001 ,
#1518400
0!
#1518500
1!
1%
0&
#1518600
0!
0%
#1518700
1!
1*
1+
#1518800
0!
#1518900
1!
0*
0+
#1519000
0!
#1519100
1!
1&
b11010 ,
#1519200
0!
#1519300
1!
1%
0&
#1519400
0!
0%
#1519500
1!
1*
1+
#1519600
0!
#1519700
1!
0*
0+
#1519800
0!
#1519900
1!
1&
b11011 ,
#1520000
0!
#1520100
1!
1%
0&
#1520200
0!
0%
#1520300
1!
1*
1+
#1520400
0!
#1520500
1!
0*
0+
#1520600
0!
#1520700
1!
b11100 ,
#1520800
0!
#1520900
1!
b11101 ,
#1521000
0!
#1521100
1!
b11110 ,
#1521200
0!
#1521300
1!
b11111 ,
#1521400
0!
#1521500
1!
1&
b100000 ,
#1521600
0!
#1521700
1!
1%
0&
#1521800
0!
0%
#1521900
1!
1*
1+
#1522000
0!
#1522100
1!
0*
0+
#1522200
0!
#1522300
1!
1&
b100001 ,
#1522400
0!
#1522500
1!
1%
0&
#1522600
0!
0%
#1522700
1!
1*
1+
#1522800
0!
#1522900
1!
0*
0+
#1523000
0!
#1523100
1!
1&
b100010 ,
#1523200
0!
#1523300
1!
1%
0&
#1523400
0!
0%
#1523500
1!
1*
#1523600
0!
#1523700
1!
1&
0*
b100011 ,
#1523800
0!
#1523900
1!
1%
0&
#1524000
0!
0%
#1524100
1!
1*
#1524200
0!
#1524300
1!
0*
b100100 ,
#1524400
0!
#1524500
1!
b100101 ,
#1524600
0!
#1524700
1!
b100110 ,
#1524800
0!
#1524900
1!
b100111 ,
#1525000
0!
#1525100
1!
b101000 ,
#1525200
0!
#1525300
1!
b101001 ,
#1525400
0!
#1525500
1!
b101010 ,
#1525600
0!
#1525700
1!
b101011 ,
#1525800
0!
#1525900
1!
1&
b101100 ,
#1526000
0!
#1526100
1!
1%
0&
#1526200
0!
0%
#1526300
1!
1*
1+
#1526400
0!
#1526500
1!
0*
0+
#1526600
0!
#1526700
1!
1&
b101101 ,
#1526800
0!
#1526900
1!
1%
0&
#1527000
0!
0%
#1527100
1!
1*
1+
#1527200
0!
#1527300
1!
0*
0+
#1527400
0!
#1527500
1!
1&
b101110 ,
#1527600
0!
#1527700
1!
1%
0&
#1527800
0!
0%
#1527900
1!
1*
1+
#1528000
0!
#1528100
1!
0*
0+
#1528200
0!
#1528300
1!
1&
b101111 ,
#1528400
0!
#1528500
1!
1%
0&
#1528600
0!
0%
#1528700
1!
1*
#1528800
0!
#1528900
1!
1&
0*
b110000 ,
#1529000
0!
#1529100
1!
1%
0&
#1529200
0!
0%
#1529300
1!
1*
#1529400
0!
#1529500
1!
1&
0*
b110001 ,
#1529600
0!
#1529700
1!
1%
0&
#1529800
0!
0%
#1529900
1!
1*
#1530000
0!
#1530100
1!
1&
0*
b110010 ,
#1530200
0!
#1530300
1!
1%
0&
#1530400
0!
0%
#1530500
1!
1*
1+
#1530600
0!
#1530700
1!
0*
0+
#1530800
0!
#1530900
1!
1&
b110011 ,
#1531000
0!
#1531100
1!
1%
0&
#1531200
0!
0%
#1531300
1!
1*
1+
#1531400
0!
#1531500
1!
0*
0+
#1531600
0!
#1531700
1!
b110100 ,
#1531800
0!
#1531900
1!
b110101 ,
#1532000
0!
#1532100
1!
b110110 ,
#1532200
0!
#1532300
1!
b110111 ,
#1532400
0!
#1532500
1!
b111000 ,
#1532600
0!
#1532700
1!
b111001 ,
#1532800
0!
#1532900
1!
b111010 ,
#1533000
0!
#1533100
1!
b111011 ,
#1533200
0!
#1533300
1!
1&
b111100 ,
#1533400
0!
#1533500
1!
1%
0&
#1533600
0!
0%
#1533700
1!
1*
1+
#1533800
0!
#1533900
1!
0*
0+
#1534000
0!
#1534100
1!
1&
b111101 ,
#1534200
0!
#1534300
1!
1%
0&
#1534400
0!
0%
#1534500
1!
1*
1+
#1534600
0!
#1534700
1!
0*
0+
#1534800
0!
#1534900
1!
1&
b111110 ,
#1535000
0!
#1535100
1!
1%
0&
#1535200
0!
0%
#1535300
1!
1*
#1535400
0!
#1535500
1!
1&
0*
b111111 ,
#1535600
0!
#1535700
1!
1%
0&
#1535800
0!
0%
#1535900
1!
1*
1+
#1536000
0!
#1536100
1!
0*
0+
#1536200
0!
#1536300
1!
b1000000 ,
#1536400
0!
#1536500
1!
b1000001 ,
#1536600
0!
#1536700
1!
b1000010 ,
#1536800
0!
#1536900
1!
b1000011 ,
#1537000
0!
#1537100
1!
1&
b1000100 ,
#1537200
0!
#1537300
1!
1%
0&
#1537400
0!
0%
#1537500
1!
1*
1+
#1537600
0!
#1537700
1!
0*
0+
#1537800
0!
#1537900
1!
1&
b1000101 ,
#1538000
0!
#1538100
1!
1%
0&
#1538200
0!
0%
#1538300
1!
1*
1+
#1538400
0!
#1538500
1!
0*
0+
#1538600
0!
#1538700
1!
1&
b1000110 ,
#1538800
0!
#1538900
1!
1%
0&
#1539000
0!
0%
#1539100
1!
1*
1+
#1539200
0!
#1539300
1!
0*
0+
#1539400
0!
#1539500
1!
1&
b1000111 ,
#1539600
0!
#1539700
1!
1%
0&
#1539800
0!
0%
#1539900
1!
1*
1+
#1540000
0!
#1540100
1!
0*
0+
#1540200
0!
#1540300
1!
1&
b1001000 ,
#1540400
0!
#1540500
1!
1%
0&
#1540600
0!
0%
#1540700
1!
1*
1+
#1540800
0!
#1540900
1!
0*
0+
#1541000
0!
#1541100
1!
1&
b1001001 ,
#1541200
0!
#1541300
1!
1%
0&
#1541400
0!
0%
#1541500
1!
1*
#1541600
0!
#1541700
1!
1&
0*
b1001010 ,
#1541800
0!
#1541900
1!
1%
0&
#1542000
0!
0%
#1542100
1!
1*
1+
#1542200
0!
#1542300
1!
0*
0+
#1542400
0!
#1542500
1!
1&
b1001011 ,
#1542600
0!
#1542700
1!
1%
0&
#1542800
0!
0%
#1542900
1!
1*
#1543000
0!
#1543100
1!
0*
b1001100 ,
#1543200
0!
#1543300
1!
b1001101 ,
#1543400
0!
#1543500
1!
b1001110 ,
#1543600
0!
#1543700
1!
b1001111 ,
#1543800
0!
#1543900
1!
b1010000 ,
#1544000
0!
#1544100
1!
b1010001 ,
#1544200
0!
#1544300
1!
b1010010 ,
#1544400
0!
#1544500
1!
b1010011 ,
#1544600
0!
#1544700
1!
1&
b1010100 ,
#1544800
0!
#1544900
1!
1%
0&
#1545000
0!
0%
#1545100
1!
1*
1+
#1545200
0!
#1545300
1!
0*
0+
#1545400
0!
#1545500
1!
1&
b1010101 ,
#1545600
0!
#1545700
1!
1%
0&
#1545800
0!
0%
#1545900
1!
1*
1+
#1546000
0!
#1546100
1!
0*
0+
#1546200
0!
#1546300
1!
1&
b1010110 ,
#1546400
0!
#1546500
1!
1%
0&
#1546600
0!
0%
#1546700
1!
1*
1+
#1546800
0!
#1546900
1!
0*
0+
#1547000
0!
#1547100
1!
1&
b1010111 ,
#1547200
0!
#1547300
1!
1%
0&
#1547400
0!
0%
#1547500
1!
1*
1+
#1547600
0!
#1547700
1!
0*
0+
#1547800
0!
#1547900
1!
1&
b1011000 ,
#1548000
0!
#1548100
1!
1%
0&
#1548200
0!
0%
#1548300
1!
1*
1+
#1548400
0!
#1548500
1!
0*
0+
#1548600
0!
#1548700
1!
1&
b1011001 ,
#1548800
0!
#1548900
1!
1%
0&
#1549000
0!
0%
#1549100
1!
1*
#1549200
0!
#1549300
1!
1&
0*
b1011010 ,
#1549400
0!
#1549500
1!
1%
0&
#1549600
0!
0%
#1549700
1!
1*
1+
#1549800
0!
#1549900
1!
0*
0+
#1550000
0!
#1550100
1!
1&
b1011011 ,
#1550200
0!
#1550300
1!
1%
0&
#1550400
0!
0%
#1550500
1!
1*
#1550600
0!
#1550700
1!
0*
b1011100 ,
#1550800
0!
#1550900
1!
b1011101 ,
#1551000
0!
#1551100
1!
b1011110 ,
#1551200
0!
#1551300
1!
b1011111 ,
#1551400
0!
#1551500
1!
1&
b1100000 ,
#1551600
0!
#1551700
1!
1%
0&
#1551800
0!
0%
#1551900
1!
1*
#1552000
0!
#1552100
1!
1&
0*
b1100001 ,
#1552200
0!
#1552300
1!
1%
0&
#1552400
0!
0%
#1552500
1!
1*
1+
#1552600
0!
#1552700
1!
0*
0+
#1552800
0!
#1552900
1!
1&
b1100010 ,
#1553000
0!
#1553100
1!
1%
0&
#1553200
0!
0%
#1553300
1!
1*
#1553400
0!
#1553500
1!
1&
0*
b1100011 ,
#1553600
0!
#1553700
1!
1%
0&
#1553800
0!
0%
#1553900
1!
1*
1+
#1554000
0!
#1554100
1!
0*
0+
#1554200
0!
#1554300
1!
b1100100 ,
#1554400
0!
#1554500
1!
b1100101 ,
#1554600
0!
#1554700
1!
b1100110 ,
#1554800
0!
#1554900
1!
b1100111 ,
#1555000
0!
#1555100
1!
b1101000 ,
#1555200
0!
#1555300
1!
b1101001 ,
#1555400
0!
#1555500
1!
b1101010 ,
#1555600
0!
#1555700
1!
b1101011 ,
#1555800
0!
#1555900
1!
1&
b1101100 ,
#1556000
0!
#1556100
1!
1%
0&
#1556200
0!
0%
#1556300
1!
1*
1+
#1556400
0!
#1556500
1!
0*
0+
#1556600
0!
#1556700
1!
1&
b1101101 ,
#1556800
0!
#1556900
1!
1%
0&
#1557000
0!
0%
#1557100
1!
1*
1+
#1557200
0!
#1557300
1!
0*
0+
#1557400
0!
#1557500
1!
1&
b1101110 ,
#1557600
0!
#1557700
1!
1%
0&
#1557800
0!
0%
#1557900
1!
1*
1+
#1558000
0!
#1558100
1!
0*
0+
#1558200
0!
#1558300
1!
1&
b1101111 ,
#1558400
0!
#1558500
1!
1%
0&
#1558600
0!
0%
#1558700
1!
1*
1+
#1558800
0!
#1558900
1!
0*
0+
#1559000
0!
#1559100
1!
1&
b1110000 ,
#1559200
0!
#1559300
1!
1%
0&
#1559400
0!
0%
#1559500
1!
1*
1+
#1559600
0!
#1559700
1!
0*
0+
#1559800
0!
#1559900
1!
1&
b1110001 ,
#1560000
0!
#1560100
1!
1%
0&
#1560200
0!
0%
#1560300
1!
1*
1+
#1560400
0!
#1560500
1!
0*
0+
#1560600
0!
#1560700
1!
1&
b1110010 ,
#1560800
0!
#1560900
1!
1%
0&
#1561000
0!
0%
#1561100
1!
1*
1+
#1561200
0!
#1561300
1!
0*
0+
#1561400
0!
#1561500
1!
1&
b1110011 ,
#1561600
0!
#1561700
1!
1%
0&
#1561800
0!
0%
#1561900
1!
1*
1+
#1562000
0!
#1562100
1!
0*
0+
#1562200
0!
#1562300
1!
b1110100 ,
#1562400
0!
#1562500
1!
b1110101 ,
#1562600
0!
#1562700
1!
b1110110 ,
#1562800
0!
#1562900
1!
b1110111 ,
#1563000
0!
#1563100
1!
b1111000 ,
#1563200
0!
#1563300
1!
b1111001 ,
#1563400
0!
#1563500
1!
b1111010 ,
#1563600
0!
#1563700
1!
b1111011 ,
#1563800
0!
#1563900
1!
1&
b1111100 ,
#1564000
0!
#1564100
1!
1%
0&
#1564200
0!
0%
#1564300
1!
1*
1+
#1564400
0!
#1564500
1!
0*
0+
#1564600
0!
#1564700
1!
1&
b1111101 ,
#1564800
0!
#1564900
1!
1%
0&
#1565000
0!
0%
#1565100
1!
1*
#1565200
0!
#1565300
1!
1&
0*
b1111110 ,
#1565400
0!
#1565500
1!
1%
0&
#1565600
0!
0%
#1565700
1!
1*
1+
#1565800
0!
#1565900
1!
0*
0+
#1566000
0!
#1566100
1!
1&
b1111111 ,
#1566200
0!
#1566300
1!
1%
0&
#1566400
0!
0%
#1566500
1!
1*
1+
#1566600
0!
#1566700
1!
0*
0+
#1566800
0!
#1566900
1!
#1567000
0!
#1567100
1!
b10001001011 .
b11000000000 /
#1567200
0!
#1567300
1!
#1567400
0!
#1567500
1!
1&
b0 ,
#1567600
0!
#1567700
1!
1%
0&
#1567800
0!
0%
#1567900
1!
1*
#1568000
0!
#1568100
1!
1&
0*
b1 ,
#1568200
0!
#1568300
1!
1%
0&
#1568400
0!
0%
#1568500
1!
1*
#1568600
0!
#1568700
1!
1&
0*
b10 ,
#1568800
0!
#1568900
1!
1%
0&
#1569000
0!
0%
#1569100
1!
1*
1+
#1569200
0!
#1569300
1!
0*
0+
#1569400
0!
#1569500
1!
1&
b11 ,
#1569600
0!
#1569700
1!
1%
0&
#1569800
0!
0%
#1569900
1!
1*
#1570000
0!
#1570100
1!
0*
b100 ,
#1570200
0!
#1570300
1!
b101 ,
#1570400
0!
#1570500
1!
b110 ,
#1570600
0!
#1570700
1!
b111 ,
#1570800
0!
#1570900
1!
b1000 ,
#1571000
0!
#1571100
1!
b1001 ,
#1571200
0!
#1571300
1!
b1010 ,
#1571400
0!
#1571500
1!
b1011 ,
#1571600
0!
#1571700
1!
1&
b1100 ,
#1571800
0!
#1571900
1!
1%
0&
#1572000
0!
0%
#1572100
1!
1*
1+
#1572200
0!
#1572300
1!
0*
0+
#1572400
0!
#1572500
1!
1&
b1101 ,
#1572600
0!
#1572700
1!
1%
0&
#1572800
0!
0%
#1572900
1!
1*
1+
#1573000
0!
#1573100
1!
0*
0+
#1573200
0!
#1573300
1!
1&
b1110 ,
#1573400
0!
#1573500
1!
1%
0&
#1573600
0!
0%
#1573700
1!
1*
1+
#1573800
0!
#1573900
1!
0*
0+
#1574000
0!
#1574100
1!
1&
b1111 ,
#1574200
0!
#1574300
1!
1%
0&
#1574400
0!
0%
#1574500
1!
1*
#1574600
0!
#1574700
1!
1&
0*
b10000 ,
#1574800
0!
#1574900
1!
1%
0&
#1575000
0!
0%
#1575100
1!
1*
1+
#1575200
0!
#1575300
1!
0*
0+
#1575400
0!
#1575500
1!
1&
b10001 ,
#1575600
0!
#1575700
1!
1%
0&
#1575800
0!
0%
#1575900
1!
1*
#1576000
0!
#1576100
1!
1&
0*
b10010 ,
#1576200
0!
#1576300
1!
1%
0&
#1576400
0!
0%
#1576500
1!
1*
1+
#1576600
0!
#1576700
1!
0*
0+
#1576800
0!
#1576900
1!
1&
b10011 ,
#1577000
0!
#1577100
1!
1%
0&
#1577200
0!
0%
#1577300
1!
1*
#1577400
0!
#1577500
1!
0*
b10100 ,
#1577600
0!
#1577700
1!
b10101 ,
#1577800
0!
#1577900
1!
b10110 ,
#1578000
0!
#1578100
1!
b10111 ,
#1578200
0!
#1578300
1!
b11000 ,
#1578400
0!
#1578500
1!
b11001 ,
#1578600
0!
#1578700
1!
b11010 ,
#1578800
0!
#1578900
1!
b11011 ,
#1579000
0!
#1579100
1!
1&
b11100 ,
#1579200
0!
#1579300
1!
1%
0&
#1579400
0!
0%
#1579500
1!
1*
1+
#1579600
0!
#1579700
1!
0*
0+
#1579800
0!
#1579900
1!
1&
b11101 ,
#1580000
0!
#1580100
1!
1%
0&
#1580200
0!
0%
#1580300
1!
1*
1+
#1580400
0!
#1580500
1!
0*
0+
#1580600
0!
#1580700
1!
1&
b11110 ,
#1580800
0!
#1580900
1!
1%
0&
#1581000
0!
0%
#1581100
1!
1*
1+
#1581200
0!
#1581300
1!
0*
0+
#1581400
0!
#1581500
1!
1&
b11111 ,
#1581600
0!
#1581700
1!
1%
0&
#1581800
0!
0%
#1581900
1!
1*
1+
#1582000
0!
#1582100
1!
0*
0+
#1582200
0!
#1582300
1!
b100000 ,
#1582400
0!
#1582500
1!
b100001 ,
#1582600
0!
#1582700
1!
b100010 ,
#1582800
0!
#1582900
1!
b100011 ,
#1583000
0!
#1583100
1!
1&
b100100 ,
#1583200
0!
#1583300
1!
1%
0&
#1583400
0!
0%
#1583500
1!
1*
1+
#1583600
0!
#1583700
1!
0*
0+
#1583800
0!
#1583900
1!
1&
b100101 ,
#1584000
0!
#1584100
1!
1%
0&
#1584200
0!
0%
#1584300
1!
1*
1+
#1584400
0!
#1584500
1!
0*
0+
#1584600
0!
#1584700
1!
1&
b100110 ,
#1584800
0!
#1584900
1!
1%
0&
#1585000
0!
0%
#1585100
1!
1*
1+
#1585200
0!
#1585300
1!
0*
0+
#1585400
0!
#1585500
1!
1&
b100111 ,
#1585600
0!
#1585700
1!
1%
0&
#1585800
0!
0%
#1585900
1!
1*
1+
#1586000
0!
#1586100
1!
0*
0+
#1586200
0!
#1586300
1!
1&
b101000 ,
#1586400
0!
#1586500
1!
1%
0&
#1586600
0!
0%
#1586700
1!
1*
1+
#1586800
0!
#1586900
1!
0*
0+
#1587000
0!
#1587100
1!
1&
b101001 ,
#1587200
0!
#1587300
1!
1%
0&
#1587400
0!
0%
#1587500
1!
1*
#1587600
0!
#1587700
1!
1&
0*
b101010 ,
#1587800
0!
#1587900
1!
1%
0&
#1588000
0!
0%
#1588100
1!
1*
1+
#1588200
0!
#1588300
1!
0*
0+
#1588400
0!
#1588500
1!
1&
b101011 ,
#1588600
0!
#1588700
1!
1%
0&
#1588800
0!
0%
#1588900
1!
1*
1+
#1589000
0!
#1589100
1!
0*
0+
#1589200
0!
#1589300
1!
b101100 ,
#1589400
0!
#1589500
1!
b101101 ,
#1589600
0!
#1589700
1!
b101110 ,
#1589800
0!
#1589900
1!
b101111 ,
#1590000
0!
#1590100
1!
b110000 ,
#1590200
0!
#1590300
1!
b110001 ,
#1590400
0!
#1590500
1!
b110010 ,
#1590600
0!
#1590700
1!
b110011 ,
#1590800
0!
#1590900
1!
1&
b110100 ,
#1591000
0!
#1591100
1!
1%
0&
#1591200
0!
0%
#1591300
1!
1*
1+
#1591400
0!
#1591500
1!
0*
0+
#1591600
0!
#1591700
1!
1&
b110101 ,
#1591800
0!
#1591900
1!
1%
0&
#1592000
0!
0%
#1592100
1!
1*
1+
#1592200
0!
#1592300
1!
0*
0+
#1592400
0!
#1592500
1!
1&
b110110 ,
#1592600
0!
#1592700
1!
1%
0&
#1592800
0!
0%
#1592900
1!
1*
1+
#1593000
0!
#1593100
1!
0*
0+
#1593200
0!
#1593300
1!
1&
b110111 ,
#1593400
0!
#1593500
1!
1%
0&
#1593600
0!
0%
#1593700
1!
1*
1+
#1593800
0!
#1593900
1!
0*
0+
#1594000
0!
#1594100
1!
1&
b111000 ,
#1594200
0!
#1594300
1!
1%
0&
#1594400
0!
0%
#1594500
1!
1*
1+
#1594600
0!
#1594700
1!
0*
0+
#1594800
0!
#1594900
1!
1&
b111001 ,
#1595000
0!
#1595100
1!
1%
0&
#1595200
0!
0%
#1595300
1!
1*
1+
#1595400
0!
#1595500
1!
0*
0+
#1595600
0!
#1595700
1!
1&
b111010 ,
#1595800
0!
#1595900
1!
1%
0&
#1596000
0!
0%
#1596100
1!
1*
1+
#1596200
0!
#1596300
1!
0*
0+
#1596400
0!
#1596500
1!
1&
b111011 ,
#1596600
0!
#1596700
1!
1%
0&
#1596800
0!
0%
#1596900
1!
1*
#1597000
0!
#1597100
1!
0*
b111100 ,
#1597200
0!
#1597300
1!
b111101 ,
#1597400
0!
#1597500
1!
b111110 ,
#1597600
0!
#1597700
1!
b111111 ,
#1597800
0!
#1597900
1!
1&
b1000000 ,
#1598000
0!
#1598100
1!
1%
0&
#1598200
0!
0%
#1598300
1!
1*
1+
#1598400
0!
#1598500
1!
0*
0+
#1598600
0!
#1598700
1!
1&
b1000001 ,
#1598800
0!
#1598900
1!
1%
0&
#1599000
0!
0%
#1599100
1!
1*
#1599200
0!
#1599300
1!
1&
0*
b1000010 ,
#1599400
0!
#1599500
1!
1%
0&
#1599600
0!
0%
#1599700
1!
1*
1+
#1599800
0!
#1599900
1!
0*
0+
#1600000
0!
#1600100
1!
1&
b1000011 ,
#1600200
0!
#1600300
1!
1%
0&
#1600400
0!
0%
#1600500
1!
1*
1+
#1600600
0!
#1600700
1!
0*
0+
#1600800
0!
#1600900
1!
b1000100 ,
#1601000
0!
#1601100
1!
b1000101 ,
#1601200
0!
#1601300
1!
b1000110 ,
#1601400
0!
#1601500
1!
b1000111 ,
#1601600
0!
#1601700
1!
b1001000 ,
#1601800
0!
#1601900
1!
b1001001 ,
#1602000
0!
#1602100
1!
b1001010 ,
#1602200
0!
#1602300
1!
b1001011 ,
#1602400
0!
#1602500
1!
1&
b1001100 ,
#1602600
0!
#1602700
1!
1%
0&
#1602800
0!
0%
#1602900
1!
1*
#1603000
0!
#1603100
1!
1&
0*
b1001101 ,
#1603200
0!
#1603300
1!
1%
0&
#1603400
0!
0%
#1603500
1!
1*
1+
#1603600
0!
#1603700
1!
0*
0+
#1603800
0!
#1603900
1!
1&
b1001110 ,
#1604000
0!
#1604100
1!
1%
0&
#1604200
0!
0%
#1604300
1!
1*
1+
#1604400
0!
#1604500
1!
0*
0+
#1604600
0!
#1604700
1!
1&
b1001111 ,
#1604800
0!
#1604900
1!
1%
0&
#1605000
0!
0%
#1605100
1!
1*
1+
#1605200
0!
#1605300
1!
0*
0+
#1605400
0!
#1605500
1!
1&
b1010000 ,
#1605600
0!
#1605700
1!
1%
0&
#1605800
0!
0%
#1605900
1!
1*
1+
#1606000
0!
#1606100
1!
0*
0+
#1606200
0!
#1606300
1!
1&
b1010001 ,
#1606400
0!
#1606500
1!
1%
0&
#1606600
0!
0%
#1606700
1!
1*
1+
#1606800
0!
#1606900
1!
0*
0+
#1607000
0!
#1607100
1!
1&
b1010010 ,
#1607200
0!
#1607300
1!
1%
0&
#1607400
0!
0%
#1607500
1!
1*
1+
#1607600
0!
#1607700
1!
0*
0+
#1607800
0!
#1607900
1!
1&
b1010011 ,
#1608000
0!
#1608100
1!
1%
0&
#1608200
0!
0%
#1608300
1!
1*
1+
#1608400
0!
#1608500
1!
0*
0+
#1608600
0!
#1608700
1!
b1010100 ,
#1608800
0!
#1608900
1!
b1010101 ,
#1609000
0!
#1609100
1!
b1010110 ,
#1609200
0!
#1609300
1!
b1010111 ,
#1609400
0!
#1609500
1!
b1011000 ,
#1609600
0!
#1609700
1!
b1011001 ,
#1609800
0!
#1609900
1!
b1011010 ,
#1610000
0!
#1610100
1!
b1011011 ,
#1610200
0!
#1610300
1!
1&
b1011100 ,
#1610400
0!
#1610500
1!
1%
0&
#1610600
0!
0%
#1610700
1!
1*
#1610800
0!
#1610900
1!
1&
0*
b1011101 ,
#1611000
0!
#1611100
1!
1%
0&
#1611200
0!
0%
#1611300
1!
1*
#1611400
0!
#1611500
1!
1&
0*
b1011110 ,
#1611600
0!
#1611700
1!
1%
0&
#1611800
0!
0%
#1611900
1!
1*
#1612000
0!
#1612100
1!
1&
0*
b1011111 ,
#1612200
0!
#1612300
1!
1%
0&
#1612400
0!
0%
#1612500
1!
1*
#1612600
0!
#1612700
1!
0*
b1100000 ,
#1612800
0!
#1612900
1!
b1100001 ,
#1613000
0!
#1613100
1!
b1100010 ,
#1613200
0!
#1613300
1!
b1100011 ,
#1613400
0!
#1613500
1!
1&
b1100100 ,
#1613600
0!
#1613700
1!
1%
0&
#1613800
0!
0%
#1613900
1!
1*
#1614000
0!
#1614100
1!
1&
0*
b1100101 ,
#1614200
0!
#1614300
1!
1%
0&
#1614400
0!
0%
#1614500
1!
1*
1+
#1614600
0!
#1614700
1!
0*
0+
#1614800
0!
#1614900
1!
1&
b1100110 ,
#1615000
0!
#1615100
1!
1%
0&
#1615200
0!
0%
#1615300
1!
1*
1+
#1615400
0!
#1615500
1!
0*
0+
#1615600
0!
#1615700
1!
1&
b1100111 ,
#1615800
0!
#1615900
1!
1%
0&
#1616000
0!
0%
#1616100
1!
1*
#1616200
0!
#1616300
1!
1&
0*
b1101000 ,
#1616400
0!
#1616500
1!
1%
0&
#1616600
0!
0%
#1616700
1!
1*
1+
#1616800
0!
#1616900
1!
0*
0+
#1617000
0!
#1617100
1!
1&
b1101001 ,
#1617200
0!
#1617300
1!
1%
0&
#1617400
0!
0%
#1617500
1!
1*
1+
#1617600
0!
#1617700
1!
0*
0+
#1617800
0!
#1617900
1!
1&
b1101010 ,
#1618000
0!
#1618100
1!
1%
0&
#1618200
0!
0%
#1618300
1!
1*
1+
#1618400
0!
#1618500
1!
0*
0+
#1618600
0!
#1618700
1!
1&
b1101011 ,
#1618800
0!
#1618900
1!
1%
0&
#1619000
0!
0%
#1619100
1!
1*
1+
#1619200
0!
#1619300
1!
0*
0+
#1619400
0!
#1619500
1!
b1101100 ,
#1619600
0!
#1619700
1!
b1101101 ,
#1619800
0!
#1619900
1!
b1101110 ,
#1620000
0!
#1620100
1!
b1101111 ,
#1620200
0!
#1620300
1!
b1110000 ,
#1620400
0!
#1620500
1!
b1110001 ,
#1620600
0!
#1620700
1!
b1110010 ,
#1620800
0!
#1620900
1!
b1110011 ,
#1621000
0!
#1621100
1!
1&
b1110100 ,
#1621200
0!
#1621300
1!
1%
0&
#1621400
0!
0%
#1621500
1!
1*
1+
#1621600
0!
#1621700
1!
0*
0+
#1621800
0!
#1621900
1!
1&
b1110101 ,
#1622000
0!
#1622100
1!
1%
0&
#1622200
0!
0%
#1622300
1!
1*
1+
#1622400
0!
#1622500
1!
0*
0+
#1622600
0!
#1622700
1!
1&
b1110110 ,
#1622800
0!
#1622900
1!
1%
0&
#1623000
0!
0%
#1623100
1!
1*
#1623200
0!
#1623300
1!
1&
0*
b1110111 ,
#1623400
0!
#1623500
1!
1%
0&
#1623600
0!
0%
#1623700
1!
1*
1+
#1623800
0!
#1623900
1!
0*
0+
#1624000
0!
#1624100
1!
1&
b1111000 ,
#1624200
0!
#1624300
1!
1%
0&
#1624400
0!
0%
#1624500
1!
1*
1+
#1624600
0!
#1624700
1!
0*
0+
#1624800
0!
#1624900
1!
1&
b1111001 ,
#1625000
0!
#1625100
1!
1%
0&
#1625200
0!
0%
#1625300
1!
1*
#1625400
0!
#1625500
1!
1&
0*
b1111010 ,
#1625600
0!
#1625700
1!
1%
0&
#1625800
0!
0%
#1625900
1!
1*
#1626000
0!
#1626100
1!
1&
0*
b1111011 ,
#1626200
0!
#1626300
1!
1%
0&
#1626400
0!
0%
#1626500
1!
1*
1+
#1626600
0!
#1626700
1!
0*
0+
#1626800
0!
#1626900
1!
b1111100 ,
#1627000
0!
#1627100
1!
b1111101 ,
#1627200
0!
#1627300
1!
b1111110 ,
#1627400
0!
#1627500
1!
b1111111 ,
#1627600
0!
#1627700
1!
#1627800
0!
#1627900
1!
b10001111000 .
b11001000000 /
#1628000
0!
#1628100
1!
#1628200
0!
#1628300
1!
b0 ,
#1628400
0!
#1628500
1!
b1 ,
#1628600
0!
#1628700
1!
b10 ,
#1628800
0!
#1628900
1!
b11 ,
#1629000
0!
#1629100
1!
1&
b100 ,
#1629200
0!
#1629300
1!
1%
0&
#1629400
0!
0%
#1629500
1!
1*
#1629600
0!
#1629700
1!
1&
0*
b101 ,
#1629800
0!
#1629900
1!
1%
0&
#1630000
0!
0%
#1630100
1!
1*
1+
#1630200
0!
#1630300
1!
0*
0+
#1630400
0!
#1630500
1!
1&
b110 ,
#1630600
0!
#1630700
1!
1%
0&
#1630800
0!
0%
#1630900
1!
1*
#1631000
0!
#1631100
1!
1&
0*
b111 ,
#1631200
0!
#1631300
1!
1%
0&
#1631400
0!
0%
#1631500
1!
1*
1+
#1631600
0!
#1631700
1!
0*
0+
#1631800
0!
#1631900
1!
1&
b1000 ,
#1632000
0!
#1632100
1!
1%
0&
#1632200
0!
0%
#1632300
1!
1*
1+
#1632400
0!
#1632500
1!
0*
0+
#1632600
0!
#1632700
1!
1&
b1001 ,
#1632800
0!
#1632900
1!
1%
0&
#1633000
0!
0%
#1633100
1!
1*
1+
#1633200
0!
#1633300
1!
0*
0+
#1633400
0!
#1633500
1!
1&
b1010 ,
#1633600
0!
#1633700
1!
1%
0&
#1633800
0!
0%
#1633900
1!
1*
1+
#1634000
0!
#1634100
1!
0*
0+
#1634200
0!
#1634300
1!
1&
b1011 ,
#1634400
0!
#1634500
1!
1%
0&
#1634600
0!
0%
#1634700
1!
1*
1+
#1634800
0!
#1634900
1!
0*
0+
#1635000
0!
#1635100
1!
b1100 ,
#1635200
0!
#1635300
1!
b1101 ,
#1635400
0!
#1635500
1!
b1110 ,
#1635600
0!
#1635700
1!
b1111 ,
#1635800
0!
#1635900
1!
b10000 ,
#1636000
0!
#1636100
1!
b10001 ,
#1636200
0!
#1636300
1!
b10010 ,
#1636400
0!
#1636500
1!
b10011 ,
#1636600
0!
#1636700
1!
1&
b10100 ,
#1636800
0!
#1636900
1!
1%
0&
#1637000
0!
0%
#1637100
1!
1*
1+
#1637200
0!
#1637300
1!
0*
0+
#1637400
0!
#1637500
1!
1&
b10101 ,
#1637600
0!
#1637700
1!
1%
0&
#1637800
0!
0%
#1637900
1!
1*
1+
#1638000
0!
#1638100
1!
0*
0+
#1638200
0!
#1638300
1!
1&
b10110 ,
#1638400
0!
#1638500
1!
1%
0&
#1638600
0!
0%
#1638700
1!
1*
#1638800
0!
#1638900
1!
1&
0*
b10111 ,
#1639000
0!
#1639100
1!
1%
0&
#1639200
0!
0%
#1639300
1!
1*
#1639400
0!
#1639500
1!
1&
0*
b11000 ,
#1639600
0!
#1639700
1!
1%
0&
#1639800
0!
0%
#1639900
1!
1*
1+
#1640000
0!
#1640100
1!
0*
0+
#1640200
0!
#1640300
1!
1&
b11001 ,
#1640400
0!
#1640500
1!
1%
0&
#1640600
0!
0%
#1640700
1!
1*
1+
#1640800
0!
#1640900
1!
0*
0+
#1641000
0!
#1641100
1!
1&
b11010 ,
#1641200
0!
#1641300
1!
1%
0&
#1641400
0!
0%
#1641500
1!
1*
1+
#1641600
0!
#1641700
1!
0*
0+
#1641800
0!
#1641900
1!
1&
b11011 ,
#1642000
0!
#1642100
1!
1%
0&
#1642200
0!
0%
#1642300
1!
1*
1+
#1642400
0!
#1642500
1!
0*
0+
#1642600
0!
#1642700
1!
b11100 ,
#1642800
0!
#1642900
1!
b11101 ,
#1643000
0!
#1643100
1!
b11110 ,
#1643200
0!
#1643300
1!
b11111 ,
#1643400
0!
#1643500
1!
1&
b100000 ,
#1643600
0!
#1643700
1!
1%
0&
#1643800
0!
0%
#1643900
1!
1*
1+
#1644000
0!
#1644100
1!
0*
0+
#1644200
0!
#1644300
1!
1&
b100001 ,
#1644400
0!
#1644500
1!
1%
0&
#1644600
0!
0%
#1644700
1!
1*
1+
#1644800
0!
#1644900
1!
0*
0+
#1645000
0!
#1645100
1!
1&
b100010 ,
#1645200
0!
#1645300
1!
1%
0&
#1645400
0!
0%
#1645500
1!
1*
#1645600
0!
#1645700
1!
1&
0*
b100011 ,
#1645800
0!
#1645900
1!
1%
0&
#1646000
0!
0%
#1646100
1!
1*
1+
#1646200
0!
#1646300
1!
0*
0+
#1646400
0!
#1646500
1!
b100100 ,
#1646600
0!
#1646700
1!
b100101 ,
#1646800
0!
#1646900
1!
b100110 ,
#1647000
0!
#1647100
1!
b100111 ,
#1647200
0!
#1647300
1!
b101000 ,
#1647400
0!
#1647500
1!
b101001 ,
#1647600
0!
#1647700
1!
b101010 ,
#1647800
0!
#1647900
1!
b101011 ,
#1648000
0!
#1648100
1!
1&
b101100 ,
#1648200
0!
#1648300
1!
1%
0&
#1648400
0!
0%
#1648500
1!
1*
1+
#1648600
0!
#1648700
1!
0*
0+
#1648800
0!
#1648900
1!
1&
b101101 ,
#1649000
0!
#1649100
1!
1%
0&
#1649200
0!
0%
#1649300
1!
1*
#1649400
0!
#1649500
1!
1&
0*
b101110 ,
#1649600
0!
#1649700
1!
1%
0&
#1649800
0!
0%
#1649900
1!
1*
1+
#1650000
0!
#1650100
1!
0*
0+
#1650200
0!
#1650300
1!
1&
b101111 ,
#1650400
0!
#1650500
1!
1%
0&
#1650600
0!
0%
#1650700
1!
1*
1+
#1650800
0!
#1650900
1!
0*
0+
#1651000
0!
#1651100
1!
1&
b110000 ,
#1651200
0!
#1651300
1!
1%
0&
#1651400
0!
0%
#1651500
1!
1*
1+
#1651600
0!
#1651700
1!
0*
0+
#1651800
0!
#1651900
1!
1&
b110001 ,
#1652000
0!
#1652100
1!
1%
0&
#1652200
0!
0%
#1652300
1!
1*
1+
#1652400
0!
#1652500
1!
0*
0+
#1652600
0!
#1652700
1!
1&
b110010 ,
#1652800
0!
#1652900
1!
1%
0&
#1653000
0!
0%
#1653100
1!
1*
#1653200
0!
#1653300
1!
1&
0*
b110011 ,
#1653400
0!
#1653500
1!
1%
0&
#1653600
0!
0%
#1653700
1!
1*
1+
#1653800
0!
#1653900
1!
0*
0+
#1654000
0!
#1654100
1!
b110100 ,
#1654200
0!
#1654300
1!
b110101 ,
#1654400
0!
#1654500
1!
b110110 ,
#1654600
0!
#1654700
1!
b110111 ,
#1654800
0!
#1654900
1!
b111000 ,
#1655000
0!
#1655100
1!
b111001 ,
#1655200
0!
#1655300
1!
b111010 ,
#1655400
0!
#1655500
1!
b111011 ,
#1655600
0!
#1655700
1!
1&
b111100 ,
#1655800
0!
#1655900
1!
1%
0&
#1656000
0!
0%
#1656100
1!
1*
1+
#1656200
0!
#1656300
1!
0*
0+
#1656400
0!
#1656500
1!
1&
b111101 ,
#1656600
0!
#1656700
1!
1%
0&
#1656800
0!
0%
#1656900
1!
1*
#1657000
0!
#1657100
1!
1&
0*
b111110 ,
#1657200
0!
#1657300
1!
1%
0&
#1657400
0!
0%
#1657500
1!
1*
1+
#1657600
0!
#1657700
1!
0*
0+
#1657800
0!
#1657900
1!
1&
b111111 ,
#1658000
0!
#1658100
1!
1%
0&
#1658200
0!
0%
#1658300
1!
1*
1+
#1658400
0!
#1658500
1!
0*
0+
#1658600
0!
#1658700
1!
b1000000 ,
#1658800
0!
#1658900
1!
b1000001 ,
#1659000
0!
#1659100
1!
b1000010 ,
#1659200
0!
#1659300
1!
b1000011 ,
#1659400
0!
#1659500
1!
1&
b1000100 ,
#1659600
0!
#1659700
1!
1%
0&
#1659800
0!
0%
#1659900
1!
1*
#1660000
0!
#1660100
1!
1&
0*
b1000101 ,
#1660200
0!
#1660300
1!
1%
0&
#1660400
0!
0%
#1660500
1!
1*
1+
#1660600
0!
#1660700
1!
0*
0+
#1660800
0!
#1660900
1!
1&
b1000110 ,
#1661000
0!
#1661100
1!
1%
0&
#1661200
0!
0%
#1661300
1!
1*
1+
#1661400
0!
#1661500
1!
0*
0+
#1661600
0!
#1661700
1!
1&
b1000111 ,
#1661800
0!
#1661900
1!
1%
0&
#1662000
0!
0%
#1662100
1!
1*
1+
#1662200
0!
#1662300
1!
0*
0+
#1662400
0!
#1662500
1!
1&
b1001000 ,
#1662600
0!
#1662700
1!
1%
0&
#1662800
0!
0%
#1662900
1!
1*
1+
#1663000
0!
#1663100
1!
0*
0+
#1663200
0!
#1663300
1!
1&
b1001001 ,
#1663400
0!
#1663500
1!
1%
0&
#1663600
0!
0%
#1663700
1!
1*
1+
#1663800
0!
#1663900
1!
0*
0+
#1664000
0!
#1664100
1!
1&
b1001010 ,
#1664200
0!
#1664300
1!
1%
0&
#1664400
0!
0%
#1664500
1!
1*
1+
#1664600
0!
#1664700
1!
0*
0+
#1664800
0!
#1664900
1!
1&
b1001011 ,
#1665000
0!
#1665100
1!
1%
0&
#1665200
0!
0%
#1665300
1!
1*
1+
#1665400
0!
#1665500
1!
0*
0+
#1665600
0!
#1665700
1!
b1001100 ,
#1665800
0!
#1665900
1!
b1001101 ,
#1666000
0!
#1666100
1!
b1001110 ,
#1666200
0!
#1666300
1!
b1001111 ,
#1666400
0!
#1666500
1!
b1010000 ,
#1666600
0!
#1666700
1!
b1010001 ,
#1666800
0!
#1666900
1!
b1010010 ,
#1667000
0!
#1667100
1!
b1010011 ,
#1667200
0!
#1667300
1!
1&
b1010100 ,
#1667400
0!
#1667500
1!
1%
0&
#1667600
0!
0%
#1667700
1!
1*
1+
#1667800
0!
#1667900
1!
0*
0+
#1668000
0!
#1668100
1!
1&
b1010101 ,
#1668200
0!
#1668300
1!
1%
0&
#1668400
0!
0%
#1668500
1!
1*
#1668600
0!
#1668700
1!
1&
0*
b1010110 ,
#1668800
0!
#1668900
1!
1%
0&
#1669000
0!
0%
#1669100
1!
1*
1+
#1669200
0!
#1669300
1!
0*
0+
#1669400
0!
#1669500
1!
1&
b1010111 ,
#1669600
0!
#1669700
1!
1%
0&
#1669800
0!
0%
#1669900
1!
1*
#1670000
0!
#1670100
1!
1&
0*
b1011000 ,
#1670200
0!
#1670300
1!
1%
0&
#1670400
0!
0%
#1670500
1!
1*
#1670600
0!
#1670700
1!
1&
0*
b1011001 ,
#1670800
0!
#1670900
1!
1%
0&
#1671000
0!
0%
#1671100
1!
1*
1+
#1671200
0!
#1671300
1!
0*
0+
#1671400
0!
#1671500
1!
1&
b1011010 ,
#1671600
0!
#1671700
1!
1%
0&
#1671800
0!
0%
#1671900
1!
1*
1+
#1672000
0!
#1672100
1!
0*
0+
#1672200
0!
#1672300
1!
1&
b1011011 ,
#1672400
0!
#1672500
1!
1%
0&
#1672600
0!
0%
#1672700
1!
1*
1+
#1672800
0!
#1672900
1!
0*
0+
#1673000
0!
#1673100
1!
b1011100 ,
#1673200
0!
#1673300
1!
b1011101 ,
#1673400
0!
#1673500
1!
b1011110 ,
#1673600
0!
#1673700
1!
b1011111 ,
#1673800
0!
#1673900
1!
1&
b1100000 ,
#1674000
0!
#1674100
1!
1%
0&
#1674200
0!
0%
#1674300
1!
1*
#1674400
0!
#1674500
1!
1&
0*
b1100001 ,
#1674600
0!
#1674700
1!
1%
0&
#1674800
0!
0%
#1674900
1!
1*
1+
#1675000
0!
#1675100
1!
0*
0+
#1675200
0!
#1675300
1!
1&
b1100010 ,
#1675400
0!
#1675500
1!
1%
0&
#1675600
0!
0%
#1675700
1!
1*
1+
#1675800
0!
#1675900
1!
0*
0+
#1676000
0!
#1676100
1!
1&
b1100011 ,
#1676200
0!
#1676300
1!
1%
0&
#1676400
0!
0%
#1676500
1!
1*
#1676600
0!
#1676700
1!
0*
b1100100 ,
#1676800
0!
#1676900
1!
b1100101 ,
#1677000
0!
#1677100
1!
b1100110 ,
#1677200
0!
#1677300
1!
b1100111 ,
#1677400
0!
#1677500
1!
b1101000 ,
#1677600
0!
#1677700
1!
b1101001 ,
#1677800
0!
#1677900
1!
b1101010 ,
#1678000
0!
#1678100
1!
b1101011 ,
#1678200
0!
#1678300
1!
1&
b1101100 ,
#1678400
0!
#1678500
1!
1%
0&
#1678600
0!
0%
#1678700
1!
1*
1+
#1678800
0!
#1678900
1!
0*
0+
#1679000
0!
#1679100
1!
1&
b1101101 ,
#1679200
0!
#1679300
1!
1%
0&
#1679400
0!
0%
#1679500
1!
1*
1+
#1679600
0!
#1679700
1!
0*
0+
#1679800
0!
#1679900
1!
1&
b1101110 ,
#1680000
0!
#1680100
1!
1%
0&
#1680200
0!
0%
#1680300
1!
1*
1+
#1680400
0!
#1680500
1!
0*
0+
#1680600
0!
#1680700
1!
1&
b1101111 ,
#1680800
0!
#1680900
1!
1%
0&
#1681000
0!
0%
#1681100
1!
1*
1+
#1681200
0!
#1681300
1!
0*
0+
#1681400
0!
#1681500
1!
1&
b1110000 ,
#1681600
0!
#1681700
1!
1%
0&
#1681800
0!
0%
#1681900
1!
1*
1+
#1682000
0!
#1682100
1!
0*
0+
#1682200
0!
#1682300
1!
1&
b1110001 ,
#1682400
0!
#1682500
1!
1%
0&
#1682600
0!
0%
#1682700
1!
1*
1+
#1682800
0!
#1682900
1!
0*
0+
#1683000
0!
#1683100
1!
1&
b1110010 ,
#1683200
0!
#1683300
1!
1%
0&
#1683400
0!
0%
#1683500
1!
1*
#1683600
0!
#1683700
1!
1&
0*
b1110011 ,
#1683800
0!
#1683900
1!
1%
0&
#1684000
0!
0%
#1684100
1!
1*
1+
#1684200
0!
#1684300
1!
0*
0+
#1684400
0!
#1684500
1!
b1110100 ,
#1684600
0!
#1684700
1!
b1110101 ,
#1684800
0!
#1684900
1!
b1110110 ,
#1685000
0!
#1685100
1!
b1110111 ,
#1685200
0!
#1685300
1!
b1111000 ,
#1685400
0!
#1685500
1!
b1111001 ,
#1685600
0!
#1685700
1!
b1111010 ,
#1685800
0!
#1685900
1!
b1111011 ,
#1686000
0!
#1686100
1!
1&
b1111100 ,
#1686200
0!
#1686300
1!
1%
0&
#1686400
0!
0%
#1686500
1!
1*
1+
#1686600
0!
#1686700
1!
0*
0+
#1686800
0!
#1686900
1!
1&
b1111101 ,
#1687000
0!
#1687100
1!
1%
0&
#1687200
0!
0%
#1687300
1!
1*
1+
#1687400
0!
#1687500
1!
0*
0+
#1687600
0!
#1687700
1!
1&
b1111110 ,
#1687800
0!
#1687900
1!
1%
0&
#1688000
0!
0%
#1688100
1!
1*
1+
#1688200
0!
#1688300
1!
0*
0+
#1688400
0!
#1688500
1!
1&
b1111111 ,
#1688600
0!
#1688700
1!
1%
0&
#1688800
0!
0%
#1688900
1!
1*
1+
#1689000
0!
#1689100
1!
0*
0+
#1689200
0!
#1689300
1!
#1689400
0!
#1689500
1!
b10010101001 .
b11010000000 /
#1689600
0!
#1689700
1!
#1689800
0!
#1689900
1!
1&
b0 ,
#1690000
0!
#1690100
1!
1%
0&
#1690200
0!
0%
#1690300
1!
1*
1+
#1690400
0!
#1690500
1!
0*
0+
1-
#1690600
0!
#1690700
1!
1&
1(
b10011110011100010011101011101100 )
b1 ,
0-
#1690800
0!
0(
#1690900
1!
1%
0&
#1691000
0!
0%
#1691100
1!
1*
1+
#1691200
0!
#1691300
1!
0*
0+
#1691400
0!
#1691500
1!
1&
b10 ,
#1691600
0!
#1691700
1!
1%
0&
#1691800
0!
0%
#1691900
1!
1*
1+
#1692000
0!
#1692100
1!
0*
0+
#1692200
0!
#1692300
1!
1&
b11 ,
#1692400
0!
#1692500
1!
1%
0&
#1692600
0!
0%
#1692700
1!
1*
1+
#1692800
0!
#1692900
1!
0*
0+
#1693000
0!
#1693100
1!
b100 ,
#1693200
0!
#1693300
1!
b101 ,
#1693400
0!
#1693500
1!
b110 ,
#1693600
0!
#1693700
1!
b111 ,
#1693800
0!
#1693900
1!
b1000 ,
#1694000
0!
#1694100
1!
b1001 ,
#1694200
0!
#1694300
1!
b1010 ,
#1694400
0!
#1694500
1!
b1011 ,
#1694600
0!
#1694700
1!
1&
b1100 ,
#1694800
0!
#1694900
1!
1%
0&
#1695000
0!
0%
#1695100
1!
1*
1+
#1695200
0!
#1695300
1!
0*
0+
#1695400
0!
#1695500
1!
1&
b1101 ,
#1695600
0!
#1695700
1!
1%
0&
#1695800
0!
0%
#1695900
1!
1*
1+
#1696000
0!
#1696100
1!
0*
0+
#1696200
0!
#1696300
1!
1&
b1110 ,
#1696400
0!
#1696500
1!
1%
0&
#1696600
0!
0%
#1696700
1!
1*
1+
#1696800
0!
#1696900
1!
0*
0+
#1697000
0!
#1697100
1!
1&
b1111 ,
#1697200
0!
#1697300
1!
1%
0&
#1697400
0!
0%
#1697500
1!
1*
1+
#1697600
0!
#1697700
1!
0*
0+
#1697800
0!
#1697900
1!
1&
b10000 ,
#1698000
0!
#1698100
1!
1%
0&
#1698200
0!
0%
#1698300
1!
1*
1+
#1698400
0!
#1698500
1!
0*
0+
#1698600
0!
#1698700
1!
1&
b10001 ,
#1698800
0!
#1698900
1!
1%
0&
#1699000
0!
0%
#1699100
1!
1*
1+
#1699200
0!
#1699300
1!
0*
0+
#1699400
0!
#1699500
1!
1&
b10010 ,
#1699600
0!
#1699700
1!
1%
0&
#1699800
0!
0%
#1699900
1!
1*
1+
#1700000
0!
#1700100
1!
0*
0+
#1700200
0!
#1700300
1!
1&
b10011 ,
#1700400
0!
#1700500
1!
1%
0&
#1700600
0!
0%
#1700700
1!
1*
1+
#1700800
0!
#1700900
1!
0*
0+
#1701000
0!
#1701100
1!
b10100 ,
#1701200
0!
#1701300
1!
b10101 ,
#1701400
0!
#1701500
1!
b10110 ,
#1701600
0!
#1701700
1!
b10111 ,
#1701800
0!
#1701900
1!
b11000 ,
#1702000
0!
#1702100
1!
b11001 ,
#1702200
0!
#1702300
1!
b11010 ,
#1702400
0!
#1702500
1!
b11011 ,
#1702600
0!
#1702700
1!
1&
b11100 ,
#1702800
0!
#1702900
1!
1%
0&
#1703000
0!
0%
#1703100
1!
1*
#1703200
0!
#1703300
1!
1&
0*
b11101 ,
#1703400
0!
#1703500
1!
1%
0&
#1703600
0!
0%
#1703700
1!
1*
1+
#1703800
0!
#1703900
1!
0*
0+
#1704000
0!
#1704100
1!
1&
b11110 ,
#1704200
0!
#1704300
1!
1%
0&
#1704400
0!
0%
#1704500
1!
1*
1+
#1704600
0!
#1704700
1!
0*
0+
#1704800
0!
#1704900
1!
1&
b11111 ,
#1705000
0!
#1705100
1!
1%
0&
#1705200
0!
0%
#1705300
1!
1*
1+
#1705400
0!
#1705500
1!
0*
0+
#1705600
0!
#1705700
1!
b100000 ,
#1705800
0!
#1705900
1!
b100001 ,
#1706000
0!
#1706100
1!
b100010 ,
#1706200
0!
#1706300
1!
b100011 ,
#1706400
0!
#1706500
1!
1&
b100100 ,
#1706600
0!
#1706700
1!
1%
0&
#1706800
0!
0%
#1706900
1!
1*
1+
#1707000
0!
#1707100
1!
0*
0+
#1707200
0!
#1707300
1!
1&
b100101 ,
#1707400
0!
#1707500
1!
1%
0&
#1707600
0!
0%
#1707700
1!
1*
1+
#1707800
0!
#1707900
1!
0*
0+
#1708000
0!
#1708100
1!
1&
b100110 ,
#1708200
0!
#1708300
1!
1%
0&
#1708400
0!
0%
#1708500
1!
1*
1+
#1708600
0!
#1708700
1!
0*
0+
#1708800
0!
#1708900
1!
1&
b100111 ,
#1709000
0!
#1709100
1!
1%
0&
#1709200
0!
0%
#1709300
1!
1*
#1709400
0!
#1709500
1!
1&
0*
b101000 ,
#1709600
0!
#1709700
1!
1%
0&
#1709800
0!
0%
#1709900
1!
1*
1+
#1710000
0!
#1710100
1!
0*
0+
#1710200
0!
#1710300
1!
1&
b101001 ,
#1710400
0!
#1710500
1!
1%
0&
#1710600
0!
0%
#1710700
1!
1*
#1710800
0!
#1710900
1!
1&
0*
b101010 ,
#1711000
0!
#1711100
1!
1%
0&
#1711200
0!
0%
#1711300
1!
1*
1+
#1711400
0!
#1711500
1!
0*
0+
#1711600
0!
#1711700
1!
1&
b101011 ,
#1711800
0!
#1711900
1!
1%
0&
#1712000
0!
0%
#1712100
1!
1*
#1712200
0!
#1712300
1!
0*
b101100 ,
#1712400
0!
#1712500
1!
b101101 ,
#1712600
0!
#1712700
1!
b101110 ,
#1712800
0!
#1712900
1!
b101111 ,
#1713000
0!
#1713100
1!
b110000 ,
#1713200
0!
#1713300
1!
b110001 ,
#1713400
0!
#1713500
1!
b110010 ,
#1713600
0!
#1713700
1!
b110011 ,
#1713800
0!
#1713900
1!
1&
b110100 ,
#1714000
0!
#1714100
1!
1%
0&
#1714200
0!
0%
#1714300
1!
1*
1+
#1714400
0!
#1714500
1!
0*
0+
#1714600
0!
#1714700
1!
1&
b110101 ,
#1714800
0!
#1714900
1!
1%
0&
#1715000
0!
0%
#1715100
1!
1*
#1715200
0!
#1715300
1!
1&
0*
b110110 ,
#1715400
0!
#1715500
1!
1%
0&
#1715600
0!
0%
#1715700
1!
1*
1+
#1715800
0!
#1715900
1!
0*
0+
#1716000
0!
#1716100
1!
1&
b110111 ,
#1716200
0!
#1716300
1!
1%
0&
#1716400
0!
0%
#1716500
1!
1*
#1716600
0!
#1716700
1!
1&
0*
b111000 ,
#1716800
0!
#1716900
1!
1%
0&
#1717000
0!
0%
#1717100
1!
1*
#1717200
0!
#1717300
1!
1&
0*
b111001 ,
#1717400
0!
#1717500
1!
1%
0&
#1717600
0!
0%
#1717700
1!
1*
1+
#1717800
0!
#1717900
1!
0*
0+
#1718000
0!
#1718100
1!
1&
b111010 ,
#1718200
0!
#1718300
1!
1%
0&
#1718400
0!
0%
#1718500
1!
1*
1+
#1718600
0!
#1718700
1!
0*
0+
#1718800
0!
#1718900
1!
1&
b111011 ,
#1719000
0!
#1719100
1!
1%
0&
#1719200
0!
0%
#1719300
1!
1*
#1719400
0!
#1719500
1!
0*
b111100 ,
#1719600
0!
#1719700
1!
b111101 ,
#1719800
0!
#1719900
1!
b111110 ,
#1720000
0!
#1720100
1!
b111111 ,
#1720200
0!
#1720300
1!
1&
b1000000 ,
#1720400
0!
#1720500
1!
1%
0&
#1720600
0!
0%
#1720700
1!
1*
1+
#1720800
0!
#1720900
1!
0*
0+
#1721000
0!
#1721100
1!
1&
b1000001 ,
#1721200
0!
#1721300
1!
1%
0&
#1721400
0!
0%
#1721500
1!
1*
#1721600
0!
#1721700
1!
1&
0*
b1000010 ,
#1721800
0!
#1721900
1!
1%
0&
#1722000
0!
0%
#1722100
1!
1*
1+
#1722200
0!
#1722300
1!
0*
0+
#1722400
0!
#1722500
1!
1&
b1000011 ,
#1722600
0!
#1722700
1!
1%
0&
#1722800
0!
0%
#1722900
1!
1*
1+
#1723000
0!
#1723100
1!
0*
0+
#1723200
0!
#1723300
1!
b1000100 ,
#1723400
0!
#1723500
1!
b1000101 ,
#1723600
0!
#1723700
1!
b1000110 ,
#1723800
0!
#1723900
1!
b1000111 ,
#1724000
0!
#1724100
1!
b1001000 ,
#1724200
0!
#1724300
1!
b1001001 ,
#1724400
0!
#1724500
1!
b1001010 ,
#1724600
0!
#1724700
1!
b1001011 ,
#1724800
0!
#1724900
1!
1&
b1001100 ,
#1725000
0!
#1725100
1!
1%
0&
#1725200
0!
0%
#1725300
1!
1*
1+
#1725400
0!
#1725500
1!
0*
0+
#1725600
0!
#1725700
1!
1&
b1001101 ,
#1725800
0!
#1725900
1!
1%
0&
#1726000
0!
0%
#1726100
1!
1*
1+
#1726200
0!
#1726300
1!
0*
0+
#1726400
0!
#1726500
1!
1&
b1001110 ,
#1726600
0!
#1726700
1!
1%
0&
#1726800
0!
0%
#1726900
1!
1*
#1727000
0!
#1727100
1!
1&
0*
b1001111 ,
#1727200
0!
#1727300
1!
1%
0&
#1727400
0!
0%
#1727500
1!
1*
1+
#1727600
0!
#1727700
1!
0*
0+
#1727800
0!
#1727900
1!
1&
b1010000 ,
#1728000
0!
#1728100
1!
1%
0&
#1728200
0!
0%
#1728300
1!
1*
1+
#1728400
0!
#1728500
1!
0*
0+
#1728600
0!
#1728700
1!
1&
b1010001 ,
#1728800
0!
#1728900
1!
1%
0&
#1729000
0!
0%
#1729100
1!
1*
1+
#1729200
0!
#1729300
1!
0*
0+
#1729400
0!
#1729500
1!
1&
b1010010 ,
#1729600
0!
#1729700
1!
1%
0&
#1729800
0!
0%
#1729900
1!
1*
1+
#1730000
0!
#1730100
1!
0*
0+
#1730200
0!
#1730300
1!
1&
b1010011 ,
#1730400
0!
#1730500
1!
1%
0&
#1730600
0!
0%
#1730700
1!
1*
1+
#1730800
0!
#1730900
1!
0*
0+
#1731000
0!
#1731100
1!
b1010100 ,
#1731200
0!
#1731300
1!
b1010101 ,
#1731400
0!
#1731500
1!
b1010110 ,
#1731600
0!
#1731700
1!
b1010111 ,
#1731800
0!
#1731900
1!
b1011000 ,
#1732000
0!
#1732100
1!
b1011001 ,
#1732200
0!
#1732300
1!
b1011010 ,
#1732400
0!
#1732500
1!
b1011011 ,
#1732600
0!
#1732700
1!
1&
b1011100 ,
#1732800
0!
#1732900
1!
1%
0&
#1733000
0!
0%
#1733100
1!
1*
1+
#1733200
0!
#1733300
1!
0*
0+
#1733400
0!
#1733500
1!
1&
b1011101 ,
#1733600
0!
#1733700
1!
1%
0&
#1733800
0!
0%
#1733900
1!
1*
1+
#1734000
0!
#1734100
1!
0*
0+
#1734200
0!
#1734300
1!
1&
b1011110 ,
#1734400
0!
#1734500
1!
1%
0&
#1734600
0!
0%
#1734700
1!
1*
#1734800
0!
#1734900
1!
1&
0*
b1011111 ,
#1735000
0!
#1735100
1!
1%
0&
#1735200
0!
0%
#1735300
1!
1*
1+
#1735400
0!
#1735500
1!
0*
0+
#1735600
0!
#1735700
1!
b1100000 ,
#1735800
0!
#1735900
1!
b1100001 ,
#1736000
0!
#1736100
1!
b1100010 ,
#1736200
0!
#1736300
1!
b1100011 ,
#1736400
0!
#1736500
1!
1&
b1100100 ,
#1736600
0!
#1736700
1!
1%
0&
#1736800
0!
0%
#1736900
1!
1*
1+
#1737000
0!
#1737100
1!
0*
0+
#1737200
0!
#1737300
1!
1&
b1100101 ,
#1737400
0!
#1737500
1!
1%
0&
#1737600
0!
0%
#1737700
1!
1*
1+
#1737800
0!
#1737900
1!
0*
0+
#1738000
0!
#1738100
1!
1&
b1100110 ,
#1738200
0!
#1738300
1!
1%
0&
#1738400
0!
0%
#1738500
1!
1*
1+
#1738600
0!
#1738700
1!
0*
0+
#1738800
0!
#1738900
1!
1&
b1100111 ,
#1739000
0!
#1739100
1!
1%
0&
#1739200
0!
0%
#1739300
1!
1*
#1739400
0!
#1739500
1!
1&
0*
b1101000 ,
#1739600
0!
#1739700
1!
1%
0&
#1739800
0!
0%
#1739900
1!
1*
#1740000
0!
#1740100
1!
1&
0*
b1101001 ,
#1740200
0!
#1740300
1!
1%
0&
#1740400
0!
0%
#1740500
1!
1*
1+
#1740600
0!
#1740700
1!
0*
0+
#1740800
0!
#1740900
1!
1&
b1101010 ,
#1741000
0!
#1741100
1!
1%
0&
#1741200
0!
0%
#1741300
1!
1*
1+
#1741400
0!
#1741500
1!
0*
0+
#1741600
0!
#1741700
1!
1&
b1101011 ,
#1741800
0!
#1741900
1!
1%
0&
#1742000
0!
0%
#1742100
1!
1*
1+
#1742200
0!
#1742300
1!
0*
0+
#1742400
0!
#1742500
1!
b1101100 ,
#1742600
0!
#1742700
1!
b1101101 ,
#1742800
0!
#1742900
1!
b1101110 ,
#1743000
0!
#1743100
1!
b1101111 ,
#1743200
0!
#1743300
1!
b1110000 ,
#1743400
0!
#1743500
1!
b1110001 ,
#1743600
0!
#1743700
1!
b1110010 ,
#1743800
0!
#1743900
1!
b1110011 ,
#1744000
0!
#1744100
1!
1&
b1110100 ,
#1744200
0!
#1744300
1!
1%
0&
#1744400
0!
0%
#1744500
1!
1*
1+
#1744600
0!
#1744700
1!
0*
0+
#1744800
0!
#1744900
1!
1&
b1110101 ,
#1745000
0!
#1745100
1!
1%
0&
#1745200
0!
0%
#1745300
1!
1*
1+
#1745400
0!
#1745500
1!
0*
0+
#1745600
0!
#1745700
1!
1&
b1110110 ,
#1745800
0!
#1745900
1!
1%
0&
#1746000
0!
0%
#1746100
1!
1*
#1746200
0!
#1746300
1!
1&
0*
b1110111 ,
#1746400
0!
#1746500
1!
1%
0&
#1746600
0!
0%
#1746700
1!
1*
1+
#1746800
0!
#1746900
1!
0*
0+
#1747000
0!
#1747100
1!
1&
b1111000 ,
#1747200
0!
#1747300
1!
1%
0&
#1747400
0!
0%
#1747500
1!
1*
1+
#1747600
0!
#1747700
1!
0*
0+
#1747800
0!
#1747900
1!
1&
b1111001 ,
#1748000
0!
#1748100
1!
1%
0&
#1748200
0!
0%
#1748300
1!
1*
1+
#1748400
0!
#1748500
1!
0*
0+
#1748600
0!
#1748700
1!
1&
b1111010 ,
#1748800
0!
#1748900
1!
1%
0&
#1749000
0!
0%
#1749100
1!
1*
1+
#1749200
0!
#1749300
1!
0*
0+
#1749400
0!
#1749500
1!
1&
b1111011 ,
#1749600
0!
#1749700
1!
1%
0&
#1749800
0!
0%
#1749900
1!
1*
1+
#1750000
0!
#1750100
1!
0*
0+
#1750200
0!
#1750300
1!
b1111100 ,
#1750400
0!
#1750500
1!
b1111101 ,
#1750600
0!
#1750700
1!
b1111110 ,
#1750800
0!
#1750900
1!
b1111111 ,
#1751000
0!
#1751100
1!
#1751200
0!
#1751300
1!
b10011011011 .
b11011000000 /
#1751400
0!
#1751500
1!
#1751600
0!
#1751700
1!
b0 ,
#1751800
0!
#1751900
1!
b1 ,
#1752000
0!
#1752100
1!
b10 ,
#1752200
0!
#1752300
1!
b11 ,
#1752400
0!
#1752500
1!
1&
b100 ,
#1752600
0!
#1752700
1!
1%
0&
#1752800
0!
0%
#1752900
1!
1*
1+
#1753000
0!
#1753100
1!
0*
0+
#1753200
0!
#1753300
1!
1&
b101 ,
#1753400
0!
#1753500
1!
1%
0&
#1753600
0!
0%
#1753700
1!
1*
1+
#1753800
0!
#1753900
1!
0*
0+
#1754000
0!
#1754100
1!
1&
b110 ,
#1754200
0!
#1754300
1!
1%
0&
#1754400
0!
0%
#1754500
1!
1*
1+
#1754600
0!
#1754700
1!
0*
0+
#1754800
0!
#1754900
1!
1&
b111 ,
#1755000
0!
#1755100
1!
1%
0&
#1755200
0!
0%
#1755300
1!
1*
#1755400
0!
#1755500
1!
1&
0*
b1000 ,
#1755600
0!
#1755700
1!
1%
0&
#1755800
0!
0%
#1755900
1!
1*
1+
#1756000
0!
#1756100
1!
0*
0+
#1756200
0!
#1756300
1!
1&
b1001 ,
#1756400
0!
#1756500
1!
1%
0&
#1756600
0!
0%
#1756700
1!
1*
1+
#1756800
0!
#1756900
1!
0*
0+
#1757000
0!
#1757100
1!
1&
b1010 ,
#1757200
0!
#1757300
1!
1%
0&
#1757400
0!
0%
#1757500
1!
1*
1+
#1757600
0!
#1757700
1!
0*
0+
#1757800
0!
#1757900
1!
1&
b1011 ,
#1758000
0!
#1758100
1!
1%
0&
#1758200
0!
0%
#1758300
1!
1*
1+
#1758400
0!
#1758500
1!
0*
0+
#1758600
0!
#1758700
1!
b1100 ,
#1758800
0!
#1758900
1!
b1101 ,
#1759000
0!
#1759100
1!
b1110 ,
#1759200
0!
#1759300
1!
b1111 ,
#1759400
0!
#1759500
1!
b10000 ,
#1759600
0!
#1759700
1!
b10001 ,
#1759800
0!
#1759900
1!
b10010 ,
#1760000
0!
#1760100
1!
b10011 ,
#1760200
0!
#1760300
1!
1&
b10100 ,
#1760400
0!
#1760500
1!
1%
0&
#1760600
0!
0%
#1760700
1!
1*
1+
#1760800
0!
#1760900
1!
0*
0+
#1761000
0!
#1761100
1!
1&
b10101 ,
#1761200
0!
#1761300
1!
1%
0&
#1761400
0!
0%
#1761500
1!
1*
1+
#1761600
0!
#1761700
1!
0*
0+
#1761800
0!
#1761900
1!
1&
b10110 ,
#1762000
0!
#1762100
1!
1%
0&
#1762200
0!
0%
#1762300
1!
1*
1+
#1762400
0!
#1762500
1!
0*
0+
#1762600
0!
#1762700
1!
1&
b10111 ,
#1762800
0!
#1762900
1!
1%
0&
#1763000
0!
0%
#1763100
1!
1*
1+
#1763200
0!
#1763300
1!
0*
0+
#1763400
0!
#1763500
1!
1&
b11000 ,
#1763600
0!
#1763700
1!
1%
0&
#1763800
0!
0%
#1763900
1!
1*
1+
#1764000
0!
#1764100
1!
0*
0+
#1764200
0!
#1764300
1!
1&
b11001 ,
#1764400
0!
#1764500
1!
1%
0&
#1764600
0!
0%
#1764700
1!
1*
#1764800
0!
#1764900
1!
1&
0*
b11010 ,
#1765000
0!
#1765100
1!
1%
0&
#1765200
0!
0%
#1765300
1!
1*
1+
#1765400
0!
#1765500
1!
0*
0+
#1765600
0!
#1765700
1!
1&
b11011 ,
#1765800
0!
#1765900
1!
1%
0&
#1766000
0!
0%
#1766100
1!
1*
1+
#1766200
0!
#1766300
1!
0*
0+
#1766400
0!
#1766500
1!
b11100 ,
#1766600
0!
#1766700
1!
b11101 ,
#1766800
0!
#1766900
1!
b11110 ,
#1767000
0!
#1767100
1!
b11111 ,
#1767200
0!
#1767300
1!
1&
b100000 ,
#1767400
0!
#1767500
1!
1%
0&
#1767600
0!
0%
#1767700
1!
1*
1+
#1767800
0!
#1767900
1!
0*
0+
#1768000
0!
#1768100
1!
1&
b100001 ,
#1768200
0!
#1768300
1!
1%
0&
#1768400
0!
0%
#1768500
1!
1*
1+
#1768600
0!
#1768700
1!
0*
0+
#1768800
0!
#1768900
1!
1&
b100010 ,
#1769000
0!
#1769100
1!
1%
0&
#1769200
0!
0%
#1769300
1!
1*
1+
#1769400
0!
#1769500
1!
0*
0+
#1769600
0!
#1769700
1!
1&
b100011 ,
#1769800
0!
#1769900
1!
1%
0&
#1770000
0!
0%
#1770100
1!
1*
1+
#1770200
0!
#1770300
1!
0*
0+
#1770400
0!
#1770500
1!
b100100 ,
#1770600
0!
#1770700
1!
b100101 ,
#1770800
0!
#1770900
1!
b100110 ,
#1771000
0!
#1771100
1!
b100111 ,
#1771200
0!
#1771300
1!
b101000 ,
#1771400
0!
#1771500
1!
b101001 ,
#1771600
0!
#1771700
1!
b101010 ,
#1771800
0!
#1771900
1!
b101011 ,
#1772000
0!
#1772100
1!
1&
b101100 ,
#1772200
0!
#1772300
1!
1%
0&
#1772400
0!
0%
#1772500
1!
1*
1+
#1772600
0!
#1772700
1!
0*
0+
#1772800
0!
#1772900
1!
1&
b101101 ,
#1773000
0!
#1773100
1!
1%
0&
#1773200
0!
0%
#1773300
1!
1*
#1773400
0!
#1773500
1!
1&
0*
b101110 ,
#1773600
0!
#1773700
1!
1%
0&
#1773800
0!
0%
#1773900
1!
1*
#1774000
0!
#1774100
1!
1&
0*
b101111 ,
#1774200
0!
#1774300
1!
1%
0&
#1774400
0!
0%
#1774500
1!
1*
1+
#1774600
0!
#1774700
1!
0*
0+
#1774800
0!
#1774900
1!
1&
b110000 ,
#1775000
0!
#1775100
1!
1%
0&
#1775200
0!
0%
#1775300
1!
1*
1+
#1775400
0!
#1775500
1!
0*
0+
#1775600
0!
#1775700
1!
1&
b110001 ,
#1775800
0!
#1775900
1!
1%
0&
#1776000
0!
0%
#1776100
1!
1*
1+
#1776200
0!
#1776300
1!
0*
0+
#1776400
0!
#1776500
1!
1&
b110010 ,
#1776600
0!
#1776700
1!
1%
0&
#1776800
0!
0%
#1776900
1!
1*
#1777000
0!
#1777100
1!
1&
0*
b110011 ,
#1777200
0!
#1777300
1!
1%
0&
#1777400
0!
0%
#1777500
1!
1*
1+
#1777600
0!
#1777700
1!
0*
0+
#1777800
0!
#1777900
1!
b110100 ,
#1778000
0!
#1778100
1!
b110101 ,
#1778200
0!
#1778300
1!
b110110 ,
#1778400
0!
#1778500
1!
b110111 ,
#1778600
0!
#1778700
1!
b111000 ,
#1778800
0!
#1778900
1!
b111001 ,
#1779000
0!
#1779100
1!
b111010 ,
#1779200
0!
#1779300
1!
b111011 ,
#1779400
0!
#1779500
1!
1&
b111100 ,
#1779600
0!
#1779700
1!
1%
0&
#1779800
0!
0%
#1779900
1!
1*
1+
#1780000
0!
#1780100
1!
0*
0+
#1780200
0!
#1780300
1!
1&
b111101 ,
#1780400
0!
#1780500
1!
1%
0&
#1780600
0!
0%
#1780700
1!
1*
#1780800
0!
#1780900
1!
1&
0*
b111110 ,
#1781000
0!
#1781100
1!
1%
0&
#1781200
0!
0%
#1781300
1!
1*
#1781400
0!
#1781500
1!
1&
0*
b111111 ,
#1781600
0!
#1781700
1!
1%
0&
#1781800
0!
0%
#1781900
1!
1*
1+
#1782000
0!
#1782100
1!
0*
0+
#1782200
0!
#1782300
1!
b1000000 ,
#1782400
0!
#1782500
1!
b1000001 ,
#1782600
0!
#1782700
1!
b1000010 ,
#1782800
0!
#1782900
1!
b1000011 ,
#1783000
0!
#1783100
1!
1&
b1000100 ,
#1783200
0!
#1783300
1!
1%
0&
#1783400
0!
0%
#1783500
1!
1*
1+
#1783600
0!
#1783700
1!
0*
0+
#1783800
0!
#1783900
1!
1&
b1000101 ,
#1784000
0!
#1784100
1!
1%
0&
#1784200
0!
0%
#1784300
1!
1*
1+
#1784400
0!
#1784500
1!
0*
0+
#1784600
0!
#1784700
1!
1&
b1000110 ,
#1784800
0!
#1784900
1!
1%
0&
#1785000
0!
0%
#1785100
1!
1*
1+
#1785200
0!
#1785300
1!
0*
0+
#1785400
0!
#1785500
1!
1&
b1000111 ,
#1785600
0!
#1785700
1!
1%
0&
#1785800
0!
0%
#1785900
1!
1*
1+
#1786000
0!
#1786100
1!
0*
0+
#1786200
0!
#1786300
1!
1&
b1001000 ,
#1786400
0!
#1786500
1!
1%
0&
#1786600
0!
0%
#1786700
1!
1*
#1786800
0!
#1786900
1!
1&
0*
b1001001 ,
#1787000
0!
#1787100
1!
1%
0&
#1787200
0!
0%
#1787300
1!
1*
1+
#1787400
0!
#1787500
1!
0*
0+
#1787600
0!
#1787700
1!
1&
b1001010 ,
#1787800
0!
#1787900
1!
1%
0&
#1788000
0!
0%
#1788100
1!
1*
#1788200
0!
#1788300
1!
1&
0*
b1001011 ,
#1788400
0!
#1788500
1!
1%
0&
#1788600
0!
0%
#1788700
1!
1*
#1788800
0!
#1788900
1!
0*
b1001100 ,
#1789000
0!
#1789100
1!
b1001101 ,
#1789200
0!
#1789300
1!
b1001110 ,
#1789400
0!
#1789500
1!
b1001111 ,
#1789600
0!
#1789700
1!
b1010000 ,
#1789800
0!
#1789900
1!
b1010001 ,
#1790000
0!
#1790100
1!
b1010010 ,
#1790200
0!
#1790300
1!
b1010011 ,
#1790400
0!
#1790500
1!
1&
b1010100 ,
#1790600
0!
#1790700
1!
1%
0&
#1790800
0!
0%
#1790900
1!
1*
1+
#1791000
0!
#1791100
1!
0*
0+
#1791200
0!
#1791300
1!
1&
b1010101 ,
#1791400
0!
#1791500
1!
1%
0&
#1791600
0!
0%
#1791700
1!
1*
#1791800
0!
#1791900
1!
1&
0*
b1010110 ,
#1792000
0!
#1792100
1!
1%
0&
#1792200
0!
0%
#1792300
1!
1*
1+
#1792400
0!
#1792500
1!
0*
0+
#1792600
0!
#1792700
1!
1&
b1010111 ,
#1792800
0!
#1792900
1!
1%
0&
#1793000
0!
0%
#1793100
1!
1*
#1793200
0!
#1793300
1!
1&
0*
b1011000 ,
#1793400
0!
#1793500
1!
1%
0&
#1793600
0!
0%
#1793700
1!
1*
#1793800
0!
#1793900
1!
1&
0*
b1011001 ,
#1794000
0!
#1794100
1!
1%
0&
#1794200
0!
0%
#1794300
1!
1*
1+
#1794400
0!
#1794500
1!
0*
0+
#1794600
0!
#1794700
1!
1&
b1011010 ,
#1794800
0!
#1794900
1!
1%
0&
#1795000
0!
0%
#1795100
1!
1*
1+
#1795200
0!
#1795300
1!
0*
0+
#1795400
0!
#1795500
1!
1&
b1011011 ,
#1795600
0!
#1795700
1!
1%
0&
#1795800
0!
0%
#1795900
1!
1*
1+
#1796000
0!
#1796100
1!
0*
0+
#1796200
0!
#1796300
1!
b1011100 ,
#1796400
0!
#1796500
1!
b1011101 ,
#1796600
0!
#1796700
1!
b1011110 ,
#1796800
0!
#1796900
1!
b1011111 ,
#1797000
0!
#1797100
1!
1&
b1100000 ,
#1797200
0!
#1797300
1!
1%
0&
#1797400
0!
0%
#1797500
1!
1*
1+
#1797600
0!
#1797700
1!
0*
0+
#1797800
0!
#1797900
1!
1&
b1100001 ,
#1798000
0!
#1798100
1!
1%
0&
#1798200
0!
0%
#1798300
1!
1*
#1798400
0!
#1798500
1!
1&
0*
b1100010 ,
#1798600
0!
#1798700
1!
1%
0&
#1798800
0!
0%
#1798900
1!
1*
#1799000
0!
#1799100
1!
1&
0*
b1100011 ,
#1799200
0!
#1799300
1!
1%
0&
#1799400
0!
0%
#1799500
1!
1*
#1799600
0!
#1799700
1!
0*
b1100100 ,
#1799800
0!
#1799900
1!
b1100101 ,
#1800000
0!
#1800100
1!
b1100110 ,
#1800200
0!
#1800300
1!
b1100111 ,
#1800400
0!
#1800500
1!
b1101000 ,
#1800600
0!
#1800700
1!
b1101001 ,
#1800800
0!
#1800900
1!
b1101010 ,
#1801000
0!
#1801100
1!
b1101011 ,
#1801200
0!
#1801300
1!
1&
b1101100 ,
#1801400
0!
#1801500
1!
1%
0&
#1801600
0!
0%
#1801700
1!
1*
#1801800
0!
#1801900
1!
1&
0*
b1101101 ,
#1802000
0!
#1802100
1!
1%
0&
#1802200
0!
0%
#1802300
1!
1*
#1802400
0!
#1802500
1!
1&
0*
b1101110 ,
#1802600
0!
#1802700
1!
1%
0&
#1802800
0!
0%
#1802900
1!
1*
1+
#1803000
0!
#1803100
1!
0*
0+
#1803200
0!
#1803300
1!
1&
b1101111 ,
#1803400
0!
#1803500
1!
1%
0&
#1803600
0!
0%
#1803700
1!
1*
#1803800
0!
#1803900
1!
1&
0*
b1110000 ,
#1804000
0!
#1804100
1!
1%
0&
#1804200
0!
0%
#1804300
1!
1*
1+
#1804400
0!
#1804500
1!
0*
0+
#1804600
0!
#1804700
1!
1&
b1110001 ,
#1804800
0!
#1804900
1!
1%
0&
#1805000
0!
0%
#1805100
1!
1*
1+
#1805200
0!
#1805300
1!
0*
0+
#1805400
0!
#1805500
1!
1&
b1110010 ,
#1805600
0!
#1805700
1!
1%
0&
#1805800
0!
0%
#1805900
1!
1*
#1806000
0!
#1806100
1!
1&
0*
b1110011 ,
#1806200
0!
#1806300
1!
1%
0&
#1806400
0!
0%
#1806500
1!
1*
1+
#1806600
0!
#1806700
1!
0*
0+
#1806800
0!
#1806900
1!
b1110100 ,
#1807000
0!
#1807100
1!
b1110101 ,
#1807200
0!
#1807300
1!
b1110110 ,
#1807400
0!
#1807500
1!
b1110111 ,
#1807600
0!
#1807700
1!
b1111000 ,
#1807800
0!
#1807900
1!
b1111001 ,
#1808000
0!
#1808100
1!
b1111010 ,
#1808200
0!
#1808300
1!
b1111011 ,
#1808400
0!
#1808500
1!
1&
b1111100 ,
#1808600
0!
#1808700
1!
1%
0&
#1808800
0!
0%
#1808900
1!
1*
1+
#1809000
0!
#1809100
1!
0*
0+
#1809200
0!
#1809300
1!
1&
b1111101 ,
#1809400
0!
#1809500
1!
1%
0&
#1809600
0!
0%
#1809700
1!
1*
1+
#1809800
0!
#1809900
1!
0*
0+
#1810000
0!
#1810100
1!
1&
b1111110 ,
#1810200
0!
#1810300
1!
1%
0&
#1810400
0!
0%
#1810500
1!
1*
1+
#1810600
0!
#1810700
1!
0*
0+
#1810800
0!
#1810900
1!
1&
b1111111 ,
#1811000
0!
#1811100
1!
1%
0&
#1811200
0!
0%
#1811300
1!
1*
1+
#1811400
0!
#1811500
1!
0*
0+
#1811600
0!
#1811700
1!
#1811800
0!
#1811900
1!
b10100000111 .
b11100000000 /
#1812000
0!
#1812100
1!
#1812200
0!
#1812300
1!
1&
b0 ,
#1812400
0!
#1812500
1!
1%
0&
#1812600
0!
0%
#1812700
1!
1*
1+
#1812800
0!
#1812900
1!
0*
0+
1-
#1813000
0!
#1813100
1!
1&
1(
b11101010100001110010100011111010 )
b1 ,
0-
#1813200
0!
0(
#1813300
1!
1%
0&
#1813400
0!
0%
#1813500
1!
1*
1+
#1813600
0!
#1813700
1!
0*
0+
#1813800
0!
#1813900
1!
1&
b10 ,
#1814000
0!
#1814100
1!
1%
0&
#1814200
0!
0%
#1814300
1!
1*
1+
#1814400
0!
#1814500
1!
0*
0+
#1814600
0!
#1814700
1!
1&
b11 ,
#1814800
0!
#1814900
1!
1%
0&
#1815000
0!
0%
#1815100
1!
1*
1+
#1815200
0!
#1815300
1!
0*
0+
#1815400
0!
#1815500
1!
b100 ,
#1815600
0!
#1815700
1!
b101 ,
#1815800
0!
#1815900
1!
b110 ,
#1816000
0!
#1816100
1!
b111 ,
#1816200
0!
#1816300
1!
b1000 ,
#1816400
0!
#1816500
1!
b1001 ,
#1816600
0!
#1816700
1!
b1010 ,
#1816800
0!
#1816900
1!
b1011 ,
#1817000
0!
#1817100
1!
1&
b1100 ,
#1817200
0!
#1817300
1!
1%
0&
#1817400
0!
0%
#1817500
1!
1*
#1817600
0!
#1817700
1!
1&
0*
b1101 ,
#1817800
0!
#1817900
1!
1%
0&
#1818000
0!
0%
#1818100
1!
1*
1+
#1818200
0!
#1818300
1!
0*
0+
#1818400
0!
#1818500
1!
1&
b1110 ,
#1818600
0!
#1818700
1!
1%
0&
#1818800
0!
0%
#1818900
1!
1*
1+
#1819000
0!
#1819100
1!
0*
0+
#1819200
0!
#1819300
1!
1&
b1111 ,
#1819400
0!
#1819500
1!
1%
0&
#1819600
0!
0%
#1819700
1!
1*
1+
#1819800
0!
#1819900
1!
0*
0+
#1820000
0!
#1820100
1!
1&
b10000 ,
#1820200
0!
#1820300
1!
1%
0&
#1820400
0!
0%
#1820500
1!
1*
1+
#1820600
0!
#1820700
1!
0*
0+
#1820800
0!
#1820900
1!
1&
b10001 ,
#1821000
0!
#1821100
1!
1%
0&
#1821200
0!
0%
#1821300
1!
1*
1+
#1821400
0!
#1821500
1!
0*
0+
#1821600
0!
#1821700
1!
1&
b10010 ,
#1821800
0!
#1821900
1!
1%
0&
#1822000
0!
0%
#1822100
1!
1*
#1822200
0!
#1822300
1!
1&
0*
b10011 ,
#1822400
0!
#1822500
1!
1%
0&
#1822600
0!
0%
#1822700
1!
1*
1+
#1822800
0!
#1822900
1!
0*
0+
#1823000
0!
#1823100
1!
b10100 ,
#1823200
0!
#1823300
1!
b10101 ,
#1823400
0!
#1823500
1!
b10110 ,
#1823600
0!
#1823700
1!
b10111 ,
#1823800
0!
#1823900
1!
b11000 ,
#1824000
0!
#1824100
1!
b11001 ,
#1824200
0!
#1824300
1!
b11010 ,
#1824400
0!
#1824500
1!
b11011 ,
#1824600
0!
#1824700
1!
1&
b11100 ,
#1824800
0!
#1824900
1!
1%
0&
#1825000
0!
0%
#1825100
1!
1*
1+
#1825200
0!
#1825300
1!
0*
0+
#1825400
0!
#1825500
1!
1&
b11101 ,
#1825600
0!
#1825700
1!
1%
0&
#1825800
0!
0%
#1825900
1!
1*
1+
#1826000
0!
#1826100
1!
0*
0+
#1826200
0!
#1826300
1!
1&
b11110 ,
#1826400
0!
#1826500
1!
1%
0&
#1826600
0!
0%
#1826700
1!
1*
1+
#1826800
0!
#1826900
1!
0*
0+
#1827000
0!
#1827100
1!
1&
b11111 ,
#1827200
0!
#1827300
1!
1%
0&
#1827400
0!
0%
#1827500
1!
1*
1+
#1827600
0!
#1827700
1!
0*
0+
#1827800
0!
#1827900
1!
b100000 ,
#1828000
0!
#1828100
1!
b100001 ,
#1828200
0!
#1828300
1!
b100010 ,
#1828400
0!
#1828500
1!
b100011 ,
#1828600
0!
#1828700
1!
1&
b100100 ,
#1828800
0!
#1828900
1!
1%
0&
#1829000
0!
0%
#1829100
1!
1*
1+
#1829200
0!
#1829300
1!
0*
0+
#1829400
0!
#1829500
1!
1&
b100101 ,
#1829600
0!
#1829700
1!
1%
0&
#1829800
0!
0%
#1829900
1!
1*
1+
#1830000
0!
#1830100
1!
0*
0+
#1830200
0!
#1830300
1!
1&
b100110 ,
#1830400
0!
#1830500
1!
1%
0&
#1830600
0!
0%
#1830700
1!
1*
#1830800
0!
#1830900
1!
1&
0*
b100111 ,
#1831000
0!
#1831100
1!
1%
0&
#1831200
0!
0%
#1831300
1!
1*
#1831400
0!
#1831500
1!
1&
0*
b101000 ,
#1831600
0!
#1831700
1!
1%
0&
#1831800
0!
0%
#1831900
1!
1*
1+
#1832000
0!
#1832100
1!
0*
0+
#1832200
0!
#1832300
1!
1&
b101001 ,
#1832400
0!
#1832500
1!
1%
0&
#1832600
0!
0%
#1832700
1!
1*
1+
#1832800
0!
#1832900
1!
0*
0+
#1833000
0!
#1833100
1!
1&
b101010 ,
#1833200
0!
#1833300
1!
1%
0&
#1833400
0!
0%
#1833500
1!
1*
1+
#1833600
0!
#1833700
1!
0*
0+
#1833800
0!
#1833900
1!
1&
b101011 ,
#1834000
0!
#1834100
1!
1%
0&
#1834200
0!
0%
#1834300
1!
1*
#1834400
0!
#1834500
1!
0*
b101100 ,
#1834600
0!
#1834700
1!
b101101 ,
#1834800
0!
#1834900
1!
b101110 ,
#1835000
0!
#1835100
1!
b101111 ,
#1835200
0!
#1835300
1!
b110000 ,
#1835400
0!
#1835500
1!
b110001 ,
#1835600
0!
#1835700
1!
b110010 ,
#1835800
0!
#1835900
1!
b110011 ,
#1836000
0!
#1836100
1!
1&
b110100 ,
#1836200
0!
#1836300
1!
1%
0&
#1836400
0!
0%
#1836500
1!
1*
1+
#1836600
0!
#1836700
1!
0*
0+
#1836800
0!
#1836900
1!
1&
b110101 ,
#1837000
0!
#1837100
1!
1%
0&
#1837200
0!
0%
#1837300
1!
1*
#1837400
0!
#1837500
1!
1&
0*
b110110 ,
#1837600
0!
#1837700
1!
1%
0&
#1837800
0!
0%
#1837900
1!
1*
1+
#1838000
0!
#1838100
1!
0*
0+
#1838200
0!
#1838300
1!
1&
b110111 ,
#1838400
0!
#1838500
1!
1%
0&
#1838600
0!
0%
#1838700
1!
1*
#1838800
0!
#1838900
1!
1&
0*
b111000 ,
#1839000
0!
#1839100
1!
1%
0&
#1839200
0!
0%
#1839300
1!
1*
#1839400
0!
#1839500
1!
1&
0*
b111001 ,
#1839600
0!
#1839700
1!
1%
0&
#1839800
0!
0%
#1839900
1!
1*
1+
#1840000
0!
#1840100
1!
0*
0+
#1840200
0!
#1840300
1!
1&
b111010 ,
#1840400
0!
#1840500
1!
1%
0&
#1840600
0!
0%
#1840700
1!
1*
1+
#1840800
0!
#1840900
1!
0*
0+
#1841000
0!
#1841100
1!
1&
b111011 ,
#1841200
0!
#1841300
1!
1%
0&
#1841400
0!
0%
#1841500
1!
1*
1+
#1841600
0!
#1841700
1!
0*
0+
#1841800
0!
#1841900
1!
b111100 ,
#1842000
0!
#1842100
1!
b111101 ,
#1842200
0!
#1842300
1!
b111110 ,
#1842400
0!
#1842500
1!
b111111 ,
#1842600
0!
#1842700
1!
1&
b1000000 ,
#1842800
0!
#1842900
1!
1%
0&
#1843000
0!
0%
#1843100
1!
1*
1+
#1843200
0!
#1843300
1!
0*
0+
#1843400
0!
#1843500
1!
1&
b1000001 ,
#1843600
0!
#1843700
1!
1%
0&
#1843800
0!
0%
#1843900
1!
1*
1+
#1844000
0!
#1844100
1!
0*
0+
#1844200
0!
#1844300
1!
1&
b1000010 ,
#1844400
0!
#1844500
1!
1%
0&
#1844600
0!
0%
#1844700
1!
1*
1+
#1844800
0!
#1844900
1!
0*
0+
#1845000
0!
#1845100
1!
1&
b1000011 ,
#1845200
0!
#1845300
1!
1%
0&
#1845400
0!
0%
#1845500
1!
1*
1+
#1845600
0!
#1845700
1!
0*
0+
#1845800
0!
#1845900
1!
b1000100 ,
#1846000
0!
#1846100
1!
b1000101 ,
#1846200
0!
#1846300
1!
b1000110 ,
#1846400
0!
#1846500
1!
b1000111 ,
#1846600
0!
#1846700
1!
b1001000 ,
#1846800
0!
#1846900
1!
b1001001 ,
#1847000
0!
#1847100
1!
b1001010 ,
#1847200
0!
#1847300
1!
b1001011 ,
#1847400
0!
#1847500
1!
1&
b1001100 ,
#1847600
0!
#1847700
1!
1%
0&
#1847800
0!
0%
#1847900
1!
1*
1+
#1848000
0!
#1848100
1!
0*
0+
#1848200
0!
#1848300
1!
1&
b1001101 ,
#1848400
0!
#1848500
1!
1%
0&
#1848600
0!
0%
#1848700
1!
1*
1+
#1848800
0!
#1848900
1!
0*
0+
#1849000
0!
#1849100
1!
1&
b1001110 ,
#1849200
0!
#1849300
1!
1%
0&
#1849400
0!
0%
#1849500
1!
1*
#1849600
0!
#1849700
1!
1&
0*
b1001111 ,
#1849800
0!
#1849900
1!
1%
0&
#1850000
0!
0%
#1850100
1!
1*
#1850200
0!
#1850300
1!
1&
0*
b1010000 ,
#1850400
0!
#1850500
1!
1%
0&
#1850600
0!
0%
#1850700
1!
1*
1+
#1850800
0!
#1850900
1!
0*
0+
#1851000
0!
#1851100
1!
1&
b1010001 ,
#1851200
0!
#1851300
1!
1%
0&
#1851400
0!
0%
#1851500
1!
1*
1+
#1851600
0!
#1851700
1!
0*
0+
#1851800
0!
#1851900
1!
1&
b1010010 ,
#1852000
0!
#1852100
1!
1%
0&
#1852200
0!
0%
#1852300
1!
1*
1+
#1852400
0!
#1852500
1!
0*
0+
#1852600
0!
#1852700
1!
1&
b1010011 ,
#1852800
0!
#1852900
1!
1%
0&
#1853000
0!
0%
#1853100
1!
1*
1+
#1853200
0!
#1853300
1!
0*
0+
#1853400
0!
#1853500
1!
b1010100 ,
#1853600
0!
#1853700
1!
b1010101 ,
#1853800
0!
#1853900
1!
b1010110 ,
#1854000
0!
#1854100
1!
b1010111 ,
#1854200
0!
#1854300
1!
b1011000 ,
#1854400
0!
#1854500
1!
b1011001 ,
#1854600
0!
#1854700
1!
b1011010 ,
#1854800
0!
#1854900
1!
b1011011 ,
#1855000
0!
#1855100
1!
1&
b1011100 ,
#1855200
0!
#1855300
1!
1%
0&
#1855400
0!
0%
#1855500
1!
1*
1+
#1855600
0!
#1855700
1!
0*
0+
#1855800
0!
#1855900
1!
1&
b1011101 ,
#1856000
0!
#1856100
1!
1%
0&
#1856200
0!
0%
#1856300
1!
1*
1+
#1856400
0!
#1856500
1!
0*
0+
#1856600
0!
#1856700
1!
1&
b1011110 ,
#1856800
0!
#1856900
1!
1%
0&
#1857000
0!
0%
#1857100
1!
1*
1+
#1857200
0!
#1857300
1!
0*
0+
#1857400
0!
#1857500
1!
1&
b1011111 ,
#1857600
0!
#1857700
1!
1%
0&
#1857800
0!
0%
#1857900
1!
1*
1+
#1858000
0!
#1858100
1!
0*
0+
#1858200
0!
#1858300
1!
b1100000 ,
#1858400
0!
#1858500
1!
b1100001 ,
#1858600
0!
#1858700
1!
b1100010 ,
#1858800
0!
#1858900
1!
b1100011 ,
#1859000
0!
#1859100
1!
1&
b1100100 ,
#1859200
0!
#1859300
1!
1%
0&
#1859400
0!
0%
#1859500
1!
1*
1+
#1859600
0!
#1859700
1!
0*
0+
#1859800
0!
#1859900
1!
1&
b1100101 ,
#1860000
0!
#1860100
1!
1%
0&
#1860200
0!
0%
#1860300
1!
1*
#1860400
0!
#1860500
1!
1&
0*
b1100110 ,
#1860600
0!
#1860700
1!
1%
0&
#1860800
0!
0%
#1860900
1!
1*
#1861000
0!
#1861100
1!
1&
0*
b1100111 ,
#1861200
0!
#1861300
1!
1%
0&
#1861400
0!
0%
#1861500
1!
1*
1+
#1861600
0!
#1861700
1!
0*
0+
#1861800
0!
#1861900
1!
1&
b1101000 ,
#1862000
0!
#1862100
1!
1%
0&
#1862200
0!
0%
#1862300
1!
1*
1+
#1862400
0!
#1862500
1!
0*
0+
#1862600
0!
#1862700
1!
1&
b1101001 ,
#1862800
0!
#1862900
1!
1%
0&
#1863000
0!
0%
#1863100
1!
1*
1+
#1863200
0!
#1863300
1!
0*
0+
#1863400
0!
#1863500
1!
1&
b1101010 ,
#1863600
0!
#1863700
1!
1%
0&
#1863800
0!
0%
#1863900
1!
1*
#1864000
0!
#1864100
1!
1&
0*
b1101011 ,
#1864200
0!
#1864300
1!
1%
0&
#1864400
0!
0%
#1864500
1!
1*
1+
#1864600
0!
#1864700
1!
0*
0+
#1864800
0!
#1864900
1!
b1101100 ,
#1865000
0!
#1865100
1!
b1101101 ,
#1865200
0!
#1865300
1!
b1101110 ,
#1865400
0!
#1865500
1!
b1101111 ,
#1865600
0!
#1865700
1!
b1110000 ,
#1865800
0!
#1865900
1!
b1110001 ,
#1866000
0!
#1866100
1!
b1110010 ,
#1866200
0!
#1866300
1!
b1110011 ,
#1866400
0!
#1866500
1!
1&
b1110100 ,
#1866600
0!
#1866700
1!
1%
0&
#1866800
0!
0%
#1866900
1!
1*
1+
#1867000
0!
#1867100
1!
0*
0+
#1867200
0!
#1867300
1!
1&
b1110101 ,
#1867400
0!
#1867500
1!
1%
0&
#1867600
0!
0%
#1867700
1!
1*
1+
#1867800
0!
#1867900
1!
0*
0+
#1868000
0!
#1868100
1!
1&
b1110110 ,
#1868200
0!
#1868300
1!
1%
0&
#1868400
0!
0%
#1868500
1!
1*
1+
#1868600
0!
#1868700
1!
0*
0+
#1868800
0!
#1868900
1!
1&
b1110111 ,
#1869000
0!
#1869100
1!
1%
0&
#1869200
0!
0%
#1869300
1!
1*
1+
#1869400
0!
#1869500
1!
0*
0+
#1869600
0!
#1869700
1!
1&
b1111000 ,
#1869800
0!
#1869900
1!
1%
0&
#1870000
0!
0%
#1870100
1!
1*
1+
#1870200
0!
#1870300
1!
0*
0+
#1870400
0!
#1870500
1!
1&
b1111001 ,
#1870600
0!
#1870700
1!
1%
0&
#1870800
0!
0%
#1870900
1!
1*
1+
#1871000
0!
#1871100
1!
0*
0+
#1871200
0!
#1871300
1!
1&
b1111010 ,
#1871400
0!
#1871500
1!
1%
0&
#1871600
0!
0%
#1871700
1!
1*
1+
#1871800
0!
#1871900
1!
0*
0+
#1872000
0!
#1872100
1!
1&
b1111011 ,
#1872200
0!
#1872300
1!
1%
0&
#1872400
0!
0%
#1872500
1!
1*
1+
#1872600
0!
#1872700
1!
0*
0+
#1872800
0!
#1872900
1!
b1111100 ,
#1873000
0!
#1873100
1!
b1111101 ,
#1873200
0!
#1873300
1!
b1111110 ,
#1873400
0!
#1873500
1!
b1111111 ,
#1873600
0!
#1873700
1!
#1873800
0!
#1873900
1!
b10100111010 .
b11101000000 /
#1874000
0!
#1874100
1!
#1874200
0!
#1874300
1!
b0 ,
#1874400
0!
#1874500
1!
b1 ,
#1874600
0!
#1874700
1!
b10 ,
#1874800
0!
#1874900
1!
b11 ,
#1875000
0!
#1875100
1!
1&
b100 ,
#1875200
0!
#1875300
1!
1%
0&
#1875400
0!
0%
#1875500
1!
1*
1+
#1875600
0!
#1875700
1!
0*
0+
#1875800
0!
#1875900
1!
1&
b101 ,
#1876000
0!
#1876100
1!
1%
0&
#1876200
0!
0%
#1876300
1!
1*
1+
#1876400
0!
#1876500
1!
0*
0+
#1876600
0!
#1876700
1!
1&
b110 ,
#1876800
0!
#1876900
1!
1%
0&
#1877000
0!
0%
#1877100
1!
1*
#1877200
0!
#1877300
1!
1&
0*
b111 ,
#1877400
0!
#1877500
1!
1%
0&
#1877600
0!
0%
#1877700
1!
1*
#1877800
0!
#1877900
1!
1&
0*
b1000 ,
#1878000
0!
#1878100
1!
1%
0&
#1878200
0!
0%
#1878300
1!
1*
1+
#1878400
0!
#1878500
1!
0*
0+
#1878600
0!
#1878700
1!
1&
b1001 ,
#1878800
0!
#1878900
1!
1%
0&
#1879000
0!
0%
#1879100
1!
1*
1+
#1879200
0!
#1879300
1!
0*
0+
#1879400
0!
#1879500
1!
1&
b1010 ,
#1879600
0!
#1879700
1!
1%
0&
#1879800
0!
0%
#1879900
1!
1*
1+
#1880000
0!
#1880100
1!
0*
0+
#1880200
0!
#1880300
1!
1&
b1011 ,
#1880400
0!
#1880500
1!
1%
0&
#1880600
0!
0%
#1880700
1!
1*
1+
#1880800
0!
#1880900
1!
0*
0+
#1881000
0!
#1881100
1!
b1100 ,
#1881200
0!
#1881300
1!
b1101 ,
#1881400
0!
#1881500
1!
b1110 ,
#1881600
0!
#1881700
1!
b1111 ,
#1881800
0!
#1881900
1!
b10000 ,
#1882000
0!
#1882100
1!
b10001 ,
#1882200
0!
#1882300
1!
b10010 ,
#1882400
0!
#1882500
1!
b10011 ,
#1882600
0!
#1882700
1!
1&
b10100 ,
#1882800
0!
#1882900
1!
1%
0&
#1883000
0!
0%
#1883100
1!
1*
#1883200
0!
#1883300
1!
1&
0*
b10101 ,
#1883400
0!
#1883500
1!
1%
0&
#1883600
0!
0%
#1883700
1!
1*
#1883800
0!
#1883900
1!
1&
0*
b10110 ,
#1884000
0!
#1884100
1!
1%
0&
#1884200
0!
0%
#1884300
1!
1*
1+
#1884400
0!
#1884500
1!
0*
0+
#1884600
0!
#1884700
1!
1&
b10111 ,
#1884800
0!
#1884900
1!
1%
0&
#1885000
0!
0%
#1885100
1!
1*
#1885200
0!
#1885300
1!
1&
0*
b11000 ,
#1885400
0!
#1885500
1!
1%
0&
#1885600
0!
0%
#1885700
1!
1*
#1885800
0!
#1885900
1!
1&
0*
b11001 ,
#1886000
0!
#1886100
1!
1%
0&
#1886200
0!
0%
#1886300
1!
1*
1+
#1886400
0!
#1886500
1!
0*
0+
#1886600
0!
#1886700
1!
1&
b11010 ,
#1886800
0!
#1886900
1!
1%
0&
#1887000
0!
0%
#1887100
1!
1*
1+
#1887200
0!
#1887300
1!
0*
0+
#1887400
0!
#1887500
1!
1&
b11011 ,
#1887600
0!
#1887700
1!
1%
0&
#1887800
0!
0%
#1887900
1!
1*
#1888000
0!
#1888100
1!
0*
b11100 ,
#1888200
0!
#1888300
1!
b11101 ,
#1888400
0!
#1888500
1!
b11110 ,
#1888600
0!
#1888700
1!
b11111 ,
#1888800
0!
#1888900
1!
1&
b100000 ,
#1889000
0!
#1889100
1!
1%
0&
#1889200
0!
0%
#1889300
1!
1*
#1889400
0!
#1889500
1!
1&
0*
b100001 ,
#1889600
0!
#1889700
1!
1%
0&
#1889800
0!
0%
#1889900
1!
1*
#1890000
0!
#1890100
1!
1&
0*
b100010 ,
#1890200
0!
#1890300
1!
1%
0&
#1890400
0!
0%
#1890500
1!
1*
1+
#1890600
0!
#1890700
1!
0*
0+
#1890800
0!
#1890900
1!
1&
b100011 ,
#1891000
0!
#1891100
1!
1%
0&
#1891200
0!
0%
#1891300
1!
1*
#1891400
0!
#1891500
1!
0*
b100100 ,
#1891600
0!
#1891700
1!
b100101 ,
#1891800
0!
#1891900
1!
b100110 ,
#1892000
0!
#1892100
1!
b100111 ,
#1892200
0!
#1892300
1!
b101000 ,
#1892400
0!
#1892500
1!
b101001 ,
#1892600
0!
#1892700
1!
b101010 ,
#1892800
0!
#1892900
1!
b101011 ,
#1893000
0!
#1893100
1!
1&
b101100 ,
#1893200
0!
#1893300
1!
1%
0&
#1893400
0!
0%
#1893500
1!
1*
#1893600
0!
#1893700
1!
1&
0*
b101101 ,
#1893800
0!
#1893900
1!
1%
0&
#1894000
0!
0%
#1894100
1!
1*
1+
#1894200
0!
#1894300
1!
0*
0+
#1894400
0!
#1894500
1!
1&
b101110 ,
#1894600
0!
#1894700
1!
1%
0&
#1894800
0!
0%
#1894900
1!
1*
#1895000
0!
#1895100
1!
1&
0*
b101111 ,
#1895200
0!
#1895300
1!
1%
0&
#1895400
0!
0%
#1895500
1!
1*
#1895600
0!
#1895700
1!
1&
0*
b110000 ,
#1895800
0!
#1895900
1!
1%
0&
#1896000
0!
0%
#1896100
1!
1*
#1896200
0!
#1896300
1!
1&
0*
b110001 ,
#1896400
0!
#1896500
1!
1%
0&
#1896600
0!
0%
#1896700
1!
1*
#1896800
0!
#1896900
1!
1&
0*
b110010 ,
#1897000
0!
#1897100
1!
1%
0&
#1897200
0!
0%
#1897300
1!
1*
1+
#1897400
0!
#1897500
1!
0*
0+
#1897600
0!
#1897700
1!
1&
b110011 ,
#1897800
0!
#1897900
1!
1%
0&
#1898000
0!
0%
#1898100
1!
1*
1+
#1898200
0!
#1898300
1!
0*
0+
#1898400
0!
#1898500
1!
b110100 ,
#1898600
0!
#1898700
1!
b110101 ,
#1898800
0!
#1898900
1!
b110110 ,
#1899000
0!
#1899100
1!
b110111 ,
#1899200
0!
#1899300
1!
b111000 ,
#1899400
0!
#1899500
1!
b111001 ,
#1899600
0!
#1899700
1!
b111010 ,
#1899800
0!
#1899900
1!
b111011 ,
#1900000
0!
#1900100
1!
1&
b111100 ,
#1900200
0!
#1900300
1!
1%
0&
#1900400
0!
0%
#1900500
1!
1*
1+
#1900600
0!
#1900700
1!
0*
0+
#1900800
0!
#1900900
1!
1&
b111101 ,
#1901000
0!
#1901100
1!
1%
0&
#1901200
0!
0%
#1901300
1!
1*
1+
#1901400
0!
#1901500
1!
0*
0+
#1901600
0!
#1901700
1!
1&
b111110 ,
#1901800
0!
#1901900
1!
1%
0&
#1902000
0!
0%
#1902100
1!
1*
#1902200
0!
#1902300
1!
1&
0*
b111111 ,
#1902400
0!
#1902500
1!
1%
0&
#1902600
0!
0%
#1902700
1!
1*
1+
#1902800
0!
#1902900
1!
0*
0+
#1903000
0!
#1903100
1!
b1000000 ,
#1903200
0!
#1903300
1!
b1000001 ,
#1903400
0!
#1903500
1!
b1000010 ,
#1903600
0!
#1903700
1!
b1000011 ,
#1903800
0!
#1903900
1!
1&
b1000100 ,
#1904000
0!
#1904100
1!
1%
0&
#1904200
0!
0%
#1904300
1!
1*
1+
#1904400
0!
#1904500
1!
0*
0+
#1904600
0!
#1904700
1!
1&
b1000101 ,
#1904800
0!
#1904900
1!
1%
0&
#1905000
0!
0%
#1905100
1!
1*
1+
#1905200
0!
#1905300
1!
0*
0+
#1905400
0!
#1905500
1!
1&
b1000110 ,
#1905600
0!
#1905700
1!
1%
0&
#1905800
0!
0%
#1905900
1!
1*
1+
#1906000
0!
#1906100
1!
0*
0+
#1906200
0!
#1906300
1!
1&
b1000111 ,
#1906400
0!
#1906500
1!
1%
0&
#1906600
0!
0%
#1906700
1!
1*
1+
#1906800
0!
#1906900
1!
0*
0+
#1907000
0!
#1907100
1!
1&
b1001000 ,
#1907200
0!
#1907300
1!
1%
0&
#1907400
0!
0%
#1907500
1!
1*
1+
#1907600
0!
#1907700
1!
0*
0+
#1907800
0!
#1907900
1!
1&
b1001001 ,
#1908000
0!
#1908100
1!
1%
0&
#1908200
0!
0%
#1908300
1!
1*
1+
#1908400
0!
#1908500
1!
0*
0+
#1908600
0!
#1908700
1!
1&
b1001010 ,
#1908800
0!
#1908900
1!
1%
0&
#1909000
0!
0%
#1909100
1!
1*
#1909200
0!
#1909300
1!
1&
0*
b1001011 ,
#1909400
0!
#1909500
1!
1%
0&
#1909600
0!
0%
#1909700
1!
1*
#1909800
0!
#1909900
1!
0*
b1001100 ,
#1910000
0!
#1910100
1!
b1001101 ,
#1910200
0!
#1910300
1!
b1001110 ,
#1910400
0!
#1910500
1!
b1001111 ,
#1910600
0!
#1910700
1!
b1010000 ,
#1910800
0!
#1910900
1!
b1010001 ,
#1911000
0!
#1911100
1!
b1010010 ,
#1911200
0!
#1911300
1!
b1010011 ,
#1911400
0!
#1911500
1!
1&
b1010100 ,
#1911600
0!
#1911700
1!
1%
0&
#1911800
0!
0%
#1911900
1!
1*
1+
#1912000
0!
#1912100
1!
0*
0+
#1912200
0!
#1912300
1!
1&
b1010101 ,
#1912400
0!
#1912500
1!
1%
0&
#1912600
0!
0%
#1912700
1!
1*
1+
#1912800
0!
#1912900
1!
0*
0+
#1913000
0!
#1913100
1!
1&
b1010110 ,
#1913200
0!
#1913300
1!
1%
0&
#1913400
0!
0%
#1913500
1!
1*
1+
#1913600
0!
#1913700
1!
0*
0+
#1913800
0!
#1913900
1!
1&
b1010111 ,
#1914000
0!
#1914100
1!
1%
0&
#1914200
0!
0%
#1914300
1!
1*
1+
#1914400
0!
#1914500
1!
0*
0+
#1914600
0!
#1914700
1!
1&
b1011000 ,
#1914800
0!
#1914900
1!
1%
0&
#1915000
0!
0%
#1915100
1!
1*
1+
#1915200
0!
#1915300
1!
0*
0+
#1915400
0!
#1915500
1!
1&
b1011001 ,
#1915600
0!
#1915700
1!
1%
0&
#1915800
0!
0%
#1915900
1!
1*
1+
#1916000
0!
#1916100
1!
0*
0+
#1916200
0!
#1916300
1!
1&
b1011010 ,
#1916400
0!
#1916500
1!
1%
0&
#1916600
0!
0%
#1916700
1!
1*
1+
#1916800
0!
#1916900
1!
0*
0+
#1917000
0!
#1917100
1!
1&
b1011011 ,
#1917200
0!
#1917300
1!
1%
0&
#1917400
0!
0%
#1917500
1!
1*
1+
#1917600
0!
#1917700
1!
0*
0+
#1917800
0!
#1917900
1!
b1011100 ,
#1918000
0!
#1918100
1!
b1011101 ,
#1918200
0!
#1918300
1!
b1011110 ,
#1918400
0!
#1918500
1!
b1011111 ,
#1918600
0!
#1918700
1!
1&
b1100000 ,
#1918800
0!
#1918900
1!
1%
0&
#1919000
0!
0%
#1919100
1!
1*
#1919200
0!
#1919300
1!
1&
0*
b1100001 ,
#1919400
0!
#1919500
1!
1%
0&
#1919600
0!
0%
#1919700
1!
1*
#1919800
0!
#1919900
1!
1&
0*
b1100010 ,
#1920000
0!
#1920100
1!
1%
0&
#1920200
0!
0%
#1920300
1!
1*
#1920400
0!
#1920500
1!
1&
0*
b1100011 ,
#1920600
0!
#1920700
1!
1%
0&
#1920800
0!
0%
#1920900
1!
1*
1+
#1921000
0!
#1921100
1!
0*
0+
#1921200
0!
#1921300
1!
b1100100 ,
#1921400
0!
#1921500
1!
b1100101 ,
#1921600
0!
#1921700
1!
b1100110 ,
#1921800
0!
#1921900
1!
b1100111 ,
#1922000
0!
#1922100
1!
b1101000 ,
#1922200
0!
#1922300
1!
b1101001 ,
#1922400
0!
#1922500
1!
b1101010 ,
#1922600
0!
#1922700
1!
b1101011 ,
#1922800
0!
#1922900
1!
1&
b1101100 ,
#1923000
0!
#1923100
1!
1%
0&
#1923200
0!
0%
#1923300
1!
1*
1+
#1923400
0!
#1923500
1!
0*
0+
#1923600
0!
#1923700
1!
1&
b1101101 ,
#1923800
0!
#1923900
1!
1%
0&
#1924000
0!
0%
#1924100
1!
1*
1+
#1924200
0!
#1924300
1!
0*
0+
#1924400
0!
#1924500
1!
1&
b1101110 ,
#1924600
0!
#1924700
1!
1%
0&
#1924800
0!
0%
#1924900
1!
1*
1+
#1925000
0!
#1925100
1!
0*
0+
#1925200
0!
#1925300
1!
1&
b1101111 ,
#1925400
0!
#1925500
1!
1%
0&
#1925600
0!
0%
#1925700
1!
1*
1+
#1925800
0!
#1925900
1!
0*
0+
#1926000
0!
#1926100
1!
1&
b1110000 ,
#1926200
0!
#1926300
1!
1%
0&
#1926400
0!
0%
#1926500
1!
1*
1+
#1926600
0!
#1926700
1!
0*
0+
#1926800
0!
#1926900
1!
1&
b1110001 ,
#1927000
0!
#1927100
1!
1%
0&
#1927200
0!
0%
#1927300
1!
1*
#1927400
0!
#1927500
1!
1&
0*
b1110010 ,
#1927600
0!
#1927700
1!
1%
0&
#1927800
0!
0%
#1927900
1!
1*
1+
#1928000
0!
#1928100
1!
0*
0+
#1928200
0!
#1928300
1!
1&
b1110011 ,
#1928400
0!
#1928500
1!
1%
0&
#1928600
0!
0%
#1928700
1!
1*
1+
#1928800
0!
#1928900
1!
0*
0+
#1929000
0!
#1929100
1!
b1110100 ,
#1929200
0!
#1929300
1!
b1110101 ,
#1929400
0!
#1929500
1!
b1110110 ,
#1929600
0!
#1929700
1!
b1110111 ,
#1929800
0!
#1929900
1!
b1111000 ,
#1930000
0!
#1930100
1!
b1111001 ,
#1930200
0!
#1930300
1!
b1111010 ,
#1930400
0!
#1930500
1!
b1111011 ,
#1930600
0!
#1930700
1!
1&
b1111100 ,
#1930800
0!
#1930900
1!
1%
0&
#1931000
0!
0%
#1931100
1!
1*
1+
#1931200
0!
#1931300
1!
0*
0+
#1931400
0!
#1931500
1!
1&
b1111101 ,
#1931600
0!
#1931700
1!
1%
0&
#1931800
0!
0%
#1931900
1!
1*
1+
#1932000
0!
#1932100
1!
0*
0+
#1932200
0!
#1932300
1!
1&
b1111110 ,
#1932400
0!
#1932500
1!
1%
0&
#1932600
0!
0%
#1932700
1!
1*
1+
#1932800
0!
#1932900
1!
0*
0+
#1933000
0!
#1933100
1!
1&
b1111111 ,
#1933200
0!
#1933300
1!
1%
0&
#1933400
0!
0%
#1933500
1!
1*
1+
#1933600
0!
#1933700
1!
0*
0+
#1933800
0!
#1933900
1!
#1934000
0!
#1934100
1!
b10101100100 .
b11110000000 /
#1934200
0!
#1934300
1!
#1934400
0!
#1934500
1!
1&
b0 ,
#1934600
0!
#1934700
1!
1%
0&
#1934800
0!
0%
#1934900
1!
1*
1+
#1935000
0!
#1935100
1!
0*
0+
1-
#1935200
0!
#1935300
1!
1&
1(
b11010111110011110100101100010101 )
b1 ,
0-
#1935400
0!
0(
#1935500
1!
1%
0&
#1935600
0!
0%
#1935700
1!
1*
1+
#1935800
0!
#1935900
1!
0*
0+
#1936000
0!
#1936100
1!
1&
b10 ,
#1936200
0!
#1936300
1!
1%
0&
#1936400
0!
0%
#1936500
1!
1*
1+
#1936600
0!
#1936700
1!
0*
0+
#1936800
0!
#1936900
1!
1&
b11 ,
#1937000
0!
#1937100
1!
1%
0&
#1937200
0!
0%
#1937300
1!
1*
1+
#1937400
0!
#1937500
1!
0*
0+
#1937600
0!
#1937700
1!
b100 ,
#1937800
0!
#1937900
1!
b101 ,
#1938000
0!
#1938100
1!
b110 ,
#1938200
0!
#1938300
1!
b111 ,
#1938400
0!
#1938500
1!
b1000 ,
#1938600
0!
#1938700
1!
b1001 ,
#1938800
0!
#1938900
1!
b1010 ,
#1939000
0!
#1939100
1!
b1011 ,
#1939200
0!
#1939300
1!
1&
b1100 ,
#1939400
0!
#1939500
1!
1%
0&
#1939600
0!
0%
#1939700
1!
1*
#1939800
0!
#1939900
1!
1&
0*
b1101 ,
#1940000
0!
#1940100
1!
1%
0&
#1940200
0!
0%
#1940300
1!
1*
1+
#1940400
0!
#1940500
1!
0*
0+
#1940600
0!
#1940700
1!
1&
b1110 ,
#1940800
0!
#1940900
1!
1%
0&
#1941000
0!
0%
#1941100
1!
1*
1+
#1941200
0!
#1941300
1!
0*
0+
#1941400
0!
#1941500
1!
1&
b1111 ,
#1941600
0!
#1941700
1!
1%
0&
#1941800
0!
0%
#1941900
1!
1*
1+
#1942000
0!
#1942100
1!
0*
0+
#1942200
0!
#1942300
1!
1&
b10000 ,
#1942400
0!
#1942500
1!
1%
0&
#1942600
0!
0%
#1942700
1!
1*
#1942800
0!
#1942900
1!
1&
0*
b10001 ,
#1943000
0!
#1943100
1!
1%
0&
#1943200
0!
0%
#1943300
1!
1*
1+
#1943400
0!
#1943500
1!
0*
0+
#1943600
0!
#1943700
1!
1&
b10010 ,
#1943800
0!
#1943900
1!
1%
0&
#1944000
0!
0%
#1944100
1!
1*
1+
#1944200
0!
#1944300
1!
0*
0+
#1944400
0!
#1944500
1!
1&
b10011 ,
#1944600
0!
#1944700
1!
1%
0&
#1944800
0!
0%
#1944900
1!
1*
1+
#1945000
0!
#1945100
1!
0*
0+
#1945200
0!
#1945300
1!
b10100 ,
#1945400
0!
#1945500
1!
b10101 ,
#1945600
0!
#1945700
1!
b10110 ,
#1945800
0!
#1945900
1!
b10111 ,
#1946000
0!
#1946100
1!
b11000 ,
#1946200
0!
#1946300
1!
b11001 ,
#1946400
0!
#1946500
1!
b11010 ,
#1946600
0!
#1946700
1!
b11011 ,
#1946800
0!
#1946900
1!
1&
b11100 ,
#1947000
0!
#1947100
1!
1%
0&
#1947200
0!
0%
#1947300
1!
1*
1+
#1947400
0!
#1947500
1!
0*
0+
#1947600
0!
#1947700
1!
1&
b11101 ,
#1947800
0!
#1947900
1!
1%
0&
#1948000
0!
0%
#1948100
1!
1*
1+
#1948200
0!
#1948300
1!
0*
0+
#1948400
0!
#1948500
1!
1&
b11110 ,
#1948600
0!
#1948700
1!
1%
0&
#1948800
0!
0%
#1948900
1!
1*
#1949000
0!
#1949100
1!
1&
0*
b11111 ,
#1949200
0!
#1949300
1!
1%
0&
#1949400
0!
0%
#1949500
1!
1*
1+
#1949600
0!
#1949700
1!
0*
0+
#1949800
0!
#1949900
1!
b100000 ,
#1950000
0!
#1950100
1!
b100001 ,
#1950200
0!
#1950300
1!
b100010 ,
#1950400
0!
#1950500
1!
b100011 ,
#1950600
0!
#1950700
1!
1&
b100100 ,
#1950800
0!
#1950900
1!
1%
0&
#1951000
0!
0%
#1951100
1!
1*
#1951200
0!
#1951300
1!
1&
0*
b100101 ,
#1951400
0!
#1951500
1!
1%
0&
#1951600
0!
0%
#1951700
1!
1*
1+
#1951800
0!
#1951900
1!
0*
0+
#1952000
0!
#1952100
1!
1&
b100110 ,
#1952200
0!
#1952300
1!
1%
0&
#1952400
0!
0%
#1952500
1!
1*
#1952600
0!
#1952700
1!
1&
0*
b100111 ,
#1952800
0!
#1952900
1!
1%
0&
#1953000
0!
0%
#1953100
1!
1*
1+
#1953200
0!
#1953300
1!
0*
0+
#1953400
0!
#1953500
1!
1&
b101000 ,
#1953600
0!
#1953700
1!
1%
0&
#1953800
0!
0%
#1953900
1!
1*
1+
#1954000
0!
#1954100
1!
0*
0+
#1954200
0!
#1954300
1!
1&
b101001 ,
#1954400
0!
#1954500
1!
1%
0&
#1954600
0!
0%
#1954700
1!
1*
1+
#1954800
0!
#1954900
1!
0*
0+
#1955000
0!
#1955100
1!
1&
b101010 ,
#1955200
0!
#1955300
1!
1%
0&
#1955400
0!
0%
#1955500
1!
1*
1+
#1955600
0!
#1955700
1!
0*
0+
#1955800
0!
#1955900
1!
1&
b101011 ,
#1956000
0!
#1956100
1!
1%
0&
#1956200
0!
0%
#1956300
1!
1*
1+
#1956400
0!
#1956500
1!
0*
0+
#1956600
0!
#1956700
1!
b101100 ,
#1956800
0!
#1956900
1!
b101101 ,
#1957000
0!
#1957100
1!
b101110 ,
#1957200
0!
#1957300
1!
b101111 ,
#1957400
0!
#1957500
1!
b110000 ,
#1957600
0!
#1957700
1!
b110001 ,
#1957800
0!
#1957900
1!
b110010 ,
#1958000
0!
#1958100
1!
b110011 ,
#1958200
0!
#1958300
1!
1&
b110100 ,
#1958400
0!
#1958500
1!
1%
0&
#1958600
0!
0%
#1958700
1!
1*
1+
#1958800
0!
#1958900
1!
0*
0+
#1959000
0!
#1959100
1!
1&
b110101 ,
#1959200
0!
#1959300
1!
1%
0&
#1959400
0!
0%
#1959500
1!
1*
1+
#1959600
0!
#1959700
1!
0*
0+
#1959800
0!
#1959900
1!
1&
b110110 ,
#1960000
0!
#1960100
1!
1%
0&
#1960200
0!
0%
#1960300
1!
1*
1+
#1960400
0!
#1960500
1!
0*
0+
#1960600
0!
#1960700
1!
1&
b110111 ,
#1960800
0!
#1960900
1!
1%
0&
#1961000
0!
0%
#1961100
1!
1*
1+
#1961200
0!
#1961300
1!
0*
0+
#1961400
0!
#1961500
1!
1&
b111000 ,
#1961600
0!
#1961700
1!
1%
0&
#1961800
0!
0%
#1961900
1!
1*
1+
#1962000
0!
#1962100
1!
0*
0+
#1962200
0!
#1962300
1!
1&
b111001 ,
#1962400
0!
#1962500
1!
1%
0&
#1962600
0!
0%
#1962700
1!
1*
1+
#1962800
0!
#1962900
1!
0*
0+
#1963000
0!
#1963100
1!
1&
b111010 ,
#1963200
0!
#1963300
1!
1%
0&
#1963400
0!
0%
#1963500
1!
1*
1+
#1963600
0!
#1963700
1!
0*
0+
#1963800
0!
#1963900
1!
1&
b111011 ,
#1964000
0!
#1964100
1!
1%
0&
#1964200
0!
0%
#1964300
1!
1*
#1964400
0!
#1964500
1!
0*
b111100 ,
#1964600
0!
#1964700
1!
b111101 ,
#1964800
0!
#1964900
1!
b111110 ,
#1965000
0!
#1965100
1!
b111111 ,
#1965200
0!
#1965300
1!
1&
b1000000 ,
#1965400
0!
#1965500
1!
1%
0&
#1965600
0!
0%
#1965700
1!
1*
1+
#1965800
0!
#1965900
1!
0*
0+
#1966000
0!
#1966100
1!
1&
b1000001 ,
#1966200
0!
#1966300
1!
1%
0&
#1966400
0!
0%
#1966500
1!
1*
1+
#1966600
0!
#1966700
1!
0*
0+
#1966800
0!
#1966900
1!
1&
b1000010 ,
#1967000
0!
#1967100
1!
1%
0&
#1967200
0!
0%
#1967300
1!
1*
1+
#1967400
0!
#1967500
1!
0*
0+
#1967600
0!
#1967700
1!
1&
b1000011 ,
#1967800
0!
#1967900
1!
1%
0&
#1968000
0!
0%
#1968100
1!
1*
1+
#1968200
0!
#1968300
1!
0*
0+
#1968400
0!
#1968500
1!
b1000100 ,
#1968600
0!
#1968700
1!
b1000101 ,
#1968800
0!
#1968900
1!
b1000110 ,
#1969000
0!
#1969100
1!
b1000111 ,
#1969200
0!
#1969300
1!
b1001000 ,
#1969400
0!
#1969500
1!
b1001001 ,
#1969600
0!
#1969700
1!
b1001010 ,
#1969800
0!
#1969900
1!
b1001011 ,
#1970000
0!
#1970100
1!
1&
b1001100 ,
#1970200
0!
#1970300
1!
1%
0&
#1970400
0!
0%
#1970500
1!
1*
#1970600
0!
#1970700
1!
1&
0*
b1001101 ,
#1970800
0!
#1970900
1!
1%
0&
#1971000
0!
0%
#1971100
1!
1*
1+
#1971200
0!
#1971300
1!
0*
0+
#1971400
0!
#1971500
1!
1&
b1001110 ,
#1971600
0!
#1971700
1!
1%
0&
#1971800
0!
0%
#1971900
1!
1*
1+
#1972000
0!
#1972100
1!
0*
0+
#1972200
0!
#1972300
1!
1&
b1001111 ,
#1972400
0!
#1972500
1!
1%
0&
#1972600
0!
0%
#1972700
1!
1*
#1972800
0!
#1972900
1!
1&
0*
b1010000 ,
#1973000
0!
#1973100
1!
1%
0&
#1973200
0!
0%
#1973300
1!
1*
1+
#1973400
0!
#1973500
1!
0*
0+
#1973600
0!
#1973700
1!
1&
b1010001 ,
#1973800
0!
#1973900
1!
1%
0&
#1974000
0!
0%
#1974100
1!
1*
1+
#1974200
0!
#1974300
1!
0*
0+
#1974400
0!
#1974500
1!
1&
b1010010 ,
#1974600
0!
#1974700
1!
1%
0&
#1974800
0!
0%
#1974900
1!
1*
#1975000
0!
#1975100
1!
1&
0*
b1010011 ,
#1975200
0!
#1975300
1!
1%
0&
#1975400
0!
0%
#1975500
1!
1*
#1975600
0!
#1975700
1!
0*
b1010100 ,
#1975800
0!
#1975900
1!
b1010101 ,
#1976000
0!
#1976100
1!
b1010110 ,
#1976200
0!
#1976300
1!
b1010111 ,
#1976400
0!
#1976500
1!
b1011000 ,
#1976600
0!
#1976700
1!
b1011001 ,
#1976800
0!
#1976900
1!
b1011010 ,
#1977000
0!
#1977100
1!
b1011011 ,
#1977200
0!
#1977300
1!
1&
b1011100 ,
#1977400
0!
#1977500
1!
1%
0&
#1977600
0!
0%
#1977700
1!
1*
#1977800
0!
#1977900
1!
1&
0*
b1011101 ,
#1978000
0!
#1978100
1!
1%
0&
#1978200
0!
0%
#1978300
1!
1*
1+
#1978400
0!
#1978500
1!
0*
0+
#1978600
0!
#1978700
1!
1&
b1011110 ,
#1978800
0!
#1978900
1!
1%
0&
#1979000
0!
0%
#1979100
1!
1*
#1979200
0!
#1979300
1!
1&
0*
b1011111 ,
#1979400
0!
#1979500
1!
1%
0&
#1979600
0!
0%
#1979700
1!
1*
#1979800
0!
#1979900
1!
0*
b1100000 ,
#1980000
0!
#1980100
1!
b1100001 ,
#1980200
0!
#1980300
1!
b1100010 ,
#1980400
0!
#1980500
1!
b1100011 ,
#1980600
0!
#1980700
1!
1&
b1100100 ,
#1980800
0!
#1980900
1!
1%
0&
#1981000
0!
0%
#1981100
1!
1*
1+
#1981200
0!
#1981300
1!
0*
0+
#1981400
0!
#1981500
1!
1&
b1100101 ,
#1981600
0!
#1981700
1!
1%
0&
#1981800
0!
0%
#1981900
1!
1*
#1982000
0!
#1982100
1!
1&
0*
b1100110 ,
#1982200
0!
#1982300
1!
1%
0&
#1982400
0!
0%
#1982500
1!
1*
#1982600
0!
#1982700
1!
1&
0*
b1100111 ,
#1982800
0!
#1982900
1!
1%
0&
#1983000
0!
0%
#1983100
1!
1*
#1983200
0!
#1983300
1!
1&
0*
b1101000 ,
#1983400
0!
#1983500
1!
1%
0&
#1983600
0!
0%
#1983700
1!
1*
1+
#1983800
0!
#1983900
1!
0*
0+
#1984000
0!
#1984100
1!
1&
b1101001 ,
#1984200
0!
#1984300
1!
1%
0&
#1984400
0!
0%
#1984500
1!
1*
1+
#1984600
0!
#1984700
1!
0*
0+
#1984800
0!
#1984900
1!
1&
b1101010 ,
#1985000
0!
#1985100
1!
1%
0&
#1985200
0!
0%
#1985300
1!
1*
#1985400
0!
#1985500
1!
1&
0*
b1101011 ,
#1985600
0!
#1985700
1!
1%
0&
#1985800
0!
0%
#1985900
1!
1*
1+
#1986000
0!
#1986100
1!
0*
0+
#1986200
0!
#1986300
1!
b1101100 ,
#1986400
0!
#1986500
1!
b1101101 ,
#1986600
0!
#1986700
1!
b1101110 ,
#1986800
0!
#1986900
1!
b1101111 ,
#1987000
0!
#1987100
1!
b1110000 ,
#1987200
0!
#1987300
1!
b1110001 ,
#1987400
0!
#1987500
1!
b1110010 ,
#1987600
0!
#1987700
1!
b1110011 ,
#1987800
0!
#1987900
1!
1&
b1110100 ,
#1988000
0!
#1988100
1!
1%
0&
#1988200
0!
0%
#1988300
1!
1*
1+
#1988400
0!
#1988500
1!
0*
0+
#1988600
0!
#1988700
1!
1&
b1110101 ,
#1988800
0!
#1988900
1!
1%
0&
#1989000
0!
0%
#1989100
1!
1*
1+
#1989200
0!
#1989300
1!
0*
0+
#1989400
0!
#1989500
1!
1&
b1110110 ,
#1989600
0!
#1989700
1!
1%
0&
#1989800
0!
0%
#1989900
1!
1*
#1990000
0!
#1990100
1!
1&
0*
b1110111 ,
#1990200
0!
#1990300
1!
1%
0&
#1990400
0!
0%
#1990500
1!
1*
1+
#1990600
0!
#1990700
1!
0*
0+
#1990800
0!
#1990900
1!
1&
b1111000 ,
#1991000
0!
#1991100
1!
1%
0&
#1991200
0!
0%
#1991300
1!
1*
#1991400
0!
#1991500
1!
1&
0*
b1111001 ,
#1991600
0!
#1991700
1!
1%
0&
#1991800
0!
0%
#1991900
1!
1*
1+
#1992000
0!
#1992100
1!
0*
0+
#1992200
0!
#1992300
1!
1&
b1111010 ,
#1992400
0!
#1992500
1!
1%
0&
#1992600
0!
0%
#1992700
1!
1*
1+
#1992800
0!
#1992900
1!
0*
0+
#1993000
0!
#1993100
1!
1&
b1111011 ,
#1993200
0!
#1993300
1!
1%
0&
#1993400
0!
0%
#1993500
1!
1*
1+
#1993600
0!
#1993700
1!
0*
0+
#1993800
0!
#1993900
1!
b1111100 ,
#1994000
0!
#1994100
1!
b1111101 ,
#1994200
0!
#1994300
1!
b1111110 ,
#1994400
0!
#1994500
1!
b1111111 ,
#1994600
0!
#1994700
1!
#1994800
0!
#1994900
1!
b10110010001 .
b11111000000 /
#1995000
0!
#1995100
1!
#1995200
0!
#1995300
1!
b0 ,
#1995400
0!
#1995500
1!
b1 ,
#1995600
0!
#1995700
1!
b10 ,
#1995800
0!
#1995900
1!
b11 ,
#1996000
0!
#1996100
1!
1&
b100 ,
#1996200
0!
#1996300
1!
1%
0&
#1996400
0!
0%
#1996500
1!
1*
1+
#1996600
0!
#1996700
1!
0*
0+
#1996800
0!
#1996900
1!
1&
b101 ,
#1997000
0!
#1997100
1!
1%
0&
#1997200
0!
0%
#1997300
1!
1*
1+
#1997400
0!
#1997500
1!
0*
0+
#1997600
0!
#1997700
1!
1&
b110 ,
#1997800
0!
#1997900
1!
1%
0&
#1998000
0!
0%
#1998100
1!
1*
1+
#1998200
0!
#1998300
1!
0*
0+
#1998400
0!
#1998500
1!
1&
b111 ,
#1998600
0!
#1998700
1!
1%
0&
#1998800
0!
0%
#1998900
1!
1*
1+
#1999000
0!
#1999100
1!
0*
0+
#1999200
0!
#1999300
1!
1&
b1000 ,
#1999400
0!
#1999500
1!
1%
0&
#1999600
0!
0%
#1999700
1!
1*
#1999800
0!
#1999900
1!
1&
0*
b1001 ,
#2000000
0!
#2000100
1!
1%
0&
#2000200
0!
0%
#2000300
1!
1*
#2000400
0!
#2000500
1!
1&
0*
b1010 ,
#2000600
0!
#2000700
1!
1%
0&
#2000800
0!
0%
#2000900
1!
1*
1+
#2001000
0!
#2001100
1!
0*
0+
#2001200
0!
#2001300
1!
1&
b1011 ,
#2001400
0!
#2001500
1!
1%
0&
#2001600
0!
0%
#2001700
1!
1*
#2001800
0!
#2001900
1!
0*
b1100 ,
#2002000
0!
#2002100
1!
b1101 ,
#2002200
0!
#2002300
1!
b1110 ,
#2002400
0!
#2002500
1!
b1111 ,
#2002600
0!
#2002700
1!
b10000 ,
#2002800
0!
#2002900
1!
b10001 ,
#2003000
0!
#2003100
1!
b10010 ,
#2003200
0!
#2003300
1!
b10011 ,
#2003400
0!
#2003500
1!
1&
b10100 ,
#2003600
0!
#2003700
1!
1%
0&
#2003800
0!
0%
#2003900
1!
1*
1+
#2004000
0!
#2004100
1!
0*
0+
#2004200
0!
#2004300
1!
1&
b10101 ,
#2004400
0!
#2004500
1!
1%
0&
#2004600
0!
0%
#2004700
1!
1*
1+
#2004800
0!
#2004900
1!
0*
0+
#2005000
0!
#2005100
1!
1&
b10110 ,
#2005200
0!
#2005300
1!
1%
0&
#2005400
0!
0%
#2005500
1!
1*
1+
#2005600
0!
#2005700
1!
0*
0+
#2005800
0!
#2005900
1!
1&
b10111 ,
#2006000
0!
#2006100
1!
1%
0&
#2006200
0!
0%
#2006300
1!
1*
1+
#2006400
0!
#2006500
1!
0*
0+
#2006600
0!
#2006700
1!
1&
b11000 ,
#2006800
0!
#2006900
1!
1%
0&
#2007000
0!
0%
#2007100
1!
1*
1+
#2007200
0!
#2007300
1!
0*
0+
#2007400
0!
#2007500
1!
1&
b11001 ,
#2007600
0!
#2007700
1!
1%
0&
#2007800
0!
0%
#2007900
1!
1*
1+
#2008000
0!
#2008100
1!
0*
0+
#2008200
0!
#2008300
1!
1&
b11010 ,
#2008400
0!
#2008500
1!
1%
0&
#2008600
0!
0%
#2008700
1!
1*
1+
#2008800
0!
#2008900
1!
0*
0+
#2009000
0!
#2009100
1!
1&
b11011 ,
#2009200
0!
#2009300
1!
1%
0&
#2009400
0!
0%
#2009500
1!
1*
1+
#2009600
0!
#2009700
1!
0*
0+
#2009800
0!
#2009900
1!
b11100 ,
#2010000
0!
#2010100
1!
b11101 ,
#2010200
0!
#2010300
1!
b11110 ,
#2010400
0!
#2010500
1!
b11111 ,
#2010600
0!
#2010700
1!
1&
b100000 ,
#2010800
0!
#2010900
1!
1%
0&
#2011000
0!
0%
#2011100
1!
1*
#2011200
0!
#2011300
1!
1&
0*
b100001 ,
#2011400
0!
#2011500
1!
1%
0&
#2011600
0!
0%
#2011700
1!
1*
#2011800
0!
#2011900
1!
1&
0*
b100010 ,
#2012000
0!
#2012100
1!
1%
0&
#2012200
0!
0%
#2012300
1!
1*
1+
#2012400
0!
#2012500
1!
0*
0+
#2012600
0!
#2012700
1!
1&
b100011 ,
#2012800
0!
#2012900
1!
1%
0&
#2013000
0!
0%
#2013100
1!
1*
#2013200
0!
#2013300
1!
0*
b100100 ,
#2013400
0!
#2013500
1!
b100101 ,
#2013600
0!
#2013700
1!
b100110 ,
#2013800
0!
#2013900
1!
b100111 ,
#2014000
0!
#2014100
1!
b101000 ,
#2014200
0!
#2014300
1!
b101001 ,
#2014400
0!
#2014500
1!
b101010 ,
#2014600
0!
#2014700
1!
b101011 ,
#2014800
0!
#2014900
1!
1&
b101100 ,
#2015000
0!
#2015100
1!
1%
0&
#2015200
0!
0%
#2015300
1!
1*
1+
#2015400
0!
#2015500
1!
0*
0+
#2015600
0!
#2015700
1!
1&
b101101 ,
#2015800
0!
#2015900
1!
1%
0&
#2016000
0!
0%
#2016100
1!
1*
#2016200
0!
#2016300
1!
1&
0*
b101110 ,
#2016400
0!
#2016500
1!
1%
0&
#2016600
0!
0%
#2016700
1!
1*
1+
#2016800
0!
#2016900
1!
0*
0+
#2017000
0!
#2017100
1!
1&
b101111 ,
#2017200
0!
#2017300
1!
1%
0&
#2017400
0!
0%
#2017500
1!
1*
#2017600
0!
#2017700
1!
1&
0*
b110000 ,
#2017800
0!
#2017900
1!
1%
0&
#2018000
0!
0%
#2018100
1!
1*
#2018200
0!
#2018300
1!
1&
0*
b110001 ,
#2018400
0!
#2018500
1!
1%
0&
#2018600
0!
0%
#2018700
1!
1*
#2018800
0!
#2018900
1!
1&
0*
b110010 ,
#2019000
0!
#2019100
1!
1%
0&
#2019200
0!
0%
#2019300
1!
1*
1+
#2019400
0!
#2019500
1!
0*
0+
#2019600
0!
#2019700
1!
1&
b110011 ,
#2019800
0!
#2019900
1!
1%
0&
#2020000
0!
0%
#2020100
1!
1*
1+
#2020200
0!
#2020300
1!
0*
0+
#2020400
0!
#2020500
1!
b110100 ,
#2020600
0!
#2020700
1!
b110101 ,
#2020800
0!
#2020900
1!
b110110 ,
#2021000
0!
#2021100
1!
b110111 ,
#2021200
0!
#2021300
1!
b111000 ,
#2021400
0!
#2021500
1!
b111001 ,
#2021600
0!
#2021700
1!
b111010 ,
#2021800
0!
#2021900
1!
b111011 ,
#2022000
0!
#2022100
1!
1&
b111100 ,
#2022200
0!
#2022300
1!
1%
0&
#2022400
0!
0%
#2022500
1!
1*
1+
#2022600
0!
#2022700
1!
0*
0+
#2022800
0!
#2022900
1!
1&
b111101 ,
#2023000
0!
#2023100
1!
1%
0&
#2023200
0!
0%
#2023300
1!
1*
1+
#2023400
0!
#2023500
1!
0*
0+
#2023600
0!
#2023700
1!
1&
b111110 ,
#2023800
0!
#2023900
1!
1%
0&
#2024000
0!
0%
#2024100
1!
1*
1+
#2024200
0!
#2024300
1!
0*
0+
#2024400
0!
#2024500
1!
1&
b111111 ,
#2024600
0!
#2024700
1!
1%
0&
#2024800
0!
0%
#2024900
1!
1*
1+
#2025000
0!
#2025100
1!
0*
0+
#2025200
0!
#2025300
1!
b1000000 ,
#2025400
0!
#2025500
1!
b1000001 ,
#2025600
0!
#2025700
1!
b1000010 ,
#2025800
0!
#2025900
1!
b1000011 ,
#2026000
0!
#2026100
1!
1&
b1000100 ,
#2026200
0!
#2026300
1!
1%
0&
#2026400
0!
0%
#2026500
1!
1*
1+
#2026600
0!
#2026700
1!
0*
0+
#2026800
0!
#2026900
1!
1&
b1000101 ,
#2027000
0!
#2027100
1!
1%
0&
#2027200
0!
0%
#2027300
1!
1*
1+
#2027400
0!
#2027500
1!
0*
0+
#2027600
0!
#2027700
1!
1&
b1000110 ,
#2027800
0!
#2027900
1!
1%
0&
#2028000
0!
0%
#2028100
1!
1*
1+
#2028200
0!
#2028300
1!
0*
0+
#2028400
0!
#2028500
1!
1&
b1000111 ,
#2028600
0!
#2028700
1!
1%
0&
#2028800
0!
0%
#2028900
1!
1*
1+
#2029000
0!
#2029100
1!
0*
0+
#2029200
0!
#2029300
1!
1&
b1001000 ,
#2029400
0!
#2029500
1!
1%
0&
#2029600
0!
0%
#2029700
1!
1*
1+
#2029800
0!
#2029900
1!
0*
0+
#2030000
0!
#2030100
1!
1&
b1001001 ,
#2030200
0!
#2030300
1!
1%
0&
#2030400
0!
0%
#2030500
1!
1*
#2030600
0!
#2030700
1!
1&
0*
b1001010 ,
#2030800
0!
#2030900
1!
1%
0&
#2031000
0!
0%
#2031100
1!
1*
1+
#2031200
0!
#2031300
1!
0*
0+
#2031400
0!
#2031500
1!
1&
b1001011 ,
#2031600
0!
#2031700
1!
1%
0&
#2031800
0!
0%
#2031900
1!
1*
1+
#2032000
0!
#2032100
1!
0*
0+
#2032200
0!
#2032300
1!
b1001100 ,
#2032400
0!
#2032500
1!
b1001101 ,
#2032600
0!
#2032700
1!
b1001110 ,
#2032800
0!
#2032900
1!
b1001111 ,
#2033000
0!
#2033100
1!
b1010000 ,
#2033200
0!
#2033300
1!
b1010001 ,
#2033400
0!
#2033500
1!
b1010010 ,
#2033600
0!
#2033700
1!
b1010011 ,
#2033800
0!
#2033900
1!
1&
b1010100 ,
#2034000
0!
#2034100
1!
1%
0&
#2034200
0!
0%
#2034300
1!
1*
1+
#2034400
0!
#2034500
1!
0*
0+
#2034600
0!
#2034700
1!
1&
b1010101 ,
#2034800
0!
#2034900
1!
1%
0&
#2035000
0!
0%
#2035100
1!
1*
1+
#2035200
0!
#2035300
1!
0*
0+
#2035400
0!
#2035500
1!
1&
b1010110 ,
#2035600
0!
#2035700
1!
1%
0&
#2035800
0!
0%
#2035900
1!
1*
1+
#2036000
0!
#2036100
1!
0*
0+
#2036200
0!
#2036300
1!
1&
b1010111 ,
#2036400
0!
#2036500
1!
1%
0&
#2036600
0!
0%
#2036700
1!
1*
1+
#2036800
0!
#2036900
1!
0*
0+
#2037000
0!
#2037100
1!
1&
b1011000 ,
#2037200
0!
#2037300
1!
1%
0&
#2037400
0!
0%
#2037500
1!
1*
#2037600
0!
#2037700
1!
1&
0*
b1011001 ,
#2037800
0!
#2037900
1!
1%
0&
#2038000
0!
0%
#2038100
1!
1*
#2038200
0!
#2038300
1!
1&
0*
b1011010 ,
#2038400
0!
#2038500
1!
1%
0&
#2038600
0!
0%
#2038700
1!
1*
1+
#2038800
0!
#2038900
1!
0*
0+
#2039000
0!
#2039100
1!
1&
b1011011 ,
#2039200
0!
#2039300
1!
1%
0&
#2039400
0!
0%
#2039500
1!
1*
1+
#2039600
0!
#2039700
1!
0*
0+
#2039800
0!
#2039900
1!
b1011100 ,
#2040000
0!
#2040100
1!
b1011101 ,
#2040200
0!
#2040300
1!
b1011110 ,
#2040400
0!
#2040500
1!
b1011111 ,
#2040600
0!
#2040700
1!
1&
b1100000 ,
#2040800
0!
#2040900
1!
1%
0&
#2041000
0!
0%
#2041100
1!
1*
#2041200
0!
#2041300
1!
1&
0*
b1100001 ,
#2041400
0!
#2041500
1!
1%
0&
#2041600
0!
0%
#2041700
1!
1*
1+
#2041800
0!
#2041900
1!
0*
0+
#2042000
0!
#2042100
1!
1&
b1100010 ,
#2042200
0!
#2042300
1!
1%
0&
#2042400
0!
0%
#2042500
1!
1*
1+
#2042600
0!
#2042700
1!
0*
0+
#2042800
0!
#2042900
1!
1&
b1100011 ,
#2043000
0!
#2043100
1!
1%
0&
#2043200
0!
0%
#2043300
1!
1*
#2043400
0!
#2043500
1!
0*
b1100100 ,
#2043600
0!
#2043700
1!
b1100101 ,
#2043800
0!
#2043900
1!
b1100110 ,
#2044000
0!
#2044100
1!
b1100111 ,
#2044200
0!
#2044300
1!
b1101000 ,
#2044400
0!
#2044500
1!
b1101001 ,
#2044600
0!
#2044700
1!
b1101010 ,
#2044800
0!
#2044900
1!
b1101011 ,
#2045000
0!
#2045100
1!
1&
b1101100 ,
#2045200
0!
#2045300
1!
1%
0&
#2045400
0!
0%
#2045500
1!
1*
1+
#2045600
0!
#2045700
1!
0*
0+
#2045800
0!
#2045900
1!
1&
b1101101 ,
#2046000
0!
#2046100
1!
1%
0&
#2046200
0!
0%
#2046300
1!
1*
1+
#2046400
0!
#2046500
1!
0*
0+
#2046600
0!
#2046700
1!
1&
b1101110 ,
#2046800
0!
#2046900
1!
1%
0&
#2047000
0!
0%
#2047100
1!
1*
1+
#2047200
0!
#2047300
1!
0*
0+
#2047400
0!
#2047500
1!
1&
b1101111 ,
#2047600
0!
#2047700
1!
1%
0&
#2047800
0!
0%
#2047900
1!
1*
#2048000
0!
#2048100
1!
1&
0*
b1110000 ,
#2048200
0!
#2048300
1!
1%
0&
#2048400
0!
0%
#2048500
1!
1*
1+
#2048600
0!
#2048700
1!
0*
0+
#2048800
0!
#2048900
1!
1&
b1110001 ,
#2049000
0!
#2049100
1!
1%
0&
#2049200
0!
0%
#2049300
1!
1*
#2049400
0!
#2049500
1!
1&
0*
b1110010 ,
#2049600
0!
#2049700
1!
1%
0&
#2049800
0!
0%
#2049900
1!
1*
1+
#2050000
0!
#2050100
1!
0*
0+
#2050200
0!
#2050300
1!
1&
b1110011 ,
#2050400
0!
#2050500
1!
1%
0&
#2050600
0!
0%
#2050700
1!
1*
1+
#2050800
0!
#2050900
1!
0*
0+
#2051000
0!
#2051100
1!
b1110100 ,
#2051200
0!
#2051300
1!
b1110101 ,
#2051400
0!
#2051500
1!
b1110110 ,
#2051600
0!
#2051700
1!
b1110111 ,
#2051800
0!
#2051900
1!
b1111000 ,
#2052000
0!
#2052100
1!
b1111001 ,
#2052200
0!
#2052300
1!
b1111010 ,
#2052400
0!
#2052500
1!
b1111011 ,
#2052600
0!
#2052700
1!
1&
b1111100 ,
#2052800
0!
#2052900
1!
1%
0&
#2053000
0!
0%
#2053100
1!
1*
1+
#2053200
0!
#2053300
1!
0*
0+
#2053400
0!
#2053500
1!
1&
b1111101 ,
#2053600
0!
#2053700
1!
1%
0&
#2053800
0!
0%
#2053900
1!
1*
1+
#2054000
0!
#2054100
1!
0*
0+
#2054200
0!
#2054300
1!
1&
b1111110 ,
#2054400
0!
#2054500
1!
1%
0&
#2054600
0!
0%
#2054700
1!
1*
1+
#2054800
0!
#2054900
1!
0*
0+
#2055000
0!
#2055100
1!
1&
b1111111 ,
#2055200
0!
#2055300
1!
1%
0&
#2055400
0!
0%
#2055500
1!
1*
#2055600
0!
#2055700
1!
0*
#2055800
0!
#2055900
1!
b10110111111 .
b100000000000 /
#2056000
0!
#2056100
1!
#2056200
0!
0#
0$
